community,group_authors,leading_value,leading_value_authors,leading_value_share,top_three
1,6959,Genetics,3654,0.5250754418738325,"Genetics (3654, 52.5%); Epidemiology (1271, 18.3%); Clinical Sciences (619, 8.9%)"
2,3657,Oncology and Carcinogenesis,1102,0.30133989608969103,"Oncology and Carcinogenesis (1102, 30.1%); Genetics (980, 26.8%); Epidemiology (629, 17.2%)"
3,2646,Biological Psychology,1411,0.5332577475434618,"Biological Psychology (1411, 53.3%); Genetics (381, 14.4%); Clinical Sciences (228, 8.6%)"
4,2207,Genetics,1009,0.45718169460806524,"Genetics (1009, 45.7%); Epidemiology (843, 38.2%); Health Services and Systems (167, 7.6%)"
5,2086,Genetics,796,0.3815915627996165,"Genetics (796, 38.2%); Epidemiology (248, 11.9%); Clinical Sciences (199, 9.5%)"
6,1948,Genetics,461,0.236652977412731,"Genetics (461, 23.7%); Epidemiology (448, 23.0%); Clinical Sciences (359, 18.4%)"
7,1819,Clinical Sciences,518,0.2847718526663002,"Clinical Sciences (518, 28.5%); Cardiovascular Medicine and Haematology (476, 26.2%); Genetics (231, 12.7%)"
8,1649,Ophthalmology and Optometry,578,0.35051546391752575,"Ophthalmology and Optometry (578, 35.1%); Genetics (292, 17.7%); Clinical Sciences (168, 10.2%)"
9,1520,Cardiovascular Medicine and Haematology,398,0.2618421052631579,"Cardiovascular Medicine and Haematology (398, 26.2%); Genetics (344, 22.6%); Epidemiology (250, 16.4%)"
10,1519,Clinical Sciences,340,0.2238314680710994,"Clinical Sciences (340, 22.4%); Genetics (331, 21.8%); Epidemiology (273, 18.0%)"
11,1505,Cardiovascular Medicine and Haematology,336,0.22325581395348837,"Cardiovascular Medicine and Haematology (336, 22.3%); Genetics (334, 22.2%); Epidemiology (304, 20.2%)"
12,1497,Biological Psychology,396,0.26452905811623245,"Biological Psychology (396, 26.5%); Clinical Sciences (334, 22.3%); Epidemiology (166, 11.1%)"
13,1421,Clinical Sciences,451,0.31738212526389864,"Clinical Sciences (451, 31.7%); Epidemiology (422, 29.7%); Genetics (269, 18.9%)"
14,1283,Clinical Sciences,363,0.2829306313328137,"Clinical Sciences (363, 28.3%); Genetics (289, 22.5%); Epidemiology (185, 14.4%)"
15,1279,Biological Psychology,480,0.3752931978107897,"Biological Psychology (480, 37.5%); Genetics (387, 30.3%); Clinical Sciences (105, 8.2%)"
16,1114,Epidemiology,292,0.2621184919210054,"Epidemiology (292, 26.2%); Clinical Sciences (285, 25.6%); Cardiovascular Medicine and Haematology (124, 11.1%)"
17,1113,Genetics,450,0.40431266846361186,"Genetics (450, 40.4%); Epidemiology (227, 20.4%); Bioinformatics and Computational Biology (102, 9.2%)"
18,1064,Clinical Sciences,284,0.2669172932330827,"Clinical Sciences (284, 26.7%); Epidemiology (281, 26.4%); Public Health (92, 8.6%)"
19,1063,Biological Psychology,429,0.40357478833490124,"Biological Psychology (429, 40.4%); Genetics (180, 16.9%); Clinical Sciences (99, 9.3%)"
20,1050,Clinical Sciences,272,0.259047619047619,"Clinical Sciences (272, 25.9%); Genetics (224, 21.3%); Cardiovascular Medicine and Haematology (112, 10.7%)"
21,1036,Clinical Sciences,639,0.6167953667953668,"Clinical Sciences (639, 61.7%); Medical Biochemistry and Metabolomics (70, 6.8%); Genetics (53, 5.1%)"
22,906,Genetics,386,0.4260485651214128,"Genetics (386, 42.6%); Clinical Sciences (160, 17.7%); Cardiovascular Medicine and Haematology (118, 13.0%)"
23,877,Epidemiology,230,0.26225769669327254,"Epidemiology (230, 26.2%); Clinical Sciences (205, 23.4%); Health Services and Systems (87, 9.9%)"
24,818,Epidemiology,228,0.2787286063569682,"Epidemiology (228, 27.9%); Oncology and Carcinogenesis (143, 17.5%); Clinical Sciences (135, 16.5%)"
25,775,Clinical Sciences,227,0.2929032258064516,"Clinical Sciences (227, 29.3%); Epidemiology (182, 23.5%); Nutrition and Dietetics (85, 11.0%)"
26,679,Genetics,392,0.5773195876288659,"Genetics (392, 57.7%); Biochemistry and Cell Biology (50, 7.4%); Epidemiology (42, 6.2%)"
27,678,Clinical Sciences,196,0.2890855457227139,"Clinical Sciences (196, 28.9%); Epidemiology (126, 18.6%); Public Health (72, 10.6%)"
28,671,Cardiovascular Medicine and Haematology,166,0.2473919523099851,"Cardiovascular Medicine and Haematology (166, 24.7%); Genetics (161, 24.0%); Clinical Sciences (126, 18.8%)"
29,650,Clinical Sciences,214,0.3292307692307692,"Clinical Sciences (214, 32.9%); Epidemiology (141, 21.7%); Genetics (79, 12.2%)"
30,593,Epidemiology,207,0.3490725126475548,"Epidemiology (207, 34.9%); Clinical Sciences (107, 18.0%); Genetics (102, 17.2%)"
31,581,Clinical Sciences,222,0.38209982788296043,"Clinical Sciences (222, 38.2%); Epidemiology (174, 29.9%); Genetics (121, 20.8%)"
32,572,Clinical Sciences,149,0.26048951048951047,"Clinical Sciences (149, 26.0%); Epidemiology (131, 22.9%); Cardiovascular Medicine and Haematology (72, 12.6%)"
33,540,Ophthalmology and Optometry,135,0.25,"Ophthalmology and Optometry (135, 25.0%); Clinical Sciences (104, 19.3%); Epidemiology (88, 16.3%)"
34,534,Clinical Sciences,149,0.27902621722846443,"Clinical Sciences (149, 27.9%); Epidemiology (71, 13.3%); Cardiovascular Medicine and Haematology (70, 13.1%)"
35,461,Genetics,141,0.30585683297180044,"Genetics (141, 30.6%); Cardiovascular Medicine and Haematology (82, 17.8%); Clinical Sciences (59, 12.8%)"
36,459,Biological Psychology,254,0.5533769063180828,"Biological Psychology (254, 55.3%); Clinical Sciences (61, 13.3%); Epidemiology (28, 6.1%)"
37,454,Epidemiology,127,0.27973568281938327,"Epidemiology (127, 28.0%); Cardiovascular Medicine and Haematology (119, 26.2%); Clinical Sciences (104, 22.9%)"
38,440,Genetics,102,0.2318181818181818,"Genetics (102, 23.2%); Clinical Sciences (68, 15.5%); Epidemiology (58, 13.2%)"
39,430,Epidemiology,129,0.3,"Epidemiology (129, 30.0%); Genetics (110, 25.6%); Clinical Sciences (57, 13.3%)"
40,429,Clinical Sciences,156,0.36363636363636365,"Clinical Sciences (156, 36.4%); Epidemiology (110, 25.6%); Genetics (42, 9.8%)"
41,418,Biological Psychology,108,0.2583732057416268,"Biological Psychology (108, 25.8%); Clinical Sciences (73, 17.5%); Epidemiology (67, 16.0%)"
42,336,Clinical Sciences,91,0.2708333333333333,"Clinical Sciences (91, 27.1%); Epidemiology (69, 20.5%); Genetics (64, 19.0%)"
43,333,Genetics,210,0.6306306306306306,"Genetics (210, 63.1%); Epidemiology (30, 9.0%); Biochemistry and Cell Biology (20, 6.0%)"
44,319,Genetics,112,0.3510971786833856,"Genetics (112, 35.1%); Clinical Sciences (100, 31.3%); Health Services and Systems (17, 5.3%)"
45,317,Clinical Sciences,91,0.2870662460567823,"Clinical Sciences (91, 28.7%); Epidemiology (66, 20.8%); Cardiovascular Medicine and Haematology (41, 12.9%)"
46,304,Epidemiology,111,0.3651315789473684,"Epidemiology (111, 36.5%); Clinical Sciences (55, 18.1%); Cardiovascular Medicine and Haematology (44, 14.5%)"
47,296,Oncology and Carcinogenesis,83,0.28040540540540543,"Oncology and Carcinogenesis (83, 28.0%); Clinical Sciences (75, 25.3%); Biochemistry and Cell Biology (30, 10.1%)"
48,292,Genetics,152,0.5205479452054794,"Genetics (152, 52.1%); Clinical Sciences (37, 12.7%); Epidemiology (35, 12.0%)"
49,281,Biological Psychology,155,0.5516014234875445,"Biological Psychology (155, 55.2%); Genetics (36, 12.8%); Epidemiology (29, 10.3%)"
50,273,Epidemiology,48,0.17582417582417584,"Epidemiology (48, 17.6%); Clinical Sciences (46, 16.8%); Nutrition and Dietetics (39, 14.3%)"
51,269,Clinical Sciences,68,0.2527881040892193,"Clinical Sciences (68, 25.3%); Epidemiology (56, 20.8%); Oncology and Carcinogenesis (43, 16.0%)"
52,267,Epidemiology,137,0.5131086142322098,"Epidemiology (137, 51.3%); Genetics (105, 39.3%); Bioinformatics and Computational Biology (7, 2.6%)"
53,258,Biochemistry and Cell Biology,92,0.35658914728682173,"Biochemistry and Cell Biology (92, 35.7%); Epidemiology (69, 26.7%); Clinical Sciences (35, 13.6%)"
54,256,Clinical Sciences,141,0.55078125,"Clinical Sciences (141, 55.1%); Genetics (64, 25.0%); Epidemiology (27, 10.5%)"
55,220,Clinical Sciences,124,0.5636363636363636,"Clinical Sciences (124, 56.4%); Genetics (50, 22.7%); Epidemiology (30, 13.6%)"
56,176,Epidemiology,66,0.375,"Epidemiology (66, 37.5%); Clinical Sciences (44, 25.0%); Genetics (16, 9.1%)"
57,160,Clinical Sciences,94,0.5875,"Clinical Sciences (94, 58.8%); Biomedical Engineering (18, 11.2%); Cardiovascular Medicine and Haematology (17, 10.6%)"
58,146,Epidemiology,39,0.2671232876712329,"Epidemiology (39, 26.7%); Clinical Sciences (32, 21.9%); Cardiovascular Medicine and Haematology (24, 16.4%)"
59,141,Genetics,51,0.3617021276595745,"Genetics (51, 36.2%); Biochemistry and Cell Biology (33, 23.4%); Epidemiology (22, 15.6%)"
60,137,Cardiovascular Medicine and Haematology,38,0.2773722627737226,"Cardiovascular Medicine and Haematology (38, 27.7%); Clinical Sciences (36, 26.3%); Epidemiology (24, 17.5%)"
61,136,Oncology and Carcinogenesis,59,0.4338235294117647,"Oncology and Carcinogenesis (59, 43.4%); Clinical Sciences (29, 21.3%); Cardiovascular Medicine and Haematology (14, 10.3%)"
62,131,Oncology and Carcinogenesis,68,0.5190839694656488,"Oncology and Carcinogenesis (68, 51.9%); Cardiovascular Medicine and Haematology (19, 14.5%); Clinical Sciences (16, 12.2%)"
63,130,Clinical Sciences,64,0.49230769230769234,"Clinical Sciences (64, 49.2%); Biomedical Engineering (20, 15.4%); Genetics (15, 11.5%)"
64,117,Cardiovascular Medicine and Haematology,46,0.39316239316239315,"Cardiovascular Medicine and Haematology (46, 39.3%); Epidemiology (30, 25.6%); Nutrition and Dietetics (16, 13.7%)"
65,113,Clinical Sciences,46,0.40707964601769914,"Clinical Sciences (46, 40.7%); Epidemiology (39, 34.5%); Nutrition and Dietetics (8, 7.1%)"
66,111,Clinical Sciences,42,0.3783783783783784,"Clinical Sciences (42, 37.8%); Epidemiology (37, 33.3%); Genetics (20, 18.0%)"
67,104,Archaeology,97,0.9326923076923077,"Archaeology (97, 93.3%); Genetics (7, 6.7%)"
68,98,Clinical Sciences,26,0.2653061224489796,"Clinical Sciences (26, 26.5%); Epidemiology (22, 22.4%); Dentistry (17, 17.3%)"
69,98,Epidemiology,27,0.2755102040816326,"Epidemiology (27, 27.6%); Clinical Sciences (25, 25.5%); Public Health (16, 16.3%)"
70,92,Oncology and Carcinogenesis,63,0.6847826086956522,"Oncology and Carcinogenesis (63, 68.5%); Immunology (24, 26.1%); Biochemistry and Cell Biology (3, 3.3%)"
71,92,Nutrition and Dietetics,29,0.31521739130434784,"Nutrition and Dietetics (29, 31.5%); Clinical Sciences (21, 22.8%); Epidemiology (16, 17.4%)"
72,85,Public Health,34,0.4,"Public Health (34, 40.0%); Cardiovascular Medicine and Haematology (11, 12.9%); Health Services and Systems (11, 12.9%)"
73,85,Clinical Sciences,46,0.5411764705882353,"Clinical Sciences (46, 54.1%); Cardiovascular Medicine and Haematology (18, 21.2%); Graphics, Augmented Reality and Games (9, 10.6%)"
74,84,Clinical Sciences,28,0.3333333333333333,"Clinical Sciences (28, 33.3%); Epidemiology (23, 27.4%); Cardiovascular Medicine and Haematology (20, 23.8%)"
75,79,Genetics,22,0.27848101265822783,"Genetics (22, 27.8%); Clinical Sciences (15, 19.0%); Biological Psychology (14, 17.7%)"
76,77,Cardiovascular Medicine and Haematology,28,0.36363636363636365,"Cardiovascular Medicine and Haematology (28, 36.4%); Epidemiology (16, 20.8%); Clinical Sciences (9, 11.7%)"
77,72,Clinical Sciences,22,0.3055555555555556,"Clinical Sciences (22, 30.6%); Genetics (16, 22.2%); Epidemiology (13, 18.1%)"
78,72,Genetics,26,0.3611111111111111,"Genetics (26, 36.1%); Biomedical Engineering (12, 16.7%); Machine Learning (10, 13.9%)"
79,70,Clinical Sciences,41,0.5857142857142857,"Clinical Sciences (41, 58.6%); Cardiovascular Medicine and Haematology (14, 20.0%); Biological Psychology (5, 7.1%)"
80,64,Clinical Sciences,51,0.796875,"Clinical Sciences (51, 79.7%); Epidemiology (8, 12.5%); Public Health (4, 6.2%)"
81,62,Clinical Sciences,17,0.27419354838709675,"Clinical Sciences (17, 27.4%); Epidemiology (12, 19.4%); Oncology and Carcinogenesis (12, 19.4%)"
82,58,Genetics,31,0.5344827586206896,"Genetics (31, 53.4%); Ophthalmology and Optometry (16, 27.6%); Machine Learning (7, 12.1%)"
83,55,Clinical Sciences,18,0.32727272727272727,"Clinical Sciences (18, 32.7%); Cardiovascular Medicine and Haematology (8, 14.5%); Genetics (8, 14.5%)"
84,54,Epidemiology,11,0.2037037037037037,"Epidemiology (11, 20.4%); Public Health (10, 18.5%); Biological Psychology (8, 14.8%)"
85,54,Clinical Sciences,18,0.3333333333333333,"Clinical Sciences (18, 33.3%); Epidemiology (12, 22.2%); Public Health (7, 13.0%)"
86,53,Cardiovascular Medicine and Haematology,28,0.5283018867924528,"Cardiovascular Medicine and Haematology (28, 52.8%); Clinical Sciences (15, 28.3%); Epidemiology (8, 15.1%)"
87,49,Cardiovascular Medicine and Haematology,24,0.4897959183673469,"Cardiovascular Medicine and Haematology (24, 49.0%); Clinical Sciences (14, 28.6%); Immunology (5, 10.2%)"
88,49,Oncology and Carcinogenesis,31,0.6326530612244898,"Oncology and Carcinogenesis (31, 63.3%); Clinical Sciences (8, 16.3%); Genetics (8, 16.3%)"
89,49,Clinical Sciences,16,0.32653061224489793,"Clinical Sciences (16, 32.7%); Cardiovascular Medicine and Haematology (7, 14.3%); Oncology and Carcinogenesis (5, 10.2%)"
90,48,Clinical Sciences,25,0.5208333333333334,"Clinical Sciences (25, 52.1%); Oncology and Carcinogenesis (19, 39.6%); Health Services and Systems (2, 4.2%)"
91,48,Clinical Sciences,24,0.5,"Clinical Sciences (24, 50.0%); Immunology (8, 16.7%); Cardiovascular Medicine and Haematology (6, 12.5%)"
92,43,Clinical Sciences,24,0.5581395348837209,"Clinical Sciences (24, 55.8%); Epidemiology (10, 23.3%); Oncology and Carcinogenesis (4, 9.3%)"
93,43,Clinical Sciences,25,0.5813953488372093,"Clinical Sciences (25, 58.1%); Biological Psychology (8, 18.6%); Epidemiology (6, 14.0%)"
94,41,Oncology and Carcinogenesis,36,0.8780487804878049,"Oncology and Carcinogenesis (36, 87.8%); Clinical Sciences (5, 12.2%)"
95,39,Oncology and Carcinogenesis,21,0.5384615384615384,"Oncology and Carcinogenesis (21, 53.8%); Clinical Sciences (7, 17.9%); Genetics (6, 15.4%)"
96,38,Epidemiology,17,0.4473684210526316,"Epidemiology (17, 44.7%); Clinical Sciences (12, 31.6%); Oncology and Carcinogenesis (9, 23.7%)"
97,37,Epidemiology,11,0.2972972972972973,"Epidemiology (11, 29.7%); Clinical Sciences (9, 24.3%); Biochemistry and Cell Biology (6, 16.2%)"
98,36,Clinical Sciences,15,0.4166666666666667,"Clinical Sciences (15, 41.7%); Nutrition and Dietetics (11, 30.6%); Epidemiology (7, 19.4%)"
99,36,Biological Psychology,10,0.2777777777777778,"Biological Psychology (10, 27.8%); Clinical Sciences (10, 27.8%); Epidemiology (8, 22.2%)"
100,35,Epidemiology,29,0.8285714285714286,"Epidemiology (29, 82.9%); Health Services and Systems (5, 14.3%); Cardiovascular Medicine and Haematology (1, 2.9%)"
101,34,Cardiovascular Medicine and Haematology,22,0.6470588235294118,"Cardiovascular Medicine and Haematology (22, 64.7%); Epidemiology (6, 17.6%); Clinical Sciences (4, 11.8%)"
102,34,Ophthalmology and Optometry,33,0.9705882352941176,"Ophthalmology and Optometry (33, 97.1%); Clinical Sciences (1, 2.9%)"
103,33,Clinical Sciences,29,0.8787878787878788,"Clinical Sciences (29, 87.9%); Genetics (2, 6.1%); Medical Biochemistry and Metabolomics (2, 6.1%)"
104,33,Epidemiology,15,0.45454545454545453,"Epidemiology (15, 45.5%); Cardiovascular Medicine and Haematology (7, 21.2%); Biological Psychology (5, 15.2%)"
105,32,Genetics,31,0.96875,"Genetics (31, 96.9%); Bioinformatics and Computational Biology (1, 3.1%)"
106,32,Oncology and Carcinogenesis,32,1.0,"Oncology and Carcinogenesis (32, 100.0%)"
107,31,Cardiovascular Medicine and Haematology,9,0.2903225806451613,"Cardiovascular Medicine and Haematology (9, 29.0%); Clinical Sciences (9, 29.0%); Epidemiology (8, 25.8%)"
108,31,Nutrition and Dietetics,19,0.6129032258064516,"Nutrition and Dietetics (19, 61.3%); Epidemiology (5, 16.1%); Clinical Sciences (3, 9.7%)"
109,31,Epidemiology,17,0.5483870967741935,"Epidemiology (17, 54.8%); Cardiovascular Medicine and Haematology (14, 45.2%)"
110,30,Cardiovascular Medicine and Haematology,15,0.5,"Cardiovascular Medicine and Haematology (15, 50.0%); Clinical Sciences (15, 50.0%)"
111,29,Epidemiology,18,0.6206896551724138,"Epidemiology (18, 62.1%); Cardiovascular Medicine and Haematology (7, 24.1%); Biochemistry and Cell Biology (4, 13.8%)"
112,29,Epidemiology,18,0.6206896551724138,"Epidemiology (18, 62.1%); Nutrition and Dietetics (9, 31.0%); Genetics (2, 6.9%)"
113,29,Biological Psychology,13,0.4482758620689655,"Biological Psychology (13, 44.8%); Clinical Sciences (8, 27.6%); Biochemistry and Cell Biology (4, 13.8%)"
114,29,Clinical Sciences,12,0.41379310344827586,"Clinical Sciences (12, 41.4%); Epidemiology (9, 31.0%); Nutrition and Dietetics (4, 13.8%)"
115,28,Epidemiology,17,0.6071428571428571,"Epidemiology (17, 60.7%); Medical Biochemistry and Metabolomics (6, 21.4%); Cardiovascular Medicine and Haematology (3, 10.7%)"
116,27,Epidemiology,9,0.3333333333333333,"Epidemiology (9, 33.3%); Public Health (9, 33.3%); Unclassified (9, 33.3%)"
117,26,Clinical Sciences,9,0.34615384615384615,"Clinical Sciences (9, 34.6%); Cardiovascular Medicine and Haematology (6, 23.1%); Epidemiology (5, 19.2%)"
118,25,Ophthalmology and Optometry,12,0.48,"Ophthalmology and Optometry (12, 48.0%); Cardiovascular Medicine and Haematology (7, 28.0%); Health Services and Systems (6, 24.0%)"
119,25,Biochemistry and Cell Biology,10,0.4,"Biochemistry and Cell Biology (10, 40.0%); Epidemiology (7, 28.0%); Genetics (4, 16.0%)"
120,25,Machine Learning,7,0.28,"Machine Learning (7, 28.0%); Biomedical Engineering (6, 24.0%); Health Services and Systems (6, 24.0%)"
121,24,Biological Psychology,22,0.9166666666666666,"Biological Psychology (22, 91.7%); Epidemiology (2, 8.3%)"
122,24,Genetics,9,0.375,"Genetics (9, 37.5%); Clinical Sciences (7, 29.2%); Epidemiology (5, 20.8%)"
123,24,Reproductive Medicine,19,0.7916666666666666,"Reproductive Medicine (19, 79.2%); Epidemiology (5, 20.8%)"
124,24,Biochemistry and Cell Biology,18,0.75,"Biochemistry and Cell Biology (18, 75.0%); Epidemiology (4, 16.7%); Clinical Sciences (2, 8.3%)"
125,23,Medical Physiology,12,0.5217391304347826,"Medical Physiology (12, 52.2%); Epidemiology (6, 26.1%); Clinical Sciences (5, 21.7%)"
126,23,Immunology,23,1.0,"Immunology (23, 100.0%)"
127,23,Cardiovascular Medicine and Haematology,11,0.4782608695652174,"Cardiovascular Medicine and Haematology (11, 47.8%); Biomedical Engineering (8, 34.8%); Nutrition and Dietetics (3, 13.0%)"
128,22,Clinical Sciences,21,0.9545454545454546,"Clinical Sciences (21, 95.5%); Biochemistry and Cell Biology (1, 4.5%)"
129,22,Neurosciences,8,0.36363636363636365,"Neurosciences (8, 36.4%); Clinical Sciences (7, 31.8%); Epidemiology (7, 31.8%)"
130,21,Bioinformatics and Computational Biology,14,0.6666666666666666,"Bioinformatics and Computational Biology (14, 66.7%); Genetics (6, 28.6%); Clinical Sciences (1, 4.8%)"
131,21,Cardiovascular Medicine and Haematology,11,0.5238095238095238,"Cardiovascular Medicine and Haematology (11, 52.4%); Genetics (10, 47.6%)"
132,21,Clinical Sciences,18,0.8571428571428571,"Clinical Sciences (18, 85.7%); Cardiovascular Medicine and Haematology (3, 14.3%)"
133,21,Dentistry,12,0.5714285714285714,"Dentistry (12, 57.1%); Immunology (6, 28.6%); Genetics (3, 14.3%)"
134,21,Clinical Sciences,13,0.6190476190476191,"Clinical Sciences (13, 61.9%); Epidemiology (8, 38.1%)"
135,21,Pharmacology and Pharmaceutical Sciences,21,1.0,"Pharmacology and Pharmaceutical Sciences (21, 100.0%)"
136,21,Biological Psychology,10,0.47619047619047616,"Biological Psychology (10, 47.6%); Epidemiology (5, 23.8%); Clinical Sciences (4, 19.0%)"
137,21,Health Services and Systems,13,0.6190476190476191,"Health Services and Systems (13, 61.9%); Epidemiology (4, 19.0%); Nutrition and Dietetics (4, 19.0%)"
138,21,Clinical Sciences,13,0.6190476190476191,"Clinical Sciences (13, 61.9%); Epidemiology (8, 38.1%)"
139,20,Clinical Sciences,20,1.0,"Clinical Sciences (20, 100.0%)"
140,20,Epidemiology,13,0.65,"Epidemiology (13, 65.0%); Oncology and Carcinogenesis (4, 20.0%); Clinical Sciences (3, 15.0%)"
141,20,Epidemiology,8,0.4,"Epidemiology (8, 40.0%); Oncology and Carcinogenesis (6, 30.0%); Biochemistry and Cell Biology (4, 20.0%)"
142,20,Genetics,7,0.35,"Genetics (7, 35.0%); Cardiovascular Medicine and Haematology (6, 30.0%); Epidemiology (4, 20.0%)"
143,20,Epidemiology,18,0.9,"Epidemiology (18, 90.0%); Clinical Sciences (2, 10.0%)"
144,19,Genetics,13,0.6842105263157895,"Genetics (13, 68.4%); Reproductive Medicine (6, 31.6%)"
145,19,Epidemiology,16,0.8421052631578947,"Epidemiology (16, 84.2%); Reproductive Medicine (2, 10.5%); Clinical Sciences (1, 5.3%)"
146,19,Biological Psychology,12,0.631578947368421,"Biological Psychology (12, 63.2%); Clinical Sciences (7, 36.8%)"
147,19,Genetics,12,0.631578947368421,"Genetics (12, 63.2%); Clinical Sciences (3, 15.8%); Epidemiology (2, 10.5%)"
148,19,Cardiovascular Medicine and Haematology,11,0.5789473684210527,"Cardiovascular Medicine and Haematology (11, 57.9%); Epidemiology (7, 36.8%); Reproductive Medicine (1, 5.3%)"
149,19,Clinical Sciences,14,0.7368421052631579,"Clinical Sciences (14, 73.7%); Genetics (4, 21.1%); Nutrition and Dietetics (1, 5.3%)"
150,19,Clinical and Health Psychology,10,0.5263157894736842,"Clinical and Health Psychology (10, 52.6%); Data Management and Data Science (8, 42.1%); Machine Learning (1, 5.3%)"
151,19,Medical Biochemistry and Metabolomics,8,0.42105263157894735,"Medical Biochemistry and Metabolomics (8, 42.1%); Genetics (5, 26.3%); Clinical Sciences (4, 21.1%)"
152,19,Cardiovascular Medicine and Haematology,19,1.0,"Cardiovascular Medicine and Haematology (19, 100.0%)"
153,18,Clinical Sciences,12,0.6666666666666666,"Clinical Sciences (12, 66.7%); Medical Biochemistry and Metabolomics (6, 33.3%)"
154,18,Clinical Sciences,8,0.4444444444444444,"Clinical Sciences (8, 44.4%); Epidemiology (6, 33.3%); Medical Biochemistry and Metabolomics (4, 22.2%)"
155,18,Clinical Sciences,16,0.8888888888888888,"Clinical Sciences (16, 88.9%); Epidemiology (2, 11.1%)"
156,18,Clinical Sciences,18,1.0,"Clinical Sciences (18, 100.0%)"
157,17,Clinical Sciences,17,1.0,"Clinical Sciences (17, 100.0%)"
158,17,Clinical Sciences,17,1.0,"Clinical Sciences (17, 100.0%)"
159,17,Biochemistry and Cell Biology,11,0.6470588235294118,"Biochemistry and Cell Biology (11, 64.7%); Clinical Sciences (6, 35.3%)"
160,17,Genetics,17,1.0,"Genetics (17, 100.0%)"
161,17,Unclassified,13,0.7647058823529411,"Unclassified (13, 76.5%); Clinical Sciences (4, 23.5%)"
162,17,Oncology and Carcinogenesis,12,0.7058823529411765,"Oncology and Carcinogenesis (12, 70.6%); Medical Biochemistry and Metabolomics (3, 17.6%); Health Services and Systems (2, 11.8%)"
163,17,Genetics,17,1.0,"Genetics (17, 100.0%)"
164,17,Clinical Sciences,11,0.6470588235294118,"Clinical Sciences (11, 64.7%); Genetics (4, 23.5%); Biochemistry and Cell Biology (2, 11.8%)"
165,17,Nutrition and Dietetics,8,0.47058823529411764,"Nutrition and Dietetics (8, 47.1%); Clinical Sciences (6, 35.3%); Unclassified (3, 17.6%)"
166,17,Medical and Biological Physics,7,0.4117647058823529,"Medical and Biological Physics (7, 41.2%); Unclassified (7, 41.2%); Applied Computing (3, 17.6%)"
167,17,Epidemiology,8,0.47058823529411764,"Epidemiology (8, 47.1%); Public Health (5, 29.4%); Medical Biochemistry and Metabolomics (2, 11.8%)"
168,17,Clinical Sciences,16,0.9411764705882353,"Clinical Sciences (16, 94.1%); Epidemiology (1, 5.9%)"
169,16,Clinical Sciences,16,1.0,"Clinical Sciences (16, 100.0%)"
170,16,Pharmacology and Pharmaceutical Sciences,11,0.6875,"Pharmacology and Pharmaceutical Sciences (11, 68.8%); Medical Biotechnology (5, 31.2%)"
171,16,Animal Production,8,0.5,"Animal Production (8, 50.0%); Pharmacology and Pharmaceutical Sciences (6, 37.5%); Clinical Sciences (2, 12.5%)"
172,16,Epidemiology,16,1.0,"Epidemiology (16, 100.0%)"
173,16,Cardiovascular Medicine and Haematology,8,0.5,"Cardiovascular Medicine and Haematology (8, 50.0%); Biochemistry and Cell Biology (4, 25.0%); Nutrition and Dietetics (3, 18.8%)"
174,16,Biological Psychology,11,0.6875,"Biological Psychology (11, 68.8%); Biomedical Engineering (4, 25.0%); Medical Physiology (1, 6.2%)"
175,16,Clinical Sciences,11,0.6875,"Clinical Sciences (11, 68.8%); Cardiovascular Medicine and Haematology (4, 25.0%); Unclassified (1, 6.2%)"
176,16,Data Management and Data Science,9,0.5625,"Data Management and Data Science (9, 56.2%); Genetics (6, 37.5%); Machine Learning (1, 6.2%)"
177,16,Genetics,16,1.0,"Genetics (16, 100.0%)"
178,16,Oncology and Carcinogenesis,16,1.0,"Oncology and Carcinogenesis (16, 100.0%)"
179,16,Nutrition and Dietetics,12,0.75,"Nutrition and Dietetics (12, 75.0%); Epidemiology (4, 25.0%)"
180,16,Biological Psychology,5,0.3125,"Biological Psychology (5, 31.2%); Epidemiology (5, 31.2%); Clinical Sciences (4, 25.0%)"
181,16,Clinical Sciences,16,1.0,"Clinical Sciences (16, 100.0%)"
182,16,Oncology and Carcinogenesis,9,0.5625,"Oncology and Carcinogenesis (9, 56.2%); Bioinformatics and Computational Biology (7, 43.8%)"
183,16,Cardiovascular Medicine and Haematology,16,1.0,"Cardiovascular Medicine and Haematology (16, 100.0%)"
184,16,Epidemiology,16,1.0,"Epidemiology (16, 100.0%)"
185,15,Biochemistry and Cell Biology,15,1.0,"Biochemistry and Cell Biology (15, 100.0%)"
186,15,Cardiovascular Medicine and Haematology,15,1.0,"Cardiovascular Medicine and Haematology (15, 100.0%)"
187,15,Nutrition and Dietetics,6,0.4,"Nutrition and Dietetics (6, 40.0%); Oncology and Carcinogenesis (6, 40.0%); Clinical Sciences (3, 20.0%)"
188,15,Oncology and Carcinogenesis,15,1.0,"Oncology and Carcinogenesis (15, 100.0%)"
189,15,Nutrition and Dietetics,15,1.0,"Nutrition and Dietetics (15, 100.0%)"
190,15,Clinical Sciences,15,1.0,"Clinical Sciences (15, 100.0%)"
191,15,Epidemiology,6,0.4,"Epidemiology (6, 40.0%); Clinical Sciences (5, 33.3%); Information Systems (4, 26.7%)"
192,15,Nutrition and Dietetics,9,0.6,"Nutrition and Dietetics (9, 60.0%); Clinical Sciences (6, 40.0%)"
193,15,Pollution and Contamination,7,0.4666666666666667,"Pollution and Contamination (7, 46.7%); Unclassified (6, 40.0%); Reproductive Medicine (2, 13.3%)"
194,15,Cardiovascular Medicine and Haematology,10,0.6666666666666666,"Cardiovascular Medicine and Haematology (10, 66.7%); Epidemiology (5, 33.3%)"
195,15,Clinical Sciences,15,1.0,"Clinical Sciences (15, 100.0%)"
196,15,Cardiovascular Medicine and Haematology,15,1.0,"Cardiovascular Medicine and Haematology (15, 100.0%)"
197,15,Clinical Sciences,9,0.6,"Clinical Sciences (9, 60.0%); Cardiovascular Medicine and Haematology (6, 40.0%)"
198,15,Biochemistry and Cell Biology,10,0.6666666666666666,"Biochemistry and Cell Biology (10, 66.7%); Epidemiology (5, 33.3%)"
199,15,Clinical Sciences,9,0.6,"Clinical Sciences (9, 60.0%); Oncology and Carcinogenesis (6, 40.0%)"
200,14,Health Services and Systems,5,0.35714285714285715,"Health Services and Systems (5, 35.7%); Unclassified (5, 35.7%); Immunology (4, 28.6%)"
201,14,Clinical Sciences,8,0.5714285714285714,"Clinical Sciences (8, 57.1%); Genetics (6, 42.9%)"
202,14,Epidemiology,11,0.7857142857142857,"Epidemiology (11, 78.6%); Genetics (2, 14.3%); Clinical Sciences (1, 7.1%)"
203,14,Biological Psychology,14,1.0,"Biological Psychology (14, 100.0%)"
204,14,Statistics,14,1.0,"Statistics (14, 100.0%)"
205,14,Unclassified,14,1.0,"Unclassified (14, 100.0%)"
206,14,Cardiovascular Medicine and Haematology,14,1.0,"Cardiovascular Medicine and Haematology (14, 100.0%)"
207,14,Nutrition and Dietetics,7,0.5,"Nutrition and Dietetics (7, 50.0%); Epidemiology (6, 42.9%); Clinical Sciences (1, 7.1%)"
208,14,Clinical Sciences,8,0.5714285714285714,"Clinical Sciences (8, 57.1%); Cardiovascular Medicine and Haematology (3, 21.4%); Epidemiology (3, 21.4%)"
209,14,Clinical Sciences,8,0.5714285714285714,"Clinical Sciences (8, 57.1%); Epidemiology (4, 28.6%); Ophthalmology and Optometry (2, 14.3%)"
210,14,Epidemiology,14,1.0,"Epidemiology (14, 100.0%)"
211,14,Epidemiology,10,0.7142857142857143,"Epidemiology (10, 71.4%); Clinical Sciences (4, 28.6%)"
212,14,Cardiovascular Medicine and Haematology,8,0.5714285714285714,"Cardiovascular Medicine and Haematology (8, 57.1%); Clinical Sciences (6, 42.9%)"
213,13,Bioinformatics and Computational Biology,7,0.5384615384615384,"Bioinformatics and Computational Biology (7, 53.8%); Immunology (6, 46.2%)"
214,13,Health Services and Systems,9,0.6923076923076923,"Health Services and Systems (9, 69.2%); Oncology and Carcinogenesis (4, 30.8%)"
215,13,Immunology,13,1.0,"Immunology (13, 100.0%)"
216,13,Clinical Sciences,13,1.0,"Clinical Sciences (13, 100.0%)"
217,13,Immunology,13,1.0,"Immunology (13, 100.0%)"
218,13,Clinical Sciences,5,0.38461538461538464,"Clinical Sciences (5, 38.5%); Cardiovascular Medicine and Haematology (3, 23.1%); Unclassified (3, 23.1%)"
219,13,Clinical Sciences,6,0.46153846153846156,"Clinical Sciences (6, 46.2%); Genetics (6, 46.2%); Medical Biochemistry and Metabolomics (1, 7.7%)"
220,13,Epidemiology,13,1.0,"Epidemiology (13, 100.0%)"
221,13,Applied and Developmental Psychology,7,0.5384615384615384,"Applied and Developmental Psychology (7, 53.8%); Nutrition and Dietetics (6, 46.2%)"
222,13,Clinical Sciences,13,1.0,"Clinical Sciences (13, 100.0%)"
223,13,Biological Psychology,13,1.0,"Biological Psychology (13, 100.0%)"
224,13,Epidemiology,7,0.5384615384615384,"Epidemiology (7, 53.8%); Clinical Sciences (6, 46.2%)"
225,13,Genetics,8,0.6153846153846154,"Genetics (8, 61.5%); Nutrition and Dietetics (5, 38.5%)"
226,13,Clinical Sciences,13,1.0,"Clinical Sciences (13, 100.0%)"
227,13,Genetics,13,1.0,"Genetics (13, 100.0%)"
228,13,Ophthalmology and Optometry,13,1.0,"Ophthalmology and Optometry (13, 100.0%)"
229,13,Epidemiology,13,1.0,"Epidemiology (13, 100.0%)"
230,13,Oncology and Carcinogenesis,13,1.0,"Oncology and Carcinogenesis (13, 100.0%)"
231,13,Genetics,6,0.46153846153846156,"Genetics (6, 46.2%); Epidemiology (5, 38.5%); Applied Computing (2, 15.4%)"
232,12,Clinical Sciences,12,1.0,"Clinical Sciences (12, 100.0%)"
233,12,Ophthalmology and Optometry,12,1.0,"Ophthalmology and Optometry (12, 100.0%)"
234,12,Biological Psychology,7,0.5833333333333334,"Biological Psychology (7, 58.3%); Computer Vision and Multimedia Computation (5, 41.7%)"
235,12,Reproductive Medicine,12,1.0,"Reproductive Medicine (12, 100.0%)"
236,12,Clinical Sciences,10,0.8333333333333334,"Clinical Sciences (10, 83.3%); Epidemiology (2, 16.7%)"
237,12,Clinical Sciences,12,1.0,"Clinical Sciences (12, 100.0%)"
238,12,Clinical Sciences,12,1.0,"Clinical Sciences (12, 100.0%)"
239,12,Nutrition and Dietetics,12,1.0,"Nutrition and Dietetics (12, 100.0%)"
240,12,Cardiovascular Medicine and Haematology,7,0.5833333333333334,"Cardiovascular Medicine and Haematology (7, 58.3%); Biological Psychology (5, 41.7%)"
241,12,Clinical Sciences,8,0.6666666666666666,"Clinical Sciences (8, 66.7%); Epidemiology (4, 33.3%)"
242,12,Clinical Sciences,7,0.5833333333333334,"Clinical Sciences (7, 58.3%); Epidemiology (5, 41.7%)"
243,12,Epidemiology,10,0.8333333333333334,"Epidemiology (10, 83.3%); Clinical Sciences (2, 16.7%)"
244,12,Immunology,10,0.8333333333333334,"Immunology (10, 83.3%); Nutrition and Dietetics (2, 16.7%)"
245,12,Clinical Sciences,5,0.4166666666666667,"Clinical Sciences (5, 41.7%); Genetics (4, 33.3%); Unclassified (3, 25.0%)"
246,12,Clinical Sciences,9,0.75,"Clinical Sciences (9, 75.0%); Epidemiology (2, 16.7%); Unclassified (1, 8.3%)"
247,12,Cardiovascular Medicine and Haematology,6,0.5,"Cardiovascular Medicine and Haematology (6, 50.0%); Neurosciences (6, 50.0%)"
248,12,Clinical Sciences,8,0.6666666666666666,"Clinical Sciences (8, 66.7%); Nutrition and Dietetics (4, 33.3%)"
249,12,Cardiovascular Medicine and Haematology,12,1.0,"Cardiovascular Medicine and Haematology (12, 100.0%)"
250,12,Bioinformatics and Computational Biology,12,1.0,"Bioinformatics and Computational Biology (12, 100.0%)"
251,12,Biological Psychology,8,0.6666666666666666,"Biological Psychology (8, 66.7%); Epidemiology (4, 33.3%)"
252,12,Genetics,9,0.75,"Genetics (9, 75.0%); Bioinformatics and Computational Biology (3, 25.0%)"
253,12,Epidemiology,12,1.0,"Epidemiology (12, 100.0%)"
254,12,Clinical Sciences,8,0.6666666666666666,"Clinical Sciences (8, 66.7%); Cardiovascular Medicine and Haematology (3, 25.0%); Medical Physiology (1, 8.3%)"
255,12,Clinical Sciences,10,0.8333333333333334,"Clinical Sciences (10, 83.3%); Epidemiology (2, 16.7%)"
256,12,Genetics,12,1.0,"Genetics (12, 100.0%)"
257,12,Clinical Sciences,10,0.8333333333333334,"Clinical Sciences (10, 83.3%); Biological Psychology (2, 16.7%)"
258,12,Ecological Applications,12,1.0,"Ecological Applications (12, 100.0%)"
259,12,Cardiovascular Medicine and Haematology,6,0.5,"Cardiovascular Medicine and Haematology (6, 50.0%); Genetics (6, 50.0%)"
260,11,Machine Learning,7,0.6363636363636364,"Machine Learning (7, 63.6%); Biological Psychology (4, 36.4%)"
261,11,Ophthalmology and Optometry,11,1.0,"Ophthalmology and Optometry (11, 100.0%)"
262,11,Immunology,6,0.5454545454545454,"Immunology (6, 54.5%); Clinical Sciences (4, 36.4%); Unclassified (1, 9.1%)"
263,11,Biological Psychology,11,1.0,"Biological Psychology (11, 100.0%)"
264,11,Bioinformatics and Computational Biology,7,0.6363636363636364,"Bioinformatics and Computational Biology (7, 63.6%); Epidemiology (3, 27.3%); Genetics (1, 9.1%)"
265,11,Epidemiology,11,1.0,"Epidemiology (11, 100.0%)"
266,11,Clinical Sciences,10,0.9090909090909091,"Clinical Sciences (10, 90.9%); Cardiovascular Medicine and Haematology (1, 9.1%)"
267,11,Cardiovascular Medicine and Haematology,11,1.0,"Cardiovascular Medicine and Haematology (11, 100.0%)"
268,11,Machine Learning,8,0.7272727272727273,"Machine Learning (8, 72.7%); Clinical Sciences (1, 9.1%); Graphics, Augmented Reality and Games (1, 9.1%)"
269,11,Nutrition and Dietetics,11,1.0,"Nutrition and Dietetics (11, 100.0%)"
270,11,Epidemiology,10,0.9090909090909091,"Epidemiology (10, 90.9%); Clinical Sciences (1, 9.1%)"
271,11,Genetics,6,0.5454545454545454,"Genetics (6, 54.5%); Cardiovascular Medicine and Haematology (5, 45.5%)"
272,11,Genetics,9,0.8181818181818182,"Genetics (9, 81.8%); Reproductive Medicine (2, 18.2%)"
273,11,Pharmacology and Pharmaceutical Sciences,7,0.6363636363636364,"Pharmacology and Pharmaceutical Sciences (7, 63.6%); Oncology and Carcinogenesis (4, 36.4%)"
274,11,Microbiology,11,1.0,"Microbiology (11, 100.0%)"
275,11,Clinical Sciences,11,1.0,"Clinical Sciences (11, 100.0%)"
276,11,Cardiovascular Medicine and Haematology,11,1.0,"Cardiovascular Medicine and Haematology (11, 100.0%)"
277,11,Medical Biochemistry and Metabolomics,6,0.5454545454545454,"Medical Biochemistry and Metabolomics (6, 54.5%); Cardiovascular Medicine and Haematology (5, 45.5%)"
278,11,Epidemiology,11,1.0,"Epidemiology (11, 100.0%)"
279,11,Immunology,11,1.0,"Immunology (11, 100.0%)"
280,11,Public Health,5,0.45454545454545453,"Public Health (5, 45.5%); Applied and Developmental Psychology (2, 18.2%); Epidemiology (2, 18.2%)"
281,11,Genetics,11,1.0,"Genetics (11, 100.0%)"
282,11,Clinical Sciences,11,1.0,"Clinical Sciences (11, 100.0%)"
283,10,Clinical Sciences,8,0.8,"Clinical Sciences (8, 80.0%); Epidemiology (2, 20.0%)"
284,10,Epidemiology,9,0.9,"Epidemiology (9, 90.0%); Clinical Sciences (1, 10.0%)"
285,10,Cardiovascular Medicine and Haematology,10,1.0,"Cardiovascular Medicine and Haematology (10, 100.0%)"
286,10,Clinical Sciences,10,1.0,"Clinical Sciences (10, 100.0%)"
287,10,Medical Biochemistry and Metabolomics,10,1.0,"Medical Biochemistry and Metabolomics (10, 100.0%)"
288,10,Epidemiology,10,1.0,"Epidemiology (10, 100.0%)"
289,10,Clinical Sciences,10,1.0,"Clinical Sciences (10, 100.0%)"
290,10,Nutrition and Dietetics,7,0.7,"Nutrition and Dietetics (7, 70.0%); Clinical Sciences (3, 30.0%)"
291,10,Biological Psychology,5,0.5,"Biological Psychology (5, 50.0%); Statistics (3, 30.0%); Artificial Intelligence (1, 10.0%)"
292,10,Immunology,10,1.0,"Immunology (10, 100.0%)"
293,10,Clinical Sciences,10,1.0,"Clinical Sciences (10, 100.0%)"
294,10,Genetics,8,0.8,"Genetics (8, 80.0%); Medical Biochemistry and Metabolomics (1, 10.0%); Oncology and Carcinogenesis (1, 10.0%)"
295,10,Clinical Sciences,10,1.0,"Clinical Sciences (10, 100.0%)"
296,10,Nutrition and Dietetics,10,1.0,"Nutrition and Dietetics (10, 100.0%)"
297,10,Epidemiology,10,1.0,"Epidemiology (10, 100.0%)"
298,10,Epidemiology,10,1.0,"Epidemiology (10, 100.0%)"
299,10,Genetics,6,0.6,"Genetics (6, 60.0%); Epidemiology (2, 20.0%); Machine Learning (2, 20.0%)"
300,10,Oncology and Carcinogenesis,10,1.0,"Oncology and Carcinogenesis (10, 100.0%)"
301,10,Epidemiology,10,1.0,"Epidemiology (10, 100.0%)"
302,10,Clinical Sciences,10,1.0,"Clinical Sciences (10, 100.0%)"
303,10,Cybersecurity and Privacy,5,0.5,"Cybersecurity and Privacy (5, 50.0%); Epidemiology (5, 50.0%)"
304,10,Biochemistry and Cell Biology,4,0.4,"Biochemistry and Cell Biology (4, 40.0%); Epidemiology (3, 30.0%); Genetics (3, 30.0%)"
305,10,Epidemiology,6,0.6,"Epidemiology (6, 60.0%); Clinical Sciences (4, 40.0%)"
306,10,Clinical Sciences,5,0.5,"Clinical Sciences (5, 50.0%); Epidemiology (3, 30.0%); Health Services and Systems (1, 10.0%)"
307,10,Clinical Sciences,10,1.0,"Clinical Sciences (10, 100.0%)"
308,10,Epidemiology,10,1.0,"Epidemiology (10, 100.0%)"
309,10,Clinical Sciences,7,0.7,"Clinical Sciences (7, 70.0%); Nutrition and Dietetics (3, 30.0%)"
310,10,Epidemiology,7,0.7,"Epidemiology (7, 70.0%); Unclassified (3, 30.0%)"
311,10,Cardiovascular Medicine and Haematology,6,0.6,"Cardiovascular Medicine and Haematology (6, 60.0%); Epidemiology (2, 20.0%); Genetics (2, 20.0%)"
312,10,Biological Psychology,10,1.0,"Biological Psychology (10, 100.0%)"
313,10,Genetics,10,1.0,"Genetics (10, 100.0%)"
314,10,Genetics,5,0.5,"Genetics (5, 50.0%); Clinical Sciences (4, 40.0%); Epidemiology (1, 10.0%)"
315,10,Clinical Sciences,10,1.0,"Clinical Sciences (10, 100.0%)"
316,10,Epidemiology,10,1.0,"Epidemiology (10, 100.0%)"
317,10,Neurosciences,9,0.9,"Neurosciences (9, 90.0%); Biochemistry and Cell Biology (1, 10.0%)"
318,10,Immunology,10,1.0,"Immunology (10, 100.0%)"
319,10,Genetics,10,1.0,"Genetics (10, 100.0%)"
320,10,Cardiovascular Medicine and Haematology,10,1.0,"Cardiovascular Medicine and Haematology (10, 100.0%)"
321,10,Epidemiology,10,1.0,"Epidemiology (10, 100.0%)"
322,10,Cardiovascular Medicine and Haematology,10,1.0,"Cardiovascular Medicine and Haematology (10, 100.0%)"
323,10,Clinical Sciences,10,1.0,"Clinical Sciences (10, 100.0%)"
324,10,Clinical Sciences,10,1.0,"Clinical Sciences (10, 100.0%)"
325,10,Clinical Sciences,10,1.0,"Clinical Sciences (10, 100.0%)"
326,10,Clinical Sciences,10,1.0,"Clinical Sciences (10, 100.0%)"
327,10,Clinical Sciences,10,1.0,"Clinical Sciences (10, 100.0%)"
328,10,Clinical Sciences,10,1.0,"Clinical Sciences (10, 100.0%)"
329,10,Clinical Sciences,10,1.0,"Clinical Sciences (10, 100.0%)"
330,10,Epidemiology,10,1.0,"Epidemiology (10, 100.0%)"
331,10,Biological Psychology,10,1.0,"Biological Psychology (10, 100.0%)"
332,10,Clinical Sciences,8,0.8,"Clinical Sciences (8, 80.0%); Epidemiology (2, 20.0%)"
333,10,Clinical Sciences,10,1.0,"Clinical Sciences (10, 100.0%)"
334,10,Public Health,10,1.0,"Public Health (10, 100.0%)"
335,9,Clinical Sciences,9,1.0,"Clinical Sciences (9, 100.0%)"
336,9,Oncology and Carcinogenesis,9,1.0,"Oncology and Carcinogenesis (9, 100.0%)"
337,9,Medical Biochemistry and Metabolomics,9,1.0,"Medical Biochemistry and Metabolomics (9, 100.0%)"
338,9,Genetics,9,1.0,"Genetics (9, 100.0%)"
339,9,Clinical Sciences,9,1.0,"Clinical Sciences (9, 100.0%)"
340,9,Clinical Sciences,9,1.0,"Clinical Sciences (9, 100.0%)"
341,9,Bioinformatics and Computational Biology,9,1.0,"Bioinformatics and Computational Biology (9, 100.0%)"
342,9,Clinical Sciences,9,1.0,"Clinical Sciences (9, 100.0%)"
343,9,Epidemiology,9,1.0,"Epidemiology (9, 100.0%)"
344,9,Clinical Sciences,9,1.0,"Clinical Sciences (9, 100.0%)"
345,9,Clinical Sciences,9,1.0,"Clinical Sciences (9, 100.0%)"
346,9,Unclassified,9,1.0,"Unclassified (9, 100.0%)"
347,9,Ophthalmology and Optometry,9,1.0,"Ophthalmology and Optometry (9, 100.0%)"
348,9,Allied Health and Rehabilitation Science,4,0.4444444444444444,"Allied Health and Rehabilitation Science (4, 44.4%); Epidemiology (3, 33.3%); Medical Biochemistry and Metabolomics (2, 22.2%)"
349,9,Epidemiology,9,1.0,"Epidemiology (9, 100.0%)"
350,9,Ophthalmology and Optometry,6,0.6666666666666666,"Ophthalmology and Optometry (6, 66.7%); Public Health (3, 33.3%)"
351,9,Cardiovascular Medicine and Haematology,9,1.0,"Cardiovascular Medicine and Haematology (9, 100.0%)"
352,9,Clinical Sciences,8,0.8888888888888888,"Clinical Sciences (8, 88.9%); Genetics (1, 11.1%)"
353,9,Pharmacology and Pharmaceutical Sciences,7,0.7777777777777778,"Pharmacology and Pharmaceutical Sciences (7, 77.8%); Epidemiology (2, 22.2%)"
354,9,Pharmacology and Pharmaceutical Sciences,6,0.6666666666666666,"Pharmacology and Pharmaceutical Sciences (6, 66.7%); Genetics (3, 33.3%)"
355,9,Epidemiology,9,1.0,"Epidemiology (9, 100.0%)"
356,9,Cardiovascular Medicine and Haematology,6,0.6666666666666666,"Cardiovascular Medicine and Haematology (6, 66.7%); Clinical Sciences (2, 22.2%); Immunology (1, 11.1%)"
357,9,Cardiovascular Medicine and Haematology,9,1.0,"Cardiovascular Medicine and Haematology (9, 100.0%)"
358,9,Medical Physiology,9,1.0,"Medical Physiology (9, 100.0%)"
359,9,Unclassified,9,1.0,"Unclassified (9, 100.0%)"
360,9,Biological Psychology,8,0.8888888888888888,"Biological Psychology (8, 88.9%); Applied Computing (1, 11.1%)"
361,9,Cardiovascular Medicine and Haematology,7,0.7777777777777778,"Cardiovascular Medicine and Haematology (7, 77.8%); Clinical Sciences (2, 22.2%)"
362,9,Epidemiology,9,1.0,"Epidemiology (9, 100.0%)"
363,9,Clinical Sciences,9,1.0,"Clinical Sciences (9, 100.0%)"
364,9,Clinical Sciences,9,1.0,"Clinical Sciences (9, 100.0%)"
365,9,Epidemiology,9,1.0,"Epidemiology (9, 100.0%)"
366,9,Biochemistry and Cell Biology,9,1.0,"Biochemistry and Cell Biology (9, 100.0%)"
367,9,Health Services and Systems,9,1.0,"Health Services and Systems (9, 100.0%)"
368,9,Genetics,9,1.0,"Genetics (9, 100.0%)"
369,9,Genetics,9,1.0,"Genetics (9, 100.0%)"
370,9,Genetics,6,0.6666666666666666,"Genetics (6, 66.7%); Oncology and Carcinogenesis (3, 33.3%)"
371,9,Epidemiology,9,1.0,"Epidemiology (9, 100.0%)"
372,9,Clinical Sciences,9,1.0,"Clinical Sciences (9, 100.0%)"
373,9,Genetics,9,1.0,"Genetics (9, 100.0%)"
374,9,Clinical Sciences,9,1.0,"Clinical Sciences (9, 100.0%)"
375,9,Clinical Sciences,9,1.0,"Clinical Sciences (9, 100.0%)"
376,9,Medical Biochemistry and Metabolomics,6,0.6666666666666666,"Medical Biochemistry and Metabolomics (6, 66.7%); Clinical Sciences (3, 33.3%)"
377,9,Genetics,9,1.0,"Genetics (9, 100.0%)"
378,9,Biological Psychology,5,0.5555555555555556,"Biological Psychology (5, 55.6%); Clinical Sciences (3, 33.3%); Pharmacology and Pharmaceutical Sciences (1, 11.1%)"
379,9,Epidemiology,9,1.0,"Epidemiology (9, 100.0%)"
380,9,Oncology and Carcinogenesis,9,1.0,"Oncology and Carcinogenesis (9, 100.0%)"
381,9,Epidemiology,6,0.6666666666666666,"Epidemiology (6, 66.7%); Cardiovascular Medicine and Haematology (3, 33.3%)"
382,9,Oncology and Carcinogenesis,9,1.0,"Oncology and Carcinogenesis (9, 100.0%)"
383,9,Clinical Sciences,9,1.0,"Clinical Sciences (9, 100.0%)"
384,9,Oncology and Carcinogenesis,9,1.0,"Oncology and Carcinogenesis (9, 100.0%)"
385,9,Genetics,9,1.0,"Genetics (9, 100.0%)"
386,9,Neurosciences,9,1.0,"Neurosciences (9, 100.0%)"
387,9,Clinical Sciences,5,0.5555555555555556,"Clinical Sciences (5, 55.6%); Epidemiology (4, 44.4%)"
388,9,Oncology and Carcinogenesis,9,1.0,"Oncology and Carcinogenesis (9, 100.0%)"
389,9,Epidemiology,9,1.0,"Epidemiology (9, 100.0%)"
390,9,Epidemiology,7,0.7777777777777778,"Epidemiology (7, 77.8%); Cardiovascular Medicine and Haematology (2, 22.2%)"
391,9,Clinical Sciences,9,1.0,"Clinical Sciences (9, 100.0%)"
392,9,Cardiovascular Medicine and Haematology,9,1.0,"Cardiovascular Medicine and Haematology (9, 100.0%)"
393,9,Data Management and Data Science,9,1.0,"Data Management and Data Science (9, 100.0%)"
394,9,Biological Psychology,9,1.0,"Biological Psychology (9, 100.0%)"
395,9,Medical Biochemistry and Metabolomics,9,1.0,"Medical Biochemistry and Metabolomics (9, 100.0%)"
396,9,Design,9,1.0,"Design (9, 100.0%)"
397,9,Medical Biochemistry and Metabolomics,6,0.6666666666666666,"Medical Biochemistry and Metabolomics (6, 66.7%); Ophthalmology and Optometry (3, 33.3%)"
398,9,Cardiovascular Medicine and Haematology,9,1.0,"Cardiovascular Medicine and Haematology (9, 100.0%)"
399,9,Clinical Sciences,9,1.0,"Clinical Sciences (9, 100.0%)"
400,9,Genetics,9,1.0,"Genetics (9, 100.0%)"
401,9,Clinical Sciences,6,0.6666666666666666,"Clinical Sciences (6, 66.7%); Biochemistry and Cell Biology (3, 33.3%)"
402,9,Cardiovascular Medicine and Haematology,9,1.0,"Cardiovascular Medicine and Haematology (9, 100.0%)"
403,9,Epidemiology,9,1.0,"Epidemiology (9, 100.0%)"
404,9,Clinical Sciences,5,0.5555555555555556,"Clinical Sciences (5, 55.6%); Nutrition and Dietetics (4, 44.4%)"
405,9,Clinical Sciences,6,0.6666666666666666,"Clinical Sciences (6, 66.7%); Epidemiology (3, 33.3%)"
406,9,Epidemiology,8,0.8888888888888888,"Epidemiology (8, 88.9%); Pharmacology and Pharmaceutical Sciences (1, 11.1%)"
407,9,Pharmacology and Pharmaceutical Sciences,5,0.5555555555555556,"Pharmacology and Pharmaceutical Sciences (5, 55.6%); Epidemiology (3, 33.3%); Nutrition and Dietetics (1, 11.1%)"
408,9,Biological Psychology,9,1.0,"Biological Psychology (9, 100.0%)"
409,9,Biomedical Engineering,9,1.0,"Biomedical Engineering (9, 100.0%)"
410,9,Clinical Sciences,9,1.0,"Clinical Sciences (9, 100.0%)"
411,9,Clinical Sciences,6,0.6666666666666666,"Clinical Sciences (6, 66.7%); Genetics (3, 33.3%)"
412,9,Medical Biochemistry and Metabolomics,9,1.0,"Medical Biochemistry and Metabolomics (9, 100.0%)"
413,9,Medical Biochemistry and Metabolomics,9,1.0,"Medical Biochemistry and Metabolomics (9, 100.0%)"
414,9,Cardiovascular Medicine and Haematology,6,0.6666666666666666,"Cardiovascular Medicine and Haematology (6, 66.7%); Clinical Sciences (3, 33.3%)"
415,9,Epidemiology,9,1.0,"Epidemiology (9, 100.0%)"
416,9,Genetics,9,1.0,"Genetics (9, 100.0%)"
417,9,Clinical Sciences,9,1.0,"Clinical Sciences (9, 100.0%)"
418,9,Unclassified,9,1.0,"Unclassified (9, 100.0%)"
419,9,Bioinformatics and Computational Biology,9,1.0,"Bioinformatics and Computational Biology (9, 100.0%)"
420,9,Epidemiology,9,1.0,"Epidemiology (9, 100.0%)"
421,9,Clinical Sciences,7,0.7777777777777778,"Clinical Sciences (7, 77.8%); Health Services and Systems (2, 22.2%)"
422,9,Genetics,9,1.0,"Genetics (9, 100.0%)"
423,9,Genetics,9,1.0,"Genetics (9, 100.0%)"
424,9,Pharmacology and Pharmaceutical Sciences,9,1.0,"Pharmacology and Pharmaceutical Sciences (9, 100.0%)"
425,9,Clinical Sciences,9,1.0,"Clinical Sciences (9, 100.0%)"
426,9,Clinical Sciences,9,1.0,"Clinical Sciences (9, 100.0%)"
427,9,Clinical Sciences,7,0.7777777777777778,"Clinical Sciences (7, 77.8%); Genetics (2, 22.2%)"
428,9,Genetics,9,1.0,"Genetics (9, 100.0%)"
429,8,Biological Psychology,8,1.0,"Biological Psychology (8, 100.0%)"
430,8,Chemical Engineering,8,1.0,"Chemical Engineering (8, 100.0%)"
431,8,Epidemiology,8,1.0,"Epidemiology (8, 100.0%)"
432,8,Clinical Sciences,7,0.875,"Clinical Sciences (7, 87.5%); Allied Health and Rehabilitation Science (1, 12.5%)"
433,8,Clinical Sciences,3,0.375,"Clinical Sciences (3, 37.5%); Medical and Biological Physics (3, 37.5%); Graphics, Augmented Reality and Games (2, 25.0%)"
434,8,Cardiovascular Medicine and Haematology,8,1.0,"Cardiovascular Medicine and Haematology (8, 100.0%)"
435,8,Epidemiology,8,1.0,"Epidemiology (8, 100.0%)"
436,8,Genetics,6,0.75,"Genetics (6, 75.0%); Medical Biochemistry and Metabolomics (2, 25.0%)"
437,8,Epidemiology,8,1.0,"Epidemiology (8, 100.0%)"
438,8,Epidemiology,8,1.0,"Epidemiology (8, 100.0%)"
439,8,Cardiovascular Medicine and Haematology,8,1.0,"Cardiovascular Medicine and Haematology (8, 100.0%)"
440,8,Epidemiology,8,1.0,"Epidemiology (8, 100.0%)"
441,8,Epidemiology,8,1.0,"Epidemiology (8, 100.0%)"
442,8,Epidemiology,8,1.0,"Epidemiology (8, 100.0%)"
443,8,Genetics,5,0.625,"Genetics (5, 62.5%); Clinical Sciences (2, 25.0%); Biochemistry and Cell Biology (1, 12.5%)"
444,8,Epidemiology,8,1.0,"Epidemiology (8, 100.0%)"
445,8,Zoology,8,1.0,"Zoology (8, 100.0%)"
446,8,Biochemistry and Cell Biology,8,1.0,"Biochemistry and Cell Biology (8, 100.0%)"
447,8,Biological Psychology,8,1.0,"Biological Psychology (8, 100.0%)"
448,8,Clinical Sciences,8,1.0,"Clinical Sciences (8, 100.0%)"
449,8,Clinical Sciences,8,1.0,"Clinical Sciences (8, 100.0%)"
450,8,Oncology and Carcinogenesis,8,1.0,"Oncology and Carcinogenesis (8, 100.0%)"
451,8,Epidemiology,8,1.0,"Epidemiology (8, 100.0%)"
452,8,Clinical Sciences,8,1.0,"Clinical Sciences (8, 100.0%)"
453,8,Cardiovascular Medicine and Haematology,8,1.0,"Cardiovascular Medicine and Haematology (8, 100.0%)"
454,8,Biological Psychology,8,1.0,"Biological Psychology (8, 100.0%)"
455,8,Biochemistry and Cell Biology,4,0.5,"Biochemistry and Cell Biology (4, 50.0%); Pharmacology and Pharmaceutical Sciences (3, 37.5%); Clinical Sciences (1, 12.5%)"
456,8,Cardiovascular Medicine and Haematology,7,0.875,"Cardiovascular Medicine and Haematology (7, 87.5%); Clinical Sciences (1, 12.5%)"
457,8,Epidemiology,8,1.0,"Epidemiology (8, 100.0%)"
458,8,Clinical Sciences,5,0.625,"Clinical Sciences (5, 62.5%); Cardiovascular Medicine and Haematology (1, 12.5%); Epidemiology (1, 12.5%)"
459,8,Cardiovascular Medicine and Haematology,8,1.0,"Cardiovascular Medicine and Haematology (8, 100.0%)"
460,8,Epidemiology,8,1.0,"Epidemiology (8, 100.0%)"
461,8,Unclassified,8,1.0,"Unclassified (8, 100.0%)"
462,8,Clinical Sciences,8,1.0,"Clinical Sciences (8, 100.0%)"
463,8,Medical Biochemistry and Metabolomics,8,1.0,"Medical Biochemistry and Metabolomics (8, 100.0%)"
464,8,Epidemiology,8,1.0,"Epidemiology (8, 100.0%)"
465,8,Biological Psychology,8,1.0,"Biological Psychology (8, 100.0%)"
466,8,Cardiovascular Medicine and Haematology,8,1.0,"Cardiovascular Medicine and Haematology (8, 100.0%)"
467,8,Epidemiology,5,0.625,"Epidemiology (5, 62.5%); Biological Psychology (3, 37.5%)"
468,8,Clinical Sciences,4,0.5,"Clinical Sciences (4, 50.0%); Epidemiology (3, 37.5%); Cardiovascular Medicine and Haematology (1, 12.5%)"
469,8,Epidemiology,8,1.0,"Epidemiology (8, 100.0%)"
470,8,Clinical Sciences,8,1.0,"Clinical Sciences (8, 100.0%)"
471,8,Cardiovascular Medicine and Haematology,5,0.625,"Cardiovascular Medicine and Haematology (5, 62.5%); Biochemistry and Cell Biology (3, 37.5%)"
472,8,Clinical Sciences,7,0.875,"Clinical Sciences (7, 87.5%); Biochemistry and Cell Biology (1, 12.5%)"
473,8,Health Services and Systems,8,1.0,"Health Services and Systems (8, 100.0%)"
474,8,Epidemiology,8,1.0,"Epidemiology (8, 100.0%)"
475,8,Immunology,8,1.0,"Immunology (8, 100.0%)"
476,8,Epidemiology,8,1.0,"Epidemiology (8, 100.0%)"
477,8,Oncology and Carcinogenesis,8,1.0,"Oncology and Carcinogenesis (8, 100.0%)"
478,8,Nutrition and Dietetics,5,0.625,"Nutrition and Dietetics (5, 62.5%); Medical Biochemistry and Metabolomics (3, 37.5%)"
479,8,Clinical Sciences,8,1.0,"Clinical Sciences (8, 100.0%)"
480,8,Epidemiology,7,0.875,"Epidemiology (7, 87.5%); Microbiology (1, 12.5%)"
481,8,Dentistry,8,1.0,"Dentistry (8, 100.0%)"
482,8,Epidemiology,8,1.0,"Epidemiology (8, 100.0%)"
483,8,Epidemiology,8,1.0,"Epidemiology (8, 100.0%)"
484,8,Oncology and Carcinogenesis,8,1.0,"Oncology and Carcinogenesis (8, 100.0%)"
485,8,Cardiovascular Medicine and Haematology,6,0.75,"Cardiovascular Medicine and Haematology (6, 75.0%); Epidemiology (2, 25.0%)"
486,8,Ecological Applications,8,1.0,"Ecological Applications (8, 100.0%)"
487,8,Epidemiology,4,0.5,"Epidemiology (4, 50.0%); Genetics (3, 37.5%); Biological Psychology (1, 12.5%)"
488,8,Clinical Sciences,8,1.0,"Clinical Sciences (8, 100.0%)"
489,8,Clinical Sciences,6,0.75,"Clinical Sciences (6, 75.0%); Cardiovascular Medicine and Haematology (2, 25.0%)"
490,8,Dentistry,8,1.0,"Dentistry (8, 100.0%)"
491,8,Nutrition and Dietetics,4,0.5,"Nutrition and Dietetics (4, 50.0%); Epidemiology (3, 37.5%); Biochemistry and Cell Biology (1, 12.5%)"
492,8,Clinical Sciences,8,1.0,"Clinical Sciences (8, 100.0%)"
493,8,Genetics,8,1.0,"Genetics (8, 100.0%)"
494,8,Cardiovascular Medicine and Haematology,8,1.0,"Cardiovascular Medicine and Haematology (8, 100.0%)"
495,8,Epidemiology,7,0.875,"Epidemiology (7, 87.5%); Clinical Sciences (1, 12.5%)"
496,8,Epidemiology,8,1.0,"Epidemiology (8, 100.0%)"
497,8,Clinical Sciences,8,1.0,"Clinical Sciences (8, 100.0%)"
498,8,Clinical Sciences,8,1.0,"Clinical Sciences (8, 100.0%)"
499,8,Oncology and Carcinogenesis,8,1.0,"Oncology and Carcinogenesis (8, 100.0%)"
500,8,Oncology and Carcinogenesis,8,1.0,"Oncology and Carcinogenesis (8, 100.0%)"
501,8,Clinical Sciences,3,0.375,"Clinical Sciences (3, 37.5%); Medical Biochemistry and Metabolomics (3, 37.5%); Epidemiology (2, 25.0%)"
502,8,Clinical Sciences,8,1.0,"Clinical Sciences (8, 100.0%)"
503,8,Biochemistry and Cell Biology,8,1.0,"Biochemistry and Cell Biology (8, 100.0%)"
504,8,Genetics,8,1.0,"Genetics (8, 100.0%)"
505,8,Cardiovascular Medicine and Haematology,8,1.0,"Cardiovascular Medicine and Haematology (8, 100.0%)"
506,8,Epidemiology,8,1.0,"Epidemiology (8, 100.0%)"
507,8,Cardiovascular Medicine and Haematology,8,1.0,"Cardiovascular Medicine and Haematology (8, 100.0%)"
508,8,Clinical Sciences,8,1.0,"Clinical Sciences (8, 100.0%)"
509,8,Clinical Sciences,8,1.0,"Clinical Sciences (8, 100.0%)"
510,8,Clinical Sciences,4,0.5,"Clinical Sciences (4, 50.0%); Epidemiology (4, 50.0%)"
511,8,Clinical Sciences,8,1.0,"Clinical Sciences (8, 100.0%)"
512,8,Immunology,8,1.0,"Immunology (8, 100.0%)"
513,8,Epidemiology,7,0.875,"Epidemiology (7, 87.5%); Immunology (1, 12.5%)"
514,8,Clinical Sciences,8,1.0,"Clinical Sciences (8, 100.0%)"
515,8,Cardiovascular Medicine and Haematology,8,1.0,"Cardiovascular Medicine and Haematology (8, 100.0%)"
516,8,Epidemiology,8,1.0,"Epidemiology (8, 100.0%)"
517,8,Clinical Sciences,8,1.0,"Clinical Sciences (8, 100.0%)"
518,8,Epidemiology,8,1.0,"Epidemiology (8, 100.0%)"
519,8,Epidemiology,8,1.0,"Epidemiology (8, 100.0%)"
520,8,Biological Psychology,7,0.875,"Biological Psychology (7, 87.5%); Clinical Sciences (1, 12.5%)"
521,8,Genetics,8,1.0,"Genetics (8, 100.0%)"
522,8,Clinical Sciences,8,1.0,"Clinical Sciences (8, 100.0%)"
523,7,Epidemiology,7,1.0,"Epidemiology (7, 100.0%)"
524,7,Epidemiology,7,1.0,"Epidemiology (7, 100.0%)"
525,7,Clinical Sciences,7,1.0,"Clinical Sciences (7, 100.0%)"
526,7,Biological Psychology,7,1.0,"Biological Psychology (7, 100.0%)"
527,7,Epidemiology,7,1.0,"Epidemiology (7, 100.0%)"
528,7,Public Health,7,1.0,"Public Health (7, 100.0%)"
529,7,Public Health,7,1.0,"Public Health (7, 100.0%)"
530,7,Ophthalmology and Optometry,7,1.0,"Ophthalmology and Optometry (7, 100.0%)"
531,7,Epidemiology,4,0.5714285714285714,"Epidemiology (4, 57.1%); Genetics (3, 42.9%)"
532,7,Ophthalmology and Optometry,7,1.0,"Ophthalmology and Optometry (7, 100.0%)"
533,7,Medical Biochemistry and Metabolomics,7,1.0,"Medical Biochemistry and Metabolomics (7, 100.0%)"
534,7,Biochemistry and Cell Biology,7,1.0,"Biochemistry and Cell Biology (7, 100.0%)"
535,7,Oncology and Carcinogenesis,5,0.7142857142857143,"Oncology and Carcinogenesis (5, 71.4%); Genetics (2, 28.6%)"
536,7,Nutrition and Dietetics,3,0.42857142857142855,"Nutrition and Dietetics (3, 42.9%); Clinical Sciences (2, 28.6%); Food Sciences (2, 28.6%)"
537,7,Epidemiology,5,0.7142857142857143,"Epidemiology (5, 71.4%); Biological Psychology (2, 28.6%)"
538,7,Epidemiology,7,1.0,"Epidemiology (7, 100.0%)"
539,7,Oncology and Carcinogenesis,7,1.0,"Oncology and Carcinogenesis (7, 100.0%)"
540,7,Biochemistry and Cell Biology,7,1.0,"Biochemistry and Cell Biology (7, 100.0%)"
541,7,Epidemiology,7,1.0,"Epidemiology (7, 100.0%)"
542,7,Cardiovascular Medicine and Haematology,7,1.0,"Cardiovascular Medicine and Haematology (7, 100.0%)"
543,7,Nutrition and Dietetics,4,0.5714285714285714,"Nutrition and Dietetics (4, 57.1%); Clinical Sciences (3, 42.9%)"
544,7,Biological Psychology,7,1.0,"Biological Psychology (7, 100.0%)"
545,7,Epidemiology,7,1.0,"Epidemiology (7, 100.0%)"
546,7,Public Health,7,1.0,"Public Health (7, 100.0%)"
547,7,Immunology,7,1.0,"Immunology (7, 100.0%)"
548,7,Epidemiology,5,0.7142857142857143,"Epidemiology (5, 71.4%); Medical Microbiology (2, 28.6%)"
549,7,Microbiology,7,1.0,"Microbiology (7, 100.0%)"
550,7,Epidemiology,7,1.0,"Epidemiology (7, 100.0%)"
551,7,Clinical Sciences,7,1.0,"Clinical Sciences (7, 100.0%)"
552,7,Epidemiology,6,0.8571428571428571,"Epidemiology (6, 85.7%); Genetics (1, 14.3%)"
553,7,Clinical Sciences,6,0.8571428571428571,"Clinical Sciences (6, 85.7%); Unclassified (1, 14.3%)"
554,7,Epidemiology,7,1.0,"Epidemiology (7, 100.0%)"
555,7,Epidemiology,7,1.0,"Epidemiology (7, 100.0%)"
556,7,Genetics,7,1.0,"Genetics (7, 100.0%)"
557,7,Biochemistry and Cell Biology,7,1.0,"Biochemistry and Cell Biology (7, 100.0%)"
558,7,Clinical Sciences,7,1.0,"Clinical Sciences (7, 100.0%)"
559,7,Clinical Sciences,7,1.0,"Clinical Sciences (7, 100.0%)"
560,7,Clinical Sciences,7,1.0,"Clinical Sciences (7, 100.0%)"
561,7,Clinical Sciences,7,1.0,"Clinical Sciences (7, 100.0%)"
562,7,Clinical Sciences,7,1.0,"Clinical Sciences (7, 100.0%)"
563,7,Clinical Sciences,7,1.0,"Clinical Sciences (7, 100.0%)"
564,7,Biological Psychology,7,1.0,"Biological Psychology (7, 100.0%)"
565,7,Genetics,7,1.0,"Genetics (7, 100.0%)"
566,7,Epidemiology,5,0.7142857142857143,"Epidemiology (5, 71.4%); Public Health (2, 28.6%)"
567,7,Unclassified,7,1.0,"Unclassified (7, 100.0%)"
568,7,Oncology and Carcinogenesis,6,0.8571428571428571,"Oncology and Carcinogenesis (6, 85.7%); Biological Psychology (1, 14.3%)"
569,7,Epidemiology,7,1.0,"Epidemiology (7, 100.0%)"
570,7,Clinical Sciences,7,1.0,"Clinical Sciences (7, 100.0%)"
571,7,Epidemiology,7,1.0,"Epidemiology (7, 100.0%)"
572,7,Epidemiology,6,0.8571428571428571,"Epidemiology (6, 85.7%); Oncology and Carcinogenesis (1, 14.3%)"
573,7,Clinical Sciences,7,1.0,"Clinical Sciences (7, 100.0%)"
574,7,Clinical Sciences,7,1.0,"Clinical Sciences (7, 100.0%)"
575,7,Clinical Sciences,7,1.0,"Clinical Sciences (7, 100.0%)"
576,7,Clinical Sciences,7,1.0,"Clinical Sciences (7, 100.0%)"
577,7,Nutrition and Dietetics,7,1.0,"Nutrition and Dietetics (7, 100.0%)"
578,7,Clinical Sciences,7,1.0,"Clinical Sciences (7, 100.0%)"
579,7,Clinical Sciences,7,1.0,"Clinical Sciences (7, 100.0%)"
580,7,Microbiology,7,1.0,"Microbiology (7, 100.0%)"
581,7,Medicinal and Biomolecular Chemistry,4,0.5714285714285714,"Medicinal and Biomolecular Chemistry (4, 57.1%); Pharmacology and Pharmaceutical Sciences (3, 42.9%)"
582,7,Bioinformatics and Computational Biology,7,1.0,"Bioinformatics and Computational Biology (7, 100.0%)"
583,7,Microbiology,7,1.0,"Microbiology (7, 100.0%)"
584,7,Epidemiology,5,0.7142857142857143,"Epidemiology (5, 71.4%); Biological Psychology (2, 28.6%)"
585,7,Clinical Sciences,7,1.0,"Clinical Sciences (7, 100.0%)"
586,7,Oncology and Carcinogenesis,7,1.0,"Oncology and Carcinogenesis (7, 100.0%)"
587,7,Clinical Sciences,5,0.7142857142857143,"Clinical Sciences (5, 71.4%); Applied and Developmental Psychology (2, 28.6%)"
588,7,Oncology and Carcinogenesis,7,1.0,"Oncology and Carcinogenesis (7, 100.0%)"
589,7,Clinical Sciences,7,1.0,"Clinical Sciences (7, 100.0%)"
590,7,Public Health,7,1.0,"Public Health (7, 100.0%)"
591,7,Oncology and Carcinogenesis,7,1.0,"Oncology and Carcinogenesis (7, 100.0%)"
592,7,Machine Learning,7,1.0,"Machine Learning (7, 100.0%)"
593,7,Microbiology,7,1.0,"Microbiology (7, 100.0%)"
594,7,Clinical Sciences,7,1.0,"Clinical Sciences (7, 100.0%)"
595,7,Nutrition and Dietetics,7,1.0,"Nutrition and Dietetics (7, 100.0%)"
596,7,Clinical Sciences,6,0.8571428571428571,"Clinical Sciences (6, 85.7%); Pharmacology and Pharmaceutical Sciences (1, 14.3%)"
597,7,Genetics,7,1.0,"Genetics (7, 100.0%)"
598,7,Cardiovascular Medicine and Haematology,7,1.0,"Cardiovascular Medicine and Haematology (7, 100.0%)"
599,7,Allied Health and Rehabilitation Science,7,1.0,"Allied Health and Rehabilitation Science (7, 100.0%)"
600,7,Ophthalmology and Optometry,3,0.42857142857142855,"Ophthalmology and Optometry (3, 42.9%); Clinical Sciences (2, 28.6%); Biological Psychology (1, 14.3%)"
601,7,Epidemiology,7,1.0,"Epidemiology (7, 100.0%)"
602,7,Genetics,7,1.0,"Genetics (7, 100.0%)"
603,7,Genetics,6,0.8571428571428571,"Genetics (6, 85.7%); Epidemiology (1, 14.3%)"
604,7,Clinical Sciences,4,0.5714285714285714,"Clinical Sciences (4, 57.1%); Epidemiology (3, 42.9%)"
605,7,Clinical Sciences,7,1.0,"Clinical Sciences (7, 100.0%)"
606,7,Clinical Sciences,7,1.0,"Clinical Sciences (7, 100.0%)"
607,7,Genetics,7,1.0,"Genetics (7, 100.0%)"
608,7,Epidemiology,7,1.0,"Epidemiology (7, 100.0%)"
609,7,Genetics,7,1.0,"Genetics (7, 100.0%)"
610,7,Epidemiology,7,1.0,"Epidemiology (7, 100.0%)"
611,7,Epidemiology,7,1.0,"Epidemiology (7, 100.0%)"
612,7,Clinical Sciences,7,1.0,"Clinical Sciences (7, 100.0%)"
613,7,Biochemistry and Cell Biology,7,1.0,"Biochemistry and Cell Biology (7, 100.0%)"
614,7,Oncology and Carcinogenesis,7,1.0,"Oncology and Carcinogenesis (7, 100.0%)"
615,7,"Graphics, Augmented Reality and Games",7,1.0,"Graphics, Augmented Reality and Games (7, 100.0%)"
616,7,Epidemiology,7,1.0,"Epidemiology (7, 100.0%)"
617,7,Epidemiology,7,1.0,"Epidemiology (7, 100.0%)"
618,7,Allied Health and Rehabilitation Science,5,0.7142857142857143,"Allied Health and Rehabilitation Science (5, 71.4%); Public Health (2, 28.6%)"
619,7,Genetics,7,1.0,"Genetics (7, 100.0%)"
620,7,Clinical Sciences,7,1.0,"Clinical Sciences (7, 100.0%)"
621,7,Clinical Sciences,6,0.8571428571428571,"Clinical Sciences (6, 85.7%); Atomic, Molecular and Optical Physics (1, 14.3%)"
622,7,Clinical Sciences,7,1.0,"Clinical Sciences (7, 100.0%)"
623,7,Epidemiology,7,1.0,"Epidemiology (7, 100.0%)"
624,7,Epidemiology,7,1.0,"Epidemiology (7, 100.0%)"
625,7,Cardiovascular Medicine and Haematology,4,0.5714285714285714,"Cardiovascular Medicine and Haematology (4, 57.1%); Genetics (3, 42.9%)"
626,7,Ecology,7,1.0,"Ecology (7, 100.0%)"
627,7,Genetics,7,1.0,"Genetics (7, 100.0%)"
628,7,Epidemiology,7,1.0,"Epidemiology (7, 100.0%)"
629,7,Clinical Sciences,7,1.0,"Clinical Sciences (7, 100.0%)"
630,7,Biological Psychology,4,0.5714285714285714,"Biological Psychology (4, 57.1%); Health Services and Systems (3, 42.9%)"
631,7,Biochemistry and Cell Biology,7,1.0,"Biochemistry and Cell Biology (7, 100.0%)"
632,7,Genetics,7,1.0,"Genetics (7, 100.0%)"
633,7,Epidemiology,7,1.0,"Epidemiology (7, 100.0%)"
634,7,Epidemiology,7,1.0,"Epidemiology (7, 100.0%)"
635,7,Oncology and Carcinogenesis,7,1.0,"Oncology and Carcinogenesis (7, 100.0%)"
636,7,Clinical Sciences,6,0.8571428571428571,"Clinical Sciences (6, 85.7%); Health Services and Systems (1, 14.3%)"
637,7,Clinical Sciences,7,1.0,"Clinical Sciences (7, 100.0%)"
638,7,Biochemistry and Cell Biology,5,0.7142857142857143,"Biochemistry and Cell Biology (5, 71.4%); Clinical Sciences (2, 28.6%)"
639,7,Epidemiology,7,1.0,"Epidemiology (7, 100.0%)"
640,7,Epidemiology,7,1.0,"Epidemiology (7, 100.0%)"
641,7,Epidemiology,6,0.8571428571428571,"Epidemiology (6, 85.7%); Oncology and Carcinogenesis (1, 14.3%)"
642,7,Ophthalmology and Optometry,6,0.8571428571428571,"Ophthalmology and Optometry (6, 85.7%); Epidemiology (1, 14.3%)"
643,7,Ophthalmology and Optometry,7,1.0,"Ophthalmology and Optometry (7, 100.0%)"
644,7,Food Sciences,7,1.0,"Food Sciences (7, 100.0%)"
645,7,Epidemiology,4,0.5714285714285714,"Epidemiology (4, 57.1%); Ophthalmology and Optometry (3, 42.9%)"
646,7,Epidemiology,7,1.0,"Epidemiology (7, 100.0%)"
647,7,Medical Biochemistry and Metabolomics,7,1.0,"Medical Biochemistry and Metabolomics (7, 100.0%)"
648,7,Oncology and Carcinogenesis,7,1.0,"Oncology and Carcinogenesis (7, 100.0%)"
649,7,Epidemiology,7,1.0,"Epidemiology (7, 100.0%)"
650,7,Clinical Sciences,7,1.0,"Clinical Sciences (7, 100.0%)"
651,7,Clinical Sciences,7,1.0,"Clinical Sciences (7, 100.0%)"
652,7,Ophthalmology and Optometry,7,1.0,"Ophthalmology and Optometry (7, 100.0%)"
653,7,Epidemiology,7,1.0,"Epidemiology (7, 100.0%)"
654,6,Clinical Sciences,6,1.0,"Clinical Sciences (6, 100.0%)"
655,6,Epidemiology,4,0.6666666666666666,"Epidemiology (4, 66.7%); Unclassified (2, 33.3%)"
656,6,Epidemiology,6,1.0,"Epidemiology (6, 100.0%)"
657,6,Cardiovascular Medicine and Haematology,6,1.0,"Cardiovascular Medicine and Haematology (6, 100.0%)"
658,6,Clinical Sciences,6,1.0,"Clinical Sciences (6, 100.0%)"
659,6,Biological Psychology,6,1.0,"Biological Psychology (6, 100.0%)"
660,6,Nutrition and Dietetics,6,1.0,"Nutrition and Dietetics (6, 100.0%)"
661,6,Biological Psychology,6,1.0,"Biological Psychology (6, 100.0%)"
662,6,Clinical Sciences,6,1.0,"Clinical Sciences (6, 100.0%)"
663,6,Clinical Sciences,6,1.0,"Clinical Sciences (6, 100.0%)"
664,6,Epidemiology,6,1.0,"Epidemiology (6, 100.0%)"
665,6,Clinical Sciences,6,1.0,"Clinical Sciences (6, 100.0%)"
666,6,Biological Psychology,6,1.0,"Biological Psychology (6, 100.0%)"
667,6,Epidemiology,6,1.0,"Epidemiology (6, 100.0%)"
668,6,Oncology and Carcinogenesis,6,1.0,"Oncology and Carcinogenesis (6, 100.0%)"
669,6,Biological Psychology,6,1.0,"Biological Psychology (6, 100.0%)"
670,6,Clinical Sciences,4,0.6666666666666666,"Clinical Sciences (4, 66.7%); Biological Psychology (2, 33.3%)"
671,6,Clinical Sciences,6,1.0,"Clinical Sciences (6, 100.0%)"
672,6,Pharmacology and Pharmaceutical Sciences,6,1.0,"Pharmacology and Pharmaceutical Sciences (6, 100.0%)"
673,6,Clinical Sciences,6,1.0,"Clinical Sciences (6, 100.0%)"
674,6,Epidemiology,6,1.0,"Epidemiology (6, 100.0%)"
675,6,Genetics,6,1.0,"Genetics (6, 100.0%)"
676,6,Microbiology,6,1.0,"Microbiology (6, 100.0%)"
677,6,Pharmacology and Pharmaceutical Sciences,4,0.6666666666666666,"Pharmacology and Pharmaceutical Sciences (4, 66.7%); Epidemiology (2, 33.3%)"
678,6,Health Services and Systems,6,1.0,"Health Services and Systems (6, 100.0%)"
679,6,Biological Psychology,6,1.0,"Biological Psychology (6, 100.0%)"
680,6,Dentistry,6,1.0,"Dentistry (6, 100.0%)"
681,6,Epidemiology,6,1.0,"Epidemiology (6, 100.0%)"
682,6,Public Health,5,0.8333333333333334,"Public Health (5, 83.3%); Distributed Computing and Systems Software (1, 16.7%)"
683,6,Epidemiology,6,1.0,"Epidemiology (6, 100.0%)"
684,6,Nutrition and Dietetics,6,1.0,"Nutrition and Dietetics (6, 100.0%)"
685,6,Epidemiology,6,1.0,"Epidemiology (6, 100.0%)"
686,6,Health Services and Systems,6,1.0,"Health Services and Systems (6, 100.0%)"
687,6,Nutrition and Dietetics,6,1.0,"Nutrition and Dietetics (6, 100.0%)"
688,6,Cardiovascular Medicine and Haematology,6,1.0,"Cardiovascular Medicine and Haematology (6, 100.0%)"
689,6,Reproductive Medicine,6,1.0,"Reproductive Medicine (6, 100.0%)"
690,6,Unclassified,6,1.0,"Unclassified (6, 100.0%)"
691,6,Pharmacology and Pharmaceutical Sciences,6,1.0,"Pharmacology and Pharmaceutical Sciences (6, 100.0%)"
692,6,Nutrition and Dietetics,4,0.6666666666666666,"Nutrition and Dietetics (4, 66.7%); Epidemiology (2, 33.3%)"
693,6,Clinical Sciences,6,1.0,"Clinical Sciences (6, 100.0%)"
694,6,Clinical Sciences,6,1.0,"Clinical Sciences (6, 100.0%)"
695,6,Clinical Sciences,6,1.0,"Clinical Sciences (6, 100.0%)"
696,6,Clinical Sciences,6,1.0,"Clinical Sciences (6, 100.0%)"
697,6,Nutrition and Dietetics,6,1.0,"Nutrition and Dietetics (6, 100.0%)"
698,6,Epidemiology,6,1.0,"Epidemiology (6, 100.0%)"
699,6,Biochemistry and Cell Biology,6,1.0,"Biochemistry and Cell Biology (6, 100.0%)"
700,6,Epidemiology,6,1.0,"Epidemiology (6, 100.0%)"
701,6,Clinical Sciences,6,1.0,"Clinical Sciences (6, 100.0%)"
702,6,Medical Biotechnology,6,1.0,"Medical Biotechnology (6, 100.0%)"
703,6,Biological Psychology,6,1.0,"Biological Psychology (6, 100.0%)"
704,6,Epidemiology,6,1.0,"Epidemiology (6, 100.0%)"
705,6,Clinical Sciences,6,1.0,"Clinical Sciences (6, 100.0%)"
706,6,Biochemistry and Cell Biology,6,1.0,"Biochemistry and Cell Biology (6, 100.0%)"
707,6,Clinical Sciences,6,1.0,"Clinical Sciences (6, 100.0%)"
708,6,Epidemiology,6,1.0,"Epidemiology (6, 100.0%)"
709,6,Reproductive Medicine,6,1.0,"Reproductive Medicine (6, 100.0%)"
710,6,Biochemistry and Cell Biology,6,1.0,"Biochemistry and Cell Biology (6, 100.0%)"
711,6,Biological Psychology,6,1.0,"Biological Psychology (6, 100.0%)"
712,6,Epidemiology,6,1.0,"Epidemiology (6, 100.0%)"
713,6,Allied Health and Rehabilitation Science,6,1.0,"Allied Health and Rehabilitation Science (6, 100.0%)"
714,6,Oncology and Carcinogenesis,6,1.0,"Oncology and Carcinogenesis (6, 100.0%)"
715,6,Pollution and Contamination,6,1.0,"Pollution and Contamination (6, 100.0%)"
716,6,Clinical Sciences,6,1.0,"Clinical Sciences (6, 100.0%)"
717,6,Clinical Sciences,6,1.0,"Clinical Sciences (6, 100.0%)"
718,6,Clinical Sciences,6,1.0,"Clinical Sciences (6, 100.0%)"
719,6,Immunology,6,1.0,"Immunology (6, 100.0%)"
720,6,Oncology and Carcinogenesis,6,1.0,"Oncology and Carcinogenesis (6, 100.0%)"
721,6,Clinical Sciences,6,1.0,"Clinical Sciences (6, 100.0%)"
722,6,Clinical Sciences,6,1.0,"Clinical Sciences (6, 100.0%)"
723,6,Epidemiology,6,1.0,"Epidemiology (6, 100.0%)"
724,6,Cardiovascular Medicine and Haematology,6,1.0,"Cardiovascular Medicine and Haematology (6, 100.0%)"
725,6,Epidemiology,6,1.0,"Epidemiology (6, 100.0%)"
726,6,Biological Psychology,6,1.0,"Biological Psychology (6, 100.0%)"
727,6,Epidemiology,6,1.0,"Epidemiology (6, 100.0%)"
728,6,Oncology and Carcinogenesis,6,1.0,"Oncology and Carcinogenesis (6, 100.0%)"
729,6,Sports Science and Exercise,6,1.0,"Sports Science and Exercise (6, 100.0%)"
730,6,Epidemiology,6,1.0,"Epidemiology (6, 100.0%)"
731,6,Nutrition and Dietetics,6,1.0,"Nutrition and Dietetics (6, 100.0%)"
732,6,Medical Biochemistry and Metabolomics,6,1.0,"Medical Biochemistry and Metabolomics (6, 100.0%)"
733,6,Nutrition and Dietetics,6,1.0,"Nutrition and Dietetics (6, 100.0%)"
734,6,Reproductive Medicine,6,1.0,"Reproductive Medicine (6, 100.0%)"
735,6,Health Services and Systems,6,1.0,"Health Services and Systems (6, 100.0%)"
736,6,Epidemiology,6,1.0,"Epidemiology (6, 100.0%)"
737,6,Cardiovascular Medicine and Haematology,6,1.0,"Cardiovascular Medicine and Haematology (6, 100.0%)"
738,6,Health Services and Systems,6,1.0,"Health Services and Systems (6, 100.0%)"
739,6,Ophthalmology and Optometry,6,1.0,"Ophthalmology and Optometry (6, 100.0%)"
740,6,Chemical Engineering,6,1.0,"Chemical Engineering (6, 100.0%)"
741,6,Clinical Sciences,6,1.0,"Clinical Sciences (6, 100.0%)"
742,6,Cardiovascular Medicine and Haematology,6,1.0,"Cardiovascular Medicine and Haematology (6, 100.0%)"
743,6,Clinical Sciences,6,1.0,"Clinical Sciences (6, 100.0%)"
744,6,Epidemiology,6,1.0,"Epidemiology (6, 100.0%)"
745,6,Epidemiology,6,1.0,"Epidemiology (6, 100.0%)"
746,6,Clinical Sciences,5,0.8333333333333334,"Clinical Sciences (5, 83.3%); Reproductive Medicine (1, 16.7%)"
747,6,Clinical Sciences,6,1.0,"Clinical Sciences (6, 100.0%)"
748,6,Applied and Developmental Psychology,6,1.0,"Applied and Developmental Psychology (6, 100.0%)"
749,6,Immunology,6,1.0,"Immunology (6, 100.0%)"
750,6,Clinical Sciences,6,1.0,"Clinical Sciences (6, 100.0%)"
751,6,Medical Biochemistry and Metabolomics,6,1.0,"Medical Biochemistry and Metabolomics (6, 100.0%)"
752,6,Genetics,6,1.0,"Genetics (6, 100.0%)"
753,6,Clinical Sciences,6,1.0,"Clinical Sciences (6, 100.0%)"
754,6,Genetics,6,1.0,"Genetics (6, 100.0%)"
755,6,Epidemiology,6,1.0,"Epidemiology (6, 100.0%)"
756,6,Clinical Sciences,6,1.0,"Clinical Sciences (6, 100.0%)"
757,6,Pharmacology and Pharmaceutical Sciences,6,1.0,"Pharmacology and Pharmaceutical Sciences (6, 100.0%)"
758,6,Health Services and Systems,4,0.6666666666666666,"Health Services and Systems (4, 66.7%); Oncology and Carcinogenesis (2, 33.3%)"
759,6,Reproductive Medicine,6,1.0,"Reproductive Medicine (6, 100.0%)"
760,6,Ophthalmology and Optometry,6,1.0,"Ophthalmology and Optometry (6, 100.0%)"
761,6,Epidemiology,6,1.0,"Epidemiology (6, 100.0%)"
762,6,Biochemistry and Cell Biology,6,1.0,"Biochemistry and Cell Biology (6, 100.0%)"
763,6,Cardiovascular Medicine and Haematology,6,1.0,"Cardiovascular Medicine and Haematology (6, 100.0%)"
764,6,Immunology,6,1.0,"Immunology (6, 100.0%)"
765,6,Public Health,6,1.0,"Public Health (6, 100.0%)"
766,6,Epidemiology,6,1.0,"Epidemiology (6, 100.0%)"
767,6,Clinical Sciences,6,1.0,"Clinical Sciences (6, 100.0%)"
768,6,Epidemiology,6,1.0,"Epidemiology (6, 100.0%)"
769,6,Unclassified,6,1.0,"Unclassified (6, 100.0%)"
770,6,Epidemiology,6,1.0,"Epidemiology (6, 100.0%)"
771,6,Unclassified,6,1.0,"Unclassified (6, 100.0%)"
772,6,Biological Psychology,5,0.8333333333333334,"Biological Psychology (5, 83.3%); Nutrition and Dietetics (1, 16.7%)"
773,6,Cardiovascular Medicine and Haematology,5,0.8333333333333334,"Cardiovascular Medicine and Haematology (5, 83.3%); Genetics (1, 16.7%)"
774,6,Microbiology,6,1.0,"Microbiology (6, 100.0%)"
775,6,Neurosciences,6,1.0,"Neurosciences (6, 100.0%)"
776,6,Epidemiology,6,1.0,"Epidemiology (6, 100.0%)"
777,6,Clinical Sciences,6,1.0,"Clinical Sciences (6, 100.0%)"
778,6,Pharmacology and Pharmaceutical Sciences,6,1.0,"Pharmacology and Pharmaceutical Sciences (6, 100.0%)"
779,6,Epidemiology,6,1.0,"Epidemiology (6, 100.0%)"
780,6,Epidemiology,6,1.0,"Epidemiology (6, 100.0%)"
781,6,Epidemiology,6,1.0,"Epidemiology (6, 100.0%)"
782,6,Immunology,6,1.0,"Immunology (6, 100.0%)"
783,6,Cardiovascular Medicine and Haematology,6,1.0,"Cardiovascular Medicine and Haematology (6, 100.0%)"
784,6,Clinical Sciences,6,1.0,"Clinical Sciences (6, 100.0%)"
785,6,Immunology,6,1.0,"Immunology (6, 100.0%)"
786,6,Clinical Sciences,6,1.0,"Clinical Sciences (6, 100.0%)"
787,6,Clinical Sciences,6,1.0,"Clinical Sciences (6, 100.0%)"
788,6,Epidemiology,6,1.0,"Epidemiology (6, 100.0%)"
789,6,Epidemiology,6,1.0,"Epidemiology (6, 100.0%)"
790,6,Clinical Sciences,6,1.0,"Clinical Sciences (6, 100.0%)"
791,6,Allied Health and Rehabilitation Science,6,1.0,"Allied Health and Rehabilitation Science (6, 100.0%)"
792,6,Biological Psychology,6,1.0,"Biological Psychology (6, 100.0%)"
793,6,Cardiovascular Medicine and Haematology,6,1.0,"Cardiovascular Medicine and Haematology (6, 100.0%)"
794,6,Biological Psychology,6,1.0,"Biological Psychology (6, 100.0%)"
795,6,Nutrition and Dietetics,6,1.0,"Nutrition and Dietetics (6, 100.0%)"
796,6,Epidemiology,6,1.0,"Epidemiology (6, 100.0%)"
797,6,Epidemiology,6,1.0,"Epidemiology (6, 100.0%)"
798,6,Cardiovascular Medicine and Haematology,6,1.0,"Cardiovascular Medicine and Haematology (6, 100.0%)"
799,6,Clinical Sciences,6,1.0,"Clinical Sciences (6, 100.0%)"
800,6,Reproductive Medicine,6,1.0,"Reproductive Medicine (6, 100.0%)"
801,6,Genetics,6,1.0,"Genetics (6, 100.0%)"
802,6,Genetics,6,1.0,"Genetics (6, 100.0%)"
803,6,Nutrition and Dietetics,6,1.0,"Nutrition and Dietetics (6, 100.0%)"
804,6,Clinical and Health Psychology,6,1.0,"Clinical and Health Psychology (6, 100.0%)"
805,6,Clinical Sciences,3,0.5,"Clinical Sciences (3, 50.0%); Nutrition and Dietetics (3, 50.0%)"
806,6,Epidemiology,6,1.0,"Epidemiology (6, 100.0%)"
807,6,Epidemiology,6,1.0,"Epidemiology (6, 100.0%)"
808,6,Clinical Sciences,6,1.0,"Clinical Sciences (6, 100.0%)"
809,5,Biological Psychology,5,1.0,"Biological Psychology (5, 100.0%)"
810,5,Biochemistry and Cell Biology,5,1.0,"Biochemistry and Cell Biology (5, 100.0%)"
811,5,Clinical Sciences,4,0.8,"Clinical Sciences (4, 80.0%); Epidemiology (1, 20.0%)"
812,5,Clinical Sciences,5,1.0,"Clinical Sciences (5, 100.0%)"
813,5,Epidemiology,5,1.0,"Epidemiology (5, 100.0%)"
814,5,Cardiovascular Medicine and Haematology,3,0.6,"Cardiovascular Medicine and Haematology (3, 60.0%); Epidemiology (2, 40.0%)"
815,5,Statistics,5,1.0,"Statistics (5, 100.0%)"
816,5,Reproductive Medicine,5,1.0,"Reproductive Medicine (5, 100.0%)"
817,5,Epidemiology,5,1.0,"Epidemiology (5, 100.0%)"
818,5,Bioinformatics and Computational Biology,5,1.0,"Bioinformatics and Computational Biology (5, 100.0%)"
819,5,Nutrition and Dietetics,5,1.0,"Nutrition and Dietetics (5, 100.0%)"
820,5,Nutrition and Dietetics,5,1.0,"Nutrition and Dietetics (5, 100.0%)"
821,5,Genetics,5,1.0,"Genetics (5, 100.0%)"
822,5,Clinical Sciences,5,1.0,"Clinical Sciences (5, 100.0%)"
823,5,Health Services and Systems,5,1.0,"Health Services and Systems (5, 100.0%)"
824,5,Epidemiology,5,1.0,"Epidemiology (5, 100.0%)"
825,5,Unclassified,5,1.0,"Unclassified (5, 100.0%)"
826,5,Epidemiology,5,1.0,"Epidemiology (5, 100.0%)"
827,5,Cardiovascular Medicine and Haematology,5,1.0,"Cardiovascular Medicine and Haematology (5, 100.0%)"
828,5,Epidemiology,5,1.0,"Epidemiology (5, 100.0%)"
829,5,Nutrition and Dietetics,5,1.0,"Nutrition and Dietetics (5, 100.0%)"
830,5,Epidemiology,5,1.0,"Epidemiology (5, 100.0%)"
831,5,Biological Psychology,5,1.0,"Biological Psychology (5, 100.0%)"
832,5,Pharmacology and Pharmaceutical Sciences,5,1.0,"Pharmacology and Pharmaceutical Sciences (5, 100.0%)"
833,5,Clinical Sciences,5,1.0,"Clinical Sciences (5, 100.0%)"
834,5,Unclassified,5,1.0,"Unclassified (5, 100.0%)"
835,5,Genetics,5,1.0,"Genetics (5, 100.0%)"
836,5,Microbiology,5,1.0,"Microbiology (5, 100.0%)"
837,5,Epidemiology,5,1.0,"Epidemiology (5, 100.0%)"
838,5,Epidemiology,5,1.0,"Epidemiology (5, 100.0%)"
839,5,Pharmacology and Pharmaceutical Sciences,5,1.0,"Pharmacology and Pharmaceutical Sciences (5, 100.0%)"
840,5,Biochemistry and Cell Biology,5,1.0,"Biochemistry and Cell Biology (5, 100.0%)"
841,5,Epidemiology,5,1.0,"Epidemiology (5, 100.0%)"
842,5,Medical Biochemistry and Metabolomics,5,1.0,"Medical Biochemistry and Metabolomics (5, 100.0%)"
843,5,Epidemiology,5,1.0,"Epidemiology (5, 100.0%)"
844,5,Epidemiology,5,1.0,"Epidemiology (5, 100.0%)"
845,5,Epidemiology,5,1.0,"Epidemiology (5, 100.0%)"
846,5,Clinical Sciences,5,1.0,"Clinical Sciences (5, 100.0%)"
847,5,Clinical Sciences,5,1.0,"Clinical Sciences (5, 100.0%)"
848,5,Epidemiology,4,0.8,"Epidemiology (4, 80.0%); Clinical Sciences (1, 20.0%)"
849,5,Clinical Sciences,5,1.0,"Clinical Sciences (5, 100.0%)"
850,5,Ophthalmology and Optometry,4,0.8,"Ophthalmology and Optometry (4, 80.0%); Epidemiology (1, 20.0%)"
851,5,Genetics,5,1.0,"Genetics (5, 100.0%)"
852,5,Nutrition and Dietetics,5,1.0,"Nutrition and Dietetics (5, 100.0%)"
853,5,Clinical Sciences,5,1.0,"Clinical Sciences (5, 100.0%)"
854,5,Clinical Sciences,5,1.0,"Clinical Sciences (5, 100.0%)"
855,5,Health Services and Systems,5,1.0,"Health Services and Systems (5, 100.0%)"
856,5,Clinical Sciences,5,1.0,"Clinical Sciences (5, 100.0%)"
857,5,Microbiology,5,1.0,"Microbiology (5, 100.0%)"
858,5,Biological Psychology,5,1.0,"Biological Psychology (5, 100.0%)"
859,5,Clinical Sciences,5,1.0,"Clinical Sciences (5, 100.0%)"
860,5,Biochemistry and Cell Biology,5,1.0,"Biochemistry and Cell Biology (5, 100.0%)"
861,5,Unclassified,5,1.0,"Unclassified (5, 100.0%)"
862,5,Clinical Sciences,5,1.0,"Clinical Sciences (5, 100.0%)"
863,5,Epidemiology,4,0.8,"Epidemiology (4, 80.0%); Neurosciences (1, 20.0%)"
864,5,Epidemiology,5,1.0,"Epidemiology (5, 100.0%)"
865,5,Oncology and Carcinogenesis,5,1.0,"Oncology and Carcinogenesis (5, 100.0%)"
866,5,Pharmacology and Pharmaceutical Sciences,5,1.0,"Pharmacology and Pharmaceutical Sciences (5, 100.0%)"
867,5,Clinical Sciences,5,1.0,"Clinical Sciences (5, 100.0%)"
868,5,Clinical Sciences,5,1.0,"Clinical Sciences (5, 100.0%)"
869,5,Machine Learning,5,1.0,"Machine Learning (5, 100.0%)"
870,5,Cardiovascular Medicine and Haematology,5,1.0,"Cardiovascular Medicine and Haematology (5, 100.0%)"
871,5,Epidemiology,5,1.0,"Epidemiology (5, 100.0%)"
872,5,Nutrition and Dietetics,5,1.0,"Nutrition and Dietetics (5, 100.0%)"
873,5,Epidemiology,5,1.0,"Epidemiology (5, 100.0%)"
874,5,Machine Learning,5,1.0,"Machine Learning (5, 100.0%)"
875,5,Cardiovascular Medicine and Haematology,5,1.0,"Cardiovascular Medicine and Haematology (5, 100.0%)"
876,5,Bioinformatics and Computational Biology,4,0.8,"Bioinformatics and Computational Biology (4, 80.0%); Biomedical Engineering (1, 20.0%)"
877,5,Reproductive Medicine,5,1.0,"Reproductive Medicine (5, 100.0%)"
878,5,Epidemiology,5,1.0,"Epidemiology (5, 100.0%)"
879,5,Biochemistry and Cell Biology,3,0.6,"Biochemistry and Cell Biology (3, 60.0%); Pharmacology and Pharmaceutical Sciences (2, 40.0%)"
880,5,Immunology,5,1.0,"Immunology (5, 100.0%)"
881,5,Ophthalmology and Optometry,5,1.0,"Ophthalmology and Optometry (5, 100.0%)"
882,5,Genetics,5,1.0,"Genetics (5, 100.0%)"
883,5,Oncology and Carcinogenesis,5,1.0,"Oncology and Carcinogenesis (5, 100.0%)"
884,5,Clinical Sciences,5,1.0,"Clinical Sciences (5, 100.0%)"
885,5,Epidemiology,5,1.0,"Epidemiology (5, 100.0%)"
886,5,Cardiovascular Medicine and Haematology,5,1.0,"Cardiovascular Medicine and Haematology (5, 100.0%)"
887,5,Oncology and Carcinogenesis,5,1.0,"Oncology and Carcinogenesis (5, 100.0%)"
888,5,Immunology,5,1.0,"Immunology (5, 100.0%)"
889,5,Medical Biochemistry and Metabolomics,3,0.6,"Medical Biochemistry and Metabolomics (3, 60.0%); Statistics (2, 40.0%)"
890,5,Clinical Sciences,5,1.0,"Clinical Sciences (5, 100.0%)"
891,5,Epidemiology,3,0.6,"Epidemiology (3, 60.0%); Biochemistry and Cell Biology (2, 40.0%)"
892,5,Epidemiology,5,1.0,"Epidemiology (5, 100.0%)"
893,5,Ophthalmology and Optometry,5,1.0,"Ophthalmology and Optometry (5, 100.0%)"
894,5,Cardiovascular Medicine and Haematology,5,1.0,"Cardiovascular Medicine and Haematology (5, 100.0%)"
895,5,Epidemiology,5,1.0,"Epidemiology (5, 100.0%)"
896,5,Genetics,5,1.0,"Genetics (5, 100.0%)"
897,5,Unclassified,5,1.0,"Unclassified (5, 100.0%)"
898,5,Nutrition and Dietetics,5,1.0,"Nutrition and Dietetics (5, 100.0%)"
899,5,Epidemiology,5,1.0,"Epidemiology (5, 100.0%)"
900,5,Biological Psychology,3,0.6,"Biological Psychology (3, 60.0%); Clinical Sciences (2, 40.0%)"
901,5,Epidemiology,5,1.0,"Epidemiology (5, 100.0%)"
902,5,Nutrition and Dietetics,5,1.0,"Nutrition and Dietetics (5, 100.0%)"
903,5,Clinical Sciences,5,1.0,"Clinical Sciences (5, 100.0%)"
904,5,Biochemistry and Cell Biology,5,1.0,"Biochemistry and Cell Biology (5, 100.0%)"
905,5,Midwifery,5,1.0,"Midwifery (5, 100.0%)"
906,5,Biological Psychology,5,1.0,"Biological Psychology (5, 100.0%)"
907,5,Epidemiology,5,1.0,"Epidemiology (5, 100.0%)"
908,5,Oncology and Carcinogenesis,5,1.0,"Oncology and Carcinogenesis (5, 100.0%)"
909,5,Bioinformatics and Computational Biology,5,1.0,"Bioinformatics and Computational Biology (5, 100.0%)"
910,5,Ophthalmology and Optometry,5,1.0,"Ophthalmology and Optometry (5, 100.0%)"
911,5,Cardiovascular Medicine and Haematology,5,1.0,"Cardiovascular Medicine and Haematology (5, 100.0%)"
912,5,Epidemiology,5,1.0,"Epidemiology (5, 100.0%)"
913,5,Epidemiology,5,1.0,"Epidemiology (5, 100.0%)"
914,5,Cardiovascular Medicine and Haematology,5,1.0,"Cardiovascular Medicine and Haematology (5, 100.0%)"
915,5,Biological Psychology,5,1.0,"Biological Psychology (5, 100.0%)"
916,5,Epidemiology,5,1.0,"Epidemiology (5, 100.0%)"
917,5,Clinical Sciences,5,1.0,"Clinical Sciences (5, 100.0%)"
918,5,Unclassified,5,1.0,"Unclassified (5, 100.0%)"
919,5,Cardiovascular Medicine and Haematology,5,1.0,"Cardiovascular Medicine and Haematology (5, 100.0%)"
920,5,Genetics,5,1.0,"Genetics (5, 100.0%)"
921,5,Clinical Sciences,5,1.0,"Clinical Sciences (5, 100.0%)"
922,5,Machine Learning,5,1.0,"Machine Learning (5, 100.0%)"
923,5,Clinical Sciences,5,1.0,"Clinical Sciences (5, 100.0%)"
924,5,Clinical Sciences,5,1.0,"Clinical Sciences (5, 100.0%)"
925,5,Bioinformatics and Computational Biology,5,1.0,"Bioinformatics and Computational Biology (5, 100.0%)"
926,5,Epidemiology,5,1.0,"Epidemiology (5, 100.0%)"
927,5,Genetics,5,1.0,"Genetics (5, 100.0%)"
928,5,Cardiovascular Medicine and Haematology,5,1.0,"Cardiovascular Medicine and Haematology (5, 100.0%)"
929,5,Oncology and Carcinogenesis,5,1.0,"Oncology and Carcinogenesis (5, 100.0%)"
930,5,Cardiovascular Medicine and Haematology,5,1.0,"Cardiovascular Medicine and Haematology (5, 100.0%)"
931,5,Clinical Sciences,5,1.0,"Clinical Sciences (5, 100.0%)"
932,5,Cardiovascular Medicine and Haematology,5,1.0,"Cardiovascular Medicine and Haematology (5, 100.0%)"
933,5,Medical Biochemistry and Metabolomics,5,1.0,"Medical Biochemistry and Metabolomics (5, 100.0%)"
934,5,Genetics,5,1.0,"Genetics (5, 100.0%)"
935,5,Nutrition and Dietetics,5,1.0,"Nutrition and Dietetics (5, 100.0%)"
936,5,Clinical Sciences,4,0.8,"Clinical Sciences (4, 80.0%); Cardiovascular Medicine and Haematology (1, 20.0%)"
937,5,Clinical Sciences,5,1.0,"Clinical Sciences (5, 100.0%)"
938,5,Nutrition and Dietetics,5,1.0,"Nutrition and Dietetics (5, 100.0%)"
939,5,Biological Psychology,4,0.8,"Biological Psychology (4, 80.0%); Machine Learning (1, 20.0%)"
940,5,Genetics,5,1.0,"Genetics (5, 100.0%)"
941,5,Epidemiology,5,1.0,"Epidemiology (5, 100.0%)"
942,5,Clinical Sciences,5,1.0,"Clinical Sciences (5, 100.0%)"
943,5,"Graphics, Augmented Reality and Games",4,0.8,"Graphics, Augmented Reality and Games (4, 80.0%); Information Systems (1, 20.0%)"
944,5,Clinical Sciences,5,1.0,"Clinical Sciences (5, 100.0%)"
945,5,Biological Psychology,5,1.0,"Biological Psychology (5, 100.0%)"
946,5,Genetics,5,1.0,"Genetics (5, 100.0%)"
947,5,Epidemiology,5,1.0,"Epidemiology (5, 100.0%)"
948,5,Genetics,5,1.0,"Genetics (5, 100.0%)"
949,5,Nutrition and Dietetics,5,1.0,"Nutrition and Dietetics (5, 100.0%)"
950,5,Biological Psychology,5,1.0,"Biological Psychology (5, 100.0%)"
951,5,Epidemiology,5,1.0,"Epidemiology (5, 100.0%)"
952,5,Reproductive Medicine,5,1.0,"Reproductive Medicine (5, 100.0%)"
953,5,Genetics,5,1.0,"Genetics (5, 100.0%)"
954,5,Epidemiology,5,1.0,"Epidemiology (5, 100.0%)"
955,5,Clinical Sciences,5,1.0,"Clinical Sciences (5, 100.0%)"
956,5,Epidemiology,5,1.0,"Epidemiology (5, 100.0%)"
957,5,Clinical Sciences,5,1.0,"Clinical Sciences (5, 100.0%)"
958,5,Epidemiology,5,1.0,"Epidemiology (5, 100.0%)"
959,5,Ophthalmology and Optometry,5,1.0,"Ophthalmology and Optometry (5, 100.0%)"
960,5,Clinical Sciences,5,1.0,"Clinical Sciences (5, 100.0%)"
961,5,Clinical Sciences,5,1.0,"Clinical Sciences (5, 100.0%)"
962,5,Clinical Sciences,5,1.0,"Clinical Sciences (5, 100.0%)"
963,5,Biochemistry and Cell Biology,5,1.0,"Biochemistry and Cell Biology (5, 100.0%)"
964,5,Health Services and Systems,5,1.0,"Health Services and Systems (5, 100.0%)"
965,5,Dentistry,5,1.0,"Dentistry (5, 100.0%)"
966,5,Epidemiology,5,1.0,"Epidemiology (5, 100.0%)"
967,5,Clinical Sciences,5,1.0,"Clinical Sciences (5, 100.0%)"
968,5,Clinical Sciences,5,1.0,"Clinical Sciences (5, 100.0%)"
969,5,Health Services and Systems,4,0.8,"Health Services and Systems (4, 80.0%); Epidemiology (1, 20.0%)"
970,5,Epidemiology,5,1.0,"Epidemiology (5, 100.0%)"
971,5,Microbiology,5,1.0,"Microbiology (5, 100.0%)"
972,5,Epidemiology,5,1.0,"Epidemiology (5, 100.0%)"
973,5,Pharmacology and Pharmaceutical Sciences,5,1.0,"Pharmacology and Pharmaceutical Sciences (5, 100.0%)"
974,5,Clinical Sciences,5,1.0,"Clinical Sciences (5, 100.0%)"
975,5,Clinical Sciences,5,1.0,"Clinical Sciences (5, 100.0%)"
976,5,Epidemiology,5,1.0,"Epidemiology (5, 100.0%)"
977,5,Oncology and Carcinogenesis,5,1.0,"Oncology and Carcinogenesis (5, 100.0%)"
978,5,Biological Psychology,5,1.0,"Biological Psychology (5, 100.0%)"
979,5,Clinical Sciences,5,1.0,"Clinical Sciences (5, 100.0%)"
980,5,Epidemiology,5,1.0,"Epidemiology (5, 100.0%)"
981,5,Immunology,5,1.0,"Immunology (5, 100.0%)"
982,5,Genetics,5,1.0,"Genetics (5, 100.0%)"
983,5,Medical Microbiology,5,1.0,"Medical Microbiology (5, 100.0%)"
984,5,Genetics,5,1.0,"Genetics (5, 100.0%)"
985,5,Medical Biochemistry and Metabolomics,4,0.8,"Medical Biochemistry and Metabolomics (4, 80.0%); Epidemiology (1, 20.0%)"
986,5,Clinical Sciences,5,1.0,"Clinical Sciences (5, 100.0%)"
987,5,Epidemiology,5,1.0,"Epidemiology (5, 100.0%)"
988,5,Clinical Sciences,5,1.0,"Clinical Sciences (5, 100.0%)"
989,5,Epidemiology,5,1.0,"Epidemiology (5, 100.0%)"
990,5,Distributed Computing and Systems Software,5,1.0,"Distributed Computing and Systems Software (5, 100.0%)"
991,5,Clinical Sciences,3,0.6,"Clinical Sciences (3, 60.0%); Epidemiology (2, 40.0%)"
992,5,Biological Psychology,5,1.0,"Biological Psychology (5, 100.0%)"
993,5,Immunology,5,1.0,"Immunology (5, 100.0%)"
994,5,Clinical Sciences,5,1.0,"Clinical Sciences (5, 100.0%)"
995,5,Cardiovascular Medicine and Haematology,5,1.0,"Cardiovascular Medicine and Haematology (5, 100.0%)"
996,5,Medical Biochemistry and Metabolomics,5,1.0,"Medical Biochemistry and Metabolomics (5, 100.0%)"
997,5,Biological Psychology,3,0.6,"Biological Psychology (3, 60.0%); Epidemiology (2, 40.0%)"
998,5,Clinical Sciences,5,1.0,"Clinical Sciences (5, 100.0%)"
999,5,Clinical Sciences,5,1.0,"Clinical Sciences (5, 100.0%)"
1000,5,Epidemiology,5,1.0,"Epidemiology (5, 100.0%)"
1001,5,Cardiovascular Medicine and Haematology,5,1.0,"Cardiovascular Medicine and Haematology (5, 100.0%)"
1002,5,Clinical Sciences,5,1.0,"Clinical Sciences (5, 100.0%)"
1003,5,Clinical Sciences,5,1.0,"Clinical Sciences (5, 100.0%)"
1004,5,Epidemiology,5,1.0,"Epidemiology (5, 100.0%)"
1005,5,Genetics,5,1.0,"Genetics (5, 100.0%)"
1006,5,Clinical Sciences,5,1.0,"Clinical Sciences (5, 100.0%)"
1007,5,Clinical Sciences,5,1.0,"Clinical Sciences (5, 100.0%)"
1008,5,Cardiovascular Medicine and Haematology,5,1.0,"Cardiovascular Medicine and Haematology (5, 100.0%)"
1009,5,Epidemiology,5,1.0,"Epidemiology (5, 100.0%)"
1010,5,Nutrition and Dietetics,5,1.0,"Nutrition and Dietetics (5, 100.0%)"
1011,5,Genetics,5,1.0,"Genetics (5, 100.0%)"
1012,5,Nutrition and Dietetics,5,1.0,"Nutrition and Dietetics (5, 100.0%)"
1013,5,Clinical Sciences,5,1.0,"Clinical Sciences (5, 100.0%)"
1014,5,Epidemiology,5,1.0,"Epidemiology (5, 100.0%)"
1015,5,Epidemiology,5,1.0,"Epidemiology (5, 100.0%)"
1016,5,Epidemiology,5,1.0,"Epidemiology (5, 100.0%)"
1017,4,Clinical Sciences,4,1.0,"Clinical Sciences (4, 100.0%)"
1018,4,Ophthalmology and Optometry,4,1.0,"Ophthalmology and Optometry (4, 100.0%)"
1019,4,Clinical Sciences,4,1.0,"Clinical Sciences (4, 100.0%)"
1020,4,Biochemistry and Cell Biology,4,1.0,"Biochemistry and Cell Biology (4, 100.0%)"
1021,4,Epidemiology,4,1.0,"Epidemiology (4, 100.0%)"
1022,4,Epidemiology,4,1.0,"Epidemiology (4, 100.0%)"
1023,4,Genetics,4,1.0,"Genetics (4, 100.0%)"
1024,4,Clinical Sciences,2,0.5,"Clinical Sciences (2, 50.0%); Neurosciences (2, 50.0%)"
1025,4,Cardiovascular Medicine and Haematology,4,1.0,"Cardiovascular Medicine and Haematology (4, 100.0%)"
1026,4,Nutrition and Dietetics,4,1.0,"Nutrition and Dietetics (4, 100.0%)"
1027,4,Epidemiology,3,0.75,"Epidemiology (3, 75.0%); Genetics (1, 25.0%)"
1028,4,Biological Psychology,3,0.75,"Biological Psychology (3, 75.0%); Clinical Sciences (1, 25.0%)"
1029,4,Reproductive Medicine,4,1.0,"Reproductive Medicine (4, 100.0%)"
1030,4,Epidemiology,4,1.0,"Epidemiology (4, 100.0%)"
1031,4,Medical Biochemistry and Metabolomics,4,1.0,"Medical Biochemistry and Metabolomics (4, 100.0%)"
1032,4,Epidemiology,4,1.0,"Epidemiology (4, 100.0%)"
1033,4,Biological Psychology,4,1.0,"Biological Psychology (4, 100.0%)"
1034,4,Nutrition and Dietetics,4,1.0,"Nutrition and Dietetics (4, 100.0%)"
1035,4,Unclassified,4,1.0,"Unclassified (4, 100.0%)"
1036,4,Cardiovascular Medicine and Haematology,4,1.0,"Cardiovascular Medicine and Haematology (4, 100.0%)"
1037,4,Biological Psychology,4,1.0,"Biological Psychology (4, 100.0%)"
1038,4,Public Health,4,1.0,"Public Health (4, 100.0%)"
1039,4,Clinical and Health Psychology,4,1.0,"Clinical and Health Psychology (4, 100.0%)"
1040,4,Clinical Sciences,4,1.0,"Clinical Sciences (4, 100.0%)"
1041,4,Genetics,4,1.0,"Genetics (4, 100.0%)"
1042,4,Biochemistry and Cell Biology,4,1.0,"Biochemistry and Cell Biology (4, 100.0%)"
1043,4,Genetics,4,1.0,"Genetics (4, 100.0%)"
1044,4,Genetics,4,1.0,"Genetics (4, 100.0%)"
1045,4,Epidemiology,4,1.0,"Epidemiology (4, 100.0%)"
1046,4,Cardiovascular Medicine and Haematology,4,1.0,"Cardiovascular Medicine and Haematology (4, 100.0%)"
1047,4,Clinical Sciences,4,1.0,"Clinical Sciences (4, 100.0%)"
1048,4,Genetics,4,1.0,"Genetics (4, 100.0%)"
1049,4,Epidemiology,4,1.0,"Epidemiology (4, 100.0%)"
1050,4,Cardiovascular Medicine and Haematology,4,1.0,"Cardiovascular Medicine and Haematology (4, 100.0%)"
1051,4,Oncology and Carcinogenesis,4,1.0,"Oncology and Carcinogenesis (4, 100.0%)"
1052,4,Clinical Sciences,4,1.0,"Clinical Sciences (4, 100.0%)"
1053,4,Immunology,4,1.0,"Immunology (4, 100.0%)"
1054,4,Clinical Sciences,4,1.0,"Clinical Sciences (4, 100.0%)"
1055,4,Epidemiology,4,1.0,"Epidemiology (4, 100.0%)"
1056,4,Epidemiology,4,1.0,"Epidemiology (4, 100.0%)"
1057,4,Epidemiology,4,1.0,"Epidemiology (4, 100.0%)"
1058,4,Epidemiology,4,1.0,"Epidemiology (4, 100.0%)"
1059,4,Biological Psychology,4,1.0,"Biological Psychology (4, 100.0%)"
1060,4,Epidemiology,4,1.0,"Epidemiology (4, 100.0%)"
1061,4,Epidemiology,2,0.5,"Epidemiology (2, 50.0%); Nutrition and Dietetics (2, 50.0%)"
1062,4,Pharmacology and Pharmaceutical Sciences,4,1.0,"Pharmacology and Pharmaceutical Sciences (4, 100.0%)"
1063,4,Epidemiology,4,1.0,"Epidemiology (4, 100.0%)"
1064,4,Epidemiology,2,0.5,"Epidemiology (2, 50.0%); Machine Learning (2, 50.0%)"
1065,4,Clinical Sciences,4,1.0,"Clinical Sciences (4, 100.0%)"
1066,4,Epidemiology,4,1.0,"Epidemiology (4, 100.0%)"
1067,4,Cardiovascular Medicine and Haematology,4,1.0,"Cardiovascular Medicine and Haematology (4, 100.0%)"
1068,4,Clinical Sciences,4,1.0,"Clinical Sciences (4, 100.0%)"
1069,4,Biochemistry and Cell Biology,4,1.0,"Biochemistry and Cell Biology (4, 100.0%)"
1070,4,Epidemiology,4,1.0,"Epidemiology (4, 100.0%)"
1071,4,Medical Biochemistry and Metabolomics,4,1.0,"Medical Biochemistry and Metabolomics (4, 100.0%)"
1072,4,Clinical Sciences,4,1.0,"Clinical Sciences (4, 100.0%)"
1073,4,Epidemiology,4,1.0,"Epidemiology (4, 100.0%)"
1074,4,Epidemiology,4,1.0,"Epidemiology (4, 100.0%)"
1075,4,Clinical Sciences,4,1.0,"Clinical Sciences (4, 100.0%)"
1076,4,Clinical Sciences,4,1.0,"Clinical Sciences (4, 100.0%)"
1077,4,Epidemiology,4,1.0,"Epidemiology (4, 100.0%)"
1078,4,Epidemiology,4,1.0,"Epidemiology (4, 100.0%)"
1079,4,Clinical Sciences,4,1.0,"Clinical Sciences (4, 100.0%)"
1080,4,Cardiovascular Medicine and Haematology,4,1.0,"Cardiovascular Medicine and Haematology (4, 100.0%)"
1081,4,Cardiovascular Medicine and Haematology,4,1.0,"Cardiovascular Medicine and Haematology (4, 100.0%)"
1082,4,Genetics,4,1.0,"Genetics (4, 100.0%)"
1083,4,Statistics,4,1.0,"Statistics (4, 100.0%)"
1084,4,Genetics,4,1.0,"Genetics (4, 100.0%)"
1085,4,Epidemiology,4,1.0,"Epidemiology (4, 100.0%)"
1086,4,Clinical Sciences,4,1.0,"Clinical Sciences (4, 100.0%)"
1087,4,Oncology and Carcinogenesis,4,1.0,"Oncology and Carcinogenesis (4, 100.0%)"
1088,4,Clinical and Health Psychology,4,1.0,"Clinical and Health Psychology (4, 100.0%)"
1089,4,Cardiovascular Medicine and Haematology,4,1.0,"Cardiovascular Medicine and Haematology (4, 100.0%)"
1090,4,Clinical Sciences,4,1.0,"Clinical Sciences (4, 100.0%)"
1091,4,Ophthalmology and Optometry,4,1.0,"Ophthalmology and Optometry (4, 100.0%)"
1092,4,Genetics,4,1.0,"Genetics (4, 100.0%)"
1093,4,Clinical Sciences,4,1.0,"Clinical Sciences (4, 100.0%)"
1094,4,Clinical Sciences,4,1.0,"Clinical Sciences (4, 100.0%)"
1095,4,Clinical Sciences,4,1.0,"Clinical Sciences (4, 100.0%)"
1096,4,Clinical Sciences,3,0.75,"Clinical Sciences (3, 75.0%); Cardiovascular Medicine and Haematology (1, 25.0%)"
1097,4,Epidemiology,4,1.0,"Epidemiology (4, 100.0%)"
1098,4,Nutrition and Dietetics,4,1.0,"Nutrition and Dietetics (4, 100.0%)"
1099,4,Public Health,4,1.0,"Public Health (4, 100.0%)"
1100,4,Epidemiology,4,1.0,"Epidemiology (4, 100.0%)"
1101,4,Epidemiology,4,1.0,"Epidemiology (4, 100.0%)"
1102,4,Cardiovascular Medicine and Haematology,4,1.0,"Cardiovascular Medicine and Haematology (4, 100.0%)"
1103,4,Clinical Sciences,4,1.0,"Clinical Sciences (4, 100.0%)"
1104,4,"Graphics, Augmented Reality and Games",4,1.0,"Graphics, Augmented Reality and Games (4, 100.0%)"
1105,4,Epidemiology,4,1.0,"Epidemiology (4, 100.0%)"
1106,4,Epidemiology,4,1.0,"Epidemiology (4, 100.0%)"
1107,4,Epidemiology,4,1.0,"Epidemiology (4, 100.0%)"
1108,4,Clinical Sciences,4,1.0,"Clinical Sciences (4, 100.0%)"
1109,4,Public Health,4,1.0,"Public Health (4, 100.0%)"
1110,4,Health Services and Systems,4,1.0,"Health Services and Systems (4, 100.0%)"
1111,4,Cardiovascular Medicine and Haematology,4,1.0,"Cardiovascular Medicine and Haematology (4, 100.0%)"
1112,4,Clinical Sciences,4,1.0,"Clinical Sciences (4, 100.0%)"
1113,4,Clinical and Health Psychology,4,1.0,"Clinical and Health Psychology (4, 100.0%)"
1114,4,Epidemiology,4,1.0,"Epidemiology (4, 100.0%)"
1115,4,Epidemiology,4,1.0,"Epidemiology (4, 100.0%)"
1116,4,Electrical Engineering,4,1.0,"Electrical Engineering (4, 100.0%)"
1117,4,Cardiovascular Medicine and Haematology,4,1.0,"Cardiovascular Medicine and Haematology (4, 100.0%)"
1118,4,Machine Learning,4,1.0,"Machine Learning (4, 100.0%)"
1119,4,Cardiovascular Medicine and Haematology,4,1.0,"Cardiovascular Medicine and Haematology (4, 100.0%)"
1120,4,Clinical Sciences,4,1.0,"Clinical Sciences (4, 100.0%)"
1121,4,Biochemistry and Cell Biology,4,1.0,"Biochemistry and Cell Biology (4, 100.0%)"
1122,4,Oncology and Carcinogenesis,4,1.0,"Oncology and Carcinogenesis (4, 100.0%)"
1123,4,Clinical Sciences,4,1.0,"Clinical Sciences (4, 100.0%)"
1124,4,Biological Psychology,4,1.0,"Biological Psychology (4, 100.0%)"
1125,4,Clinical Sciences,4,1.0,"Clinical Sciences (4, 100.0%)"
1126,4,Epidemiology,4,1.0,"Epidemiology (4, 100.0%)"
1127,4,Clinical Sciences,4,1.0,"Clinical Sciences (4, 100.0%)"
1128,4,Clinical Sciences,4,1.0,"Clinical Sciences (4, 100.0%)"
1129,4,Clinical Sciences,4,1.0,"Clinical Sciences (4, 100.0%)"
1130,4,Clinical Sciences,4,1.0,"Clinical Sciences (4, 100.0%)"
1131,4,Allied Health and Rehabilitation Science,4,1.0,"Allied Health and Rehabilitation Science (4, 100.0%)"
1132,4,Ophthalmology and Optometry,4,1.0,"Ophthalmology and Optometry (4, 100.0%)"
1133,4,Epidemiology,2,0.5,"Epidemiology (2, 50.0%); Oncology and Carcinogenesis (2, 50.0%)"
1134,4,Cardiovascular Medicine and Haematology,4,1.0,"Cardiovascular Medicine and Haematology (4, 100.0%)"
1135,4,Public Health,4,1.0,"Public Health (4, 100.0%)"
1136,4,Oncology and Carcinogenesis,4,1.0,"Oncology and Carcinogenesis (4, 100.0%)"
1137,4,Epidemiology,4,1.0,"Epidemiology (4, 100.0%)"
1138,4,Applied and Developmental Psychology,4,1.0,"Applied and Developmental Psychology (4, 100.0%)"
1139,4,Dentistry,4,1.0,"Dentistry (4, 100.0%)"
1140,4,Genetics,4,1.0,"Genetics (4, 100.0%)"
1141,4,Clinical Sciences,4,1.0,"Clinical Sciences (4, 100.0%)"
1142,4,Epidemiology,4,1.0,"Epidemiology (4, 100.0%)"
1143,4,Clinical Sciences,4,1.0,"Clinical Sciences (4, 100.0%)"
1144,4,Reproductive Medicine,4,1.0,"Reproductive Medicine (4, 100.0%)"
1145,4,Clinical Sciences,4,1.0,"Clinical Sciences (4, 100.0%)"
1146,4,Clinical Sciences,4,1.0,"Clinical Sciences (4, 100.0%)"
1147,4,Clinical Sciences,4,1.0,"Clinical Sciences (4, 100.0%)"
1148,4,Genetics,4,1.0,"Genetics (4, 100.0%)"
1149,4,Clinical Sciences,4,1.0,"Clinical Sciences (4, 100.0%)"
1150,4,Genetics,4,1.0,"Genetics (4, 100.0%)"
1151,4,Epidemiology,4,1.0,"Epidemiology (4, 100.0%)"
1152,4,Clinical Sciences,4,1.0,"Clinical Sciences (4, 100.0%)"
1153,4,Medical Biochemistry and Metabolomics,4,1.0,"Medical Biochemistry and Metabolomics (4, 100.0%)"
1154,4,Clinical Sciences,4,1.0,"Clinical Sciences (4, 100.0%)"
1155,4,Bioinformatics and Computational Biology,4,1.0,"Bioinformatics and Computational Biology (4, 100.0%)"
1156,4,Animal Production,2,0.5,"Animal Production (2, 50.0%); Epidemiology (2, 50.0%)"
1157,4,Biological Psychology,4,1.0,"Biological Psychology (4, 100.0%)"
1158,4,Clinical Sciences,4,1.0,"Clinical Sciences (4, 100.0%)"
1159,4,Epidemiology,4,1.0,"Epidemiology (4, 100.0%)"
1160,4,Clinical Sciences,4,1.0,"Clinical Sciences (4, 100.0%)"
1161,4,Dentistry,4,1.0,"Dentistry (4, 100.0%)"
1162,4,Epidemiology,4,1.0,"Epidemiology (4, 100.0%)"
1163,4,Clinical Sciences,4,1.0,"Clinical Sciences (4, 100.0%)"
1164,4,Epidemiology,4,1.0,"Epidemiology (4, 100.0%)"
1165,4,Epidemiology,4,1.0,"Epidemiology (4, 100.0%)"
1166,4,Statistics,4,1.0,"Statistics (4, 100.0%)"
1167,4,Nutrition and Dietetics,4,1.0,"Nutrition and Dietetics (4, 100.0%)"
1168,4,Epidemiology,4,1.0,"Epidemiology (4, 100.0%)"
1169,4,Clinical Sciences,4,1.0,"Clinical Sciences (4, 100.0%)"
1170,4,Cardiovascular Medicine and Haematology,4,1.0,"Cardiovascular Medicine and Haematology (4, 100.0%)"
1171,4,Epidemiology,4,1.0,"Epidemiology (4, 100.0%)"
1172,4,Clinical Sciences,4,1.0,"Clinical Sciences (4, 100.0%)"
1173,4,Clinical Sciences,4,1.0,"Clinical Sciences (4, 100.0%)"
1174,4,Clinical Sciences,4,1.0,"Clinical Sciences (4, 100.0%)"
1175,4,Immunology,4,1.0,"Immunology (4, 100.0%)"
1176,4,Health Services and Systems,4,1.0,"Health Services and Systems (4, 100.0%)"
1177,4,Epidemiology,4,1.0,"Epidemiology (4, 100.0%)"
1178,4,Clinical Sciences,4,1.0,"Clinical Sciences (4, 100.0%)"
1179,4,Clinical Sciences,4,1.0,"Clinical Sciences (4, 100.0%)"
1180,4,Public Health,4,1.0,"Public Health (4, 100.0%)"
1181,4,Epidemiology,4,1.0,"Epidemiology (4, 100.0%)"
1182,4,Bioinformatics and Computational Biology,4,1.0,"Bioinformatics and Computational Biology (4, 100.0%)"
1183,4,Clinical Sciences,4,1.0,"Clinical Sciences (4, 100.0%)"
1184,4,Epidemiology,4,1.0,"Epidemiology (4, 100.0%)"
1185,4,Clinical Sciences,4,1.0,"Clinical Sciences (4, 100.0%)"
1186,4,Health Services and Systems,4,1.0,"Health Services and Systems (4, 100.0%)"
1187,4,Immunology,4,1.0,"Immunology (4, 100.0%)"
1188,4,Biochemistry and Cell Biology,4,1.0,"Biochemistry and Cell Biology (4, 100.0%)"
1189,4,Genetics,4,1.0,"Genetics (4, 100.0%)"
1190,4,Clinical Sciences,4,1.0,"Clinical Sciences (4, 100.0%)"
1191,4,Clinical Sciences,4,1.0,"Clinical Sciences (4, 100.0%)"
1192,4,Clinical Sciences,4,1.0,"Clinical Sciences (4, 100.0%)"
1193,4,Biochemistry and Cell Biology,4,1.0,"Biochemistry and Cell Biology (4, 100.0%)"
1194,4,Clinical Sciences,4,1.0,"Clinical Sciences (4, 100.0%)"
1195,4,Clinical Sciences,4,1.0,"Clinical Sciences (4, 100.0%)"
1196,4,Clinical Sciences,4,1.0,"Clinical Sciences (4, 100.0%)"
1197,4,Epidemiology,4,1.0,"Epidemiology (4, 100.0%)"
1198,4,Public Health,4,1.0,"Public Health (4, 100.0%)"
1199,4,Cardiovascular Medicine and Haematology,4,1.0,"Cardiovascular Medicine and Haematology (4, 100.0%)"
1200,4,Clinical Sciences,4,1.0,"Clinical Sciences (4, 100.0%)"
1201,4,Epidemiology,4,1.0,"Epidemiology (4, 100.0%)"
1202,4,Epidemiology,3,0.75,"Epidemiology (3, 75.0%); Medical Physiology (1, 25.0%)"
1203,4,Cardiovascular Medicine and Haematology,4,1.0,"Cardiovascular Medicine and Haematology (4, 100.0%)"
1204,4,Dentistry,4,1.0,"Dentistry (4, 100.0%)"
1205,4,Epidemiology,4,1.0,"Epidemiology (4, 100.0%)"
1206,4,Unclassified,4,1.0,"Unclassified (4, 100.0%)"
1207,4,Cardiovascular Medicine and Haematology,4,1.0,"Cardiovascular Medicine and Haematology (4, 100.0%)"
1208,4,Clinical Sciences,4,1.0,"Clinical Sciences (4, 100.0%)"
1209,4,Nutrition and Dietetics,4,1.0,"Nutrition and Dietetics (4, 100.0%)"
1210,4,Cardiovascular Medicine and Haematology,4,1.0,"Cardiovascular Medicine and Haematology (4, 100.0%)"
1211,4,Reproductive Medicine,4,1.0,"Reproductive Medicine (4, 100.0%)"
1212,4,Epidemiology,4,1.0,"Epidemiology (4, 100.0%)"
1213,4,Clinical Sciences,4,1.0,"Clinical Sciences (4, 100.0%)"
1214,4,Epidemiology,4,1.0,"Epidemiology (4, 100.0%)"
1215,4,Biological Psychology,4,1.0,"Biological Psychology (4, 100.0%)"
1216,4,Biochemistry and Cell Biology,4,1.0,"Biochemistry and Cell Biology (4, 100.0%)"
1217,4,Biological Psychology,4,1.0,"Biological Psychology (4, 100.0%)"
1218,4,Oncology and Carcinogenesis,4,1.0,"Oncology and Carcinogenesis (4, 100.0%)"
1219,4,Epidemiology,4,1.0,"Epidemiology (4, 100.0%)"
1220,4,Clinical Sciences,4,1.0,"Clinical Sciences (4, 100.0%)"
1221,4,Clinical Sciences,4,1.0,"Clinical Sciences (4, 100.0%)"
1222,4,Epidemiology,4,1.0,"Epidemiology (4, 100.0%)"
1223,4,Clinical Sciences,4,1.0,"Clinical Sciences (4, 100.0%)"
1224,4,Epidemiology,4,1.0,"Epidemiology (4, 100.0%)"
1225,4,Biological Psychology,3,0.75,"Biological Psychology (3, 75.0%); Genetics (1, 25.0%)"
1226,4,Clinical Sciences,4,1.0,"Clinical Sciences (4, 100.0%)"
1227,4,Clinical Sciences,4,1.0,"Clinical Sciences (4, 100.0%)"
1228,4,Public Health,4,1.0,"Public Health (4, 100.0%)"
1229,4,Data Management and Data Science,4,1.0,"Data Management and Data Science (4, 100.0%)"
1230,4,Clinical Sciences,4,1.0,"Clinical Sciences (4, 100.0%)"
1231,4,Epidemiology,4,1.0,"Epidemiology (4, 100.0%)"
1232,4,Oncology and Carcinogenesis,4,1.0,"Oncology and Carcinogenesis (4, 100.0%)"
1233,4,Epidemiology,4,1.0,"Epidemiology (4, 100.0%)"
1234,4,Epidemiology,4,1.0,"Epidemiology (4, 100.0%)"
1235,4,Clinical Sciences,4,1.0,"Clinical Sciences (4, 100.0%)"
1236,4,Biochemistry and Cell Biology,4,1.0,"Biochemistry and Cell Biology (4, 100.0%)"
1237,4,Epidemiology,4,1.0,"Epidemiology (4, 100.0%)"
1238,3,Epidemiology,3,1.0,"Epidemiology (3, 100.0%)"
1239,3,Reproductive Medicine,3,1.0,"Reproductive Medicine (3, 100.0%)"
1240,3,Genetics,3,1.0,"Genetics (3, 100.0%)"
1241,3,Epidemiology,3,1.0,"Epidemiology (3, 100.0%)"
1242,3,Reproductive Medicine,3,1.0,"Reproductive Medicine (3, 100.0%)"
1243,3,Epidemiology,3,1.0,"Epidemiology (3, 100.0%)"
1244,3,Clinical Sciences,3,1.0,"Clinical Sciences (3, 100.0%)"
1245,3,Genetics,3,1.0,"Genetics (3, 100.0%)"
1246,3,Epidemiology,3,1.0,"Epidemiology (3, 100.0%)"
1247,3,Genetics,2,0.6666666666666666,"Genetics (2, 66.7%); Epidemiology (1, 33.3%)"
1248,3,Epidemiology,3,1.0,"Epidemiology (3, 100.0%)"
1249,3,Clinical Sciences,3,1.0,"Clinical Sciences (3, 100.0%)"
1250,3,Epidemiology,3,1.0,"Epidemiology (3, 100.0%)"
1251,3,Law In Context,3,1.0,"Law In Context (3, 100.0%)"
1252,3,Oncology and Carcinogenesis,3,1.0,"Oncology and Carcinogenesis (3, 100.0%)"
1253,3,Clinical Sciences,3,1.0,"Clinical Sciences (3, 100.0%)"
1254,3,Epidemiology,3,1.0,"Epidemiology (3, 100.0%)"
1255,3,Epidemiology,3,1.0,"Epidemiology (3, 100.0%)"
1256,3,Statistics,3,1.0,"Statistics (3, 100.0%)"
1257,3,Clinical Sciences,3,1.0,"Clinical Sciences (3, 100.0%)"
1258,3,Clinical Sciences,3,1.0,"Clinical Sciences (3, 100.0%)"
1259,3,Medical Biochemistry and Metabolomics,3,1.0,"Medical Biochemistry and Metabolomics (3, 100.0%)"
1260,3,Biological Psychology,3,1.0,"Biological Psychology (3, 100.0%)"
1261,3,Clinical Sciences,3,1.0,"Clinical Sciences (3, 100.0%)"
1262,3,Genetics,3,1.0,"Genetics (3, 100.0%)"
1263,3,Public Health,3,1.0,"Public Health (3, 100.0%)"
1264,3,Data Management and Data Science,2,0.6666666666666666,"Data Management and Data Science (2, 66.7%); Clinical Sciences (1, 33.3%)"
1265,3,Epidemiology,3,1.0,"Epidemiology (3, 100.0%)"
1266,3,Biological Psychology,3,1.0,"Biological Psychology (3, 100.0%)"
1267,3,Allied Health and Rehabilitation Science,3,1.0,"Allied Health and Rehabilitation Science (3, 100.0%)"
1268,3,Immunology,3,1.0,"Immunology (3, 100.0%)"
1269,3,Ophthalmology and Optometry,3,1.0,"Ophthalmology and Optometry (3, 100.0%)"
1270,3,Biological Psychology,3,1.0,"Biological Psychology (3, 100.0%)"
1271,3,Epidemiology,3,1.0,"Epidemiology (3, 100.0%)"
1272,3,Manufacturing Engineering,3,1.0,"Manufacturing Engineering (3, 100.0%)"
1273,3,Clinical Sciences,3,1.0,"Clinical Sciences (3, 100.0%)"
1274,3,Nutrition and Dietetics,3,1.0,"Nutrition and Dietetics (3, 100.0%)"
1275,3,Health Services and Systems,3,1.0,"Health Services and Systems (3, 100.0%)"
1276,3,Biological Psychology,3,1.0,"Biological Psychology (3, 100.0%)"
1277,3,Biological Psychology,3,1.0,"Biological Psychology (3, 100.0%)"
1278,3,Clinical Sciences,3,1.0,"Clinical Sciences (3, 100.0%)"
1279,3,Statistics,3,1.0,"Statistics (3, 100.0%)"
1280,3,Clinical Sciences,3,1.0,"Clinical Sciences (3, 100.0%)"
1281,3,Oncology and Carcinogenesis,3,1.0,"Oncology and Carcinogenesis (3, 100.0%)"
1282,3,Clinical Sciences,3,1.0,"Clinical Sciences (3, 100.0%)"
1283,3,Genetics,3,1.0,"Genetics (3, 100.0%)"
1284,3,Genetics,3,1.0,"Genetics (3, 100.0%)"
1285,3,Machine Learning,3,1.0,"Machine Learning (3, 100.0%)"
1286,3,Epidemiology,3,1.0,"Epidemiology (3, 100.0%)"
1287,3,Genetics,3,1.0,"Genetics (3, 100.0%)"
1288,3,Oncology and Carcinogenesis,3,1.0,"Oncology and Carcinogenesis (3, 100.0%)"
1289,3,Bioinformatics and Computational Biology,3,1.0,"Bioinformatics and Computational Biology (3, 100.0%)"
1290,3,Clinical Sciences,3,1.0,"Clinical Sciences (3, 100.0%)"
1291,3,Biomedical Engineering,3,1.0,"Biomedical Engineering (3, 100.0%)"
1292,3,Genetics,3,1.0,"Genetics (3, 100.0%)"
1293,3,Oncology and Carcinogenesis,3,1.0,"Oncology and Carcinogenesis (3, 100.0%)"
1294,3,Clinical Sciences,3,1.0,"Clinical Sciences (3, 100.0%)"
1295,3,Genetics,3,1.0,"Genetics (3, 100.0%)"
1296,3,Genetics,3,1.0,"Genetics (3, 100.0%)"
1297,3,Clinical Sciences,3,1.0,"Clinical Sciences (3, 100.0%)"
1298,3,Epidemiology,3,1.0,"Epidemiology (3, 100.0%)"
1299,3,Applied Computing,3,1.0,"Applied Computing (3, 100.0%)"
1300,3,Biological Psychology,3,1.0,"Biological Psychology (3, 100.0%)"
1301,3,Clinical Sciences,3,1.0,"Clinical Sciences (3, 100.0%)"
1302,3,Clinical Sciences,3,1.0,"Clinical Sciences (3, 100.0%)"
1303,3,Ophthalmology and Optometry,3,1.0,"Ophthalmology and Optometry (3, 100.0%)"
1304,3,Immunology,3,1.0,"Immunology (3, 100.0%)"
1305,3,Oncology and Carcinogenesis,3,1.0,"Oncology and Carcinogenesis (3, 100.0%)"
1306,3,Epidemiology,3,1.0,"Epidemiology (3, 100.0%)"
1307,3,Immunology,3,1.0,"Immunology (3, 100.0%)"
1308,3,Clinical Sciences,3,1.0,"Clinical Sciences (3, 100.0%)"
1309,3,Epidemiology,3,1.0,"Epidemiology (3, 100.0%)"
1310,3,Nutrition and Dietetics,3,1.0,"Nutrition and Dietetics (3, 100.0%)"
1311,3,Medical Biochemistry and Metabolomics,3,1.0,"Medical Biochemistry and Metabolomics (3, 100.0%)"
1312,3,Dentistry,3,1.0,"Dentistry (3, 100.0%)"
1313,3,Genetics,3,1.0,"Genetics (3, 100.0%)"
1314,3,Epidemiology,3,1.0,"Epidemiology (3, 100.0%)"
1315,3,Epidemiology,3,1.0,"Epidemiology (3, 100.0%)"
1316,3,Clinical Sciences,3,1.0,"Clinical Sciences (3, 100.0%)"
1317,3,Food Sciences,3,1.0,"Food Sciences (3, 100.0%)"
1318,3,Ophthalmology and Optometry,3,1.0,"Ophthalmology and Optometry (3, 100.0%)"
1319,3,Clinical Sciences,3,1.0,"Clinical Sciences (3, 100.0%)"
1320,3,Clinical Sciences,3,1.0,"Clinical Sciences (3, 100.0%)"
1321,3,Clinical Sciences,3,1.0,"Clinical Sciences (3, 100.0%)"
1322,3,Clinical Sciences,3,1.0,"Clinical Sciences (3, 100.0%)"
1323,3,Public Health,3,1.0,"Public Health (3, 100.0%)"
1324,3,Clinical Sciences,3,1.0,"Clinical Sciences (3, 100.0%)"
1325,3,Epidemiology,3,1.0,"Epidemiology (3, 100.0%)"
1326,3,Clinical Sciences,3,1.0,"Clinical Sciences (3, 100.0%)"
1327,3,Clinical Sciences,3,1.0,"Clinical Sciences (3, 100.0%)"
1328,3,Epidemiology,3,1.0,"Epidemiology (3, 100.0%)"
1329,3,Clinical Sciences,3,1.0,"Clinical Sciences (3, 100.0%)"
1330,3,Genetics,3,1.0,"Genetics (3, 100.0%)"
1331,3,Epidemiology,3,1.0,"Epidemiology (3, 100.0%)"
1332,3,Clinical Sciences,3,1.0,"Clinical Sciences (3, 100.0%)"
1333,3,Immunology,3,1.0,"Immunology (3, 100.0%)"
1334,3,Clinical Sciences,3,1.0,"Clinical Sciences (3, 100.0%)"
1335,3,Immunology,3,1.0,"Immunology (3, 100.0%)"
1336,3,Genetics,3,1.0,"Genetics (3, 100.0%)"
1337,3,Epidemiology,3,1.0,"Epidemiology (3, 100.0%)"
1338,3,Medicinal and Biomolecular Chemistry,3,1.0,"Medicinal and Biomolecular Chemistry (3, 100.0%)"
1339,3,Clinical Sciences,3,1.0,"Clinical Sciences (3, 100.0%)"
1340,3,Epidemiology,3,1.0,"Epidemiology (3, 100.0%)"
1341,3,Cardiovascular Medicine and Haematology,3,1.0,"Cardiovascular Medicine and Haematology (3, 100.0%)"
1342,3,Cardiovascular Medicine and Haematology,3,1.0,"Cardiovascular Medicine and Haematology (3, 100.0%)"
1343,3,Genetics,3,1.0,"Genetics (3, 100.0%)"
1344,3,Computer Vision and Multimedia Computation,3,1.0,"Computer Vision and Multimedia Computation (3, 100.0%)"
1345,3,Cardiovascular Medicine and Haematology,2,0.6666666666666666,"Cardiovascular Medicine and Haematology (2, 66.7%); Clinical Sciences (1, 33.3%)"
1346,3,Nutrition and Dietetics,3,1.0,"Nutrition and Dietetics (3, 100.0%)"
1347,3,Biological Psychology,3,1.0,"Biological Psychology (3, 100.0%)"
1348,3,Reproductive Medicine,3,1.0,"Reproductive Medicine (3, 100.0%)"
1349,3,Clinical Sciences,3,1.0,"Clinical Sciences (3, 100.0%)"
1350,3,Epidemiology,3,1.0,"Epidemiology (3, 100.0%)"
1351,3,Epidemiology,3,1.0,"Epidemiology (3, 100.0%)"
1352,3,Epidemiology,3,1.0,"Epidemiology (3, 100.0%)"
1353,3,Health Services and Systems,3,1.0,"Health Services and Systems (3, 100.0%)"
1354,3,Ophthalmology and Optometry,3,1.0,"Ophthalmology and Optometry (3, 100.0%)"
1355,3,Clinical Sciences,3,1.0,"Clinical Sciences (3, 100.0%)"
1356,3,Cardiovascular Medicine and Haematology,3,1.0,"Cardiovascular Medicine and Haematology (3, 100.0%)"
1357,3,Genetics,3,1.0,"Genetics (3, 100.0%)"
1358,3,Genetics,3,1.0,"Genetics (3, 100.0%)"
1359,3,Human Geography,3,1.0,"Human Geography (3, 100.0%)"
1360,3,Epidemiology,3,1.0,"Epidemiology (3, 100.0%)"
1361,3,Epidemiology,3,1.0,"Epidemiology (3, 100.0%)"
1362,3,Epidemiology,3,1.0,"Epidemiology (3, 100.0%)"
1363,3,Genetics,3,1.0,"Genetics (3, 100.0%)"
1364,3,Epidemiology,3,1.0,"Epidemiology (3, 100.0%)"
1365,3,Statistics,3,1.0,"Statistics (3, 100.0%)"
1366,3,Oncology and Carcinogenesis,3,1.0,"Oncology and Carcinogenesis (3, 100.0%)"
1367,3,Clinical Sciences,3,1.0,"Clinical Sciences (3, 100.0%)"
1368,3,Clinical Sciences,3,1.0,"Clinical Sciences (3, 100.0%)"
1369,3,Clinical Sciences,3,1.0,"Clinical Sciences (3, 100.0%)"
1370,3,Clinical Sciences,3,1.0,"Clinical Sciences (3, 100.0%)"
1371,3,Epidemiology,3,1.0,"Epidemiology (3, 100.0%)"
1372,3,Epidemiology,3,1.0,"Epidemiology (3, 100.0%)"
1373,3,Animal Production,3,1.0,"Animal Production (3, 100.0%)"
1374,3,Clinical Sciences,3,1.0,"Clinical Sciences (3, 100.0%)"
1375,3,Ophthalmology and Optometry,3,1.0,"Ophthalmology and Optometry (3, 100.0%)"
1376,3,Oncology and Carcinogenesis,3,1.0,"Oncology and Carcinogenesis (3, 100.0%)"
1377,3,Unclassified,3,1.0,"Unclassified (3, 100.0%)"
1378,3,Clinical Sciences,3,1.0,"Clinical Sciences (3, 100.0%)"
1379,3,Cardiovascular Medicine and Haematology,3,1.0,"Cardiovascular Medicine and Haematology (3, 100.0%)"
1380,3,Clinical Sciences,3,1.0,"Clinical Sciences (3, 100.0%)"
1381,3,Epidemiology,3,1.0,"Epidemiology (3, 100.0%)"
1382,3,Epidemiology,3,1.0,"Epidemiology (3, 100.0%)"
1383,3,Epidemiology,3,1.0,"Epidemiology (3, 100.0%)"
1384,3,Health Services and Systems,3,1.0,"Health Services and Systems (3, 100.0%)"
1385,3,Oncology and Carcinogenesis,3,1.0,"Oncology and Carcinogenesis (3, 100.0%)"
1386,3,Dentistry,3,1.0,"Dentistry (3, 100.0%)"
1387,3,Statistics,3,1.0,"Statistics (3, 100.0%)"
1388,3,Epidemiology,3,1.0,"Epidemiology (3, 100.0%)"
1389,3,Cardiovascular Medicine and Haematology,3,1.0,"Cardiovascular Medicine and Haematology (3, 100.0%)"
1390,3,Health Services and Systems,2,0.6666666666666666,"Health Services and Systems (2, 66.7%); Unclassified (1, 33.3%)"
1391,3,Epidemiology,3,1.0,"Epidemiology (3, 100.0%)"
1392,3,Public Health,3,1.0,"Public Health (3, 100.0%)"
1393,3,Epidemiology,3,1.0,"Epidemiology (3, 100.0%)"
1394,3,Data Management and Data Science,3,1.0,"Data Management and Data Science (3, 100.0%)"
1395,3,Machine Learning,3,1.0,"Machine Learning (3, 100.0%)"
1396,3,Statistics,2,0.6666666666666666,"Statistics (2, 66.7%); Econometrics (1, 33.3%)"
1397,3,Genetics,3,1.0,"Genetics (3, 100.0%)"
1398,3,Dentistry,3,1.0,"Dentistry (3, 100.0%)"
1399,3,Clinical Sciences,3,1.0,"Clinical Sciences (3, 100.0%)"
1400,3,Clinical Sciences,3,1.0,"Clinical Sciences (3, 100.0%)"
1401,3,Genetics,3,1.0,"Genetics (3, 100.0%)"
1402,3,Genetics,3,1.0,"Genetics (3, 100.0%)"
1403,3,Genetics,2,0.6666666666666666,"Genetics (2, 66.7%); Clinical Sciences (1, 33.3%)"
1404,3,Oncology and Carcinogenesis,3,1.0,"Oncology and Carcinogenesis (3, 100.0%)"
1405,3,Clinical Sciences,3,1.0,"Clinical Sciences (3, 100.0%)"
1406,3,Clinical Sciences,3,1.0,"Clinical Sciences (3, 100.0%)"
1407,3,Medical Physiology,3,1.0,"Medical Physiology (3, 100.0%)"
1408,3,Clinical Sciences,3,1.0,"Clinical Sciences (3, 100.0%)"
1409,3,Pharmacology and Pharmaceutical Sciences,3,1.0,"Pharmacology and Pharmaceutical Sciences (3, 100.0%)"
1410,3,Ophthalmology and Optometry,3,1.0,"Ophthalmology and Optometry (3, 100.0%)"
1411,3,Oncology and Carcinogenesis,3,1.0,"Oncology and Carcinogenesis (3, 100.0%)"
1412,3,Clinical Sciences,3,1.0,"Clinical Sciences (3, 100.0%)"
1413,3,Epidemiology,3,1.0,"Epidemiology (3, 100.0%)"
1414,3,Oncology and Carcinogenesis,3,1.0,"Oncology and Carcinogenesis (3, 100.0%)"
1415,3,Medical Biochemistry and Metabolomics,3,1.0,"Medical Biochemistry and Metabolomics (3, 100.0%)"
1416,3,Cardiovascular Medicine and Haematology,3,1.0,"Cardiovascular Medicine and Haematology (3, 100.0%)"
1417,3,Clinical Sciences,3,1.0,"Clinical Sciences (3, 100.0%)"
1418,3,Clinical Sciences,3,1.0,"Clinical Sciences (3, 100.0%)"
1419,3,Clinical Sciences,3,1.0,"Clinical Sciences (3, 100.0%)"
1420,3,Nutrition and Dietetics,3,1.0,"Nutrition and Dietetics (3, 100.0%)"
1421,3,Artificial Intelligence,3,1.0,"Artificial Intelligence (3, 100.0%)"
1422,3,Epidemiology,3,1.0,"Epidemiology (3, 100.0%)"
1423,3,Epidemiology,3,1.0,"Epidemiology (3, 100.0%)"
1424,3,Oncology and Carcinogenesis,3,1.0,"Oncology and Carcinogenesis (3, 100.0%)"
1425,3,Clinical Sciences,3,1.0,"Clinical Sciences (3, 100.0%)"
1426,3,Biological Psychology,3,1.0,"Biological Psychology (3, 100.0%)"
1427,3,Clinical Sciences,3,1.0,"Clinical Sciences (3, 100.0%)"
1428,3,Clinical Sciences,3,1.0,"Clinical Sciences (3, 100.0%)"
1429,3,Immunology,3,1.0,"Immunology (3, 100.0%)"
1430,3,Genetics,3,1.0,"Genetics (3, 100.0%)"
1431,3,Clinical Sciences,3,1.0,"Clinical Sciences (3, 100.0%)"
1432,3,Epidemiology,3,1.0,"Epidemiology (3, 100.0%)"
1433,3,Business Systems In Context,3,1.0,"Business Systems In Context (3, 100.0%)"
1434,3,Epidemiology,3,1.0,"Epidemiology (3, 100.0%)"
1435,3,Epidemiology,3,1.0,"Epidemiology (3, 100.0%)"
1436,3,Epidemiology,3,1.0,"Epidemiology (3, 100.0%)"
1437,3,Genetics,3,1.0,"Genetics (3, 100.0%)"
1438,3,Clinical Sciences,3,1.0,"Clinical Sciences (3, 100.0%)"
1439,3,Biochemistry and Cell Biology,3,1.0,"Biochemistry and Cell Biology (3, 100.0%)"
1440,3,Clinical Sciences,3,1.0,"Clinical Sciences (3, 100.0%)"
1441,3,Machine Learning,3,1.0,"Machine Learning (3, 100.0%)"
1442,3,Biological Psychology,3,1.0,"Biological Psychology (3, 100.0%)"
1443,3,Dentistry,3,1.0,"Dentistry (3, 100.0%)"
1444,3,Cardiovascular Medicine and Haematology,3,1.0,"Cardiovascular Medicine and Haematology (3, 100.0%)"
1445,3,Data Management and Data Science,3,1.0,"Data Management and Data Science (3, 100.0%)"
1446,3,Epidemiology,3,1.0,"Epidemiology (3, 100.0%)"
1447,3,Epidemiology,3,1.0,"Epidemiology (3, 100.0%)"
1448,3,Clinical Sciences,3,1.0,"Clinical Sciences (3, 100.0%)"
1449,3,Epidemiology,3,1.0,"Epidemiology (3, 100.0%)"
1450,3,Epidemiology,3,1.0,"Epidemiology (3, 100.0%)"
1451,3,Paediatrics,3,1.0,"Paediatrics (3, 100.0%)"
1452,3,Clinical Sciences,3,1.0,"Clinical Sciences (3, 100.0%)"
1453,3,Paediatrics,3,1.0,"Paediatrics (3, 100.0%)"
1454,3,Epidemiology,3,1.0,"Epidemiology (3, 100.0%)"
1455,3,Epidemiology,3,1.0,"Epidemiology (3, 100.0%)"
1456,3,Genetics,3,1.0,"Genetics (3, 100.0%)"
1457,3,Cardiovascular Medicine and Haematology,3,1.0,"Cardiovascular Medicine and Haematology (3, 100.0%)"
1458,3,Epidemiology,3,1.0,"Epidemiology (3, 100.0%)"
1459,3,Epidemiology,3,1.0,"Epidemiology (3, 100.0%)"
1460,3,Biological Psychology,3,1.0,"Biological Psychology (3, 100.0%)"
1461,3,Clinical Sciences,3,1.0,"Clinical Sciences (3, 100.0%)"
1462,3,Clinical Sciences,3,1.0,"Clinical Sciences (3, 100.0%)"
1463,3,Cardiovascular Medicine and Haematology,3,1.0,"Cardiovascular Medicine and Haematology (3, 100.0%)"
1464,3,Biological Psychology,3,1.0,"Biological Psychology (3, 100.0%)"
1465,3,Epidemiology,3,1.0,"Epidemiology (3, 100.0%)"
1466,2,Ophthalmology and Optometry,2,1.0,"Ophthalmology and Optometry (2, 100.0%)"
1467,2,Genetics,2,1.0,"Genetics (2, 100.0%)"
1468,2,Clinical Sciences,2,1.0,"Clinical Sciences (2, 100.0%)"
1469,2,Clinical Sciences,2,1.0,"Clinical Sciences (2, 100.0%)"
1470,2,Ophthalmology and Optometry,2,1.0,"Ophthalmology and Optometry (2, 100.0%)"
1471,2,Reproductive Medicine,2,1.0,"Reproductive Medicine (2, 100.0%)"
1472,2,Epidemiology,2,1.0,"Epidemiology (2, 100.0%)"
1473,2,Biological Psychology,2,1.0,"Biological Psychology (2, 100.0%)"
1474,2,Applied and Developmental Psychology,2,1.0,"Applied and Developmental Psychology (2, 100.0%)"
1475,2,Clinical Sciences,2,1.0,"Clinical Sciences (2, 100.0%)"
1476,2,Clinical Sciences,2,1.0,"Clinical Sciences (2, 100.0%)"
1477,2,Oncology and Carcinogenesis,2,1.0,"Oncology and Carcinogenesis (2, 100.0%)"
1478,2,Machine Learning,2,1.0,"Machine Learning (2, 100.0%)"
1479,2,Clinical Sciences,2,1.0,"Clinical Sciences (2, 100.0%)"
1480,2,Health Services and Systems,2,1.0,"Health Services and Systems (2, 100.0%)"
1481,2,Clinical Sciences,2,1.0,"Clinical Sciences (2, 100.0%)"
1482,2,Public Health,2,1.0,"Public Health (2, 100.0%)"
1483,2,Epidemiology,2,1.0,"Epidemiology (2, 100.0%)"
1484,2,Epidemiology,2,1.0,"Epidemiology (2, 100.0%)"
1485,2,Clinical Sciences,2,1.0,"Clinical Sciences (2, 100.0%)"
1486,2,Epidemiology,2,1.0,"Epidemiology (2, 100.0%)"
1487,2,Public Health,2,1.0,"Public Health (2, 100.0%)"
1488,2,Genetics,1,0.5,"Genetics (1, 50.0%); Statistics (1, 50.0%)"
1489,2,Medical Biochemistry and Metabolomics,2,1.0,"Medical Biochemistry and Metabolomics (2, 100.0%)"
1490,2,Epidemiology,2,1.0,"Epidemiology (2, 100.0%)"
1491,2,Biomedical Engineering,2,1.0,"Biomedical Engineering (2, 100.0%)"
1492,2,Medical Biochemistry and Metabolomics,2,1.0,"Medical Biochemistry and Metabolomics (2, 100.0%)"
1493,2,Epidemiology,2,1.0,"Epidemiology (2, 100.0%)"
1494,2,Clinical Sciences,2,1.0,"Clinical Sciences (2, 100.0%)"
1495,2,Oncology and Carcinogenesis,2,1.0,"Oncology and Carcinogenesis (2, 100.0%)"
1496,2,Clinical Sciences,2,1.0,"Clinical Sciences (2, 100.0%)"
1497,2,Cardiovascular Medicine and Haematology,2,1.0,"Cardiovascular Medicine and Haematology (2, 100.0%)"
1498,2,Clinical Sciences,2,1.0,"Clinical Sciences (2, 100.0%)"
1499,2,Clinical Sciences,2,1.0,"Clinical Sciences (2, 100.0%)"
1500,2,Genetics,2,1.0,"Genetics (2, 100.0%)"
1501,2,Applied and Developmental Psychology,2,1.0,"Applied and Developmental Psychology (2, 100.0%)"
1502,2,Clinical Sciences,2,1.0,"Clinical Sciences (2, 100.0%)"
1503,2,Epidemiology,2,1.0,"Epidemiology (2, 100.0%)"
1504,2,Clinical Sciences,2,1.0,"Clinical Sciences (2, 100.0%)"
1505,2,Clinical Sciences,2,1.0,"Clinical Sciences (2, 100.0%)"
1506,2,Genetics,2,1.0,"Genetics (2, 100.0%)"
1507,2,Clinical Sciences,2,1.0,"Clinical Sciences (2, 100.0%)"
1508,2,Epidemiology,2,1.0,"Epidemiology (2, 100.0%)"
1509,2,Immunology,2,1.0,"Immunology (2, 100.0%)"
1510,2,Biological Psychology,2,1.0,"Biological Psychology (2, 100.0%)"
1511,2,Dentistry,2,1.0,"Dentistry (2, 100.0%)"
1512,2,Clinical Sciences,2,1.0,"Clinical Sciences (2, 100.0%)"
1513,2,Immunology,2,1.0,"Immunology (2, 100.0%)"
1514,2,Epidemiology,2,1.0,"Epidemiology (2, 100.0%)"
1515,2,Biological Psychology,2,1.0,"Biological Psychology (2, 100.0%)"
1516,2,Genetics,2,1.0,"Genetics (2, 100.0%)"
1517,2,Medical Biotechnology,2,1.0,"Medical Biotechnology (2, 100.0%)"
1518,2,Epidemiology,2,1.0,"Epidemiology (2, 100.0%)"
1519,2,Cardiovascular Medicine and Haematology,2,1.0,"Cardiovascular Medicine and Haematology (2, 100.0%)"
1520,2,Clinical Sciences,2,1.0,"Clinical Sciences (2, 100.0%)"
1521,2,Biochemistry and Cell Biology,1,0.5,"Biochemistry and Cell Biology (1, 50.0%); Genetics (1, 50.0%)"
1522,2,Biochemistry and Cell Biology,2,1.0,"Biochemistry and Cell Biology (2, 100.0%)"
1523,2,Epidemiology,2,1.0,"Epidemiology (2, 100.0%)"
1524,2,Biological Psychology,2,1.0,"Biological Psychology (2, 100.0%)"
1525,2,Clinical Sciences,2,1.0,"Clinical Sciences (2, 100.0%)"
1526,2,Chemical Engineering,2,1.0,"Chemical Engineering (2, 100.0%)"
1527,2,Biological Psychology,2,1.0,"Biological Psychology (2, 100.0%)"
1528,2,Epidemiology,2,1.0,"Epidemiology (2, 100.0%)"
1529,2,Artificial Intelligence,2,1.0,"Artificial Intelligence (2, 100.0%)"
1530,2,Biological Psychology,2,1.0,"Biological Psychology (2, 100.0%)"
1531,2,Clinical Sciences,2,1.0,"Clinical Sciences (2, 100.0%)"
1532,2,Public Health,2,1.0,"Public Health (2, 100.0%)"
1533,2,Clinical Sciences,2,1.0,"Clinical Sciences (2, 100.0%)"
1534,2,Biological Psychology,2,1.0,"Biological Psychology (2, 100.0%)"
1535,2,Epidemiology,2,1.0,"Epidemiology (2, 100.0%)"
1536,2,Cardiovascular Medicine and Haematology,2,1.0,"Cardiovascular Medicine and Haematology (2, 100.0%)"
1537,2,Health Services and Systems,2,1.0,"Health Services and Systems (2, 100.0%)"
1538,2,Genetics,2,1.0,"Genetics (2, 100.0%)"
1539,2,Oncology and Carcinogenesis,2,1.0,"Oncology and Carcinogenesis (2, 100.0%)"
1540,2,Machine Learning,2,1.0,"Machine Learning (2, 100.0%)"
1541,2,Epidemiology,2,1.0,"Epidemiology (2, 100.0%)"
1542,2,Clinical Sciences,2,1.0,"Clinical Sciences (2, 100.0%)"
1543,2,Statistics,2,1.0,"Statistics (2, 100.0%)"
1544,2,Clinical Sciences,2,1.0,"Clinical Sciences (2, 100.0%)"
1545,2,Medical Physiology,2,1.0,"Medical Physiology (2, 100.0%)"
1546,2,Genetics,2,1.0,"Genetics (2, 100.0%)"
1547,2,Clinical Sciences,2,1.0,"Clinical Sciences (2, 100.0%)"
1548,2,Epidemiology,2,1.0,"Epidemiology (2, 100.0%)"
1549,2,Genetics,2,1.0,"Genetics (2, 100.0%)"
1550,2,Clinical Sciences,2,1.0,"Clinical Sciences (2, 100.0%)"
1551,2,Epidemiology,2,1.0,"Epidemiology (2, 100.0%)"
1552,2,Epidemiology,2,1.0,"Epidemiology (2, 100.0%)"
1553,2,Genetics,2,1.0,"Genetics (2, 100.0%)"
1554,2,Nutrition and Dietetics,2,1.0,"Nutrition and Dietetics (2, 100.0%)"
1555,2,Epidemiology,2,1.0,"Epidemiology (2, 100.0%)"
1556,2,Clinical Sciences,2,1.0,"Clinical Sciences (2, 100.0%)"
1557,2,Epidemiology,2,1.0,"Epidemiology (2, 100.0%)"
1558,2,Biological Psychology,2,1.0,"Biological Psychology (2, 100.0%)"
1559,2,Epidemiology,2,1.0,"Epidemiology (2, 100.0%)"
1560,2,Clinical Sciences,2,1.0,"Clinical Sciences (2, 100.0%)"
1561,2,Oncology and Carcinogenesis,2,1.0,"Oncology and Carcinogenesis (2, 100.0%)"
1562,2,Epidemiology,2,1.0,"Epidemiology (2, 100.0%)"
1563,2,Epidemiology,2,1.0,"Epidemiology (2, 100.0%)"
1564,2,Nutrition and Dietetics,2,1.0,"Nutrition and Dietetics (2, 100.0%)"
1565,2,Oncology and Carcinogenesis,2,1.0,"Oncology and Carcinogenesis (2, 100.0%)"
1566,2,Epidemiology,2,1.0,"Epidemiology (2, 100.0%)"
1567,2,Clinical Sciences,2,1.0,"Clinical Sciences (2, 100.0%)"
1568,2,Cardiovascular Medicine and Haematology,2,1.0,"Cardiovascular Medicine and Haematology (2, 100.0%)"
1569,2,Biological Psychology,2,1.0,"Biological Psychology (2, 100.0%)"
1570,2,Epidemiology,2,1.0,"Epidemiology (2, 100.0%)"
1571,2,Epidemiology,2,1.0,"Epidemiology (2, 100.0%)"
1572,2,Health Services and Systems,2,1.0,"Health Services and Systems (2, 100.0%)"
1573,2,Clinical Sciences,2,1.0,"Clinical Sciences (2, 100.0%)"
1574,2,Clinical Sciences,2,1.0,"Clinical Sciences (2, 100.0%)"
1575,2,Clinical Sciences,2,1.0,"Clinical Sciences (2, 100.0%)"
1576,2,Epidemiology,2,1.0,"Epidemiology (2, 100.0%)"
1577,2,Epidemiology,2,1.0,"Epidemiology (2, 100.0%)"
1578,2,Public Health,2,1.0,"Public Health (2, 100.0%)"
1579,2,Cardiovascular Medicine and Haematology,2,1.0,"Cardiovascular Medicine and Haematology (2, 100.0%)"
1580,2,Public Health,2,1.0,"Public Health (2, 100.0%)"
1581,2,Epidemiology,2,1.0,"Epidemiology (2, 100.0%)"
1582,2,Epidemiology,2,1.0,"Epidemiology (2, 100.0%)"
1583,2,Cardiovascular Medicine and Haematology,2,1.0,"Cardiovascular Medicine and Haematology (2, 100.0%)"
1584,2,Epidemiology,2,1.0,"Epidemiology (2, 100.0%)"
1585,2,Artificial Intelligence,2,1.0,"Artificial Intelligence (2, 100.0%)"
1586,2,Public Health,2,1.0,"Public Health (2, 100.0%)"
1587,2,Allied Health and Rehabilitation Science,2,1.0,"Allied Health and Rehabilitation Science (2, 100.0%)"
1588,2,Nutrition and Dietetics,2,1.0,"Nutrition and Dietetics (2, 100.0%)"
1589,2,Genetics,2,1.0,"Genetics (2, 100.0%)"
1590,2,Cardiovascular Medicine and Haematology,2,1.0,"Cardiovascular Medicine and Haematology (2, 100.0%)"
1591,2,Gender Studies,2,1.0,"Gender Studies (2, 100.0%)"
1592,2,Clinical Sciences,2,1.0,"Clinical Sciences (2, 100.0%)"
1593,2,Analytical Chemistry,2,1.0,"Analytical Chemistry (2, 100.0%)"
1594,2,Epidemiology,2,1.0,"Epidemiology (2, 100.0%)"
1595,2,Clinical Sciences,2,1.0,"Clinical Sciences (2, 100.0%)"
1596,2,Clinical Sciences,2,1.0,"Clinical Sciences (2, 100.0%)"
1597,2,Epidemiology,2,1.0,"Epidemiology (2, 100.0%)"
1598,2,Machine Learning,2,1.0,"Machine Learning (2, 100.0%)"
1599,2,Cardiovascular Medicine and Haematology,2,1.0,"Cardiovascular Medicine and Haematology (2, 100.0%)"
1600,2,Clinical Sciences,2,1.0,"Clinical Sciences (2, 100.0%)"
1601,2,Epidemiology,2,1.0,"Epidemiology (2, 100.0%)"
1602,2,Clinical Sciences,2,1.0,"Clinical Sciences (2, 100.0%)"
1603,2,Clinical Sciences,2,1.0,"Clinical Sciences (2, 100.0%)"
1604,2,Applied and Developmental Psychology,2,1.0,"Applied and Developmental Psychology (2, 100.0%)"
1605,2,Epidemiology,2,1.0,"Epidemiology (2, 100.0%)"
1606,2,Health Services and Systems,2,1.0,"Health Services and Systems (2, 100.0%)"
1607,2,Epidemiology,2,1.0,"Epidemiology (2, 100.0%)"
1608,2,Epidemiology,2,1.0,"Epidemiology (2, 100.0%)"
1609,2,Medical Biochemistry and Metabolomics,2,1.0,"Medical Biochemistry and Metabolomics (2, 100.0%)"
1610,2,Atmospheric Sciences,2,1.0,"Atmospheric Sciences (2, 100.0%)"
1611,2,Immunology,2,1.0,"Immunology (2, 100.0%)"
1612,2,Nutrition and Dietetics,2,1.0,"Nutrition and Dietetics (2, 100.0%)"
1613,2,Clinical Sciences,2,1.0,"Clinical Sciences (2, 100.0%)"
1614,2,Clinical Sciences,2,1.0,"Clinical Sciences (2, 100.0%)"
1615,2,Epidemiology,2,1.0,"Epidemiology (2, 100.0%)"
1616,2,Reproductive Medicine,2,1.0,"Reproductive Medicine (2, 100.0%)"
1617,2,Machine Learning,2,1.0,"Machine Learning (2, 100.0%)"
1618,2,Nutrition and Dietetics,2,1.0,"Nutrition and Dietetics (2, 100.0%)"
1619,2,Epidemiology,2,1.0,"Epidemiology (2, 100.0%)"
1620,2,Epidemiology,2,1.0,"Epidemiology (2, 100.0%)"
1621,2,Unclassified,2,1.0,"Unclassified (2, 100.0%)"
1622,2,Epidemiology,2,1.0,"Epidemiology (2, 100.0%)"
1623,2,Clinical Sciences,2,1.0,"Clinical Sciences (2, 100.0%)"
1624,2,Clinical Sciences,2,1.0,"Clinical Sciences (2, 100.0%)"
1625,2,Cardiovascular Medicine and Haematology,2,1.0,"Cardiovascular Medicine and Haematology (2, 100.0%)"
1626,2,Epidemiology,2,1.0,"Epidemiology (2, 100.0%)"
1627,2,Nutrition and Dietetics,2,1.0,"Nutrition and Dietetics (2, 100.0%)"
1628,2,Social and Personality Psychology,2,1.0,"Social and Personality Psychology (2, 100.0%)"
1629,2,Biological Psychology,2,1.0,"Biological Psychology (2, 100.0%)"
1630,2,Clinical Sciences,2,1.0,"Clinical Sciences (2, 100.0%)"
1631,2,Clinical Sciences,2,1.0,"Clinical Sciences (2, 100.0%)"
1632,2,Epidemiology,2,1.0,"Epidemiology (2, 100.0%)"
1633,2,Genetics,2,1.0,"Genetics (2, 100.0%)"
1634,2,Clinical Sciences,2,1.0,"Clinical Sciences (2, 100.0%)"
1635,2,Clinical and Health Psychology,2,1.0,"Clinical and Health Psychology (2, 100.0%)"
1636,2,Genetics,2,1.0,"Genetics (2, 100.0%)"
1637,2,Genetics,2,1.0,"Genetics (2, 100.0%)"
1638,2,Epidemiology,2,1.0,"Epidemiology (2, 100.0%)"
1639,2,Immunology,2,1.0,"Immunology (2, 100.0%)"
1640,2,Reproductive Medicine,2,1.0,"Reproductive Medicine (2, 100.0%)"
1641,2,Dentistry,2,1.0,"Dentistry (2, 100.0%)"
1642,2,Clinical Sciences,2,1.0,"Clinical Sciences (2, 100.0%)"
1643,2,Unclassified,2,1.0,"Unclassified (2, 100.0%)"
1644,2,Immunology,2,1.0,"Immunology (2, 100.0%)"
1645,2,Clinical Sciences,2,1.0,"Clinical Sciences (2, 100.0%)"
1646,2,Genetics,2,1.0,"Genetics (2, 100.0%)"
1647,2,Neurosciences,2,1.0,"Neurosciences (2, 100.0%)"
1648,2,Epidemiology,2,1.0,"Epidemiology (2, 100.0%)"
1649,2,Bioinformatics and Computational Biology,2,1.0,"Bioinformatics and Computational Biology (2, 100.0%)"
1650,2,Clinical Sciences,2,1.0,"Clinical Sciences (2, 100.0%)"
1651,2,Oncology and Carcinogenesis,2,1.0,"Oncology and Carcinogenesis (2, 100.0%)"
1652,2,Epidemiology,2,1.0,"Epidemiology (2, 100.0%)"
1653,2,Biomedical Engineering,2,1.0,"Biomedical Engineering (2, 100.0%)"
1654,2,Epidemiology,2,1.0,"Epidemiology (2, 100.0%)"
1655,2,Machine Learning,2,1.0,"Machine Learning (2, 100.0%)"
1656,2,Biological Psychology,2,1.0,"Biological Psychology (2, 100.0%)"
1657,2,Microbiology,2,1.0,"Microbiology (2, 100.0%)"
1658,2,Clinical Sciences,2,1.0,"Clinical Sciences (2, 100.0%)"
1659,2,Oncology and Carcinogenesis,2,1.0,"Oncology and Carcinogenesis (2, 100.0%)"
1660,2,Public Health,2,1.0,"Public Health (2, 100.0%)"
1661,2,Oncology and Carcinogenesis,2,1.0,"Oncology and Carcinogenesis (2, 100.0%)"
1662,2,Clinical Sciences,2,1.0,"Clinical Sciences (2, 100.0%)"
1663,2,Epidemiology,2,1.0,"Epidemiology (2, 100.0%)"
1664,2,Cardiovascular Medicine and Haematology,2,1.0,"Cardiovascular Medicine and Haematology (2, 100.0%)"
1665,2,Clinical Sciences,2,1.0,"Clinical Sciences (2, 100.0%)"
1666,2,Oncology and Carcinogenesis,2,1.0,"Oncology and Carcinogenesis (2, 100.0%)"
1667,2,Immunology,2,1.0,"Immunology (2, 100.0%)"
1668,2,Cardiovascular Medicine and Haematology,2,1.0,"Cardiovascular Medicine and Haematology (2, 100.0%)"
1669,2,Nutrition and Dietetics,2,1.0,"Nutrition and Dietetics (2, 100.0%)"
1670,2,Neurosciences,2,1.0,"Neurosciences (2, 100.0%)"
1671,2,Clinical Sciences,2,1.0,"Clinical Sciences (2, 100.0%)"
1672,2,Biochemistry and Cell Biology,2,1.0,"Biochemistry and Cell Biology (2, 100.0%)"
1673,2,Machine Learning,2,1.0,"Machine Learning (2, 100.0%)"
1674,2,Epidemiology,2,1.0,"Epidemiology (2, 100.0%)"
1675,2,Clinical Sciences,2,1.0,"Clinical Sciences (2, 100.0%)"
1676,2,Epidemiology,2,1.0,"Epidemiology (2, 100.0%)"
1677,2,Epidemiology,2,1.0,"Epidemiology (2, 100.0%)"
1678,2,Clinical Sciences,2,1.0,"Clinical Sciences (2, 100.0%)"
1679,2,Immunology,2,1.0,"Immunology (2, 100.0%)"
1680,2,Biological Psychology,2,1.0,"Biological Psychology (2, 100.0%)"
1681,2,Cardiovascular Medicine and Haematology,2,1.0,"Cardiovascular Medicine and Haematology (2, 100.0%)"
1682,2,Clinical Sciences,2,1.0,"Clinical Sciences (2, 100.0%)"
1683,1,Clinical Sciences,1,1.0,"Clinical Sciences (1, 100.0%)"
1684,1,Epidemiology,1,1.0,"Epidemiology (1, 100.0%)"
1685,1,Dentistry,1,1.0,"Dentistry (1, 100.0%)"
1686,1,Clinical Sciences,1,1.0,"Clinical Sciences (1, 100.0%)"
1687,1,Clinical Sciences,1,1.0,"Clinical Sciences (1, 100.0%)"
1688,1,Oncology and Carcinogenesis,1,1.0,"Oncology and Carcinogenesis (1, 100.0%)"
1689,1,Epidemiology,1,1.0,"Epidemiology (1, 100.0%)"
1690,1,Epidemiology,1,1.0,"Epidemiology (1, 100.0%)"
1691,1,Clinical Sciences,1,1.0,"Clinical Sciences (1, 100.0%)"
1692,1,Reproductive Medicine,1,1.0,"Reproductive Medicine (1, 100.0%)"
1693,1,Nutrition and Dietetics,1,1.0,"Nutrition and Dietetics (1, 100.0%)"
1694,1,Epidemiology,1,1.0,"Epidemiology (1, 100.0%)"
1695,1,Computer Vision and Multimedia Computation,1,1.0,"Computer Vision and Multimedia Computation (1, 100.0%)"
1696,1,Clinical Sciences,1,1.0,"Clinical Sciences (1, 100.0%)"
1697,1,Clinical Sciences,1,1.0,"Clinical Sciences (1, 100.0%)"
1698,1,Oncology and Carcinogenesis,1,1.0,"Oncology and Carcinogenesis (1, 100.0%)"
1699,1,Oncology and Carcinogenesis,1,1.0,"Oncology and Carcinogenesis (1, 100.0%)"
1700,1,Genetics,1,1.0,"Genetics (1, 100.0%)"
1701,1,Biological Psychology,1,1.0,"Biological Psychology (1, 100.0%)"
1702,1,Clinical Sciences,1,1.0,"Clinical Sciences (1, 100.0%)"
1703,1,Epidemiology,1,1.0,"Epidemiology (1, 100.0%)"
1704,1,Clinical Sciences,1,1.0,"Clinical Sciences (1, 100.0%)"
1705,1,Unclassified,1,1.0,"Unclassified (1, 100.0%)"
1706,1,Cardiovascular Medicine and Haematology,1,1.0,"Cardiovascular Medicine and Haematology (1, 100.0%)"
1707,1,Clinical Sciences,1,1.0,"Clinical Sciences (1, 100.0%)"
1708,1,Clinical Sciences,1,1.0,"Clinical Sciences (1, 100.0%)"
1709,1,Biological Psychology,1,1.0,"Biological Psychology (1, 100.0%)"
1710,1,Epidemiology,1,1.0,"Epidemiology (1, 100.0%)"
1711,1,Biochemistry and Cell Biology,1,1.0,"Biochemistry and Cell Biology (1, 100.0%)"
1712,1,Epidemiology,1,1.0,"Epidemiology (1, 100.0%)"
1713,1,Machine Learning,1,1.0,"Machine Learning (1, 100.0%)"
1714,1,Biological Psychology,1,1.0,"Biological Psychology (1, 100.0%)"
1715,1,Biological Psychology,1,1.0,"Biological Psychology (1, 100.0%)"
1716,1,Epidemiology,1,1.0,"Epidemiology (1, 100.0%)"
1717,1,Clinical Sciences,1,1.0,"Clinical Sciences (1, 100.0%)"
1718,1,Medical Microbiology,1,1.0,"Medical Microbiology (1, 100.0%)"
1719,1,Cardiovascular Medicine and Haematology,1,1.0,"Cardiovascular Medicine and Haematology (1, 100.0%)"
1720,1,Clinical Sciences,1,1.0,"Clinical Sciences (1, 100.0%)"
1721,1,Biological Psychology,1,1.0,"Biological Psychology (1, 100.0%)"
1722,1,Clinical Sciences,1,1.0,"Clinical Sciences (1, 100.0%)"
1723,1,Clinical Sciences,1,1.0,"Clinical Sciences (1, 100.0%)"
1724,1,Oncology and Carcinogenesis,1,1.0,"Oncology and Carcinogenesis (1, 100.0%)"
1725,1,Clinical Sciences,1,1.0,"Clinical Sciences (1, 100.0%)"
1726,1,Clinical Sciences,1,1.0,"Clinical Sciences (1, 100.0%)"
1727,1,Clinical Sciences,1,1.0,"Clinical Sciences (1, 100.0%)"
1728,1,Policy and Administration,1,1.0,"Policy and Administration (1, 100.0%)"
1729,1,Clinical Sciences,1,1.0,"Clinical Sciences (1, 100.0%)"
1730,1,Clinical Sciences,1,1.0,"Clinical Sciences (1, 100.0%)"
1731,1,Epidemiology,1,1.0,"Epidemiology (1, 100.0%)"
1732,1,Clinical Sciences,1,1.0,"Clinical Sciences (1, 100.0%)"
1733,1,Reproductive Medicine,1,1.0,"Reproductive Medicine (1, 100.0%)"
1734,1,Biochemistry and Cell Biology,1,1.0,"Biochemistry and Cell Biology (1, 100.0%)"
1735,1,Public Health,1,1.0,"Public Health (1, 100.0%)"
1736,1,Immunology,1,1.0,"Immunology (1, 100.0%)"
1737,1,Immunology,1,1.0,"Immunology (1, 100.0%)"
1738,1,Epidemiology,1,1.0,"Epidemiology (1, 100.0%)"
1739,1,Epidemiology,1,1.0,"Epidemiology (1, 100.0%)"
1740,1,Oncology and Carcinogenesis,1,1.0,"Oncology and Carcinogenesis (1, 100.0%)"
1741,1,Epidemiology,1,1.0,"Epidemiology (1, 100.0%)"
1742,1,Biological Psychology,1,1.0,"Biological Psychology (1, 100.0%)"
1743,1,Applied Computing,1,1.0,"Applied Computing (1, 100.0%)"
1744,1,Epidemiology,1,1.0,"Epidemiology (1, 100.0%)"
1745,1,Epidemiology,1,1.0,"Epidemiology (1, 100.0%)"
1746,1,Machine Learning,1,1.0,"Machine Learning (1, 100.0%)"
1747,1,Epidemiology,1,1.0,"Epidemiology (1, 100.0%)"
1748,1,Clinical Sciences,1,1.0,"Clinical Sciences (1, 100.0%)"
1749,1,Clinical Sciences,1,1.0,"Clinical Sciences (1, 100.0%)"
1750,1,Health Services and Systems,1,1.0,"Health Services and Systems (1, 100.0%)"
1751,1,Biological Psychology,1,1.0,"Biological Psychology (1, 100.0%)"
1752,1,Biomedical Engineering,1,1.0,"Biomedical Engineering (1, 100.0%)"
1753,1,Oncology and Carcinogenesis,1,1.0,"Oncology and Carcinogenesis (1, 100.0%)"
1754,1,Biochemistry and Cell Biology,1,1.0,"Biochemistry and Cell Biology (1, 100.0%)"
1755,1,Clinical Sciences,1,1.0,"Clinical Sciences (1, 100.0%)"
1756,1,Epidemiology,1,1.0,"Epidemiology (1, 100.0%)"
1757,1,Cardiovascular Medicine and Haematology,1,1.0,"Cardiovascular Medicine and Haematology (1, 100.0%)"
1758,1,Computer Vision and Multimedia Computation,1,1.0,"Computer Vision and Multimedia Computation (1, 100.0%)"
1759,1,Epidemiology,1,1.0,"Epidemiology (1, 100.0%)"
1760,1,Clinical Sciences,1,1.0,"Clinical Sciences (1, 100.0%)"
1761,1,Epidemiology,1,1.0,"Epidemiology (1, 100.0%)"
1762,1,Epidemiology,1,1.0,"Epidemiology (1, 100.0%)"
1763,1,Epidemiology,1,1.0,"Epidemiology (1, 100.0%)"
1764,1,Clinical Sciences,1,1.0,"Clinical Sciences (1, 100.0%)"
1765,1,Cardiovascular Medicine and Haematology,1,1.0,"Cardiovascular Medicine and Haematology (1, 100.0%)"
1766,1,Epidemiology,1,1.0,"Epidemiology (1, 100.0%)"
1767,1,Clinical Sciences,1,1.0,"Clinical Sciences (1, 100.0%)"
1768,1,Epidemiology,1,1.0,"Epidemiology (1, 100.0%)"
1769,1,Epidemiology,1,1.0,"Epidemiology (1, 100.0%)"
1770,1,Epidemiology,1,1.0,"Epidemiology (1, 100.0%)"
1771,1,Pharmacology and Pharmaceutical Sciences,1,1.0,"Pharmacology and Pharmaceutical Sciences (1, 100.0%)"
1772,1,Cardiovascular Medicine and Haematology,1,1.0,"Cardiovascular Medicine and Haematology (1, 100.0%)"
1773,1,Reproductive Medicine,1,1.0,"Reproductive Medicine (1, 100.0%)"
1774,1,Epidemiology,1,1.0,"Epidemiology (1, 100.0%)"
1775,1,Clinical Sciences,1,1.0,"Clinical Sciences (1, 100.0%)"
1776,1,Pharmacology and Pharmaceutical Sciences,1,1.0,"Pharmacology and Pharmaceutical Sciences (1, 100.0%)"
1777,1,Clinical Sciences,1,1.0,"Clinical Sciences (1, 100.0%)"
1778,1,Biomedical Engineering,1,1.0,"Biomedical Engineering (1, 100.0%)"
1779,1,Medicinal and Biomolecular Chemistry,1,1.0,"Medicinal and Biomolecular Chemistry (1, 100.0%)"
1780,1,Public Health,1,1.0,"Public Health (1, 100.0%)"
1781,1,Immunology,1,1.0,"Immunology (1, 100.0%)"
1782,1,Evolutionary Biology,1,1.0,"Evolutionary Biology (1, 100.0%)"
1783,1,Epidemiology,1,1.0,"Epidemiology (1, 100.0%)"
1784,1,Clinical Sciences,1,1.0,"Clinical Sciences (1, 100.0%)"
1785,1,Cardiovascular Medicine and Haematology,1,1.0,"Cardiovascular Medicine and Haematology (1, 100.0%)"
1786,1,Epidemiology,1,1.0,"Epidemiology (1, 100.0%)"
1787,1,Genetics,1,1.0,"Genetics (1, 100.0%)"
1788,1,Biological Psychology,1,1.0,"Biological Psychology (1, 100.0%)"
1789,1,Genetics,1,1.0,"Genetics (1, 100.0%)"
1790,1,Genetics,1,1.0,"Genetics (1, 100.0%)"
1791,1,Machine Learning,1,1.0,"Machine Learning (1, 100.0%)"
1792,1,Epidemiology,1,1.0,"Epidemiology (1, 100.0%)"
1793,1,Clinical Sciences,1,1.0,"Clinical Sciences (1, 100.0%)"
1794,1,Clinical Sciences,1,1.0,"Clinical Sciences (1, 100.0%)"
1795,1,Unclassified,1,1.0,"Unclassified (1, 100.0%)"
1796,1,Epidemiology,1,1.0,"Epidemiology (1, 100.0%)"
1797,1,Clinical Sciences,1,1.0,"Clinical Sciences (1, 100.0%)"
1798,1,Genetics,1,1.0,"Genetics (1, 100.0%)"
1799,1,Clinical Sciences,1,1.0,"Clinical Sciences (1, 100.0%)"
1800,1,Epidemiology,1,1.0,"Epidemiology (1, 100.0%)"
1801,1,Biological Psychology,1,1.0,"Biological Psychology (1, 100.0%)"
1802,1,Nutrition and Dietetics,1,1.0,"Nutrition and Dietetics (1, 100.0%)"
1803,1,Bioinformatics and Computational Biology,1,1.0,"Bioinformatics and Computational Biology (1, 100.0%)"
1804,1,Clinical Sciences,1,1.0,"Clinical Sciences (1, 100.0%)"
1805,1,Epidemiology,1,1.0,"Epidemiology (1, 100.0%)"
1806,1,Clinical Sciences,1,1.0,"Clinical Sciences (1, 100.0%)"
1807,1,Clinical Sciences,1,1.0,"Clinical Sciences (1, 100.0%)"
1808,1,Biochemistry and Cell Biology,1,1.0,"Biochemistry and Cell Biology (1, 100.0%)"
1809,1,Biomedical Engineering,1,1.0,"Biomedical Engineering (1, 100.0%)"
1810,1,Unclassified,1,1.0,"Unclassified (1, 100.0%)"
1811,1,Reproductive Medicine,1,1.0,"Reproductive Medicine (1, 100.0%)"
1812,1,Clinical Sciences,1,1.0,"Clinical Sciences (1, 100.0%)"
1813,1,Clinical Sciences,1,1.0,"Clinical Sciences (1, 100.0%)"
1814,1,Clinical Sciences,1,1.0,"Clinical Sciences (1, 100.0%)"
1815,1,Ophthalmology and Optometry,1,1.0,"Ophthalmology and Optometry (1, 100.0%)"
1816,1,Nutrition and Dietetics,1,1.0,"Nutrition and Dietetics (1, 100.0%)"
1817,1,Genetics,1,1.0,"Genetics (1, 100.0%)"
1818,1,Statistics,1,1.0,"Statistics (1, 100.0%)"
1819,1,Genetics,1,1.0,"Genetics (1, 100.0%)"
1820,1,Epidemiology,1,1.0,"Epidemiology (1, 100.0%)"
1821,1,Clinical Sciences,1,1.0,"Clinical Sciences (1, 100.0%)"
1822,1,Clinical Sciences,1,1.0,"Clinical Sciences (1, 100.0%)"
1823,1,Epidemiology,1,1.0,"Epidemiology (1, 100.0%)"
1824,1,Oncology and Carcinogenesis,1,1.0,"Oncology and Carcinogenesis (1, 100.0%)"
1825,1,Medical Microbiology,1,1.0,"Medical Microbiology (1, 100.0%)"
1826,1,Evolutionary Biology,1,1.0,"Evolutionary Biology (1, 100.0%)"
1827,1,Public Health,1,1.0,"Public Health (1, 100.0%)"
1828,1,Clinical Sciences,1,1.0,"Clinical Sciences (1, 100.0%)"
1829,1,Clinical Sciences,1,1.0,"Clinical Sciences (1, 100.0%)"
1830,1,Unclassified,1,1.0,"Unclassified (1, 100.0%)"
1831,1,Oncology and Carcinogenesis,1,1.0,"Oncology and Carcinogenesis (1, 100.0%)"
1832,1,Biological Psychology,1,1.0,"Biological Psychology (1, 100.0%)"
1833,1,Applied Computing,1,1.0,"Applied Computing (1, 100.0%)"
1834,1,Computer Vision and Multimedia Computation,1,1.0,"Computer Vision and Multimedia Computation (1, 100.0%)"
1835,1,Epidemiology,1,1.0,"Epidemiology (1, 100.0%)"
1836,1,Nutrition and Dietetics,1,1.0,"Nutrition and Dietetics (1, 100.0%)"
1837,1,Epidemiology,1,1.0,"Epidemiology (1, 100.0%)"
1838,1,Cardiovascular Medicine and Haematology,1,1.0,"Cardiovascular Medicine and Haematology (1, 100.0%)"
1839,1,Epidemiology,1,1.0,"Epidemiology (1, 100.0%)"
1840,1,Bioinformatics and Computational Biology,1,1.0,"Bioinformatics and Computational Biology (1, 100.0%)"
1841,1,Epidemiology,1,1.0,"Epidemiology (1, 100.0%)"
1842,1,Medical Microbiology,1,1.0,"Medical Microbiology (1, 100.0%)"
1843,1,Biological Psychology,1,1.0,"Biological Psychology (1, 100.0%)"
1844,1,Biochemistry and Cell Biology,1,1.0,"Biochemistry and Cell Biology (1, 100.0%)"
1845,1,Epidemiology,1,1.0,"Epidemiology (1, 100.0%)"
1846,1,Epidemiology,1,1.0,"Epidemiology (1, 100.0%)"
1847,1,Epidemiology,1,1.0,"Epidemiology (1, 100.0%)"
1848,1,Epidemiology,1,1.0,"Epidemiology (1, 100.0%)"
1849,1,Immunology,1,1.0,"Immunology (1, 100.0%)"
1850,1,Genetics,1,1.0,"Genetics (1, 100.0%)"
1851,1,Epidemiology,1,1.0,"Epidemiology (1, 100.0%)"
1852,1,Clinical Sciences,1,1.0,"Clinical Sciences (1, 100.0%)"
1853,1,Clinical Sciences,1,1.0,"Clinical Sciences (1, 100.0%)"
1854,1,Clinical Sciences,1,1.0,"Clinical Sciences (1, 100.0%)"
1855,1,Gender Studies,1,1.0,"Gender Studies (1, 100.0%)"
1856,1,Epidemiology,1,1.0,"Epidemiology (1, 100.0%)"
1857,1,Oncology and Carcinogenesis,1,1.0,"Oncology and Carcinogenesis (1, 100.0%)"
