community,name_gender,n_authors,group_authors,author_share,rank
1,Male,3466,6959,0.49806006610145137,1
1,Female,2756,6959,0.3960339129185228,2
1,Unknown,737,6959,0.10590602098002587,3
2,Female,1629,3657,0.44544708777686626,1
2,Male,1591,3657,0.43505605687722176,2
2,Unknown,437,3657,0.11949685534591195,3
3,Male,1343,2646,0.5075585789871504,1
3,Female,929,2646,0.3510959939531368,2
3,Unknown,374,2646,0.14134542705971279,3
4,Female,1325,2207,0.600362483008609,1
4,Male,669,2207,0.3031264159492524,2
4,Unknown,213,2207,0.09651110104213866,3
5,Male,1015,2086,0.4865771812080537,1
5,Female,785,2086,0.3763183125599233,2
5,Unknown,286,2086,0.137104506232023,3
6,Male,1026,1948,0.526694045174538,1
6,Female,670,1948,0.34394250513347024,2
6,Unknown,252,1948,0.1293634496919918,3
7,Male,1002,1819,0.5508521165475536,1
7,Female,584,1819,0.3210555250137438,2
7,Unknown,233,1819,0.1280923584387026,3
8,Male,813,1649,0.49302607640994545,1
8,Female,576,1649,0.3493026076409945,2
8,Unknown,260,1649,0.15767131594906003,3
9,Male,689,1520,0.4532894736842105,1
9,Female,552,1520,0.3631578947368421,2
9,Unknown,279,1520,0.18355263157894736,3
10,Male,748,1519,0.4924292297564187,1
10,Female,658,1519,0.43317972350230416,2
10,Unknown,113,1519,0.07439104674127715,3
11,Male,738,1505,0.49036544850498337,1
11,Female,508,1505,0.33754152823920264,2
11,Unknown,259,1505,0.17209302325581396,3
12,Male,677,1497,0.45223780895123583,1
12,Female,649,1497,0.43353373413493657,2
12,Unknown,171,1497,0.11422845691382766,3
13,Male,652,1421,0.45883180858550315,1
13,Female,580,1421,0.40816326530612246,2
13,Unknown,189,1421,0.1330049261083744,3
14,Male,617,1283,0.4809041309431021,1
14,Female,506,1283,0.39438815276695244,2
14,Unknown,160,1283,0.12470771628994544,3
15,Male,591,1279,0.4620797498045348,1
15,Female,513,1279,0.40109460516028145,2
15,Unknown,175,1279,0.13682564503518374,3
16,Unknown,552,1114,0.4955116696588869,1
16,Female,282,1114,0.25314183123877915,2
16,Male,280,1114,0.2513464991023339,3
17,Male,636,1113,0.5714285714285714,1
17,Female,324,1113,0.29110512129380056,2
17,Unknown,153,1113,0.13746630727762804,3
18,Unknown,540,1064,0.5075187969924813,1
18,Female,279,1064,0.26221804511278196,2
18,Male,245,1064,0.23026315789473684,3
19,Male,472,1063,0.44402634054562556,1
19,Female,347,1063,0.3264346190028222,2
19,Unknown,244,1063,0.2295390404515522,3
20,Male,561,1050,0.5342857142857143,1
20,Female,387,1050,0.36857142857142855,2
20,Unknown,102,1050,0.09714285714285714,3
21,Male,515,1036,0.4971042471042471,1
21,Female,368,1036,0.3552123552123552,2
21,Unknown,153,1036,0.1476833976833977,3
22,Male,500,906,0.5518763796909493,1
22,Female,336,906,0.3708609271523179,2
22,Unknown,70,906,0.0772626931567329,3
23,Male,461,877,0.5256556442417332,1
23,Female,281,877,0.3204104903078677,2
23,Unknown,135,877,0.15393386545039908,3
24,Unknown,384,818,0.46943765281173594,1
24,Female,226,818,0.2762836185819071,2
24,Male,208,818,0.254278728606357,3
25,Male,273,775,0.352258064516129,1
25,Unknown,254,775,0.327741935483871,2
25,Female,248,775,0.32,3
26,Male,382,679,0.5625920471281296,1
26,Female,238,679,0.35051546391752575,2
26,Unknown,59,679,0.08689248895434462,3
27,Male,317,678,0.46755162241887904,1
27,Female,260,678,0.3834808259587021,2
27,Unknown,101,678,0.14896755162241887,3
28,Male,360,671,0.5365126676602087,1
28,Female,243,671,0.3621460506706408,2
28,Unknown,68,671,0.10134128166915052,3
29,Unknown,254,650,0.39076923076923076,1
29,Male,216,650,0.3323076923076923,2
29,Female,180,650,0.27692307692307694,3
30,Unknown,307,593,0.5177065767284992,1
30,Male,144,593,0.24283305227655985,2
30,Female,142,593,0.23946037099494097,3
31,Male,319,581,0.5490533562822719,1
31,Female,214,581,0.3683304647160069,2
31,Unknown,48,581,0.08261617900172118,3
32,Unknown,267,572,0.46678321678321677,1
32,Female,176,572,0.3076923076923077,2
32,Male,129,572,0.22552447552447552,3
33,Unknown,292,540,0.5407407407407407,1
33,Female,130,540,0.24074074074074073,2
33,Male,118,540,0.21851851851851853,3
34,Unknown,265,534,0.49625468164794007,1
34,Female,141,534,0.2640449438202247,2
34,Male,128,534,0.2397003745318352,3
35,Male,219,461,0.4750542299349241,1
35,Female,145,461,0.31453362255965295,2
35,Unknown,97,461,0.210412147505423,3
36,Male,214,459,0.4662309368191721,1
36,Female,191,459,0.41612200435729846,2
36,Unknown,54,459,0.11764705882352941,3
37,Male,166,454,0.3656387665198238,1
37,Unknown,166,454,0.3656387665198238,2
37,Female,122,454,0.2687224669603524,3
38,Male,205,440,0.4659090909090909,1
38,Female,139,440,0.3159090909090909,2
38,Unknown,96,440,0.21818181818181817,3
39,Unknown,193,430,0.44883720930232557,1
39,Male,138,430,0.3209302325581395,2
39,Female,99,430,0.2302325581395349,3
40,Unknown,200,429,0.4662004662004662,1
40,Male,115,429,0.2680652680652681,2
40,Female,114,429,0.26573426573426573,3
41,Unknown,200,418,0.4784688995215311,1
41,Male,118,418,0.2822966507177033,2
41,Female,100,418,0.23923444976076555,3
42,Unknown,152,336,0.4523809523809524,1
42,Female,97,336,0.28869047619047616,2
42,Male,87,336,0.25892857142857145,3
43,Female,164,333,0.4924924924924925,1
43,Male,151,333,0.45345345345345345,2
43,Unknown,18,333,0.05405405405405406,3
44,Male,171,319,0.5360501567398119,1
44,Female,115,319,0.3605015673981191,2
44,Unknown,33,319,0.10344827586206896,3
45,Unknown,158,317,0.49842271293375395,1
45,Male,85,317,0.26813880126182965,2
45,Female,74,317,0.2334384858044164,3
46,Unknown,154,304,0.506578947368421,1
46,Female,78,304,0.2565789473684211,2
46,Male,72,304,0.23684210526315788,3
47,Male,142,296,0.4797297297297297,1
47,Female,89,296,0.30067567567567566,2
47,Unknown,65,296,0.2195945945945946,3
48,Male,162,292,0.5547945205479452,1
48,Female,95,292,0.3253424657534247,2
48,Unknown,35,292,0.11986301369863013,3
49,Unknown,150,281,0.5338078291814946,1
49,Male,68,281,0.24199288256227758,2
49,Female,63,281,0.22419928825622776,3
50,Unknown,144,273,0.5274725274725275,1
50,Female,65,273,0.23809523809523808,2
50,Male,64,273,0.23443223443223443,3
51,Unknown,117,269,0.4349442379182156,1
51,Male,97,269,0.36059479553903345,2
51,Female,55,269,0.20446096654275092,3
52,Unknown,142,267,0.5318352059925093,1
52,Male,79,267,0.2958801498127341,2
52,Female,46,267,0.17228464419475656,3
53,Male,139,258,0.5387596899224806,1
53,Female,83,258,0.32170542635658916,2
53,Unknown,36,258,0.13953488372093023,3
54,Male,141,256,0.55078125,1
54,Female,101,256,0.39453125,2
54,Unknown,14,256,0.0546875,3
55,Male,106,220,0.4818181818181818,1
55,Female,90,220,0.4090909090909091,2
55,Unknown,24,220,0.10909090909090909,3
56,Unknown,93,176,0.5284090909090909,1
56,Male,43,176,0.24431818181818182,2
56,Female,40,176,0.22727272727272727,3
57,Unknown,88,160,0.55,1
57,Female,37,160,0.23125,2
57,Male,35,160,0.21875,3
58,Unknown,83,146,0.5684931506849316,1
58,Female,35,146,0.23972602739726026,2
58,Male,28,146,0.1917808219178082,3
59,Unknown,60,141,0.425531914893617,1
59,Male,42,141,0.2978723404255319,2
59,Female,39,141,0.2765957446808511,3
60,Unknown,71,137,0.5182481751824818,1
60,Female,34,137,0.24817518248175183,2
60,Male,32,137,0.23357664233576642,3
61,Unknown,82,136,0.6029411764705882,1
61,Male,34,136,0.25,2
61,Female,20,136,0.14705882352941177,3
62,Male,70,131,0.5343511450381679,1
62,Female,47,131,0.35877862595419846,2
62,Unknown,14,131,0.10687022900763359,3
63,Male,80,130,0.6153846153846154,1
63,Female,39,130,0.3,2
63,Unknown,11,130,0.08461538461538462,3
64,Unknown,65,117,0.5555555555555556,1
64,Male,34,117,0.2905982905982906,2
64,Female,18,117,0.15384615384615385,3
65,Unknown,48,113,0.4247787610619469,1
65,Female,44,113,0.3893805309734513,2
65,Male,21,113,0.18584070796460178,3
66,Unknown,68,111,0.6126126126126126,1
66,Female,27,111,0.24324324324324326,2
66,Male,16,111,0.14414414414414414,3
67,Male,67,104,0.6442307692307693,1
67,Female,37,104,0.3557692307692308,2
68,Female,41,98,0.41836734693877553,1
68,Male,35,98,0.35714285714285715,2
68,Unknown,22,98,0.22448979591836735,3
69,Unknown,55,98,0.5612244897959183,1
69,Male,22,98,0.22448979591836735,2
69,Female,21,98,0.21428571428571427,3
70,Male,54,92,0.5869565217391305,1
70,Female,28,92,0.30434782608695654,2
70,Unknown,10,92,0.10869565217391304,3
71,Unknown,51,92,0.5543478260869565,1
71,Female,26,92,0.2826086956521739,2
71,Male,15,92,0.16304347826086957,3
72,Male,41,85,0.4823529411764706,1
72,Female,34,85,0.4,2
72,Unknown,10,85,0.11764705882352941,3
73,Male,41,85,0.4823529411764706,1
73,Female,38,85,0.4470588235294118,2
73,Unknown,6,85,0.07058823529411765,3
74,Male,53,84,0.6309523809523809,1
74,Female,16,84,0.19047619047619047,2
74,Unknown,15,84,0.17857142857142858,3
75,Female,38,79,0.4810126582278481,1
75,Male,36,79,0.45569620253164556,2
75,Unknown,5,79,0.06329113924050633,3
76,Unknown,42,77,0.5454545454545454,1
76,Male,23,77,0.2987012987012987,2
76,Female,12,77,0.15584415584415584,3
77,Male,33,72,0.4583333333333333,1
77,Female,25,72,0.3472222222222222,2
77,Unknown,14,72,0.19444444444444445,3
78,Unknown,38,72,0.5277777777777778,1
78,Female,18,72,0.25,2
78,Male,16,72,0.2222222222222222,3
79,Unknown,33,70,0.4714285714285714,1
79,Male,22,70,0.3142857142857143,2
79,Female,15,70,0.21428571428571427,3
80,Male,36,64,0.5625,1
80,Female,24,64,0.375,2
80,Unknown,4,64,0.0625,3
81,Unknown,31,62,0.5,1
81,Male,18,62,0.2903225806451613,2
81,Female,13,62,0.20967741935483872,3
82,Male,30,58,0.5172413793103449,1
82,Unknown,15,58,0.25862068965517243,2
82,Female,13,58,0.22413793103448276,3
83,Unknown,31,55,0.5636363636363636,1
83,Female,16,55,0.2909090909090909,2
83,Male,8,55,0.14545454545454545,3
84,Unknown,25,54,0.46296296296296297,1
84,Female,18,54,0.3333333333333333,2
84,Male,11,54,0.2037037037037037,3
85,Unknown,25,54,0.46296296296296297,1
85,Female,16,54,0.2962962962962963,2
85,Male,13,54,0.24074074074074073,3
86,Unknown,41,53,0.7735849056603774,1
86,Male,8,53,0.1509433962264151,2
86,Female,4,53,0.07547169811320754,3
87,Male,30,49,0.6122448979591837,1
87,Female,15,49,0.30612244897959184,2
87,Unknown,4,49,0.08163265306122448,3
88,Unknown,23,49,0.46938775510204084,1
88,Female,15,49,0.30612244897959184,2
88,Male,11,49,0.22448979591836735,3
89,Male,41,49,0.8367346938775511,1
89,Unknown,7,49,0.14285714285714285,2
89,Female,1,49,0.02040816326530612,3
90,Unknown,32,48,0.6666666666666666,1
90,Male,10,48,0.20833333333333334,2
90,Female,6,48,0.125,3
91,Unknown,30,48,0.625,1
91,Male,11,48,0.22916666666666666,2
91,Female,7,48,0.14583333333333334,3
92,Unknown,22,43,0.5116279069767442,1
92,Male,16,43,0.37209302325581395,2
92,Female,5,43,0.11627906976744186,3
93,Unknown,21,43,0.4883720930232558,1
93,Female,13,43,0.3023255813953488,2
93,Male,9,43,0.20930232558139536,3
94,Male,24,41,0.5853658536585366,1
94,Female,15,41,0.36585365853658536,2
94,Unknown,2,41,0.04878048780487805,3
95,Unknown,20,39,0.5128205128205128,1
95,Male,10,39,0.2564102564102564,2
95,Female,9,39,0.23076923076923078,3
96,Unknown,23,38,0.6052631578947368,1
96,Male,9,38,0.23684210526315788,2
96,Female,6,38,0.15789473684210525,3
97,Unknown,27,37,0.7297297297297297,1
97,Male,8,37,0.21621621621621623,2
97,Female,2,37,0.05405405405405406,3
98,Unknown,17,36,0.4722222222222222,1
98,Male,10,36,0.2777777777777778,2
98,Female,9,36,0.25,3
99,Unknown,14,36,0.3888888888888889,1
99,Male,13,36,0.3611111111111111,2
99,Female,9,36,0.25,3
100,Female,16,35,0.45714285714285713,1
100,Unknown,15,35,0.42857142857142855,2
100,Male,4,35,0.11428571428571428,3
101,Unknown,22,34,0.6470588235294118,1
101,Female,6,34,0.17647058823529413,2
101,Male,6,34,0.17647058823529413,3
102,Unknown,19,34,0.5588235294117647,1
102,Female,12,34,0.35294117647058826,2
102,Male,3,34,0.08823529411764706,3
103,Unknown,17,33,0.5151515151515151,1
103,Male,9,33,0.2727272727272727,2
103,Female,7,33,0.21212121212121213,3
104,Unknown,17,33,0.5151515151515151,1
104,Female,10,33,0.30303030303030304,2
104,Male,6,33,0.18181818181818182,3
105,Male,19,32,0.59375,1
105,Female,12,32,0.375,2
105,Unknown,1,32,0.03125,3
106,Female,16,32,0.5,1
106,Male,15,32,0.46875,2
106,Unknown,1,32,0.03125,3
107,Unknown,18,31,0.5806451612903226,1
107,Female,8,31,0.25806451612903225,2
107,Male,5,31,0.16129032258064516,3
108,Male,20,31,0.6451612903225806,1
108,Female,8,31,0.25806451612903225,2
108,Unknown,3,31,0.0967741935483871,3
109,Unknown,14,31,0.45161290322580644,1
109,Female,12,31,0.3870967741935484,2
109,Male,5,31,0.16129032258064516,3
110,Female,14,30,0.4666666666666667,1
110,Male,14,30,0.4666666666666667,2
110,Unknown,2,30,0.06666666666666667,3
111,Unknown,15,29,0.5172413793103449,1
111,Male,12,29,0.41379310344827586,2
111,Female,2,29,0.06896551724137931,3
112,Unknown,15,29,0.5172413793103449,1
112,Male,8,29,0.27586206896551724,2
112,Female,6,29,0.20689655172413793,3
113,Unknown,13,29,0.4482758620689655,1
113,Female,10,29,0.3448275862068966,2
113,Male,6,29,0.20689655172413793,3
114,Unknown,14,29,0.4827586206896552,1
114,Female,10,29,0.3448275862068966,2
114,Male,5,29,0.1724137931034483,3
115,Unknown,17,28,0.6071428571428571,1
115,Male,7,28,0.25,2
115,Female,4,28,0.14285714285714285,3
116,Unknown,16,27,0.5925925925925926,1
116,Male,7,27,0.25925925925925924,2
116,Female,4,27,0.14814814814814814,3
117,Unknown,15,26,0.5769230769230769,1
117,Male,6,26,0.23076923076923078,2
117,Female,5,26,0.19230769230769232,3
118,Unknown,12,25,0.48,1
118,Male,8,25,0.32,2
118,Female,5,25,0.2,3
119,Male,14,25,0.56,1
119,Female,8,25,0.32,2
119,Unknown,3,25,0.12,3
120,Male,10,25,0.4,1
120,Unknown,9,25,0.36,2
120,Female,6,25,0.24,3
121,Male,14,24,0.5833333333333334,1
121,Female,6,24,0.25,2
121,Unknown,4,24,0.16666666666666666,3
122,Female,15,24,0.625,1
122,Male,9,24,0.375,2
123,Unknown,14,24,0.5833333333333334,1
123,Female,7,24,0.2916666666666667,2
123,Male,3,24,0.125,3
124,Unknown,12,24,0.5,1
124,Female,7,24,0.2916666666666667,2
124,Male,5,24,0.20833333333333334,3
125,Female,9,23,0.391304347826087,1
125,Unknown,8,23,0.34782608695652173,2
125,Male,6,23,0.2608695652173913,3
126,Unknown,11,23,0.4782608695652174,1
126,Male,7,23,0.30434782608695654,2
126,Female,5,23,0.21739130434782608,3
127,Unknown,17,23,0.7391304347826086,1
127,Male,4,23,0.17391304347826086,2
127,Female,2,23,0.08695652173913043,3
128,Unknown,10,22,0.45454545454545453,1
128,Male,9,22,0.4090909090909091,2
128,Female,3,22,0.13636363636363635,3
129,Male,14,22,0.6363636363636364,1
129,Female,8,22,0.36363636363636365,2
130,Male,11,21,0.5238095238095238,1
130,Female,5,21,0.23809523809523808,2
130,Unknown,5,21,0.23809523809523808,3
131,Male,10,21,0.47619047619047616,1
131,Female,8,21,0.38095238095238093,2
131,Unknown,3,21,0.14285714285714285,3
132,Unknown,10,21,0.47619047619047616,1
132,Female,7,21,0.3333333333333333,2
132,Male,4,21,0.19047619047619047,3
133,Unknown,9,21,0.42857142857142855,1
133,Male,8,21,0.38095238095238093,2
133,Female,4,21,0.19047619047619047,3
134,Unknown,12,21,0.5714285714285714,1
134,Female,7,21,0.3333333333333333,2
134,Male,2,21,0.09523809523809523,3
135,Female,10,21,0.47619047619047616,1
135,Male,10,21,0.47619047619047616,2
135,Unknown,1,21,0.047619047619047616,3
136,Unknown,9,21,0.42857142857142855,1
136,Female,6,21,0.2857142857142857,2
136,Male,6,21,0.2857142857142857,3
137,Unknown,13,21,0.6190476190476191,1
137,Female,6,21,0.2857142857142857,2
137,Male,2,21,0.09523809523809523,3
138,Unknown,14,21,0.6666666666666666,1
138,Male,4,21,0.19047619047619047,2
138,Female,3,21,0.14285714285714285,3
139,Female,11,20,0.55,1
139,Male,9,20,0.45,2
140,Male,9,20,0.45,1
140,Unknown,7,20,0.35,2
140,Female,4,20,0.2,3
141,Unknown,10,20,0.5,1
141,Female,7,20,0.35,2
141,Male,3,20,0.15,3
142,Male,10,20,0.5,1
142,Female,9,20,0.45,2
142,Unknown,1,20,0.05,3
143,Unknown,12,20,0.6,1
143,Female,5,20,0.25,2
143,Male,3,20,0.15,3
144,Unknown,8,19,0.42105263157894735,1
144,Female,6,19,0.3157894736842105,2
144,Male,5,19,0.2631578947368421,3
145,Unknown,9,19,0.47368421052631576,1
145,Female,6,19,0.3157894736842105,2
145,Male,4,19,0.21052631578947367,3
146,Male,14,19,0.7368421052631579,1
146,Female,4,19,0.21052631578947367,2
146,Unknown,1,19,0.05263157894736842,3
147,Male,11,19,0.5789473684210527,1
147,Female,6,19,0.3157894736842105,2
147,Unknown,2,19,0.10526315789473684,3
148,Unknown,16,19,0.8421052631578947,1
148,Male,2,19,0.10526315789473684,2
148,Female,1,19,0.05263157894736842,3
149,Unknown,8,19,0.42105263157894735,1
149,Female,6,19,0.3157894736842105,2
149,Male,5,19,0.2631578947368421,3
150,Male,14,19,0.7368421052631579,1
150,Unknown,3,19,0.15789473684210525,2
150,Female,2,19,0.10526315789473684,3
151,Unknown,10,19,0.5263157894736842,1
151,Female,5,19,0.2631578947368421,2
151,Male,4,19,0.21052631578947367,3
152,Female,9,19,0.47368421052631576,1
152,Male,7,19,0.3684210526315789,2
152,Unknown,3,19,0.15789473684210525,3
153,Unknown,10,18,0.5555555555555556,1
153,Male,6,18,0.3333333333333333,2
153,Female,2,18,0.1111111111111111,3
154,Unknown,13,18,0.7222222222222222,1
154,Female,3,18,0.16666666666666666,2
154,Male,2,18,0.1111111111111111,3
155,Unknown,14,18,0.7777777777777778,1
155,Male,4,18,0.2222222222222222,2
156,Unknown,11,18,0.6111111111111112,1
156,Male,4,18,0.2222222222222222,2
156,Female,3,18,0.16666666666666666,3
157,Male,9,17,0.5294117647058824,1
157,Female,5,17,0.29411764705882354,2
157,Unknown,3,17,0.17647058823529413,3
158,Unknown,10,17,0.5882352941176471,1
158,Female,4,17,0.23529411764705882,2
158,Male,3,17,0.17647058823529413,3
159,Unknown,10,17,0.5882352941176471,1
159,Male,5,17,0.29411764705882354,2
159,Female,2,17,0.11764705882352941,3
160,Female,9,17,0.5294117647058824,1
160,Male,7,17,0.4117647058823529,2
160,Unknown,1,17,0.058823529411764705,3
161,Unknown,11,17,0.6470588235294118,1
161,Female,3,17,0.17647058823529413,2
161,Male,3,17,0.17647058823529413,3
162,Unknown,12,17,0.7058823529411765,1
162,Male,4,17,0.23529411764705882,2
162,Female,1,17,0.058823529411764705,3
163,Female,9,17,0.5294117647058824,1
163,Male,6,17,0.35294117647058826,2
163,Unknown,2,17,0.11764705882352941,3
164,Unknown,9,17,0.5294117647058824,1
164,Male,5,17,0.29411764705882354,2
164,Female,3,17,0.17647058823529413,3
165,Female,8,17,0.47058823529411764,1
165,Unknown,7,17,0.4117647058823529,2
165,Male,2,17,0.11764705882352941,3
166,Male,13,17,0.7647058823529411,1
166,Female,4,17,0.23529411764705882,2
167,Unknown,8,17,0.47058823529411764,1
167,Male,6,17,0.35294117647058826,2
167,Female,3,17,0.17647058823529413,3
168,Unknown,10,17,0.5882352941176471,1
168,Male,5,17,0.29411764705882354,2
168,Female,2,17,0.11764705882352941,3
169,Male,11,16,0.6875,1
169,Female,5,16,0.3125,2
170,Unknown,10,16,0.625,1
170,Female,4,16,0.25,2
170,Male,2,16,0.125,3
171,Unknown,9,16,0.5625,1
171,Female,5,16,0.3125,2
171,Male,2,16,0.125,3
172,Female,7,16,0.4375,1
172,Unknown,6,16,0.375,2
172,Male,3,16,0.1875,3
173,Unknown,8,16,0.5,1
173,Male,5,16,0.3125,2
173,Female,3,16,0.1875,3
174,Unknown,8,16,0.5,1
174,Female,5,16,0.3125,2
174,Male,3,16,0.1875,3
175,Unknown,11,16,0.6875,1
175,Female,4,16,0.25,2
175,Male,1,16,0.0625,3
176,Unknown,8,16,0.5,1
176,Male,5,16,0.3125,2
176,Female,3,16,0.1875,3
177,Male,13,16,0.8125,1
177,Unknown,3,16,0.1875,2
178,Female,9,16,0.5625,1
178,Male,7,16,0.4375,2
179,Unknown,10,16,0.625,1
179,Female,3,16,0.1875,2
179,Male,3,16,0.1875,3
180,Unknown,10,16,0.625,1
180,Male,4,16,0.25,2
180,Female,2,16,0.125,3
181,Male,7,16,0.4375,1
181,Unknown,5,16,0.3125,2
181,Female,4,16,0.25,3
182,Female,8,16,0.5,1
182,Male,8,16,0.5,2
183,Male,11,16,0.6875,1
183,Female,5,16,0.3125,2
184,Female,7,16,0.4375,1
184,Male,6,16,0.375,2
184,Unknown,3,16,0.1875,3
185,Female,5,15,0.3333333333333333,1
185,Male,5,15,0.3333333333333333,2
185,Unknown,5,15,0.3333333333333333,3
186,Male,7,15,0.4666666666666667,1
186,Unknown,7,15,0.4666666666666667,2
186,Female,1,15,0.06666666666666667,3
187,Unknown,9,15,0.6,1
187,Female,5,15,0.3333333333333333,2
187,Male,1,15,0.06666666666666667,3
188,Unknown,7,15,0.4666666666666667,1
188,Male,6,15,0.4,2
188,Female,2,15,0.13333333333333333,3
189,Unknown,9,15,0.6,1
189,Male,4,15,0.26666666666666666,2
189,Female,2,15,0.13333333333333333,3
190,Unknown,13,15,0.8666666666666667,1
190,Male,2,15,0.13333333333333333,2
191,Unknown,8,15,0.5333333333333333,1
191,Male,5,15,0.3333333333333333,2
191,Female,2,15,0.13333333333333333,3
192,Unknown,9,15,0.6,1
192,Female,5,15,0.3333333333333333,2
192,Male,1,15,0.06666666666666667,3
193,Unknown,11,15,0.7333333333333333,1
193,Male,4,15,0.26666666666666666,2
194,Unknown,11,15,0.7333333333333333,1
194,Male,3,15,0.2,2
194,Female,1,15,0.06666666666666667,3
195,Male,13,15,0.8666666666666667,1
195,Female,2,15,0.13333333333333333,2
196,Unknown,7,15,0.4666666666666667,1
196,Male,6,15,0.4,2
196,Female,2,15,0.13333333333333333,3
197,Male,6,15,0.4,1
197,Unknown,5,15,0.3333333333333333,2
197,Female,4,15,0.26666666666666666,3
198,Female,6,15,0.4,1
198,Male,5,15,0.3333333333333333,2
198,Unknown,4,15,0.26666666666666666,3
199,Unknown,9,15,0.6,1
199,Male,5,15,0.3333333333333333,2
199,Female,1,15,0.06666666666666667,3
200,Unknown,7,14,0.5,1
200,Female,4,14,0.2857142857142857,2
200,Male,3,14,0.21428571428571427,3
201,Unknown,9,14,0.6428571428571429,1
201,Female,3,14,0.21428571428571427,2
201,Male,2,14,0.14285714285714285,3
202,Unknown,9,14,0.6428571428571429,1
202,Female,4,14,0.2857142857142857,2
202,Male,1,14,0.07142857142857142,3
203,Male,10,14,0.7142857142857143,1
203,Female,2,14,0.14285714285714285,2
203,Unknown,2,14,0.14285714285714285,3
204,Unknown,12,14,0.8571428571428571,1
204,Male,2,14,0.14285714285714285,2
205,Unknown,6,14,0.42857142857142855,1
205,Male,5,14,0.35714285714285715,2
205,Female,3,14,0.21428571428571427,3
206,Male,7,14,0.5,1
206,Female,4,14,0.2857142857142857,2
206,Unknown,3,14,0.21428571428571427,3
207,Female,7,14,0.5,1
207,Unknown,6,14,0.42857142857142855,2
207,Male,1,14,0.07142857142857142,3
208,Unknown,8,14,0.5714285714285714,1
208,Male,5,14,0.35714285714285715,2
208,Female,1,14,0.07142857142857142,3
209,Unknown,7,14,0.5,1
209,Male,6,14,0.42857142857142855,2
209,Female,1,14,0.07142857142857142,3
210,Unknown,8,14,0.5714285714285714,1
210,Female,6,14,0.42857142857142855,2
211,Unknown,9,14,0.6428571428571429,1
211,Male,4,14,0.2857142857142857,2
211,Female,1,14,0.07142857142857142,3
212,Unknown,9,14,0.6428571428571429,1
212,Female,3,14,0.21428571428571427,2
212,Male,2,14,0.14285714285714285,3
213,Unknown,6,13,0.46153846153846156,1
213,Male,4,13,0.3076923076923077,2
213,Female,3,13,0.23076923076923078,3
214,Unknown,10,13,0.7692307692307693,1
214,Male,3,13,0.23076923076923078,2
215,Unknown,8,13,0.6153846153846154,1
215,Male,3,13,0.23076923076923078,2
215,Female,2,13,0.15384615384615385,3
216,Unknown,8,13,0.6153846153846154,1
216,Male,3,13,0.23076923076923078,2
216,Female,2,13,0.15384615384615385,3
217,Female,7,13,0.5384615384615384,1
217,Male,6,13,0.46153846153846156,2
218,Unknown,7,13,0.5384615384615384,1
218,Female,3,13,0.23076923076923078,2
218,Male,3,13,0.23076923076923078,3
219,Unknown,6,13,0.46153846153846156,1
219,Female,4,13,0.3076923076923077,2
219,Male,3,13,0.23076923076923078,3
220,Unknown,8,13,0.6153846153846154,1
220,Female,4,13,0.3076923076923077,2
220,Male,1,13,0.07692307692307693,3
221,Unknown,9,13,0.6923076923076923,1
221,Male,3,13,0.23076923076923078,2
221,Female,1,13,0.07692307692307693,3
222,Female,6,13,0.46153846153846156,1
222,Male,6,13,0.46153846153846156,2
222,Unknown,1,13,0.07692307692307693,3
223,Unknown,11,13,0.8461538461538461,1
223,Female,1,13,0.07692307692307693,2
223,Male,1,13,0.07692307692307693,3
224,Unknown,7,13,0.5384615384615384,1
224,Male,4,13,0.3076923076923077,2
224,Female,2,13,0.15384615384615385,3
225,Unknown,7,13,0.5384615384615384,1
225,Female,4,13,0.3076923076923077,2
225,Male,2,13,0.15384615384615385,3
226,Male,10,13,0.7692307692307693,1
226,Female,3,13,0.23076923076923078,2
227,Unknown,9,13,0.6923076923076923,1
227,Male,4,13,0.3076923076923077,2
228,Male,6,13,0.46153846153846156,1
228,Female,5,13,0.38461538461538464,2
228,Unknown,2,13,0.15384615384615385,3
229,Female,6,13,0.46153846153846156,1
229,Unknown,5,13,0.38461538461538464,2
229,Male,2,13,0.15384615384615385,3
230,Unknown,7,13,0.5384615384615384,1
230,Male,4,13,0.3076923076923077,2
230,Female,2,13,0.15384615384615385,3
231,Unknown,6,13,0.46153846153846156,1
231,Male,4,13,0.3076923076923077,2
231,Female,3,13,0.23076923076923078,3
232,Female,6,12,0.5,1
232,Male,5,12,0.4166666666666667,2
232,Unknown,1,12,0.08333333333333333,3
233,Unknown,7,12,0.5833333333333334,1
233,Male,3,12,0.25,2
233,Female,2,12,0.16666666666666666,3
234,Male,5,12,0.4166666666666667,1
234,Unknown,5,12,0.4166666666666667,2
234,Female,2,12,0.16666666666666666,3
235,Unknown,6,12,0.5,1
235,Female,4,12,0.3333333333333333,2
235,Male,2,12,0.16666666666666666,3
236,Female,5,12,0.4166666666666667,1
236,Unknown,4,12,0.3333333333333333,2
236,Male,3,12,0.25,3
237,Male,10,12,0.8333333333333334,1
237,Female,1,12,0.08333333333333333,2
237,Unknown,1,12,0.08333333333333333,3
238,Unknown,8,12,0.6666666666666666,1
238,Male,3,12,0.25,2
238,Female,1,12,0.08333333333333333,3
239,Female,7,12,0.5833333333333334,1
239,Unknown,3,12,0.25,2
239,Male,2,12,0.16666666666666666,3
240,Unknown,8,12,0.6666666666666666,1
240,Female,3,12,0.25,2
240,Male,1,12,0.08333333333333333,3
241,Unknown,6,12,0.5,1
241,Female,3,12,0.25,2
241,Male,3,12,0.25,3
242,Male,6,12,0.5,1
242,Female,3,12,0.25,2
242,Unknown,3,12,0.25,3
243,Unknown,5,12,0.4166666666666667,1
243,Male,4,12,0.3333333333333333,2
243,Female,3,12,0.25,3
244,Female,6,12,0.5,1
244,Male,3,12,0.25,2
244,Unknown,3,12,0.25,3
245,Unknown,6,12,0.5,1
245,Female,5,12,0.4166666666666667,2
245,Male,1,12,0.08333333333333333,3
246,Male,6,12,0.5,1
246,Female,3,12,0.25,2
246,Unknown,3,12,0.25,3
247,Unknown,7,12,0.5833333333333334,1
247,Female,5,12,0.4166666666666667,2
248,Unknown,6,12,0.5,1
248,Female,3,12,0.25,2
248,Male,3,12,0.25,3
249,Male,5,12,0.4166666666666667,1
249,Unknown,4,12,0.3333333333333333,2
249,Female,3,12,0.25,3
250,Male,9,12,0.75,1
250,Female,2,12,0.16666666666666666,2
250,Unknown,1,12,0.08333333333333333,3
251,Unknown,6,12,0.5,1
251,Female,3,12,0.25,2
251,Male,3,12,0.25,3
252,Unknown,7,12,0.5833333333333334,1
252,Female,5,12,0.4166666666666667,2
253,Female,6,12,0.5,1
253,Male,3,12,0.25,2
253,Unknown,3,12,0.25,3
254,Male,5,12,0.4166666666666667,1
254,Unknown,5,12,0.4166666666666667,2
254,Female,2,12,0.16666666666666666,3
255,Unknown,9,12,0.75,1
255,Female,2,12,0.16666666666666666,2
255,Male,1,12,0.08333333333333333,3
256,Unknown,7,12,0.5833333333333334,1
256,Male,3,12,0.25,2
256,Female,2,12,0.16666666666666666,3
257,Male,8,12,0.6666666666666666,1
257,Unknown,3,12,0.25,2
257,Female,1,12,0.08333333333333333,3
258,Male,6,12,0.5,1
258,Female,5,12,0.4166666666666667,2
258,Unknown,1,12,0.08333333333333333,3
259,Unknown,7,12,0.5833333333333334,1
259,Female,3,12,0.25,2
259,Male,2,12,0.16666666666666666,3
260,Male,6,11,0.5454545454545454,1
260,Female,4,11,0.36363636363636365,2
260,Unknown,1,11,0.09090909090909091,3
261,Unknown,5,11,0.45454545454545453,1
261,Male,4,11,0.36363636363636365,2
261,Female,2,11,0.18181818181818182,3
262,Unknown,7,11,0.6363636363636364,1
262,Male,3,11,0.2727272727272727,2
262,Female,1,11,0.09090909090909091,3
263,Unknown,8,11,0.7272727272727273,1
263,Female,2,11,0.18181818181818182,2
263,Male,1,11,0.09090909090909091,3
264,Unknown,6,11,0.5454545454545454,1
264,Female,3,11,0.2727272727272727,2
264,Male,2,11,0.18181818181818182,3
265,Unknown,6,11,0.5454545454545454,1
265,Female,3,11,0.2727272727272727,2
265,Male,2,11,0.18181818181818182,3
266,Unknown,7,11,0.6363636363636364,1
266,Female,2,11,0.18181818181818182,2
266,Male,2,11,0.18181818181818182,3
267,Female,5,11,0.45454545454545453,1
267,Unknown,5,11,0.45454545454545453,2
267,Male,1,11,0.09090909090909091,3
268,Male,6,11,0.5454545454545454,1
268,Female,4,11,0.36363636363636365,2
268,Unknown,1,11,0.09090909090909091,3
269,Unknown,6,11,0.5454545454545454,1
269,Female,3,11,0.2727272727272727,2
269,Male,2,11,0.18181818181818182,3
270,Unknown,6,11,0.5454545454545454,1
270,Male,4,11,0.36363636363636365,2
270,Female,1,11,0.09090909090909091,3
271,Unknown,9,11,0.8181818181818182,1
271,Female,1,11,0.09090909090909091,2
271,Male,1,11,0.09090909090909091,3
272,Unknown,7,11,0.6363636363636364,1
272,Female,3,11,0.2727272727272727,2
272,Male,1,11,0.09090909090909091,3
273,Unknown,8,11,0.7272727272727273,1
273,Female,2,11,0.18181818181818182,2
273,Male,1,11,0.09090909090909091,3
274,Male,8,11,0.7272727272727273,1
274,Female,3,11,0.2727272727272727,2
275,Unknown,8,11,0.7272727272727273,1
275,Male,2,11,0.18181818181818182,2
275,Female,1,11,0.09090909090909091,3
276,Unknown,7,11,0.6363636363636364,1
276,Female,2,11,0.18181818181818182,2
276,Male,2,11,0.18181818181818182,3
277,Unknown,6,11,0.5454545454545454,1
277,Male,4,11,0.36363636363636365,2
277,Female,1,11,0.09090909090909091,3
278,Unknown,5,11,0.45454545454545453,1
278,Female,3,11,0.2727272727272727,2
278,Male,3,11,0.2727272727272727,3
279,Male,8,11,0.7272727272727273,1
279,Female,3,11,0.2727272727272727,2
280,Male,6,11,0.5454545454545454,1
280,Female,5,11,0.45454545454545453,2
281,Unknown,11,11,1.0,1
282,Unknown,9,11,0.8181818181818182,1
282,Male,2,11,0.18181818181818182,2
283,Female,4,10,0.4,1
283,Male,3,10,0.3,2
283,Unknown,3,10,0.3,3
284,Unknown,8,10,0.8,1
284,Female,2,10,0.2,2
285,Unknown,10,10,1.0,1
286,Unknown,5,10,0.5,1
286,Male,4,10,0.4,2
286,Female,1,10,0.1,3
287,Male,5,10,0.5,1
287,Unknown,5,10,0.5,2
288,Male,5,10,0.5,1
288,Female,4,10,0.4,2
288,Unknown,1,10,0.1,3
289,Unknown,7,10,0.7,1
289,Female,2,10,0.2,2
289,Male,1,10,0.1,3
290,Unknown,6,10,0.6,1
290,Male,4,10,0.4,2
291,Male,6,10,0.6,1
291,Female,2,10,0.2,2
291,Unknown,2,10,0.2,3
292,Male,6,10,0.6,1
292,Unknown,4,10,0.4,2
293,Unknown,6,10,0.6,1
293,Female,3,10,0.3,2
293,Male,1,10,0.1,3
294,Male,6,10,0.6,1
294,Unknown,3,10,0.3,2
294,Female,1,10,0.1,3
295,Unknown,4,10,0.4,1
295,Female,3,10,0.3,2
295,Male,3,10,0.3,3
296,Male,5,10,0.5,1
296,Unknown,4,10,0.4,2
296,Female,1,10,0.1,3
297,Unknown,6,10,0.6,1
297,Male,3,10,0.3,2
297,Female,1,10,0.1,3
298,Unknown,5,10,0.5,1
298,Male,4,10,0.4,2
298,Female,1,10,0.1,3
299,Unknown,6,10,0.6,1
299,Male,4,10,0.4,2
300,Female,5,10,0.5,1
300,Male,4,10,0.4,2
300,Unknown,1,10,0.1,3
301,Unknown,9,10,0.9,1
301,Male,1,10,0.1,2
302,Unknown,5,10,0.5,1
302,Male,4,10,0.4,2
302,Female,1,10,0.1,3
303,Male,5,10,0.5,1
303,Female,4,10,0.4,2
303,Unknown,1,10,0.1,3
304,Unknown,5,10,0.5,1
304,Female,3,10,0.3,2
304,Male,2,10,0.2,3
305,Unknown,4,10,0.4,1
305,Female,3,10,0.3,2
305,Male,3,10,0.3,3
306,Female,6,10,0.6,1
306,Unknown,4,10,0.4,2
307,Unknown,7,10,0.7,1
307,Female,2,10,0.2,2
307,Male,1,10,0.1,3
308,Male,5,10,0.5,1
308,Unknown,3,10,0.3,2
308,Female,2,10,0.2,3
309,Unknown,6,10,0.6,1
309,Male,4,10,0.4,2
310,Female,4,10,0.4,1
310,Unknown,4,10,0.4,2
310,Male,2,10,0.2,3
311,Male,5,10,0.5,1
311,Female,4,10,0.4,2
311,Unknown,1,10,0.1,3
312,Unknown,6,10,0.6,1
312,Female,2,10,0.2,2
312,Male,2,10,0.2,3
313,Female,6,10,0.6,1
313,Male,4,10,0.4,2
314,Female,5,10,0.5,1
314,Unknown,4,10,0.4,2
314,Male,1,10,0.1,3
315,Unknown,6,10,0.6,1
315,Male,4,10,0.4,2
316,Unknown,5,10,0.5,1
316,Male,3,10,0.3,2
316,Female,2,10,0.2,3
317,Female,5,10,0.5,1
317,Unknown,3,10,0.3,2
317,Male,2,10,0.2,3
318,Unknown,5,10,0.5,1
318,Male,3,10,0.3,2
318,Female,2,10,0.2,3
319,Unknown,5,10,0.5,1
319,Female,4,10,0.4,2
319,Male,1,10,0.1,3
320,Unknown,7,10,0.7,1
320,Female,2,10,0.2,2
320,Male,1,10,0.1,3
321,Male,8,10,0.8,1
321,Unknown,2,10,0.2,2
322,Female,9,10,0.9,1
322,Male,1,10,0.1,2
323,Male,6,10,0.6,1
323,Female,2,10,0.2,2
323,Unknown,2,10,0.2,3
324,Male,6,10,0.6,1
324,Unknown,3,10,0.3,2
324,Female,1,10,0.1,3
325,Unknown,5,10,0.5,1
325,Female,3,10,0.3,2
325,Male,2,10,0.2,3
326,Female,6,10,0.6,1
326,Unknown,3,10,0.3,2
326,Male,1,10,0.1,3
327,Unknown,7,10,0.7,1
327,Male,2,10,0.2,2
327,Female,1,10,0.1,3
328,Female,4,10,0.4,1
328,Male,4,10,0.4,2
328,Unknown,2,10,0.2,3
329,Unknown,5,10,0.5,1
329,Male,3,10,0.3,2
329,Female,2,10,0.2,3
330,Male,4,10,0.4,1
330,Female,3,10,0.3,2
330,Unknown,3,10,0.3,3
331,Unknown,6,10,0.6,1
331,Female,4,10,0.4,2
332,Female,5,10,0.5,1
332,Unknown,3,10,0.3,2
332,Male,2,10,0.2,3
333,Unknown,10,10,1.0,1
334,Male,9,10,0.9,1
334,Unknown,1,10,0.1,2
335,Unknown,8,9,0.8888888888888888,1
335,Female,1,9,0.1111111111111111,2
336,Unknown,5,9,0.5555555555555556,1
336,Male,3,9,0.3333333333333333,2
336,Female,1,9,0.1111111111111111,3
337,Unknown,7,9,0.7777777777777778,1
337,Female,1,9,0.1111111111111111,2
337,Male,1,9,0.1111111111111111,3
338,Male,5,9,0.5555555555555556,1
338,Female,4,9,0.4444444444444444,2
339,Unknown,5,9,0.5555555555555556,1
339,Female,4,9,0.4444444444444444,2
340,Unknown,7,9,0.7777777777777778,1
340,Female,2,9,0.2222222222222222,2
341,Unknown,8,9,0.8888888888888888,1
341,Female,1,9,0.1111111111111111,2
342,Male,8,9,0.8888888888888888,1
342,Female,1,9,0.1111111111111111,2
343,Female,4,9,0.4444444444444444,1
343,Unknown,3,9,0.3333333333333333,2
343,Male,2,9,0.2222222222222222,3
344,Unknown,4,9,0.4444444444444444,1
344,Female,3,9,0.3333333333333333,2
344,Male,2,9,0.2222222222222222,3
345,Unknown,5,9,0.5555555555555556,1
345,Female,3,9,0.3333333333333333,2
345,Male,1,9,0.1111111111111111,3
346,Male,8,9,0.8888888888888888,1
346,Female,1,9,0.1111111111111111,2
347,Unknown,5,9,0.5555555555555556,1
347,Female,4,9,0.4444444444444444,2
348,Unknown,5,9,0.5555555555555556,1
348,Male,3,9,0.3333333333333333,2
348,Female,1,9,0.1111111111111111,3
349,Unknown,5,9,0.5555555555555556,1
349,Male,3,9,0.3333333333333333,2
349,Female,1,9,0.1111111111111111,3
350,Male,6,9,0.6666666666666666,1
350,Unknown,2,9,0.2222222222222222,2
350,Female,1,9,0.1111111111111111,3
351,Male,5,9,0.5555555555555556,1
351,Unknown,4,9,0.4444444444444444,2
352,Male,4,9,0.4444444444444444,1
352,Unknown,3,9,0.3333333333333333,2
352,Female,2,9,0.2222222222222222,3
353,Unknown,6,9,0.6666666666666666,1
353,Female,2,9,0.2222222222222222,2
353,Male,1,9,0.1111111111111111,3
354,Female,7,9,0.7777777777777778,1
354,Male,2,9,0.2222222222222222,2
355,Unknown,6,9,0.6666666666666666,1
355,Male,2,9,0.2222222222222222,2
355,Female,1,9,0.1111111111111111,3
356,Female,4,9,0.4444444444444444,1
356,Unknown,3,9,0.3333333333333333,2
356,Male,2,9,0.2222222222222222,3
357,Unknown,4,9,0.4444444444444444,1
357,Female,3,9,0.3333333333333333,2
357,Male,2,9,0.2222222222222222,3
358,Female,4,9,0.4444444444444444,1
358,Male,4,9,0.4444444444444444,2
358,Unknown,1,9,0.1111111111111111,3
359,Unknown,8,9,0.8888888888888888,1
359,Male,1,9,0.1111111111111111,2
360,Male,6,9,0.6666666666666666,1
360,Female,3,9,0.3333333333333333,2
361,Unknown,7,9,0.7777777777777778,1
361,Male,2,9,0.2222222222222222,2
362,Unknown,6,9,0.6666666666666666,1
362,Female,2,9,0.2222222222222222,2
362,Male,1,9,0.1111111111111111,3
363,Unknown,6,9,0.6666666666666666,1
363,Male,2,9,0.2222222222222222,2
363,Female,1,9,0.1111111111111111,3
364,Unknown,7,9,0.7777777777777778,1
364,Female,1,9,0.1111111111111111,2
364,Male,1,9,0.1111111111111111,3
365,Female,4,9,0.4444444444444444,1
365,Unknown,4,9,0.4444444444444444,2
365,Male,1,9,0.1111111111111111,3
366,Unknown,6,9,0.6666666666666666,1
366,Female,2,9,0.2222222222222222,2
366,Male,1,9,0.1111111111111111,3
367,Male,9,9,1.0,1
368,Male,6,9,0.6666666666666666,1
368,Female,2,9,0.2222222222222222,2
368,Unknown,1,9,0.1111111111111111,3
369,Female,4,9,0.4444444444444444,1
369,Unknown,4,9,0.4444444444444444,2
369,Male,1,9,0.1111111111111111,3
370,Unknown,4,9,0.4444444444444444,1
370,Female,3,9,0.3333333333333333,2
370,Male,2,9,0.2222222222222222,3
371,Female,4,9,0.4444444444444444,1
371,Unknown,4,9,0.4444444444444444,2
371,Male,1,9,0.1111111111111111,3
372,Unknown,4,9,0.4444444444444444,1
372,Female,3,9,0.3333333333333333,2
372,Male,2,9,0.2222222222222222,3
373,Female,5,9,0.5555555555555556,1
373,Male,4,9,0.4444444444444444,2
374,Female,4,9,0.4444444444444444,1
374,Unknown,3,9,0.3333333333333333,2
374,Male,2,9,0.2222222222222222,3
375,Unknown,8,9,0.8888888888888888,1
375,Male,1,9,0.1111111111111111,2
376,Female,4,9,0.4444444444444444,1
376,Male,4,9,0.4444444444444444,2
376,Unknown,1,9,0.1111111111111111,3
377,Unknown,5,9,0.5555555555555556,1
377,Male,4,9,0.4444444444444444,2
378,Male,8,9,0.8888888888888888,1
378,Female,1,9,0.1111111111111111,2
379,Unknown,5,9,0.5555555555555556,1
379,Female,2,9,0.2222222222222222,2
379,Male,2,9,0.2222222222222222,3
380,Unknown,5,9,0.5555555555555556,1
380,Male,4,9,0.4444444444444444,2
381,Male,4,9,0.4444444444444444,1
381,Unknown,3,9,0.3333333333333333,2
381,Female,2,9,0.2222222222222222,3
382,Unknown,4,9,0.4444444444444444,1
382,Male,3,9,0.3333333333333333,2
382,Female,2,9,0.2222222222222222,3
383,Male,5,9,0.5555555555555556,1
383,Female,4,9,0.4444444444444444,2
384,Female,4,9,0.4444444444444444,1
384,Male,4,9,0.4444444444444444,2
384,Unknown,1,9,0.1111111111111111,3
385,Male,4,9,0.4444444444444444,1
385,Unknown,3,9,0.3333333333333333,2
385,Female,2,9,0.2222222222222222,3
386,Unknown,7,9,0.7777777777777778,1
386,Female,1,9,0.1111111111111111,2
386,Male,1,9,0.1111111111111111,3
387,Female,4,9,0.4444444444444444,1
387,Unknown,4,9,0.4444444444444444,2
387,Male,1,9,0.1111111111111111,3
388,Male,6,9,0.6666666666666666,1
388,Unknown,2,9,0.2222222222222222,2
388,Female,1,9,0.1111111111111111,3
389,Unknown,7,9,0.7777777777777778,1
389,Female,2,9,0.2222222222222222,2
390,Female,3,9,0.3333333333333333,1
390,Male,3,9,0.3333333333333333,2
390,Unknown,3,9,0.3333333333333333,3
391,Unknown,5,9,0.5555555555555556,1
391,Male,4,9,0.4444444444444444,2
392,Male,5,9,0.5555555555555556,1
392,Unknown,3,9,0.3333333333333333,2
392,Female,1,9,0.1111111111111111,3
393,Male,6,9,0.6666666666666666,1
393,Female,2,9,0.2222222222222222,2
393,Unknown,1,9,0.1111111111111111,3
394,Female,4,9,0.4444444444444444,1
394,Male,4,9,0.4444444444444444,2
394,Unknown,1,9,0.1111111111111111,3
395,Male,4,9,0.4444444444444444,1
395,Unknown,3,9,0.3333333333333333,2
395,Female,2,9,0.2222222222222222,3
396,Male,4,9,0.4444444444444444,1
396,Female,3,9,0.3333333333333333,2
396,Unknown,2,9,0.2222222222222222,3
397,Unknown,4,9,0.4444444444444444,1
397,Female,3,9,0.3333333333333333,2
397,Male,2,9,0.2222222222222222,3
398,Male,5,9,0.5555555555555556,1
398,Female,2,9,0.2222222222222222,2
398,Unknown,2,9,0.2222222222222222,3
399,Female,4,9,0.4444444444444444,1
399,Male,4,9,0.4444444444444444,2
399,Unknown,1,9,0.1111111111111111,3
400,Unknown,4,9,0.4444444444444444,1
400,Male,3,9,0.3333333333333333,2
400,Female,2,9,0.2222222222222222,3
401,Male,5,9,0.5555555555555556,1
401,Unknown,4,9,0.4444444444444444,2
402,Unknown,5,9,0.5555555555555556,1
402,Female,3,9,0.3333333333333333,2
402,Male,1,9,0.1111111111111111,3
403,Unknown,4,9,0.4444444444444444,1
403,Male,3,9,0.3333333333333333,2
403,Female,2,9,0.2222222222222222,3
404,Female,4,9,0.4444444444444444,1
404,Unknown,3,9,0.3333333333333333,2
404,Male,2,9,0.2222222222222222,3
405,Unknown,6,9,0.6666666666666666,1
405,Male,2,9,0.2222222222222222,2
405,Female,1,9,0.1111111111111111,3
406,Unknown,7,9,0.7777777777777778,1
406,Female,1,9,0.1111111111111111,2
406,Male,1,9,0.1111111111111111,3
407,Unknown,4,9,0.4444444444444444,1
407,Female,3,9,0.3333333333333333,2
407,Male,2,9,0.2222222222222222,3
408,Male,4,9,0.4444444444444444,1
408,Female,3,9,0.3333333333333333,2
408,Unknown,2,9,0.2222222222222222,3
409,Male,7,9,0.7777777777777778,1
409,Female,1,9,0.1111111111111111,2
409,Unknown,1,9,0.1111111111111111,3
410,Male,6,9,0.6666666666666666,1
410,Female,3,9,0.3333333333333333,2
411,Unknown,7,9,0.7777777777777778,1
411,Female,1,9,0.1111111111111111,2
411,Male,1,9,0.1111111111111111,3
412,Female,4,9,0.4444444444444444,1
412,Male,4,9,0.4444444444444444,2
412,Unknown,1,9,0.1111111111111111,3
413,Female,7,9,0.7777777777777778,1
413,Male,2,9,0.2222222222222222,2
414,Unknown,4,9,0.4444444444444444,1
414,Female,3,9,0.3333333333333333,2
414,Male,2,9,0.2222222222222222,3
415,Unknown,4,9,0.4444444444444444,1
415,Female,3,9,0.3333333333333333,2
415,Male,2,9,0.2222222222222222,3
416,Female,3,9,0.3333333333333333,1
416,Male,3,9,0.3333333333333333,2
416,Unknown,3,9,0.3333333333333333,3
417,Unknown,7,9,0.7777777777777778,1
417,Male,2,9,0.2222222222222222,2
418,Male,4,9,0.4444444444444444,1
418,Unknown,3,9,0.3333333333333333,2
418,Female,2,9,0.2222222222222222,3
419,Male,6,9,0.6666666666666666,1
419,Female,2,9,0.2222222222222222,2
419,Unknown,1,9,0.1111111111111111,3
420,Unknown,9,9,1.0,1
421,Unknown,4,9,0.4444444444444444,1
421,Male,3,9,0.3333333333333333,2
421,Female,2,9,0.2222222222222222,3
422,Unknown,6,9,0.6666666666666666,1
422,Male,2,9,0.2222222222222222,2
422,Female,1,9,0.1111111111111111,3
423,Unknown,5,9,0.5555555555555556,1
423,Male,3,9,0.3333333333333333,2
423,Female,1,9,0.1111111111111111,3
424,Female,4,9,0.4444444444444444,1
424,Male,4,9,0.4444444444444444,2
424,Unknown,1,9,0.1111111111111111,3
425,Male,7,9,0.7777777777777778,1
425,Female,2,9,0.2222222222222222,2
426,Male,6,9,0.6666666666666666,1
426,Female,3,9,0.3333333333333333,2
427,Unknown,6,9,0.6666666666666666,1
427,Female,2,9,0.2222222222222222,2
427,Male,1,9,0.1111111111111111,3
428,Female,4,9,0.4444444444444444,1
428,Unknown,4,9,0.4444444444444444,2
428,Male,1,9,0.1111111111111111,3
429,Unknown,5,8,0.625,1
429,Female,3,8,0.375,2
430,Female,4,8,0.5,1
430,Male,2,8,0.25,2
430,Unknown,2,8,0.25,3
431,Female,6,8,0.75,1
431,Male,1,8,0.125,2
431,Unknown,1,8,0.125,3
432,Male,7,8,0.875,1
432,Female,1,8,0.125,2
433,Male,5,8,0.625,1
433,Female,2,8,0.25,2
433,Unknown,1,8,0.125,3
434,Unknown,8,8,1.0,1
435,Female,3,8,0.375,1
435,Unknown,3,8,0.375,2
435,Male,2,8,0.25,3
436,Unknown,5,8,0.625,1
436,Female,3,8,0.375,2
437,Unknown,5,8,0.625,1
437,Female,3,8,0.375,2
438,Female,4,8,0.5,1
438,Unknown,4,8,0.5,2
439,Male,4,8,0.5,1
439,Unknown,3,8,0.375,2
439,Female,1,8,0.125,3
440,Unknown,5,8,0.625,1
440,Male,2,8,0.25,2
440,Female,1,8,0.125,3
441,Unknown,7,8,0.875,1
441,Female,1,8,0.125,2
442,Unknown,7,8,0.875,1
442,Male,1,8,0.125,2
443,Female,3,8,0.375,1
443,Unknown,3,8,0.375,2
443,Male,2,8,0.25,3
444,Unknown,5,8,0.625,1
444,Male,2,8,0.25,2
444,Female,1,8,0.125,3
445,Male,4,8,0.5,1
445,Female,2,8,0.25,2
445,Unknown,2,8,0.25,3
446,Unknown,5,8,0.625,1
446,Male,2,8,0.25,2
446,Female,1,8,0.125,3
447,Unknown,5,8,0.625,1
447,Female,2,8,0.25,2
447,Male,1,8,0.125,3
448,Female,4,8,0.5,1
448,Unknown,3,8,0.375,2
448,Male,1,8,0.125,3
449,Unknown,5,8,0.625,1
449,Male,3,8,0.375,2
450,Unknown,5,8,0.625,1
450,Female,3,8,0.375,2
451,Male,4,8,0.5,1
451,Female,2,8,0.25,2
451,Unknown,2,8,0.25,3
452,Female,3,8,0.375,1
452,Male,3,8,0.375,2
452,Unknown,2,8,0.25,3
453,Female,3,8,0.375,1
453,Male,3,8,0.375,2
453,Unknown,2,8,0.25,3
454,Male,4,8,0.5,1
454,Unknown,4,8,0.5,2
455,Male,5,8,0.625,1
455,Unknown,2,8,0.25,2
455,Female,1,8,0.125,3
456,Male,3,8,0.375,1
456,Unknown,3,8,0.375,2
456,Female,2,8,0.25,3
457,Male,3,8,0.375,1
457,Unknown,3,8,0.375,2
457,Female,2,8,0.25,3
458,Unknown,6,8,0.75,1
458,Female,1,8,0.125,2
458,Male,1,8,0.125,3
459,Unknown,4,8,0.5,1
459,Female,2,8,0.25,2
459,Male,2,8,0.25,3
460,Unknown,7,8,0.875,1
460,Female,1,8,0.125,2
461,Female,3,8,0.375,1
461,Unknown,3,8,0.375,2
461,Male,2,8,0.25,3
462,Female,4,8,0.5,1
462,Male,2,8,0.25,2
462,Unknown,2,8,0.25,3
463,Unknown,8,8,1.0,1
464,Male,5,8,0.625,1
464,Female,2,8,0.25,2
464,Unknown,1,8,0.125,3
465,Unknown,4,8,0.5,1
465,Female,3,8,0.375,2
465,Male,1,8,0.125,3
466,Female,4,8,0.5,1
466,Unknown,3,8,0.375,2
466,Male,1,8,0.125,3
467,Unknown,5,8,0.625,1
467,Male,2,8,0.25,2
467,Female,1,8,0.125,3
468,Unknown,4,8,0.5,1
468,Female,2,8,0.25,2
468,Male,2,8,0.25,3
469,Unknown,5,8,0.625,1
469,Male,3,8,0.375,2
470,Male,8,8,1.0,1
471,Unknown,4,8,0.5,1
471,Female,3,8,0.375,2
471,Male,1,8,0.125,3
472,Male,4,8,0.5,1
472,Unknown,3,8,0.375,2
472,Female,1,8,0.125,3
473,Unknown,4,8,0.5,1
473,Female,2,8,0.25,2
473,Male,2,8,0.25,3
474,Male,4,8,0.5,1
474,Female,2,8,0.25,2
474,Unknown,2,8,0.25,3
475,Unknown,6,8,0.75,1
475,Male,2,8,0.25,2
476,Unknown,5,8,0.625,1
476,Male,3,8,0.375,2
477,Unknown,4,8,0.5,1
477,Male,3,8,0.375,2
477,Female,1,8,0.125,3
478,Unknown,4,8,0.5,1
478,Female,2,8,0.25,2
478,Male,2,8,0.25,3
479,Female,5,8,0.625,1
479,Male,3,8,0.375,2
480,Unknown,5,8,0.625,1
480,Male,2,8,0.25,2
480,Female,1,8,0.125,3
481,Unknown,4,8,0.5,1
481,Male,3,8,0.375,2
481,Female,1,8,0.125,3
482,Unknown,6,8,0.75,1
482,Female,1,8,0.125,2
482,Male,1,8,0.125,3
483,Male,4,8,0.5,1
483,Female,2,8,0.25,2
483,Unknown,2,8,0.25,3
484,Male,5,8,0.625,1
484,Unknown,3,8,0.375,2
485,Male,5,8,0.625,1
485,Unknown,2,8,0.25,2
485,Female,1,8,0.125,3
486,Unknown,6,8,0.75,1
486,Female,2,8,0.25,2
487,Female,3,8,0.375,1
487,Male,3,8,0.375,2
487,Unknown,2,8,0.25,3
488,Female,4,8,0.5,1
488,Male,4,8,0.5,2
489,Unknown,4,8,0.5,1
489,Female,3,8,0.375,2
489,Male,1,8,0.125,3
490,Unknown,8,8,1.0,1
491,Male,3,8,0.375,1
491,Unknown,3,8,0.375,2
491,Female,2,8,0.25,3
492,Female,4,8,0.5,1
492,Unknown,4,8,0.5,2
493,Unknown,5,8,0.625,1
493,Male,2,8,0.25,2
493,Female,1,8,0.125,3
494,Male,6,8,0.75,1
494,Female,1,8,0.125,2
494,Unknown,1,8,0.125,3
495,Unknown,5,8,0.625,1
495,Male,2,8,0.25,2
495,Female,1,8,0.125,3
496,Unknown,4,8,0.5,1
496,Male,3,8,0.375,2
496,Female,1,8,0.125,3
497,Unknown,6,8,0.75,1
497,Female,1,8,0.125,2
497,Male,1,8,0.125,3
498,Female,4,8,0.5,1
498,Unknown,3,8,0.375,2
498,Male,1,8,0.125,3
499,Unknown,5,8,0.625,1
499,Male,2,8,0.25,2
499,Female,1,8,0.125,3
500,Female,3,8,0.375,1
500,Male,3,8,0.375,2
500,Unknown,2,8,0.25,3
501,Unknown,4,8,0.5,1
501,Male,3,8,0.375,2
501,Female,1,8,0.125,3
502,Unknown,7,8,0.875,1
502,Male,1,8,0.125,2
503,Unknown,4,8,0.5,1
503,Female,2,8,0.25,2
503,Male,2,8,0.25,3
504,Unknown,5,8,0.625,1
504,Male,3,8,0.375,2
505,Unknown,4,8,0.5,1
505,Male,3,8,0.375,2
505,Female,1,8,0.125,3
506,Female,4,8,0.5,1
506,Male,3,8,0.375,2
506,Unknown,1,8,0.125,3
507,Unknown,5,8,0.625,1
507,Female,2,8,0.25,2
507,Male,1,8,0.125,3
508,Male,5,8,0.625,1
508,Unknown,2,8,0.25,2
508,Female,1,8,0.125,3
509,Female,3,8,0.375,1
509,Unknown,3,8,0.375,2
509,Male,2,8,0.25,3
510,Male,5,8,0.625,1
510,Female,2,8,0.25,2
510,Unknown,1,8,0.125,3
511,Female,3,8,0.375,1
511,Unknown,3,8,0.375,2
511,Male,2,8,0.25,3
512,Unknown,4,8,0.5,1
512,Male,3,8,0.375,2
512,Female,1,8,0.125,3
513,Unknown,5,8,0.625,1
513,Female,2,8,0.25,2
513,Male,1,8,0.125,3
514,Unknown,5,8,0.625,1
514,Male,2,8,0.25,2
514,Female,1,8,0.125,3
515,Unknown,6,8,0.75,1
515,Male,2,8,0.25,2
516,Female,5,8,0.625,1
516,Male,2,8,0.25,2
516,Unknown,1,8,0.125,3
517,Female,3,8,0.375,1
517,Male,3,8,0.375,2
517,Unknown,2,8,0.25,3
518,Unknown,4,8,0.5,1
518,Female,3,8,0.375,2
518,Male,1,8,0.125,3
519,Unknown,4,8,0.5,1
519,Female,2,8,0.25,2
519,Male,2,8,0.25,3
520,Male,6,8,0.75,1
520,Unknown,2,8,0.25,2
521,Unknown,7,8,0.875,1
521,Female,1,8,0.125,2
522,Unknown,4,8,0.5,1
522,Female,3,8,0.375,2
522,Male,1,8,0.125,3
523,Unknown,5,7,0.7142857142857143,1
523,Female,2,7,0.2857142857142857,2
524,Unknown,3,7,0.42857142857142855,1
524,Female,2,7,0.2857142857142857,2
524,Male,2,7,0.2857142857142857,3
525,Male,3,7,0.42857142857142855,1
525,Female,2,7,0.2857142857142857,2
525,Unknown,2,7,0.2857142857142857,3
526,Male,6,7,0.8571428571428571,1
526,Female,1,7,0.14285714285714285,2
527,Unknown,4,7,0.5714285714285714,1
527,Female,2,7,0.2857142857142857,2
527,Male,1,7,0.14285714285714285,3
528,Male,4,7,0.5714285714285714,1
528,Unknown,3,7,0.42857142857142855,2
529,Male,6,7,0.8571428571428571,1
529,Unknown,1,7,0.14285714285714285,2
530,Male,6,7,0.8571428571428571,1
530,Female,1,7,0.14285714285714285,2
531,Unknown,5,7,0.7142857142857143,1
531,Female,2,7,0.2857142857142857,2
532,Male,6,7,0.8571428571428571,1
532,Unknown,1,7,0.14285714285714285,2
533,Male,5,7,0.7142857142857143,1
533,Female,1,7,0.14285714285714285,2
533,Unknown,1,7,0.14285714285714285,3
534,Female,3,7,0.42857142857142855,1
534,Male,3,7,0.42857142857142855,2
534,Unknown,1,7,0.14285714285714285,3
535,Male,4,7,0.5714285714285714,1
535,Female,3,7,0.42857142857142855,2
536,Unknown,6,7,0.8571428571428571,1
536,Male,1,7,0.14285714285714285,2
537,Male,3,7,0.42857142857142855,1
537,Female,2,7,0.2857142857142857,2
537,Unknown,2,7,0.2857142857142857,3
538,Female,3,7,0.42857142857142855,1
538,Male,3,7,0.42857142857142855,2
538,Unknown,1,7,0.14285714285714285,3
539,Unknown,6,7,0.8571428571428571,1
539,Female,1,7,0.14285714285714285,2
540,Unknown,4,7,0.5714285714285714,1
540,Female,2,7,0.2857142857142857,2
540,Male,1,7,0.14285714285714285,3
541,Unknown,4,7,0.5714285714285714,1
541,Female,3,7,0.42857142857142855,2
542,Unknown,4,7,0.5714285714285714,1
542,Male,2,7,0.2857142857142857,2
542,Female,1,7,0.14285714285714285,3
543,Unknown,7,7,1.0,1
544,Unknown,5,7,0.7142857142857143,1
544,Female,2,7,0.2857142857142857,2
545,Unknown,4,7,0.5714285714285714,1
545,Male,2,7,0.2857142857142857,2
545,Female,1,7,0.14285714285714285,3
546,Female,4,7,0.5714285714285714,1
546,Male,3,7,0.42857142857142855,2
547,Unknown,6,7,0.8571428571428571,1
547,Female,1,7,0.14285714285714285,2
548,Female,3,7,0.42857142857142855,1
548,Unknown,3,7,0.42857142857142855,2
548,Male,1,7,0.14285714285714285,3
549,Male,3,7,0.42857142857142855,1
549,Female,2,7,0.2857142857142857,2
549,Unknown,2,7,0.2857142857142857,3
550,Unknown,4,7,0.5714285714285714,1
550,Female,3,7,0.42857142857142855,2
551,Unknown,4,7,0.5714285714285714,1
551,Female,2,7,0.2857142857142857,2
551,Male,1,7,0.14285714285714285,3
552,Unknown,5,7,0.7142857142857143,1
552,Female,1,7,0.14285714285714285,2
552,Male,1,7,0.14285714285714285,3
553,Female,3,7,0.42857142857142855,1
553,Unknown,3,7,0.42857142857142855,2
553,Male,1,7,0.14285714285714285,3
554,Male,4,7,0.5714285714285714,1
554,Unknown,2,7,0.2857142857142857,2
554,Female,1,7,0.14285714285714285,3
555,Unknown,4,7,0.5714285714285714,1
555,Male,3,7,0.42857142857142855,2
556,Male,3,7,0.42857142857142855,1
556,Female,2,7,0.2857142857142857,2
556,Unknown,2,7,0.2857142857142857,3
557,Male,5,7,0.7142857142857143,1
557,Female,2,7,0.2857142857142857,2
558,Unknown,4,7,0.5714285714285714,1
558,Female,2,7,0.2857142857142857,2
558,Male,1,7,0.14285714285714285,3
559,Unknown,3,7,0.42857142857142855,1
559,Female,2,7,0.2857142857142857,2
559,Male,2,7,0.2857142857142857,3
560,Female,3,7,0.42857142857142855,1
560,Unknown,3,7,0.42857142857142855,2
560,Male,1,7,0.14285714285714285,3
561,Unknown,4,7,0.5714285714285714,1
561,Female,3,7,0.42857142857142855,2
562,Unknown,6,7,0.8571428571428571,1
562,Male,1,7,0.14285714285714285,2
563,Male,5,7,0.7142857142857143,1
563,Female,2,7,0.2857142857142857,2
564,Unknown,4,7,0.5714285714285714,1
564,Male,3,7,0.42857142857142855,2
565,Male,5,7,0.7142857142857143,1
565,Female,2,7,0.2857142857142857,2
566,Male,5,7,0.7142857142857143,1
566,Female,1,7,0.14285714285714285,2
566,Unknown,1,7,0.14285714285714285,3
567,Unknown,4,7,0.5714285714285714,1
567,Male,2,7,0.2857142857142857,2
567,Female,1,7,0.14285714285714285,3
568,Female,5,7,0.7142857142857143,1
568,Male,1,7,0.14285714285714285,2
568,Unknown,1,7,0.14285714285714285,3
569,Unknown,4,7,0.5714285714285714,1
569,Male,3,7,0.42857142857142855,2
570,Male,4,7,0.5714285714285714,1
570,Female,2,7,0.2857142857142857,2
570,Unknown,1,7,0.14285714285714285,3
571,Unknown,4,7,0.5714285714285714,1
571,Male,2,7,0.2857142857142857,2
571,Female,1,7,0.14285714285714285,3
572,Male,3,7,0.42857142857142855,1
572,Female,2,7,0.2857142857142857,2
572,Unknown,2,7,0.2857142857142857,3
573,Female,3,7,0.42857142857142855,1
573,Unknown,3,7,0.42857142857142855,2
573,Male,1,7,0.14285714285714285,3
574,Unknown,4,7,0.5714285714285714,1
574,Male,2,7,0.2857142857142857,2
574,Female,1,7,0.14285714285714285,3
575,Unknown,6,7,0.8571428571428571,1
575,Male,1,7,0.14285714285714285,2
576,Female,3,7,0.42857142857142855,1
576,Male,2,7,0.2857142857142857,2
576,Unknown,2,7,0.2857142857142857,3
577,Unknown,4,7,0.5714285714285714,1
577,Male,3,7,0.42857142857142855,2
578,Unknown,5,7,0.7142857142857143,1
578,Male,2,7,0.2857142857142857,2
579,Female,3,7,0.42857142857142855,1
579,Male,3,7,0.42857142857142855,2
579,Unknown,1,7,0.14285714285714285,3
580,Unknown,4,7,0.5714285714285714,1
580,Male,3,7,0.42857142857142855,2
581,Female,4,7,0.5714285714285714,1
581,Unknown,2,7,0.2857142857142857,2
581,Male,1,7,0.14285714285714285,3
582,Male,5,7,0.7142857142857143,1
582,Female,2,7,0.2857142857142857,2
583,Male,3,7,0.42857142857142855,1
583,Female,2,7,0.2857142857142857,2
583,Unknown,2,7,0.2857142857142857,3
584,Female,3,7,0.42857142857142855,1
584,Male,3,7,0.42857142857142855,2
584,Unknown,1,7,0.14285714285714285,3
585,Unknown,3,7,0.42857142857142855,1
585,Female,2,7,0.2857142857142857,2
585,Male,2,7,0.2857142857142857,3
586,Unknown,4,7,0.5714285714285714,1
586,Female,3,7,0.42857142857142855,2
587,Male,4,7,0.5714285714285714,1
587,Female,2,7,0.2857142857142857,2
587,Unknown,1,7,0.14285714285714285,3
588,Unknown,5,7,0.7142857142857143,1
588,Female,1,7,0.14285714285714285,2
588,Male,1,7,0.14285714285714285,3
589,Unknown,5,7,0.7142857142857143,1
589,Female,1,7,0.14285714285714285,2
589,Male,1,7,0.14285714285714285,3
590,Female,5,7,0.7142857142857143,1
590,Male,2,7,0.2857142857142857,2
591,Unknown,4,7,0.5714285714285714,1
591,Male,2,7,0.2857142857142857,2
591,Female,1,7,0.14285714285714285,3
592,Male,5,7,0.7142857142857143,1
592,Female,1,7,0.14285714285714285,2
592,Unknown,1,7,0.14285714285714285,3
593,Unknown,5,7,0.7142857142857143,1
593,Male,2,7,0.2857142857142857,2
594,Unknown,4,7,0.5714285714285714,1
594,Male,3,7,0.42857142857142855,2
595,Female,4,7,0.5714285714285714,1
595,Male,3,7,0.42857142857142855,2
596,Unknown,4,7,0.5714285714285714,1
596,Male,2,7,0.2857142857142857,2
596,Female,1,7,0.14285714285714285,3
597,Unknown,3,7,0.42857142857142855,1
597,Female,2,7,0.2857142857142857,2
597,Male,2,7,0.2857142857142857,3
598,Female,3,7,0.42857142857142855,1
598,Male,2,7,0.2857142857142857,2
598,Unknown,2,7,0.2857142857142857,3
599,Unknown,5,7,0.7142857142857143,1
599,Female,2,7,0.2857142857142857,2
600,Male,7,7,1.0,1
601,Unknown,3,7,0.42857142857142855,1
601,Female,2,7,0.2857142857142857,2
601,Male,2,7,0.2857142857142857,3
602,Male,5,7,0.7142857142857143,1
602,Female,2,7,0.2857142857142857,2
603,Female,3,7,0.42857142857142855,1
603,Male,3,7,0.42857142857142855,2
603,Unknown,1,7,0.14285714285714285,3
604,Female,4,7,0.5714285714285714,1
604,Unknown,2,7,0.2857142857142857,2
604,Male,1,7,0.14285714285714285,3
605,Unknown,4,7,0.5714285714285714,1
605,Female,2,7,0.2857142857142857,2
605,Male,1,7,0.14285714285714285,3
606,Unknown,4,7,0.5714285714285714,1
606,Female,3,7,0.42857142857142855,2
607,Male,5,7,0.7142857142857143,1
607,Female,2,7,0.2857142857142857,2
608,Female,3,7,0.42857142857142855,1
608,Unknown,3,7,0.42857142857142855,2
608,Male,1,7,0.14285714285714285,3
609,Unknown,5,7,0.7142857142857143,1
609,Female,1,7,0.14285714285714285,2
609,Male,1,7,0.14285714285714285,3
610,Female,3,7,0.42857142857142855,1
610,Male,2,7,0.2857142857142857,2
610,Unknown,2,7,0.2857142857142857,3
611,Unknown,5,7,0.7142857142857143,1
611,Female,2,7,0.2857142857142857,2
612,Unknown,4,7,0.5714285714285714,1
612,Male,3,7,0.42857142857142855,2
613,Unknown,4,7,0.5714285714285714,1
613,Female,2,7,0.2857142857142857,2
613,Male,1,7,0.14285714285714285,3
614,Male,3,7,0.42857142857142855,1
614,Unknown,3,7,0.42857142857142855,2
614,Female,1,7,0.14285714285714285,3
615,Male,4,7,0.5714285714285714,1
615,Female,3,7,0.42857142857142855,2
616,Unknown,4,7,0.5714285714285714,1
616,Female,2,7,0.2857142857142857,2
616,Male,1,7,0.14285714285714285,3
617,Female,4,7,0.5714285714285714,1
617,Unknown,2,7,0.2857142857142857,2
617,Male,1,7,0.14285714285714285,3
618,Unknown,7,7,1.0,1
619,Unknown,3,7,0.42857142857142855,1
619,Female,2,7,0.2857142857142857,2
619,Male,2,7,0.2857142857142857,3
620,Unknown,6,7,0.8571428571428571,1
620,Female,1,7,0.14285714285714285,2
621,Male,3,7,0.42857142857142855,1
621,Female,2,7,0.2857142857142857,2
621,Unknown,2,7,0.2857142857142857,3
622,Unknown,4,7,0.5714285714285714,1
622,Female,2,7,0.2857142857142857,2
622,Male,1,7,0.14285714285714285,3
623,Unknown,4,7,0.5714285714285714,1
623,Male,2,7,0.2857142857142857,2
623,Female,1,7,0.14285714285714285,3
624,Unknown,4,7,0.5714285714285714,1
624,Female,2,7,0.2857142857142857,2
624,Male,1,7,0.14285714285714285,3
625,Male,4,7,0.5714285714285714,1
625,Female,2,7,0.2857142857142857,2
625,Unknown,1,7,0.14285714285714285,3
626,Male,4,7,0.5714285714285714,1
626,Female,3,7,0.42857142857142855,2
627,Unknown,5,7,0.7142857142857143,1
627,Female,1,7,0.14285714285714285,2
627,Male,1,7,0.14285714285714285,3
628,Unknown,6,7,0.8571428571428571,1
628,Male,1,7,0.14285714285714285,2
629,Unknown,5,7,0.7142857142857143,1
629,Female,1,7,0.14285714285714285,2
629,Male,1,7,0.14285714285714285,3
630,Male,6,7,0.8571428571428571,1
630,Female,1,7,0.14285714285714285,2
631,Male,4,7,0.5714285714285714,1
631,Unknown,3,7,0.42857142857142855,2
632,Female,4,7,0.5714285714285714,1
632,Unknown,2,7,0.2857142857142857,2
632,Male,1,7,0.14285714285714285,3
633,Unknown,5,7,0.7142857142857143,1
633,Female,1,7,0.14285714285714285,2
633,Male,1,7,0.14285714285714285,3
634,Male,3,7,0.42857142857142855,1
634,Female,2,7,0.2857142857142857,2
634,Unknown,2,7,0.2857142857142857,3
635,Unknown,5,7,0.7142857142857143,1
635,Female,1,7,0.14285714285714285,2
635,Male,1,7,0.14285714285714285,3
636,Male,4,7,0.5714285714285714,1
636,Female,3,7,0.42857142857142855,2
637,Unknown,5,7,0.7142857142857143,1
637,Male,2,7,0.2857142857142857,2
638,Unknown,6,7,0.8571428571428571,1
638,Male,1,7,0.14285714285714285,2
639,Unknown,4,7,0.5714285714285714,1
639,Male,3,7,0.42857142857142855,2
640,Unknown,5,7,0.7142857142857143,1
640,Female,1,7,0.14285714285714285,2
640,Male,1,7,0.14285714285714285,3
641,Unknown,4,7,0.5714285714285714,1
641,Male,2,7,0.2857142857142857,2
641,Female,1,7,0.14285714285714285,3
642,Male,5,7,0.7142857142857143,1
642,Unknown,2,7,0.2857142857142857,2
643,Male,7,7,1.0,1
644,Unknown,4,7,0.5714285714285714,1
644,Male,3,7,0.42857142857142855,2
645,Unknown,4,7,0.5714285714285714,1
645,Male,2,7,0.2857142857142857,2
645,Female,1,7,0.14285714285714285,3
646,Male,4,7,0.5714285714285714,1
646,Unknown,2,7,0.2857142857142857,2
646,Female,1,7,0.14285714285714285,3
647,Unknown,4,7,0.5714285714285714,1
647,Male,2,7,0.2857142857142857,2
647,Female,1,7,0.14285714285714285,3
648,Unknown,5,7,0.7142857142857143,1
648,Female,1,7,0.14285714285714285,2
648,Male,1,7,0.14285714285714285,3
649,Male,5,7,0.7142857142857143,1
649,Female,1,7,0.14285714285714285,2
649,Unknown,1,7,0.14285714285714285,3
650,Male,4,7,0.5714285714285714,1
650,Female,2,7,0.2857142857142857,2
650,Unknown,1,7,0.14285714285714285,3
651,Unknown,6,7,0.8571428571428571,1
651,Male,1,7,0.14285714285714285,2
652,Unknown,3,7,0.42857142857142855,1
652,Female,2,7,0.2857142857142857,2
652,Male,2,7,0.2857142857142857,3
653,Unknown,5,7,0.7142857142857143,1
653,Female,1,7,0.14285714285714285,2
653,Male,1,7,0.14285714285714285,3
654,Female,3,6,0.5,1
654,Male,3,6,0.5,2
655,Unknown,5,6,0.8333333333333334,1
655,Male,1,6,0.16666666666666666,2
656,Female,3,6,0.5,1
656,Male,2,6,0.3333333333333333,2
656,Unknown,1,6,0.16666666666666666,3
657,Unknown,3,6,0.5,1
657,Female,2,6,0.3333333333333333,2
657,Male,1,6,0.16666666666666666,3
658,Male,3,6,0.5,1
658,Unknown,3,6,0.5,2
659,Female,3,6,0.5,1
659,Male,2,6,0.3333333333333333,2
659,Unknown,1,6,0.16666666666666666,3
660,Unknown,4,6,0.6666666666666666,1
660,Female,1,6,0.16666666666666666,2
660,Male,1,6,0.16666666666666666,3
661,Unknown,3,6,0.5,1
661,Male,2,6,0.3333333333333333,2
661,Female,1,6,0.16666666666666666,3
662,Male,3,6,0.5,1
662,Unknown,2,6,0.3333333333333333,2
662,Female,1,6,0.16666666666666666,3
663,Male,3,6,0.5,1
663,Female,2,6,0.3333333333333333,2
663,Unknown,1,6,0.16666666666666666,3
664,Male,5,6,0.8333333333333334,1
664,Unknown,1,6,0.16666666666666666,2
665,Female,2,6,0.3333333333333333,1
665,Male,2,6,0.3333333333333333,2
665,Unknown,2,6,0.3333333333333333,3
666,Male,4,6,0.6666666666666666,1
666,Female,2,6,0.3333333333333333,2
667,Unknown,3,6,0.5,1
667,Male,2,6,0.3333333333333333,2
667,Female,1,6,0.16666666666666666,3
668,Unknown,4,6,0.6666666666666666,1
668,Male,2,6,0.3333333333333333,2
669,Unknown,5,6,0.8333333333333334,1
669,Female,1,6,0.16666666666666666,2
670,Male,3,6,0.5,1
670,Unknown,2,6,0.3333333333333333,2
670,Female,1,6,0.16666666666666666,3
671,Female,4,6,0.6666666666666666,1
671,Male,1,6,0.16666666666666666,2
671,Unknown,1,6,0.16666666666666666,3
672,Unknown,4,6,0.6666666666666666,1
672,Female,1,6,0.16666666666666666,2
672,Male,1,6,0.16666666666666666,3
673,Male,5,6,0.8333333333333334,1
673,Unknown,1,6,0.16666666666666666,2
674,Unknown,5,6,0.8333333333333334,1
674,Female,1,6,0.16666666666666666,2
675,Female,4,6,0.6666666666666666,1
675,Male,1,6,0.16666666666666666,2
675,Unknown,1,6,0.16666666666666666,3
676,Male,3,6,0.5,1
676,Unknown,3,6,0.5,2
677,Male,3,6,0.5,1
677,Unknown,2,6,0.3333333333333333,2
677,Female,1,6,0.16666666666666666,3
678,Male,3,6,0.5,1
678,Unknown,3,6,0.5,2
679,Male,4,6,0.6666666666666666,1
679,Female,1,6,0.16666666666666666,2
679,Unknown,1,6,0.16666666666666666,3
680,Unknown,4,6,0.6666666666666666,1
680,Female,1,6,0.16666666666666666,2
680,Male,1,6,0.16666666666666666,3
681,Male,3,6,0.5,1
681,Unknown,3,6,0.5,2
682,Male,4,6,0.6666666666666666,1
682,Female,2,6,0.3333333333333333,2
683,Unknown,4,6,0.6666666666666666,1
683,Female,2,6,0.3333333333333333,2
684,Male,3,6,0.5,1
684,Unknown,2,6,0.3333333333333333,2
684,Female,1,6,0.16666666666666666,3
685,Unknown,5,6,0.8333333333333334,1
685,Male,1,6,0.16666666666666666,2
686,Female,3,6,0.5,1
686,Male,3,6,0.5,2
687,Unknown,3,6,0.5,1
687,Male,2,6,0.3333333333333333,2
687,Female,1,6,0.16666666666666666,3
688,Male,3,6,0.5,1
688,Female,2,6,0.3333333333333333,2
688,Unknown,1,6,0.16666666666666666,3
689,Male,5,6,0.8333333333333334,1
689,Female,1,6,0.16666666666666666,2
690,Unknown,4,6,0.6666666666666666,1
690,Female,2,6,0.3333333333333333,2
691,Unknown,5,6,0.8333333333333334,1
691,Male,1,6,0.16666666666666666,2
692,Unknown,4,6,0.6666666666666666,1
692,Female,2,6,0.3333333333333333,2
693,Unknown,5,6,0.8333333333333334,1
693,Female,1,6,0.16666666666666666,2
694,Unknown,4,6,0.6666666666666666,1
694,Female,1,6,0.16666666666666666,2
694,Male,1,6,0.16666666666666666,3
695,Unknown,5,6,0.8333333333333334,1
695,Female,1,6,0.16666666666666666,2
696,Male,3,6,0.5,1
696,Unknown,3,6,0.5,2
697,Female,4,6,0.6666666666666666,1
697,Male,2,6,0.3333333333333333,2
698,Unknown,3,6,0.5,1
698,Male,2,6,0.3333333333333333,2
698,Female,1,6,0.16666666666666666,3
699,Unknown,4,6,0.6666666666666666,1
699,Female,2,6,0.3333333333333333,2
700,Unknown,3,6,0.5,1
700,Male,2,6,0.3333333333333333,2
700,Female,1,6,0.16666666666666666,3
701,Unknown,3,6,0.5,1
701,Male,2,6,0.3333333333333333,2
701,Female,1,6,0.16666666666666666,3
702,Female,3,6,0.5,1
702,Male,2,6,0.3333333333333333,2
702,Unknown,1,6,0.16666666666666666,3
703,Female,3,6,0.5,1
703,Unknown,2,6,0.3333333333333333,2
703,Male,1,6,0.16666666666666666,3
704,Female,3,6,0.5,1
704,Unknown,3,6,0.5,2
705,Female,3,6,0.5,1
705,Unknown,2,6,0.3333333333333333,2
705,Male,1,6,0.16666666666666666,3
706,Unknown,4,6,0.6666666666666666,1
706,Female,1,6,0.16666666666666666,2
706,Male,1,6,0.16666666666666666,3
707,Unknown,3,6,0.5,1
707,Female,2,6,0.3333333333333333,2
707,Male,1,6,0.16666666666666666,3
708,Female,2,6,0.3333333333333333,1
708,Male,2,6,0.3333333333333333,2
708,Unknown,2,6,0.3333333333333333,3
709,Female,5,6,0.8333333333333334,1
709,Male,1,6,0.16666666666666666,2
710,Unknown,4,6,0.6666666666666666,1
710,Female,1,6,0.16666666666666666,2
710,Male,1,6,0.16666666666666666,3
711,Unknown,3,6,0.5,1
711,Male,2,6,0.3333333333333333,2
711,Female,1,6,0.16666666666666666,3
712,Unknown,4,6,0.6666666666666666,1
712,Female,1,6,0.16666666666666666,2
712,Male,1,6,0.16666666666666666,3
713,Female,4,6,0.6666666666666666,1
713,Male,2,6,0.3333333333333333,2
714,Male,4,6,0.6666666666666666,1
714,Unknown,2,6,0.3333333333333333,2
715,Male,3,6,0.5,1
715,Female,2,6,0.3333333333333333,2
715,Unknown,1,6,0.16666666666666666,3
716,Unknown,4,6,0.6666666666666666,1
716,Female,1,6,0.16666666666666666,2
716,Male,1,6,0.16666666666666666,3
717,Male,3,6,0.5,1
717,Unknown,2,6,0.3333333333333333,2
717,Female,1,6,0.16666666666666666,3
718,Female,2,6,0.3333333333333333,1
718,Male,2,6,0.3333333333333333,2
718,Unknown,2,6,0.3333333333333333,3
719,Unknown,4,6,0.6666666666666666,1
719,Female,1,6,0.16666666666666666,2
719,Male,1,6,0.16666666666666666,3
720,Unknown,5,6,0.8333333333333334,1
720,Male,1,6,0.16666666666666666,2
721,Unknown,5,6,0.8333333333333334,1
721,Male,1,6,0.16666666666666666,2
722,Male,4,6,0.6666666666666666,1
722,Female,2,6,0.3333333333333333,2
723,Unknown,4,6,0.6666666666666666,1
723,Female,1,6,0.16666666666666666,2
723,Male,1,6,0.16666666666666666,3
724,Unknown,4,6,0.6666666666666666,1
724,Female,2,6,0.3333333333333333,2
725,Unknown,4,6,0.6666666666666666,1
725,Male,2,6,0.3333333333333333,2
726,Unknown,4,6,0.6666666666666666,1
726,Female,1,6,0.16666666666666666,2
726,Male,1,6,0.16666666666666666,3
727,Unknown,4,6,0.6666666666666666,1
727,Male,2,6,0.3333333333333333,2
728,Unknown,4,6,0.6666666666666666,1
728,Female,1,6,0.16666666666666666,2
728,Male,1,6,0.16666666666666666,3
729,Male,5,6,0.8333333333333334,1
729,Female,1,6,0.16666666666666666,2
730,Unknown,3,6,0.5,1
730,Female,2,6,0.3333333333333333,2
730,Male,1,6,0.16666666666666666,3
731,Female,2,6,0.3333333333333333,1
731,Male,2,6,0.3333333333333333,2
731,Unknown,2,6,0.3333333333333333,3
732,Unknown,4,6,0.6666666666666666,1
732,Female,1,6,0.16666666666666666,2
732,Male,1,6,0.16666666666666666,3
733,Male,3,6,0.5,1
733,Unknown,3,6,0.5,2
734,Male,5,6,0.8333333333333334,1
734,Female,1,6,0.16666666666666666,2
735,Unknown,5,6,0.8333333333333334,1
735,Female,1,6,0.16666666666666666,2
736,Unknown,4,6,0.6666666666666666,1
736,Female,2,6,0.3333333333333333,2
737,Unknown,4,6,0.6666666666666666,1
737,Female,1,6,0.16666666666666666,2
737,Male,1,6,0.16666666666666666,3
738,Unknown,4,6,0.6666666666666666,1
738,Male,2,6,0.3333333333333333,2
739,Unknown,3,6,0.5,1
739,Female,2,6,0.3333333333333333,2
739,Male,1,6,0.16666666666666666,3
740,Unknown,3,6,0.5,1
740,Female,2,6,0.3333333333333333,2
740,Male,1,6,0.16666666666666666,3
741,Unknown,3,6,0.5,1
741,Male,2,6,0.3333333333333333,2
741,Female,1,6,0.16666666666666666,3
742,Female,5,6,0.8333333333333334,1
742,Male,1,6,0.16666666666666666,2
743,Unknown,5,6,0.8333333333333334,1
743,Male,1,6,0.16666666666666666,2
744,Unknown,3,6,0.5,1
744,Male,2,6,0.3333333333333333,2
744,Female,1,6,0.16666666666666666,3
745,Male,3,6,0.5,1
745,Unknown,2,6,0.3333333333333333,2
745,Female,1,6,0.16666666666666666,3
746,Male,5,6,0.8333333333333334,1
746,Female,1,6,0.16666666666666666,2
747,Unknown,3,6,0.5,1
747,Male,2,6,0.3333333333333333,2
747,Female,1,6,0.16666666666666666,3
748,Unknown,3,6,0.5,1
748,Female,2,6,0.3333333333333333,2
748,Male,1,6,0.16666666666666666,3
749,Unknown,3,6,0.5,1
749,Male,2,6,0.3333333333333333,2
749,Female,1,6,0.16666666666666666,3
750,Unknown,5,6,0.8333333333333334,1
750,Male,1,6,0.16666666666666666,2
751,Unknown,3,6,0.5,1
751,Female,2,6,0.3333333333333333,2
751,Male,1,6,0.16666666666666666,3
752,Female,3,6,0.5,1
752,Male,3,6,0.5,2
753,Unknown,5,6,0.8333333333333334,1
753,Female,1,6,0.16666666666666666,2
754,Unknown,3,6,0.5,1
754,Male,2,6,0.3333333333333333,2
754,Female,1,6,0.16666666666666666,3
755,Unknown,4,6,0.6666666666666666,1
755,Female,1,6,0.16666666666666666,2
755,Male,1,6,0.16666666666666666,3
756,Unknown,3,6,0.5,1
756,Male,2,6,0.3333333333333333,2
756,Female,1,6,0.16666666666666666,3
757,Unknown,6,6,1.0,1
758,Unknown,3,6,0.5,1
758,Male,2,6,0.3333333333333333,2
758,Female,1,6,0.16666666666666666,3
759,Female,3,6,0.5,1
759,Male,2,6,0.3333333333333333,2
759,Unknown,1,6,0.16666666666666666,3
760,Male,3,6,0.5,1
760,Female,2,6,0.3333333333333333,2
760,Unknown,1,6,0.16666666666666666,3
761,Female,3,6,0.5,1
761,Unknown,2,6,0.3333333333333333,2
761,Male,1,6,0.16666666666666666,3
762,Unknown,3,6,0.5,1
762,Female,2,6,0.3333333333333333,2
762,Male,1,6,0.16666666666666666,3
763,Unknown,3,6,0.5,1
763,Female,2,6,0.3333333333333333,2
763,Male,1,6,0.16666666666666666,3
764,Female,4,6,0.6666666666666666,1
764,Male,2,6,0.3333333333333333,2
765,Female,3,6,0.5,1
765,Male,2,6,0.3333333333333333,2
765,Unknown,1,6,0.16666666666666666,3
766,Unknown,4,6,0.6666666666666666,1
766,Male,2,6,0.3333333333333333,2
767,Unknown,3,6,0.5,1
767,Female,2,6,0.3333333333333333,2
767,Male,1,6,0.16666666666666666,3
768,Unknown,4,6,0.6666666666666666,1
768,Male,2,6,0.3333333333333333,2
769,Unknown,5,6,0.8333333333333334,1
769,Female,1,6,0.16666666666666666,2
770,Unknown,4,6,0.6666666666666666,1
770,Male,2,6,0.3333333333333333,2
771,Unknown,4,6,0.6666666666666666,1
771,Male,2,6,0.3333333333333333,2
772,Unknown,3,6,0.5,1
772,Female,2,6,0.3333333333333333,2
772,Male,1,6,0.16666666666666666,3
773,Unknown,5,6,0.8333333333333334,1
773,Male,1,6,0.16666666666666666,2
774,Unknown,4,6,0.6666666666666666,1
774,Female,1,6,0.16666666666666666,2
774,Male,1,6,0.16666666666666666,3
775,Unknown,3,6,0.5,1
775,Male,2,6,0.3333333333333333,2
775,Female,1,6,0.16666666666666666,3
776,Male,3,6,0.5,1
776,Unknown,2,6,0.3333333333333333,2
776,Female,1,6,0.16666666666666666,3
777,Unknown,6,6,1.0,1
778,Unknown,6,6,1.0,1
779,Unknown,6,6,1.0,1
780,Unknown,3,6,0.5,1
780,Male,2,6,0.3333333333333333,2
780,Female,1,6,0.16666666666666666,3
781,Unknown,4,6,0.6666666666666666,1
781,Male,2,6,0.3333333333333333,2
782,Female,3,6,0.5,1
782,Male,3,6,0.5,2
783,Unknown,3,6,0.5,1
783,Female,2,6,0.3333333333333333,2
783,Male,1,6,0.16666666666666666,3
784,Unknown,5,6,0.8333333333333334,1
784,Female,1,6,0.16666666666666666,2
785,Male,3,6,0.5,1
785,Female,2,6,0.3333333333333333,2
785,Unknown,1,6,0.16666666666666666,3
786,Male,3,6,0.5,1
786,Unknown,2,6,0.3333333333333333,2
786,Female,1,6,0.16666666666666666,3
787,Female,2,6,0.3333333333333333,1
787,Male,2,6,0.3333333333333333,2
787,Unknown,2,6,0.3333333333333333,3
788,Female,2,6,0.3333333333333333,1
788,Male,2,6,0.3333333333333333,2
788,Unknown,2,6,0.3333333333333333,3
789,Unknown,3,6,0.5,1
789,Male,2,6,0.3333333333333333,2
789,Female,1,6,0.16666666666666666,3
790,Female,3,6,0.5,1
790,Unknown,3,6,0.5,2
791,Male,4,6,0.6666666666666666,1
791,Female,2,6,0.3333333333333333,2
792,Unknown,4,6,0.6666666666666666,1
792,Male,2,6,0.3333333333333333,2
793,Unknown,4,6,0.6666666666666666,1
793,Female,1,6,0.16666666666666666,2
793,Male,1,6,0.16666666666666666,3
794,Unknown,4,6,0.6666666666666666,1
794,Male,2,6,0.3333333333333333,2
795,Unknown,3,6,0.5,1
795,Female,2,6,0.3333333333333333,2
795,Male,1,6,0.16666666666666666,3
796,Unknown,4,6,0.6666666666666666,1
796,Female,1,6,0.16666666666666666,2
796,Male,1,6,0.16666666666666666,3
797,Female,4,6,0.6666666666666666,1
797,Unknown,2,6,0.3333333333333333,2
798,Male,3,6,0.5,1
798,Unknown,3,6,0.5,2
799,Male,3,6,0.5,1
799,Unknown,3,6,0.5,2
800,Unknown,6,6,1.0,1
801,Unknown,5,6,0.8333333333333334,1
801,Male,1,6,0.16666666666666666,2
802,Female,3,6,0.5,1
802,Unknown,3,6,0.5,2
803,Male,3,6,0.5,1
803,Unknown,2,6,0.3333333333333333,2
803,Female,1,6,0.16666666666666666,3
804,Male,5,6,0.8333333333333334,1
804,Female,1,6,0.16666666666666666,2
805,Unknown,4,6,0.6666666666666666,1
805,Female,1,6,0.16666666666666666,2
805,Male,1,6,0.16666666666666666,3
806,Male,3,6,0.5,1
806,Unknown,2,6,0.3333333333333333,2
806,Female,1,6,0.16666666666666666,3
807,Female,2,6,0.3333333333333333,1
807,Male,2,6,0.3333333333333333,2
807,Unknown,2,6,0.3333333333333333,3
808,Unknown,6,6,1.0,1
809,Male,4,5,0.8,1
809,Unknown,1,5,0.2,2
810,Female,3,5,0.6,1
810,Male,1,5,0.2,2
810,Unknown,1,5,0.2,3
811,Female,4,5,0.8,1
811,Male,1,5,0.2,2
812,Unknown,3,5,0.6,1
812,Female,2,5,0.4,2
813,Female,3,5,0.6,1
813,Male,2,5,0.4,2
814,Unknown,3,5,0.6,1
814,Female,2,5,0.4,2
815,Male,2,5,0.4,1
815,Unknown,2,5,0.4,2
815,Female,1,5,0.2,3
816,Male,2,5,0.4,1
816,Unknown,2,5,0.4,2
816,Female,1,5,0.2,3
817,Unknown,4,5,0.8,1
817,Male,1,5,0.2,2
818,Male,2,5,0.4,1
818,Unknown,2,5,0.4,2
818,Female,1,5,0.2,3
819,Unknown,5,5,1.0,1
820,Female,4,5,0.8,1
820,Male,1,5,0.2,2
821,Male,2,5,0.4,1
821,Unknown,2,5,0.4,2
821,Female,1,5,0.2,3
822,Unknown,4,5,0.8,1
822,Female,1,5,0.2,2
823,Female,3,5,0.6,1
823,Male,2,5,0.4,2
824,Unknown,3,5,0.6,1
824,Female,1,5,0.2,2
824,Male,1,5,0.2,3
825,Unknown,3,5,0.6,1
825,Female,1,5,0.2,2
825,Male,1,5,0.2,3
826,Unknown,3,5,0.6,1
826,Female,1,5,0.2,2
826,Male,1,5,0.2,3
827,Unknown,3,5,0.6,1
827,Female,1,5,0.2,2
827,Male,1,5,0.2,3
828,Male,3,5,0.6,1
828,Female,1,5,0.2,2
828,Unknown,1,5,0.2,3
829,Female,2,5,0.4,1
829,Unknown,2,5,0.4,2
829,Male,1,5,0.2,3
830,Male,2,5,0.4,1
830,Unknown,2,5,0.4,2
830,Female,1,5,0.2,3
831,Unknown,4,5,0.8,1
831,Female,1,5,0.2,2
832,Male,2,5,0.4,1
832,Unknown,2,5,0.4,2
832,Female,1,5,0.2,3
833,Male,3,5,0.6,1
833,Female,2,5,0.4,2
834,Female,3,5,0.6,1
834,Unknown,2,5,0.4,2
835,Unknown,4,5,0.8,1
835,Female,1,5,0.2,2
836,Unknown,5,5,1.0,1
837,Female,3,5,0.6,1
837,Male,1,5,0.2,2
837,Unknown,1,5,0.2,3
838,Unknown,4,5,0.8,1
838,Male,1,5,0.2,2
839,Unknown,4,5,0.8,1
839,Male,1,5,0.2,2
840,Male,2,5,0.4,1
840,Unknown,2,5,0.4,2
840,Female,1,5,0.2,3
841,Male,3,5,0.6,1
841,Female,1,5,0.2,2
841,Unknown,1,5,0.2,3
842,Male,3,5,0.6,1
842,Unknown,2,5,0.4,2
843,Unknown,3,5,0.6,1
843,Female,1,5,0.2,2
843,Male,1,5,0.2,3
844,Unknown,3,5,0.6,1
844,Male,2,5,0.4,2
845,Male,4,5,0.8,1
845,Female,1,5,0.2,2
846,Male,3,5,0.6,1
846,Female,2,5,0.4,2
847,Unknown,3,5,0.6,1
847,Female,1,5,0.2,2
847,Male,1,5,0.2,3
848,Unknown,3,5,0.6,1
848,Female,1,5,0.2,2
848,Male,1,5,0.2,3
849,Unknown,3,5,0.6,1
849,Female,2,5,0.4,2
850,Male,5,5,1.0,1
851,Female,3,5,0.6,1
851,Male,2,5,0.4,2
852,Male,2,5,0.4,1
852,Unknown,2,5,0.4,2
852,Female,1,5,0.2,3
853,Unknown,3,5,0.6,1
853,Female,1,5,0.2,2
853,Male,1,5,0.2,3
854,Unknown,3,5,0.6,1
854,Female,1,5,0.2,2
854,Male,1,5,0.2,3
855,Male,3,5,0.6,1
855,Female,2,5,0.4,2
856,Female,2,5,0.4,1
856,Male,2,5,0.4,2
856,Unknown,1,5,0.2,3
857,Male,4,5,0.8,1
857,Female,1,5,0.2,2
858,Unknown,4,5,0.8,1
858,Female,1,5,0.2,2
859,Female,2,5,0.4,1
859,Unknown,2,5,0.4,2
859,Male,1,5,0.2,3
860,Male,5,5,1.0,1
861,Female,3,5,0.6,1
861,Male,2,5,0.4,2
862,Unknown,3,5,0.6,1
862,Female,1,5,0.2,2
862,Male,1,5,0.2,3
863,Male,2,5,0.4,1
863,Unknown,2,5,0.4,2
863,Female,1,5,0.2,3
864,Female,3,5,0.6,1
864,Male,2,5,0.4,2
865,Male,2,5,0.4,1
865,Unknown,2,5,0.4,2
865,Female,1,5,0.2,3
866,Female,2,5,0.4,1
866,Male,2,5,0.4,2
866,Unknown,1,5,0.2,3
867,Unknown,4,5,0.8,1
867,Male,1,5,0.2,2
868,Female,3,5,0.6,1
868,Unknown,2,5,0.4,2
869,Male,3,5,0.6,1
869,Female,2,5,0.4,2
870,Male,2,5,0.4,1
870,Unknown,2,5,0.4,2
870,Female,1,5,0.2,3
871,Unknown,4,5,0.8,1
871,Female,1,5,0.2,2
872,Female,4,5,0.8,1
872,Male,1,5,0.2,2
873,Male,2,5,0.4,1
873,Unknown,2,5,0.4,2
873,Female,1,5,0.2,3
874,Male,3,5,0.6,1
874,Female,1,5,0.2,2
874,Unknown,1,5,0.2,3
875,Unknown,3,5,0.6,1
875,Female,2,5,0.4,2
876,Unknown,3,5,0.6,1
876,Male,2,5,0.4,2
877,Male,2,5,0.4,1
877,Unknown,2,5,0.4,2
877,Female,1,5,0.2,3
878,Unknown,5,5,1.0,1
879,Unknown,4,5,0.8,1
879,Male,1,5,0.2,2
880,Male,2,5,0.4,1
880,Unknown,2,5,0.4,2
880,Female,1,5,0.2,3
881,Unknown,4,5,0.8,1
881,Male,1,5,0.2,2
882,Unknown,4,5,0.8,1
882,Female,1,5,0.2,2
883,Unknown,3,5,0.6,1
883,Female,1,5,0.2,2
883,Male,1,5,0.2,3
884,Unknown,3,5,0.6,1
884,Female,1,5,0.2,2
884,Male,1,5,0.2,3
885,Unknown,3,5,0.6,1
885,Female,1,5,0.2,2
885,Male,1,5,0.2,3
886,Female,2,5,0.4,1
886,Unknown,2,5,0.4,2
886,Male,1,5,0.2,3
887,Unknown,3,5,0.6,1
887,Male,2,5,0.4,2
888,Female,3,5,0.6,1
888,Male,2,5,0.4,2
889,Female,3,5,0.6,1
889,Male,1,5,0.2,2
889,Unknown,1,5,0.2,3
890,Unknown,3,5,0.6,1
890,Male,2,5,0.4,2
891,Male,3,5,0.6,1
891,Unknown,2,5,0.4,2
892,Female,2,5,0.4,1
892,Unknown,2,5,0.4,2
892,Male,1,5,0.2,3
893,Male,3,5,0.6,1
893,Unknown,2,5,0.4,2
894,Unknown,5,5,1.0,1
895,Unknown,5,5,1.0,1
896,Unknown,3,5,0.6,1
896,Female,2,5,0.4,2
897,Male,4,5,0.8,1
897,Female,1,5,0.2,2
898,Unknown,4,5,0.8,1
898,Female,1,5,0.2,2
899,Unknown,5,5,1.0,1
900,Unknown,4,5,0.8,1
900,Female,1,5,0.2,2
901,Female,3,5,0.6,1
901,Unknown,2,5,0.4,2
902,Female,3,5,0.6,1
902,Male,2,5,0.4,2
903,Male,5,5,1.0,1
904,Female,2,5,0.4,1
904,Unknown,2,5,0.4,2
904,Male,1,5,0.2,3
905,Female,3,5,0.6,1
905,Male,2,5,0.4,2
906,Female,2,5,0.4,1
906,Unknown,2,5,0.4,2
906,Male,1,5,0.2,3
907,Unknown,4,5,0.8,1
907,Female,1,5,0.2,2
908,Unknown,3,5,0.6,1
908,Female,1,5,0.2,2
908,Male,1,5,0.2,3
909,Unknown,4,5,0.8,1
909,Male,1,5,0.2,2
910,Unknown,3,5,0.6,1
910,Female,2,5,0.4,2
911,Female,2,5,0.4,1
911,Unknown,2,5,0.4,2
911,Male,1,5,0.2,3
912,Male,3,5,0.6,1
912,Female,1,5,0.2,2
912,Unknown,1,5,0.2,3
913,Unknown,4,5,0.8,1
913,Female,1,5,0.2,2
914,Unknown,4,5,0.8,1
914,Male,1,5,0.2,2
915,Male,4,5,0.8,1
915,Female,1,5,0.2,2
916,Unknown,4,5,0.8,1
916,Female,1,5,0.2,2
917,Male,3,5,0.6,1
917,Female,1,5,0.2,2
917,Unknown,1,5,0.2,3
918,Male,4,5,0.8,1
918,Female,1,5,0.2,2
919,Male,2,5,0.4,1
919,Unknown,2,5,0.4,2
919,Female,1,5,0.2,3
920,Unknown,3,5,0.6,1
920,Female,2,5,0.4,2
921,Unknown,3,5,0.6,1
921,Female,1,5,0.2,2
921,Male,1,5,0.2,3
922,Unknown,4,5,0.8,1
922,Male,1,5,0.2,2
923,Male,4,5,0.8,1
923,Female,1,5,0.2,2
924,Unknown,4,5,0.8,1
924,Male,1,5,0.2,2
925,Male,3,5,0.6,1
925,Female,1,5,0.2,2
925,Unknown,1,5,0.2,3
926,Female,2,5,0.4,1
926,Unknown,2,5,0.4,2
926,Male,1,5,0.2,3
927,Female,2,5,0.4,1
927,Unknown,2,5,0.4,2
927,Male,1,5,0.2,3
928,Male,3,5,0.6,1
928,Female,1,5,0.2,2
928,Unknown,1,5,0.2,3
929,Unknown,3,5,0.6,1
929,Female,2,5,0.4,2
930,Male,3,5,0.6,1
930,Unknown,2,5,0.4,2
931,Unknown,4,5,0.8,1
931,Female,1,5,0.2,2
932,Male,3,5,0.6,1
932,Unknown,2,5,0.4,2
933,Female,4,5,0.8,1
933,Male,1,5,0.2,2
934,Female,3,5,0.6,1
934,Male,2,5,0.4,2
935,Male,4,5,0.8,1
935,Unknown,1,5,0.2,2
936,Female,2,5,0.4,1
936,Unknown,2,5,0.4,2
936,Male,1,5,0.2,3
937,Male,4,5,0.8,1
937,Female,1,5,0.2,2
938,Unknown,3,5,0.6,1
938,Female,1,5,0.2,2
938,Male,1,5,0.2,3
939,Unknown,3,5,0.6,1
939,Female,1,5,0.2,2
939,Male,1,5,0.2,3
940,Male,3,5,0.6,1
940,Female,2,5,0.4,2
941,Unknown,4,5,0.8,1
941,Male,1,5,0.2,2
942,Male,3,5,0.6,1
942,Female,1,5,0.2,2
942,Unknown,1,5,0.2,3
943,Female,4,5,0.8,1
943,Male,1,5,0.2,2
944,Male,3,5,0.6,1
944,Unknown,2,5,0.4,2
945,Female,3,5,0.6,1
945,Male,2,5,0.4,2
946,Unknown,3,5,0.6,1
946,Female,1,5,0.2,2
946,Male,1,5,0.2,3
947,Unknown,4,5,0.8,1
947,Male,1,5,0.2,2
948,Unknown,3,5,0.6,1
948,Female,1,5,0.2,2
948,Male,1,5,0.2,3
949,Male,3,5,0.6,1
949,Unknown,2,5,0.4,2
950,Male,2,5,0.4,1
950,Unknown,2,5,0.4,2
950,Female,1,5,0.2,3
951,Unknown,3,5,0.6,1
951,Female,1,5,0.2,2
951,Male,1,5,0.2,3
952,Unknown,3,5,0.6,1
952,Female,1,5,0.2,2
952,Male,1,5,0.2,3
953,Unknown,4,5,0.8,1
953,Female,1,5,0.2,2
954,Female,2,5,0.4,1
954,Male,2,5,0.4,2
954,Unknown,1,5,0.2,3
955,Unknown,3,5,0.6,1
955,Female,1,5,0.2,2
955,Male,1,5,0.2,3
956,Unknown,3,5,0.6,1
956,Female,1,5,0.2,2
956,Male,1,5,0.2,3
957,Female,2,5,0.4,1
957,Unknown,2,5,0.4,2
957,Male,1,5,0.2,3
958,Female,2,5,0.4,1
958,Male,2,5,0.4,2
958,Unknown,1,5,0.2,3
959,Male,4,5,0.8,1
959,Unknown,1,5,0.2,2
960,Female,4,5,0.8,1
960,Male,1,5,0.2,2
961,Male,3,5,0.6,1
961,Female,2,5,0.4,2
962,Female,2,5,0.4,1
962,Male,2,5,0.4,2
962,Unknown,1,5,0.2,3
963,Male,2,5,0.4,1
963,Unknown,2,5,0.4,2
963,Female,1,5,0.2,3
964,Unknown,3,5,0.6,1
964,Female,2,5,0.4,2
965,Unknown,3,5,0.6,1
965,Female,1,5,0.2,2
965,Male,1,5,0.2,3
966,Unknown,3,5,0.6,1
966,Male,2,5,0.4,2
967,Unknown,3,5,0.6,1
967,Male,2,5,0.4,2
968,Female,2,5,0.4,1
968,Male,2,5,0.4,2
968,Unknown,1,5,0.2,3
969,Unknown,5,5,1.0,1
970,Unknown,3,5,0.6,1
970,Male,2,5,0.4,2
971,Male,3,5,0.6,1
971,Unknown,2,5,0.4,2
972,Male,3,5,0.6,1
972,Unknown,2,5,0.4,2
973,Unknown,5,5,1.0,1
974,Female,2,5,0.4,1
974,Unknown,2,5,0.4,2
974,Male,1,5,0.2,3
975,Male,4,5,0.8,1
975,Unknown,1,5,0.2,2
976,Female,3,5,0.6,1
976,Male,1,5,0.2,2
976,Unknown,1,5,0.2,3
977,Unknown,5,5,1.0,1
978,Male,4,5,0.8,1
978,Female,1,5,0.2,2
979,Unknown,4,5,0.8,1
979,Male,1,5,0.2,2
980,Female,3,5,0.6,1
980,Unknown,2,5,0.4,2
981,Unknown,5,5,1.0,1
982,Unknown,3,5,0.6,1
982,Female,1,5,0.2,2
982,Male,1,5,0.2,3
983,Unknown,3,5,0.6,1
983,Male,2,5,0.4,2
984,Unknown,3,5,0.6,1
984,Female,1,5,0.2,2
984,Male,1,5,0.2,3
985,Unknown,4,5,0.8,1
985,Male,1,5,0.2,2
986,Female,2,5,0.4,1
986,Unknown,2,5,0.4,2
986,Male,1,5,0.2,3
987,Male,3,5,0.6,1
987,Female,1,5,0.2,2
987,Unknown,1,5,0.2,3
988,Male,2,5,0.4,1
988,Unknown,2,5,0.4,2
988,Female,1,5,0.2,3
989,Unknown,3,5,0.6,1
989,Female,1,5,0.2,2
989,Male,1,5,0.2,3
990,Male,3,5,0.6,1
990,Unknown,2,5,0.4,2
991,Unknown,3,5,0.6,1
991,Male,2,5,0.4,2
992,Female,2,5,0.4,1
992,Male,2,5,0.4,2
992,Unknown,1,5,0.2,3
993,Unknown,3,5,0.6,1
993,Male,2,5,0.4,2
994,Unknown,3,5,0.6,1
994,Female,1,5,0.2,2
994,Male,1,5,0.2,3
995,Unknown,3,5,0.6,1
995,Male,2,5,0.4,2
996,Unknown,3,5,0.6,1
996,Female,2,5,0.4,2
997,Unknown,3,5,0.6,1
997,Female,1,5,0.2,2
997,Male,1,5,0.2,3
998,Unknown,3,5,0.6,1
998,Male,2,5,0.4,2
999,Male,2,5,0.4,1
999,Unknown,2,5,0.4,2
999,Female,1,5,0.2,3
1000,Unknown,4,5,0.8,1
1000,Male,1,5,0.2,2
1001,Unknown,4,5,0.8,1
1001,Female,1,5,0.2,2
1002,Unknown,3,5,0.6,1
1002,Female,1,5,0.2,2
1002,Male,1,5,0.2,3
1003,Male,2,5,0.4,1
1003,Unknown,2,5,0.4,2
1003,Female,1,5,0.2,3
1004,Unknown,4,5,0.8,1
1004,Male,1,5,0.2,2
1005,Unknown,5,5,1.0,1
1006,Female,2,5,0.4,1
1006,Male,2,5,0.4,2
1006,Unknown,1,5,0.2,3
1007,Female,3,5,0.6,1
1007,Male,1,5,0.2,2
1007,Unknown,1,5,0.2,3
1008,Unknown,3,5,0.6,1
1008,Male,2,5,0.4,2
1009,Male,2,5,0.4,1
1009,Unknown,2,5,0.4,2
1009,Female,1,5,0.2,3
1010,Unknown,5,5,1.0,1
1011,Male,4,5,0.8,1
1011,Female,1,5,0.2,2
1012,Unknown,4,5,0.8,1
1012,Male,1,5,0.2,2
1013,Female,2,5,0.4,1
1013,Male,2,5,0.4,2
1013,Unknown,1,5,0.2,3
1014,Unknown,4,5,0.8,1
1014,Male,1,5,0.2,2
1015,Male,2,5,0.4,1
1015,Unknown,2,5,0.4,2
1015,Female,1,5,0.2,3
1016,Female,3,5,0.6,1
1016,Unknown,2,5,0.4,2
1017,Unknown,2,4,0.5,1
1017,Female,1,4,0.25,2
1017,Male,1,4,0.25,3
1018,Unknown,2,4,0.5,1
1018,Female,1,4,0.25,2
1018,Male,1,4,0.25,3
1019,Female,3,4,0.75,1
1019,Male,1,4,0.25,2
1020,Male,2,4,0.5,1
1020,Unknown,2,4,0.5,2
1021,Unknown,4,4,1.0,1
1022,Unknown,2,4,0.5,1
1022,Female,1,4,0.25,2
1022,Male,1,4,0.25,3
1023,Unknown,3,4,0.75,1
1023,Male,1,4,0.25,2
1024,Female,2,4,0.5,1
1024,Male,2,4,0.5,2
1025,Unknown,4,4,1.0,1
1026,Male,2,4,0.5,1
1026,Unknown,2,4,0.5,2
1027,Male,3,4,0.75,1
1027,Unknown,1,4,0.25,2
1028,Female,3,4,0.75,1
1028,Male,1,4,0.25,2
1029,Unknown,4,4,1.0,1
1030,Male,2,4,0.5,1
1030,Unknown,2,4,0.5,2
1031,Unknown,2,4,0.5,1
1031,Female,1,4,0.25,2
1031,Male,1,4,0.25,3
1032,Unknown,2,4,0.5,1
1032,Female,1,4,0.25,2
1032,Male,1,4,0.25,3
1033,Male,3,4,0.75,1
1033,Female,1,4,0.25,2
1034,Male,3,4,0.75,1
1034,Unknown,1,4,0.25,2
1035,Female,2,4,0.5,1
1035,Male,1,4,0.25,2
1035,Unknown,1,4,0.25,3
1036,Unknown,3,4,0.75,1
1036,Male,1,4,0.25,2
1037,Female,2,4,0.5,1
1037,Male,2,4,0.5,2
1038,Male,3,4,0.75,1
1038,Female,1,4,0.25,2
1039,Male,3,4,0.75,1
1039,Unknown,1,4,0.25,2
1040,Male,2,4,0.5,1
1040,Female,1,4,0.25,2
1040,Unknown,1,4,0.25,3
1041,Male,4,4,1.0,1
1042,Unknown,4,4,1.0,1
1043,Male,2,4,0.5,1
1043,Female,1,4,0.25,2
1043,Unknown,1,4,0.25,3
1044,Unknown,2,4,0.5,1
1044,Female,1,4,0.25,2
1044,Male,1,4,0.25,3
1045,Unknown,4,4,1.0,1
1046,Male,3,4,0.75,1
1046,Female,1,4,0.25,2
1047,Unknown,3,4,0.75,1
1047,Male,1,4,0.25,2
1048,Male,3,4,0.75,1
1048,Female,1,4,0.25,2
1049,Unknown,4,4,1.0,1
1050,Female,2,4,0.5,1
1050,Unknown,2,4,0.5,2
1051,Unknown,2,4,0.5,1
1051,Female,1,4,0.25,2
1051,Male,1,4,0.25,3
1052,Male,2,4,0.5,1
1052,Unknown,2,4,0.5,2
1053,Female,2,4,0.5,1
1053,Male,2,4,0.5,2
1054,Unknown,3,4,0.75,1
1054,Female,1,4,0.25,2
1055,Male,4,4,1.0,1
1056,Unknown,4,4,1.0,1
1057,Unknown,3,4,0.75,1
1057,Female,1,4,0.25,2
1058,Female,2,4,0.5,1
1058,Male,2,4,0.5,2
1059,Unknown,2,4,0.5,1
1059,Female,1,4,0.25,2
1059,Male,1,4,0.25,3
1060,Male,2,4,0.5,1
1060,Unknown,2,4,0.5,2
1061,Male,2,4,0.5,1
1061,Female,1,4,0.25,2
1061,Unknown,1,4,0.25,3
1062,Female,2,4,0.5,1
1062,Unknown,2,4,0.5,2
1063,Male,2,4,0.5,1
1063,Unknown,2,4,0.5,2
1064,Unknown,4,4,1.0,1
1065,Unknown,2,4,0.5,1
1065,Female,1,4,0.25,2
1065,Male,1,4,0.25,3
1066,Unknown,2,4,0.5,1
1066,Female,1,4,0.25,2
1066,Male,1,4,0.25,3
1067,Male,2,4,0.5,1
1067,Unknown,2,4,0.5,2
1068,Unknown,2,4,0.5,1
1068,Female,1,4,0.25,2
1068,Male,1,4,0.25,3
1069,Female,3,4,0.75,1
1069,Male,1,4,0.25,2
1070,Male,2,4,0.5,1
1070,Unknown,2,4,0.5,2
1071,Male,2,4,0.5,1
1071,Female,1,4,0.25,2
1071,Unknown,1,4,0.25,3
1072,Female,2,4,0.5,1
1072,Male,1,4,0.25,2
1072,Unknown,1,4,0.25,3
1073,Female,2,4,0.5,1
1073,Unknown,2,4,0.5,2
1074,Male,3,4,0.75,1
1074,Female,1,4,0.25,2
1075,Unknown,3,4,0.75,1
1075,Female,1,4,0.25,2
1076,Unknown,4,4,1.0,1
1077,Unknown,2,4,0.5,1
1077,Female,1,4,0.25,2
1077,Male,1,4,0.25,3
1078,Female,2,4,0.5,1
1078,Unknown,2,4,0.5,2
1079,Unknown,3,4,0.75,1
1079,Female,1,4,0.25,2
1080,Female,2,4,0.5,1
1080,Male,1,4,0.25,2
1080,Unknown,1,4,0.25,3
1081,Male,2,4,0.5,1
1081,Unknown,2,4,0.5,2
1082,Male,4,4,1.0,1
1083,Male,2,4,0.5,1
1083,Female,1,4,0.25,2
1083,Unknown,1,4,0.25,3
1084,Unknown,2,4,0.5,1
1084,Female,1,4,0.25,2
1084,Male,1,4,0.25,3
1085,Unknown,4,4,1.0,1
1086,Male,2,4,0.5,1
1086,Unknown,2,4,0.5,2
1087,Male,3,4,0.75,1
1087,Female,1,4,0.25,2
1088,Male,3,4,0.75,1
1088,Unknown,1,4,0.25,2
1089,Unknown,4,4,1.0,1
1090,Unknown,3,4,0.75,1
1090,Female,1,4,0.25,2
1091,Female,2,4,0.5,1
1091,Male,1,4,0.25,2
1091,Unknown,1,4,0.25,3
1092,Unknown,2,4,0.5,1
1092,Female,1,4,0.25,2
1092,Male,1,4,0.25,3
1093,Unknown,4,4,1.0,1
1094,Unknown,3,4,0.75,1
1094,Male,1,4,0.25,2
1095,Unknown,3,4,0.75,1
1095,Female,1,4,0.25,2
1096,Unknown,4,4,1.0,1
1097,Male,3,4,0.75,1
1097,Female,1,4,0.25,2
1098,Male,3,4,0.75,1
1098,Female,1,4,0.25,2
1099,Male,2,4,0.5,1
1099,Female,1,4,0.25,2
1099,Unknown,1,4,0.25,3
1100,Unknown,3,4,0.75,1
1100,Male,1,4,0.25,2
1101,Female,2,4,0.5,1
1101,Male,1,4,0.25,2
1101,Unknown,1,4,0.25,3
1102,Male,2,4,0.5,1
1102,Unknown,2,4,0.5,2
1103,Male,3,4,0.75,1
1103,Unknown,1,4,0.25,2
1104,Female,2,4,0.5,1
1104,Male,2,4,0.5,2
1105,Male,2,4,0.5,1
1105,Unknown,2,4,0.5,2
1106,Unknown,2,4,0.5,1
1106,Female,1,4,0.25,2
1106,Male,1,4,0.25,3
1107,Female,3,4,0.75,1
1107,Male,1,4,0.25,2
1108,Female,4,4,1.0,1
1109,Male,2,4,0.5,1
1109,Female,1,4,0.25,2
1109,Unknown,1,4,0.25,3
1110,Male,3,4,0.75,1
1110,Unknown,1,4,0.25,2
1111,Unknown,3,4,0.75,1
1111,Male,1,4,0.25,2
1112,Unknown,2,4,0.5,1
1112,Female,1,4,0.25,2
1112,Male,1,4,0.25,3
1113,Female,2,4,0.5,1
1113,Male,1,4,0.25,2
1113,Unknown,1,4,0.25,3
1114,Male,3,4,0.75,1
1114,Unknown,1,4,0.25,2
1115,Female,2,4,0.5,1
1115,Male,2,4,0.5,2
1116,Male,3,4,0.75,1
1116,Unknown,1,4,0.25,2
1117,Male,2,4,0.5,1
1117,Female,1,4,0.25,2
1117,Unknown,1,4,0.25,3
1118,Female,2,4,0.5,1
1118,Male,1,4,0.25,2
1118,Unknown,1,4,0.25,3
1119,Male,3,4,0.75,1
1119,Female,1,4,0.25,2
1120,Unknown,3,4,0.75,1
1120,Male,1,4,0.25,2
1121,Unknown,3,4,0.75,1
1121,Male,1,4,0.25,2
1122,Unknown,3,4,0.75,1
1122,Female,1,4,0.25,2
1123,Unknown,4,4,1.0,1
1124,Male,2,4,0.5,1
1124,Female,1,4,0.25,2
1124,Unknown,1,4,0.25,3
1125,Unknown,2,4,0.5,1
1125,Female,1,4,0.25,2
1125,Male,1,4,0.25,3
1126,Unknown,3,4,0.75,1
1126,Male,1,4,0.25,2
1127,Male,3,4,0.75,1
1127,Unknown,1,4,0.25,2
1128,Female,2,4,0.5,1
1128,Unknown,2,4,0.5,2
1129,Male,3,4,0.75,1
1129,Female,1,4,0.25,2
1130,Male,2,4,0.5,1
1130,Unknown,2,4,0.5,2
1131,Unknown,3,4,0.75,1
1131,Female,1,4,0.25,2
1132,Female,2,4,0.5,1
1132,Male,2,4,0.5,2
1133,Unknown,4,4,1.0,1
1134,Male,2,4,0.5,1
1134,Unknown,2,4,0.5,2
1135,Male,2,4,0.5,1
1135,Female,1,4,0.25,2
1135,Unknown,1,4,0.25,3
1136,Unknown,2,4,0.5,1
1136,Female,1,4,0.25,2
1136,Male,1,4,0.25,3
1137,Unknown,3,4,0.75,1
1137,Male,1,4,0.25,2
1138,Male,2,4,0.5,1
1138,Female,1,4,0.25,2
1138,Unknown,1,4,0.25,3
1139,Female,2,4,0.5,1
1139,Unknown,2,4,0.5,2
1140,Unknown,3,4,0.75,1
1140,Female,1,4,0.25,2
1141,Male,2,4,0.5,1
1141,Unknown,2,4,0.5,2
1142,Unknown,2,4,0.5,1
1142,Female,1,4,0.25,2
1142,Male,1,4,0.25,3
1143,Unknown,3,4,0.75,1
1143,Female,1,4,0.25,2
1144,Unknown,3,4,0.75,1
1144,Male,1,4,0.25,2
1145,Unknown,3,4,0.75,1
1145,Male,1,4,0.25,2
1146,Male,2,4,0.5,1
1146,Unknown,2,4,0.5,2
1147,Female,2,4,0.5,1
1147,Male,1,4,0.25,2
1147,Unknown,1,4,0.25,3
1148,Female,3,4,0.75,1
1148,Male,1,4,0.25,2
1149,Unknown,3,4,0.75,1
1149,Female,1,4,0.25,2
1150,Unknown,3,4,0.75,1
1150,Male,1,4,0.25,2
1151,Male,3,4,0.75,1
1151,Female,1,4,0.25,2
1152,Male,2,4,0.5,1
1152,Unknown,2,4,0.5,2
1153,Male,3,4,0.75,1
1153,Unknown,1,4,0.25,2
1154,Male,2,4,0.5,1
1154,Unknown,2,4,0.5,2
1155,Unknown,2,4,0.5,1
1155,Female,1,4,0.25,2
1155,Male,1,4,0.25,3
1156,Unknown,3,4,0.75,1
1156,Male,1,4,0.25,2
1157,Male,2,4,0.5,1
1157,Female,1,4,0.25,2
1157,Unknown,1,4,0.25,3
1158,Male,2,4,0.5,1
1158,Female,1,4,0.25,2
1158,Unknown,1,4,0.25,3
1159,Male,2,4,0.5,1
1159,Female,1,4,0.25,2
1159,Unknown,1,4,0.25,3
1160,Unknown,4,4,1.0,1
1161,Unknown,3,4,0.75,1
1161,Male,1,4,0.25,2
1162,Male,2,4,0.5,1
1162,Unknown,2,4,0.5,2
1163,Unknown,3,4,0.75,1
1163,Male,1,4,0.25,2
1164,Unknown,2,4,0.5,1
1164,Female,1,4,0.25,2
1164,Male,1,4,0.25,3
1165,Unknown,4,4,1.0,1
1166,Male,2,4,0.5,1
1166,Female,1,4,0.25,2
1166,Unknown,1,4,0.25,3
1167,Unknown,3,4,0.75,1
1167,Female,1,4,0.25,2
1168,Unknown,4,4,1.0,1
1169,Unknown,2,4,0.5,1
1169,Female,1,4,0.25,2
1169,Male,1,4,0.25,3
1170,Unknown,2,4,0.5,1
1170,Female,1,4,0.25,2
1170,Male,1,4,0.25,3
1171,Female,2,4,0.5,1
1171,Male,1,4,0.25,2
1171,Unknown,1,4,0.25,3
1172,Male,2,4,0.5,1
1172,Female,1,4,0.25,2
1172,Unknown,1,4,0.25,3
1173,Female,2,4,0.5,1
1173,Unknown,2,4,0.5,2
1174,Male,3,4,0.75,1
1174,Female,1,4,0.25,2
1175,Unknown,3,4,0.75,1
1175,Male,1,4,0.25,2
1176,Female,2,4,0.5,1
1176,Unknown,2,4,0.5,2
1177,Male,2,4,0.5,1
1177,Female,1,4,0.25,2
1177,Unknown,1,4,0.25,3
1178,Male,2,4,0.5,1
1178,Female,1,4,0.25,2
1178,Unknown,1,4,0.25,3
1179,Unknown,3,4,0.75,1
1179,Male,1,4,0.25,2
1180,Female,4,4,1.0,1
1181,Unknown,4,4,1.0,1
1182,Male,2,4,0.5,1
1182,Unknown,2,4,0.5,2
1183,Female,2,4,0.5,1
1183,Unknown,2,4,0.5,2
1184,Female,2,4,0.5,1
1184,Male,1,4,0.25,2
1184,Unknown,1,4,0.25,3
1185,Female,3,4,0.75,1
1185,Male,1,4,0.25,2
1186,Male,4,4,1.0,1
1187,Male,2,4,0.5,1
1187,Unknown,2,4,0.5,2
1188,Unknown,3,4,0.75,1
1188,Female,1,4,0.25,2
1189,Male,2,4,0.5,1
1189,Female,1,4,0.25,2
1189,Unknown,1,4,0.25,3
1190,Female,2,4,0.5,1
1190,Unknown,2,4,0.5,2
1191,Female,2,4,0.5,1
1191,Unknown,2,4,0.5,2
1192,Unknown,4,4,1.0,1
1193,Male,2,4,0.5,1
1193,Female,1,4,0.25,2
1193,Unknown,1,4,0.25,3
1194,Unknown,4,4,1.0,1
1195,Female,2,4,0.5,1
1195,Male,1,4,0.25,2
1195,Unknown,1,4,0.25,3
1196,Female,2,4,0.5,1
1196,Male,1,4,0.25,2
1196,Unknown,1,4,0.25,3
1197,Unknown,4,4,1.0,1
1198,Male,2,4,0.5,1
1198,Unknown,2,4,0.5,2
1199,Unknown,2,4,0.5,1
1199,Female,1,4,0.25,2
1199,Male,1,4,0.25,3
1200,Female,2,4,0.5,1
1200,Male,1,4,0.25,2
1200,Unknown,1,4,0.25,3
1201,Unknown,2,4,0.5,1
1201,Female,1,4,0.25,2
1201,Male,1,4,0.25,3
1202,Female,2,4,0.5,1
1202,Male,2,4,0.5,2
1203,Male,3,4,0.75,1
1203,Female,1,4,0.25,2
1204,Unknown,3,4,0.75,1
1204,Male,1,4,0.25,2
1205,Unknown,4,4,1.0,1
1206,Male,2,4,0.5,1
1206,Female,1,4,0.25,2
1206,Unknown,1,4,0.25,3
1207,Unknown,3,4,0.75,1
1207,Female,1,4,0.25,2
1208,Unknown,3,4,0.75,1
1208,Female,1,4,0.25,2
1209,Female,2,4,0.5,1
1209,Male,1,4,0.25,2
1209,Unknown,1,4,0.25,3
1210,Male,2,4,0.5,1
1210,Female,1,4,0.25,2
1210,Unknown,1,4,0.25,3
1211,Unknown,3,4,0.75,1
1211,Female,1,4,0.25,2
1212,Unknown,3,4,0.75,1
1212,Female,1,4,0.25,2
1213,Female,2,4,0.5,1
1213,Male,2,4,0.5,2
1214,Unknown,3,4,0.75,1
1214,Female,1,4,0.25,2
1215,Female,2,4,0.5,1
1215,Unknown,2,4,0.5,2
1216,Unknown,2,4,0.5,1
1216,Female,1,4,0.25,2
1216,Male,1,4,0.25,3
1217,Unknown,3,4,0.75,1
1217,Male,1,4,0.25,2
1218,Unknown,3,4,0.75,1
1218,Male,1,4,0.25,2
1219,Unknown,3,4,0.75,1
1219,Male,1,4,0.25,2
1220,Unknown,3,4,0.75,1
1220,Female,1,4,0.25,2
1221,Male,3,4,0.75,1
1221,Unknown,1,4,0.25,2
1222,Unknown,3,4,0.75,1
1222,Female,1,4,0.25,2
1223,Unknown,4,4,1.0,1
1224,Unknown,4,4,1.0,1
1225,Female,3,4,0.75,1
1225,Unknown,1,4,0.25,2
1226,Unknown,4,4,1.0,1
1227,Unknown,4,4,1.0,1
1228,Male,2,4,0.5,1
1228,Female,1,4,0.25,2
1228,Unknown,1,4,0.25,3
1229,Male,4,4,1.0,1
1230,Male,2,4,0.5,1
1230,Unknown,2,4,0.5,2
1231,Female,2,4,0.5,1
1231,Male,1,4,0.25,2
1231,Unknown,1,4,0.25,3
1232,Male,3,4,0.75,1
1232,Female,1,4,0.25,2
1233,Male,4,4,1.0,1
1234,Male,2,4,0.5,1
1234,Female,1,4,0.25,2
1234,Unknown,1,4,0.25,3
1235,Unknown,2,4,0.5,1
1235,Female,1,4,0.25,2
1235,Male,1,4,0.25,3
1236,Unknown,3,4,0.75,1
1236,Female,1,4,0.25,2
1237,Unknown,3,4,0.75,1
1237,Male,1,4,0.25,2
1238,Female,3,3,1.0,1
1239,Unknown,2,3,0.6666666666666666,1
1239,Male,1,3,0.3333333333333333,2
1240,Unknown,2,3,0.6666666666666666,1
1240,Female,1,3,0.3333333333333333,2
1241,Female,2,3,0.6666666666666666,1
1241,Male,1,3,0.3333333333333333,2
1242,Female,1,3,0.3333333333333333,1
1242,Male,1,3,0.3333333333333333,2
1242,Unknown,1,3,0.3333333333333333,3
1243,Male,2,3,0.6666666666666666,1
1243,Unknown,1,3,0.3333333333333333,2
1244,Unknown,2,3,0.6666666666666666,1
1244,Male,1,3,0.3333333333333333,2
1245,Male,3,3,1.0,1
1246,Unknown,2,3,0.6666666666666666,1
1246,Male,1,3,0.3333333333333333,2
1247,Female,2,3,0.6666666666666666,1
1247,Unknown,1,3,0.3333333333333333,2
1248,Male,2,3,0.6666666666666666,1
1248,Female,1,3,0.3333333333333333,2
1249,Female,1,3,0.3333333333333333,1
1249,Male,1,3,0.3333333333333333,2
1249,Unknown,1,3,0.3333333333333333,3
1250,Unknown,2,3,0.6666666666666666,1
1250,Male,1,3,0.3333333333333333,2
1251,Male,2,3,0.6666666666666666,1
1251,Female,1,3,0.3333333333333333,2
1252,Unknown,3,3,1.0,1
1253,Male,2,3,0.6666666666666666,1
1253,Unknown,1,3,0.3333333333333333,2
1254,Female,1,3,0.3333333333333333,1
1254,Male,1,3,0.3333333333333333,2
1254,Unknown,1,3,0.3333333333333333,3
1255,Unknown,3,3,1.0,1
1256,Male,2,3,0.6666666666666666,1
1256,Unknown,1,3,0.3333333333333333,2
1257,Unknown,3,3,1.0,1
1258,Unknown,2,3,0.6666666666666666,1
1258,Female,1,3,0.3333333333333333,2
1259,Unknown,2,3,0.6666666666666666,1
1259,Male,1,3,0.3333333333333333,2
1260,Male,2,3,0.6666666666666666,1
1260,Female,1,3,0.3333333333333333,2
1261,Male,2,3,0.6666666666666666,1
1261,Unknown,1,3,0.3333333333333333,2
1262,Unknown,3,3,1.0,1
1263,Male,2,3,0.6666666666666666,1
1263,Female,1,3,0.3333333333333333,2
1264,Male,3,3,1.0,1
1265,Female,1,3,0.3333333333333333,1
1265,Male,1,3,0.3333333333333333,2
1265,Unknown,1,3,0.3333333333333333,3
1266,Female,2,3,0.6666666666666666,1
1266,Unknown,1,3,0.3333333333333333,2
1267,Female,1,3,0.3333333333333333,1
1267,Male,1,3,0.3333333333333333,2
1267,Unknown,1,3,0.3333333333333333,3
1268,Unknown,2,3,0.6666666666666666,1
1268,Male,1,3,0.3333333333333333,2
1269,Male,2,3,0.6666666666666666,1
1269,Female,1,3,0.3333333333333333,2
1270,Female,1,3,0.3333333333333333,1
1270,Male,1,3,0.3333333333333333,2
1270,Unknown,1,3,0.3333333333333333,3
1271,Female,2,3,0.6666666666666666,1
1271,Male,1,3,0.3333333333333333,2
1272,Male,2,3,0.6666666666666666,1
1272,Female,1,3,0.3333333333333333,2
1273,Unknown,3,3,1.0,1
1274,Male,3,3,1.0,1
1275,Male,2,3,0.6666666666666666,1
1275,Female,1,3,0.3333333333333333,2
1276,Female,3,3,1.0,1
1277,Male,2,3,0.6666666666666666,1
1277,Unknown,1,3,0.3333333333333333,2
1278,Unknown,2,3,0.6666666666666666,1
1278,Male,1,3,0.3333333333333333,2
1279,Female,2,3,0.6666666666666666,1
1279,Male,1,3,0.3333333333333333,2
1280,Male,3,3,1.0,1
1281,Female,2,3,0.6666666666666666,1
1281,Unknown,1,3,0.3333333333333333,2
1282,Female,2,3,0.6666666666666666,1
1282,Male,1,3,0.3333333333333333,2
1283,Male,2,3,0.6666666666666666,1
1283,Female,1,3,0.3333333333333333,2
1284,Male,2,3,0.6666666666666666,1
1284,Female,1,3,0.3333333333333333,2
1285,Female,2,3,0.6666666666666666,1
1285,Male,1,3,0.3333333333333333,2
1286,Female,3,3,1.0,1
1287,Unknown,2,3,0.6666666666666666,1
1287,Male,1,3,0.3333333333333333,2
1288,Unknown,2,3,0.6666666666666666,1
1288,Female,1,3,0.3333333333333333,2
1289,Female,1,3,0.3333333333333333,1
1289,Male,1,3,0.3333333333333333,2
1289,Unknown,1,3,0.3333333333333333,3
1290,Unknown,3,3,1.0,1
1291,Female,3,3,1.0,1
1292,Male,2,3,0.6666666666666666,1
1292,Unknown,1,3,0.3333333333333333,2
1293,Female,1,3,0.3333333333333333,1
1293,Male,1,3,0.3333333333333333,2
1293,Unknown,1,3,0.3333333333333333,3
1294,Unknown,2,3,0.6666666666666666,1
1294,Male,1,3,0.3333333333333333,2
1295,Unknown,2,3,0.6666666666666666,1
1295,Female,1,3,0.3333333333333333,2
1296,Female,2,3,0.6666666666666666,1
1296,Male,1,3,0.3333333333333333,2
1297,Unknown,2,3,0.6666666666666666,1
1297,Male,1,3,0.3333333333333333,2
1298,Female,1,3,0.3333333333333333,1
1298,Male,1,3,0.3333333333333333,2
1298,Unknown,1,3,0.3333333333333333,3
1299,Male,2,3,0.6666666666666666,1
1299,Female,1,3,0.3333333333333333,2
1300,Unknown,2,3,0.6666666666666666,1
1300,Female,1,3,0.3333333333333333,2
1301,Female,1,3,0.3333333333333333,1
1301,Male,1,3,0.3333333333333333,2
1301,Unknown,1,3,0.3333333333333333,3
1302,Female,1,3,0.3333333333333333,1
1302,Male,1,3,0.3333333333333333,2
1302,Unknown,1,3,0.3333333333333333,3
1303,Unknown,3,3,1.0,1
1304,Female,1,3,0.3333333333333333,1
1304,Male,1,3,0.3333333333333333,2
1304,Unknown,1,3,0.3333333333333333,3
1305,Unknown,2,3,0.6666666666666666,1
1305,Male,1,3,0.3333333333333333,2
1306,Unknown,3,3,1.0,1
1307,Unknown,2,3,0.6666666666666666,1
1307,Male,1,3,0.3333333333333333,2
1308,Male,3,3,1.0,1
1309,Female,1,3,0.3333333333333333,1
1309,Male,1,3,0.3333333333333333,2
1309,Unknown,1,3,0.3333333333333333,3
1310,Female,2,3,0.6666666666666666,1
1310,Male,1,3,0.3333333333333333,2
1311,Female,1,3,0.3333333333333333,1
1311,Male,1,3,0.3333333333333333,2
1311,Unknown,1,3,0.3333333333333333,3
1312,Male,2,3,0.6666666666666666,1
1312,Female,1,3,0.3333333333333333,2
1313,Female,1,3,0.3333333333333333,1
1313,Male,1,3,0.3333333333333333,2
1313,Unknown,1,3,0.3333333333333333,3
1314,Male,2,3,0.6666666666666666,1
1314,Unknown,1,3,0.3333333333333333,2
1315,Female,1,3,0.3333333333333333,1
1315,Male,1,3,0.3333333333333333,2
1315,Unknown,1,3,0.3333333333333333,3
1316,Male,3,3,1.0,1
1317,Female,2,3,0.6666666666666666,1
1317,Male,1,3,0.3333333333333333,2
1318,Female,3,3,1.0,1
1319,Male,2,3,0.6666666666666666,1
1319,Female,1,3,0.3333333333333333,2
1320,Female,1,3,0.3333333333333333,1
1320,Male,1,3,0.3333333333333333,2
1320,Unknown,1,3,0.3333333333333333,3
1321,Unknown,3,3,1.0,1
1322,Female,1,3,0.3333333333333333,1
1322,Male,1,3,0.3333333333333333,2
1322,Unknown,1,3,0.3333333333333333,3
1323,Male,3,3,1.0,1
1324,Unknown,2,3,0.6666666666666666,1
1324,Male,1,3,0.3333333333333333,2
1325,Male,2,3,0.6666666666666666,1
1325,Unknown,1,3,0.3333333333333333,2
1326,Unknown,2,3,0.6666666666666666,1
1326,Female,1,3,0.3333333333333333,2
1327,Unknown,2,3,0.6666666666666666,1
1327,Male,1,3,0.3333333333333333,2
1328,Male,2,3,0.6666666666666666,1
1328,Unknown,1,3,0.3333333333333333,2
1329,Unknown,2,3,0.6666666666666666,1
1329,Female,1,3,0.3333333333333333,2
1330,Female,3,3,1.0,1
1331,Unknown,2,3,0.6666666666666666,1
1331,Female,1,3,0.3333333333333333,2
1332,Unknown,2,3,0.6666666666666666,1
1332,Female,1,3,0.3333333333333333,2
1333,Unknown,2,3,0.6666666666666666,1
1333,Male,1,3,0.3333333333333333,2
1334,Unknown,2,3,0.6666666666666666,1
1334,Female,1,3,0.3333333333333333,2
1335,Unknown,2,3,0.6666666666666666,1
1335,Female,1,3,0.3333333333333333,2
1336,Female,2,3,0.6666666666666666,1
1336,Unknown,1,3,0.3333333333333333,2
1337,Male,2,3,0.6666666666666666,1
1337,Unknown,1,3,0.3333333333333333,2
1338,Unknown,2,3,0.6666666666666666,1
1338,Male,1,3,0.3333333333333333,2
1339,Unknown,3,3,1.0,1
1340,Female,2,3,0.6666666666666666,1
1340,Male,1,3,0.3333333333333333,2
1341,Unknown,3,3,1.0,1
1342,Female,3,3,1.0,1
1343,Unknown,2,3,0.6666666666666666,1
1343,Female,1,3,0.3333333333333333,2
1344,Unknown,2,3,0.6666666666666666,1
1344,Female,1,3,0.3333333333333333,2
1345,Unknown,3,3,1.0,1
1346,Female,2,3,0.6666666666666666,1
1346,Unknown,1,3,0.3333333333333333,2
1347,Female,2,3,0.6666666666666666,1
1347,Male,1,3,0.3333333333333333,2
1348,Unknown,3,3,1.0,1
1349,Unknown,3,3,1.0,1
1350,Unknown,3,3,1.0,1
1351,Unknown,2,3,0.6666666666666666,1
1351,Female,1,3,0.3333333333333333,2
1352,Male,2,3,0.6666666666666666,1
1352,Unknown,1,3,0.3333333333333333,2
1353,Female,1,3,0.3333333333333333,1
1353,Male,1,3,0.3333333333333333,2
1353,Unknown,1,3,0.3333333333333333,3
1354,Unknown,3,3,1.0,1
1355,Female,1,3,0.3333333333333333,1
1355,Male,1,3,0.3333333333333333,2
1355,Unknown,1,3,0.3333333333333333,3
1356,Unknown,2,3,0.6666666666666666,1
1356,Male,1,3,0.3333333333333333,2
1357,Male,2,3,0.6666666666666666,1
1357,Unknown,1,3,0.3333333333333333,2
1358,Male,3,3,1.0,1
1359,Male,3,3,1.0,1
1360,Unknown,3,3,1.0,1
1361,Female,1,3,0.3333333333333333,1
1361,Male,1,3,0.3333333333333333,2
1361,Unknown,1,3,0.3333333333333333,3
1362,Female,1,3,0.3333333333333333,1
1362,Male,1,3,0.3333333333333333,2
1362,Unknown,1,3,0.3333333333333333,3
1363,Male,2,3,0.6666666666666666,1
1363,Female,1,3,0.3333333333333333,2
1364,Male,2,3,0.6666666666666666,1
1364,Unknown,1,3,0.3333333333333333,2
1365,Female,1,3,0.3333333333333333,1
1365,Male,1,3,0.3333333333333333,2
1365,Unknown,1,3,0.3333333333333333,3
1366,Unknown,3,3,1.0,1
1367,Male,2,3,0.6666666666666666,1
1367,Unknown,1,3,0.3333333333333333,2
1368,Unknown,2,3,0.6666666666666666,1
1368,Male,1,3,0.3333333333333333,2
1369,Unknown,2,3,0.6666666666666666,1
1369,Female,1,3,0.3333333333333333,2
1370,Female,1,3,0.3333333333333333,1
1370,Male,1,3,0.3333333333333333,2
1370,Unknown,1,3,0.3333333333333333,3
1371,Unknown,2,3,0.6666666666666666,1
1371,Male,1,3,0.3333333333333333,2
1372,Female,1,3,0.3333333333333333,1
1372,Male,1,3,0.3333333333333333,2
1372,Unknown,1,3,0.3333333333333333,3
1373,Unknown,2,3,0.6666666666666666,1
1373,Female,1,3,0.3333333333333333,2
1374,Unknown,2,3,0.6666666666666666,1
1374,Female,1,3,0.3333333333333333,2
1375,Unknown,2,3,0.6666666666666666,1
1375,Female,1,3,0.3333333333333333,2
1376,Female,2,3,0.6666666666666666,1
1376,Unknown,1,3,0.3333333333333333,2
1377,Unknown,2,3,0.6666666666666666,1
1377,Male,1,3,0.3333333333333333,2
1378,Unknown,2,3,0.6666666666666666,1
1378,Female,1,3,0.3333333333333333,2
1379,Unknown,3,3,1.0,1
1380,Male,2,3,0.6666666666666666,1
1380,Unknown,1,3,0.3333333333333333,2
1381,Female,3,3,1.0,1
1382,Male,2,3,0.6666666666666666,1
1382,Unknown,1,3,0.3333333333333333,2
1383,Unknown,2,3,0.6666666666666666,1
1383,Male,1,3,0.3333333333333333,2
1384,Female,2,3,0.6666666666666666,1
1384,Male,1,3,0.3333333333333333,2
1385,Female,3,3,1.0,1
1386,Unknown,3,3,1.0,1
1387,Male,2,3,0.6666666666666666,1
1387,Unknown,1,3,0.3333333333333333,2
1388,Female,2,3,0.6666666666666666,1
1388,Unknown,1,3,0.3333333333333333,2
1389,Female,2,3,0.6666666666666666,1
1389,Unknown,1,3,0.3333333333333333,2
1390,Male,2,3,0.6666666666666666,1
1390,Female,1,3,0.3333333333333333,2
1391,Female,2,3,0.6666666666666666,1
1391,Male,1,3,0.3333333333333333,2
1392,Male,3,3,1.0,1
1393,Unknown,2,3,0.6666666666666666,1
1393,Female,1,3,0.3333333333333333,2
1394,Male,3,3,1.0,1
1395,Male,2,3,0.6666666666666666,1
1395,Female,1,3,0.3333333333333333,2
1396,Female,1,3,0.3333333333333333,1
1396,Male,1,3,0.3333333333333333,2
1396,Unknown,1,3,0.3333333333333333,3
1397,Unknown,3,3,1.0,1
1398,Female,2,3,0.6666666666666666,1
1398,Male,1,3,0.3333333333333333,2
1399,Male,2,3,0.6666666666666666,1
1399,Unknown,1,3,0.3333333333333333,2
1400,Unknown,2,3,0.6666666666666666,1
1400,Female,1,3,0.3333333333333333,2
1401,Unknown,3,3,1.0,1
1402,Male,2,3,0.6666666666666666,1
1402,Female,1,3,0.3333333333333333,2
1403,Unknown,2,3,0.6666666666666666,1
1403,Female,1,3,0.3333333333333333,2
1404,Male,2,3,0.6666666666666666,1
1404,Female,1,3,0.3333333333333333,2
1405,Unknown,2,3,0.6666666666666666,1
1405,Female,1,3,0.3333333333333333,2
1406,Unknown,2,3,0.6666666666666666,1
1406,Male,1,3,0.3333333333333333,2
1407,Male,3,3,1.0,1
1408,Female,1,3,0.3333333333333333,1
1408,Male,1,3,0.3333333333333333,2
1408,Unknown,1,3,0.3333333333333333,3
1409,Unknown,2,3,0.6666666666666666,1
1409,Female,1,3,0.3333333333333333,2
1410,Unknown,2,3,0.6666666666666666,1
1410,Female,1,3,0.3333333333333333,2
1411,Unknown,3,3,1.0,1
1412,Unknown,2,3,0.6666666666666666,1
1412,Male,1,3,0.3333333333333333,2
1413,Female,2,3,0.6666666666666666,1
1413,Male,1,3,0.3333333333333333,2
1414,Unknown,2,3,0.6666666666666666,1
1414,Male,1,3,0.3333333333333333,2
1415,Unknown,3,3,1.0,1
1416,Female,1,3,0.3333333333333333,1
1416,Male,1,3,0.3333333333333333,2
1416,Unknown,1,3,0.3333333333333333,3
1417,Unknown,2,3,0.6666666666666666,1
1417,Female,1,3,0.3333333333333333,2
1418,Female,1,3,0.3333333333333333,1
1418,Male,1,3,0.3333333333333333,2
1418,Unknown,1,3,0.3333333333333333,3
1419,Unknown,2,3,0.6666666666666666,1
1419,Female,1,3,0.3333333333333333,2
1420,Unknown,3,3,1.0,1
1421,Male,2,3,0.6666666666666666,1
1421,Unknown,1,3,0.3333333333333333,2
1422,Unknown,3,3,1.0,1
1423,Unknown,3,3,1.0,1
1424,Female,1,3,0.3333333333333333,1
1424,Male,1,3,0.3333333333333333,2
1424,Unknown,1,3,0.3333333333333333,3
1425,Female,1,3,0.3333333333333333,1
1425,Male,1,3,0.3333333333333333,2
1425,Unknown,1,3,0.3333333333333333,3
1426,Female,3,3,1.0,1
1427,Male,2,3,0.6666666666666666,1
1427,Female,1,3,0.3333333333333333,2
1428,Unknown,2,3,0.6666666666666666,1
1428,Female,1,3,0.3333333333333333,2
1429,Unknown,3,3,1.0,1
1430,Male,2,3,0.6666666666666666,1
1430,Unknown,1,3,0.3333333333333333,2
1431,Female,2,3,0.6666666666666666,1
1431,Male,1,3,0.3333333333333333,2
1432,Unknown,2,3,0.6666666666666666,1
1432,Female,1,3,0.3333333333333333,2
1433,Male,3,3,1.0,1
1434,Male,3,3,1.0,1
1435,Unknown,2,3,0.6666666666666666,1
1435,Male,1,3,0.3333333333333333,2
1436,Unknown,3,3,1.0,1
1437,Unknown,2,3,0.6666666666666666,1
1437,Female,1,3,0.3333333333333333,2
1438,Unknown,2,3,0.6666666666666666,1
1438,Male,1,3,0.3333333333333333,2
1439,Female,2,3,0.6666666666666666,1
1439,Unknown,1,3,0.3333333333333333,2
1440,Male,3,3,1.0,1
1441,Male,2,3,0.6666666666666666,1
1441,Unknown,1,3,0.3333333333333333,2
1442,Unknown,2,3,0.6666666666666666,1
1442,Male,1,3,0.3333333333333333,2
1443,Male,2,3,0.6666666666666666,1
1443,Unknown,1,3,0.3333333333333333,2
1444,Unknown,2,3,0.6666666666666666,1
1444,Male,1,3,0.3333333333333333,2
1445,Female,1,3,0.3333333333333333,1
1445,Male,1,3,0.3333333333333333,2
1445,Unknown,1,3,0.3333333333333333,3
1446,Unknown,2,3,0.6666666666666666,1
1446,Female,1,3,0.3333333333333333,2
1447,Unknown,2,3,0.6666666666666666,1
1447,Male,1,3,0.3333333333333333,2
1448,Unknown,2,3,0.6666666666666666,1
1448,Male,1,3,0.3333333333333333,2
1449,Female,2,3,0.6666666666666666,1
1449,Unknown,1,3,0.3333333333333333,2
1450,Male,2,3,0.6666666666666666,1
1450,Female,1,3,0.3333333333333333,2
1451,Female,2,3,0.6666666666666666,1
1451,Male,1,3,0.3333333333333333,2
1452,Unknown,2,3,0.6666666666666666,1
1452,Female,1,3,0.3333333333333333,2
1453,Female,2,3,0.6666666666666666,1
1453,Unknown,1,3,0.3333333333333333,2
1454,Female,1,3,0.3333333333333333,1
1454,Male,1,3,0.3333333333333333,2
1454,Unknown,1,3,0.3333333333333333,3
1455,Unknown,3,3,1.0,1
1456,Male,2,3,0.6666666666666666,1
1456,Unknown,1,3,0.3333333333333333,2
1457,Female,2,3,0.6666666666666666,1
1457,Unknown,1,3,0.3333333333333333,2
1458,Unknown,2,3,0.6666666666666666,1
1458,Male,1,3,0.3333333333333333,2
1459,Unknown,2,3,0.6666666666666666,1
1459,Male,1,3,0.3333333333333333,2
1460,Female,2,3,0.6666666666666666,1
1460,Unknown,1,3,0.3333333333333333,2
1461,Female,2,3,0.6666666666666666,1
1461,Unknown,1,3,0.3333333333333333,2
1462,Unknown,2,3,0.6666666666666666,1
1462,Female,1,3,0.3333333333333333,2
1463,Unknown,2,3,0.6666666666666666,1
1463,Male,1,3,0.3333333333333333,2
1464,Male,2,3,0.6666666666666666,1
1464,Unknown,1,3,0.3333333333333333,2
1465,Female,1,3,0.3333333333333333,1
1465,Male,1,3,0.3333333333333333,2
1465,Unknown,1,3,0.3333333333333333,3
1466,Female,1,2,0.5,1
1466,Unknown,1,2,0.5,2
1467,Unknown,2,2,1.0,1
1468,Unknown,2,2,1.0,1
1469,Unknown,2,2,1.0,1
1470,Male,1,2,0.5,1
1470,Unknown,1,2,0.5,2
1471,Male,1,2,0.5,1
1471,Unknown,1,2,0.5,2
1472,Female,2,2,1.0,1
1473,Female,1,2,0.5,1
1473,Unknown,1,2,0.5,2
1474,Male,1,2,0.5,1
1474,Unknown,1,2,0.5,2
1475,Male,1,2,0.5,1
1475,Unknown,1,2,0.5,2
1476,Male,2,2,1.0,1
1477,Unknown,2,2,1.0,1
1478,Male,2,2,1.0,1
1479,Male,1,2,0.5,1
1479,Unknown,1,2,0.5,2
1480,Male,2,2,1.0,1
1481,Female,1,2,0.5,1
1481,Male,1,2,0.5,2
1482,Female,2,2,1.0,1
1483,Unknown,2,2,1.0,1
1484,Female,2,2,1.0,1
1485,Female,1,2,0.5,1
1485,Unknown,1,2,0.5,2
1486,Unknown,2,2,1.0,1
1487,Female,2,2,1.0,1
1488,Male,2,2,1.0,1
1489,Female,1,2,0.5,1
1489,Unknown,1,2,0.5,2
1490,Unknown,2,2,1.0,1
1491,Male,2,2,1.0,1
1492,Male,1,2,0.5,1
1492,Unknown,1,2,0.5,2
1493,Unknown,2,2,1.0,1
1494,Female,1,2,0.5,1
1494,Unknown,1,2,0.5,2
1495,Female,1,2,0.5,1
1495,Male,1,2,0.5,2
1496,Male,1,2,0.5,1
1496,Unknown,1,2,0.5,2
1497,Male,1,2,0.5,1
1497,Unknown,1,2,0.5,2
1498,Male,1,2,0.5,1
1498,Unknown,1,2,0.5,2
1499,Unknown,2,2,1.0,1
1500,Female,1,2,0.5,1
1500,Male,1,2,0.5,2
1501,Male,1,2,0.5,1
1501,Unknown,1,2,0.5,2
1502,Unknown,2,2,1.0,1
1503,Unknown,2,2,1.0,1
1504,Female,1,2,0.5,1
1504,Male,1,2,0.5,2
1505,Unknown,2,2,1.0,1
1506,Female,1,2,0.5,1
1506,Unknown,1,2,0.5,2
1507,Female,1,2,0.5,1
1507,Unknown,1,2,0.5,2
1508,Unknown,2,2,1.0,1
1509,Unknown,2,2,1.0,1
1510,Male,2,2,1.0,1
1511,Male,2,2,1.0,1
1512,Unknown,2,2,1.0,1
1513,Male,2,2,1.0,1
1514,Male,1,2,0.5,1
1514,Unknown,1,2,0.5,2
1515,Male,2,2,1.0,1
1516,Male,1,2,0.5,1
1516,Unknown,1,2,0.5,2
1517,Unknown,2,2,1.0,1
1518,Female,1,2,0.5,1
1518,Male,1,2,0.5,2
1519,Female,1,2,0.5,1
1519,Unknown,1,2,0.5,2
1520,Female,1,2,0.5,1
1520,Male,1,2,0.5,2
1521,Male,1,2,0.5,1
1521,Unknown,1,2,0.5,2
1522,Female,1,2,0.5,1
1522,Male,1,2,0.5,2
1523,Male,1,2,0.5,1
1523,Unknown,1,2,0.5,2
1524,Female,1,2,0.5,1
1524,Unknown,1,2,0.5,2
1525,Unknown,2,2,1.0,1
1526,Unknown,2,2,1.0,1
1527,Female,1,2,0.5,1
1527,Unknown,1,2,0.5,2
1528,Unknown,2,2,1.0,1
1529,Male,2,2,1.0,1
1530,Female,1,2,0.5,1
1530,Unknown,1,2,0.5,2
1531,Male,2,2,1.0,1
1532,Female,1,2,0.5,1
1532,Unknown,1,2,0.5,2
1533,Male,1,2,0.5,1
1533,Unknown,1,2,0.5,2
1534,Unknown,2,2,1.0,1
1535,Female,1,2,0.5,1
1535,Unknown,1,2,0.5,2
1536,Male,1,2,0.5,1
1536,Unknown,1,2,0.5,2
1537,Male,2,2,1.0,1
1538,Unknown,2,2,1.0,1
1539,Unknown,2,2,1.0,1
1540,Male,1,2,0.5,1
1540,Unknown,1,2,0.5,2
1541,Female,1,2,0.5,1
1541,Male,1,2,0.5,2
1542,Unknown,2,2,1.0,1
1543,Female,1,2,0.5,1
1543,Male,1,2,0.5,2
1544,Male,1,2,0.5,1
1544,Unknown,1,2,0.5,2
1545,Male,1,2,0.5,1
1545,Unknown,1,2,0.5,2
1546,Unknown,2,2,1.0,1
1547,Female,1,2,0.5,1
1547,Male,1,2,0.5,2
1548,Unknown,2,2,1.0,1
1549,Male,1,2,0.5,1
1549,Unknown,1,2,0.5,2
1550,Unknown,2,2,1.0,1
1551,Male,1,2,0.5,1
1551,Unknown,1,2,0.5,2
1552,Female,1,2,0.5,1
1552,Unknown,1,2,0.5,2
1553,Female,1,2,0.5,1
1553,Male,1,2,0.5,2
1554,Unknown,2,2,1.0,1
1555,Unknown,2,2,1.0,1
1556,Unknown,2,2,1.0,1
1557,Male,1,2,0.5,1
1557,Unknown,1,2,0.5,2
1558,Male,1,2,0.5,1
1558,Unknown,1,2,0.5,2
1559,Female,2,2,1.0,1
1560,Male,2,2,1.0,1
1561,Male,1,2,0.5,1
1561,Unknown,1,2,0.5,2
1562,Unknown,2,2,1.0,1
1563,Male,1,2,0.5,1
1563,Unknown,1,2,0.5,2
1564,Male,1,2,0.5,1
1564,Unknown,1,2,0.5,2
1565,Female,1,2,0.5,1
1565,Unknown,1,2,0.5,2
1566,Female,1,2,0.5,1
1566,Unknown,1,2,0.5,2
1567,Male,1,2,0.5,1
1567,Unknown,1,2,0.5,2
1568,Male,1,2,0.5,1
1568,Unknown,1,2,0.5,2
1569,Female,2,2,1.0,1
1570,Unknown,2,2,1.0,1
1571,Male,2,2,1.0,1
1572,Male,2,2,1.0,1
1573,Female,1,2,0.5,1
1573,Unknown,1,2,0.5,2
1574,Unknown,2,2,1.0,1
1575,Female,1,2,0.5,1
1575,Male,1,2,0.5,2
1576,Unknown,2,2,1.0,1
1577,Male,2,2,1.0,1
1578,Female,1,2,0.5,1
1578,Male,1,2,0.5,2
1579,Unknown,2,2,1.0,1
1580,Male,1,2,0.5,1
1580,Unknown,1,2,0.5,2
1581,Male,1,2,0.5,1
1581,Unknown,1,2,0.5,2
1582,Female,1,2,0.5,1
1582,Unknown,1,2,0.5,2
1583,Unknown,2,2,1.0,1
1584,Male,1,2,0.5,1
1584,Unknown,1,2,0.5,2
1585,Unknown,2,2,1.0,1
1586,Male,2,2,1.0,1
1587,Female,1,2,0.5,1
1587,Male,1,2,0.5,2
1588,Male,1,2,0.5,1
1588,Unknown,1,2,0.5,2
1589,Male,2,2,1.0,1
1590,Unknown,2,2,1.0,1
1591,Male,1,2,0.5,1
1591,Unknown,1,2,0.5,2
1592,Unknown,2,2,1.0,1
1593,Unknown,2,2,1.0,1
1594,Male,1,2,0.5,1
1594,Unknown,1,2,0.5,2
1595,Female,1,2,0.5,1
1595,Unknown,1,2,0.5,2
1596,Male,2,2,1.0,1
1597,Unknown,2,2,1.0,1
1598,Female,1,2,0.5,1
1598,Unknown,1,2,0.5,2
1599,Female,1,2,0.5,1
1599,Male,1,2,0.5,2
1600,Female,2,2,1.0,1
1601,Male,1,2,0.5,1
1601,Unknown,1,2,0.5,2
1602,Unknown,2,2,1.0,1
1603,Female,2,2,1.0,1
1604,Male,2,2,1.0,1
1605,Female,1,2,0.5,1
1605,Male,1,2,0.5,2
1606,Unknown,2,2,1.0,1
1607,Unknown,2,2,1.0,1
1608,Unknown,2,2,1.0,1
1609,Male,1,2,0.5,1
1609,Unknown,1,2,0.5,2
1610,Female,1,2,0.5,1
1610,Unknown,1,2,0.5,2
1611,Male,1,2,0.5,1
1611,Unknown,1,2,0.5,2
1612,Male,1,2,0.5,1
1612,Unknown,1,2,0.5,2
1613,Male,1,2,0.5,1
1613,Unknown,1,2,0.5,2
1614,Female,1,2,0.5,1
1614,Unknown,1,2,0.5,2
1615,Unknown,2,2,1.0,1
1616,Female,2,2,1.0,1
1617,Unknown,2,2,1.0,1
1618,Unknown,2,2,1.0,1
1619,Male,1,2,0.5,1
1619,Unknown,1,2,0.5,2
1620,Male,1,2,0.5,1
1620,Unknown,1,2,0.5,2
1621,Unknown,2,2,1.0,1
1622,Male,1,2,0.5,1
1622,Unknown,1,2,0.5,2
1623,Male,2,2,1.0,1
1624,Female,1,2,0.5,1
1624,Male,1,2,0.5,2
1625,Female,1,2,0.5,1
1625,Unknown,1,2,0.5,2
1626,Unknown,2,2,1.0,1
1627,Female,1,2,0.5,1
1627,Male,1,2,0.5,2
1628,Male,1,2,0.5,1
1628,Unknown,1,2,0.5,2
1629,Female,1,2,0.5,1
1629,Male,1,2,0.5,2
1630,Male,2,2,1.0,1
1631,Female,1,2,0.5,1
1631,Male,1,2,0.5,2
1632,Female,1,2,0.5,1
1632,Male,1,2,0.5,2
1633,Female,2,2,1.0,1
1634,Female,1,2,0.5,1
1634,Unknown,1,2,0.5,2
1635,Unknown,2,2,1.0,1
1636,Female,1,2,0.5,1
1636,Male,1,2,0.5,2
1637,Male,1,2,0.5,1
1637,Unknown,1,2,0.5,2
1638,Unknown,2,2,1.0,1
1639,Unknown,2,2,1.0,1
1640,Female,1,2,0.5,1
1640,Unknown,1,2,0.5,2
1641,Female,1,2,0.5,1
1641,Unknown,1,2,0.5,2
1642,Unknown,2,2,1.0,1
1643,Male,2,2,1.0,1
1644,Unknown,2,2,1.0,1
1645,Female,1,2,0.5,1
1645,Unknown,1,2,0.5,2
1646,Male,2,2,1.0,1
1647,Male,2,2,1.0,1
1648,Unknown,2,2,1.0,1
1649,Male,2,2,1.0,1
1650,Female,1,2,0.5,1
1650,Male,1,2,0.5,2
1651,Male,2,2,1.0,1
1652,Unknown,2,2,1.0,1
1653,Female,1,2,0.5,1
1653,Unknown,1,2,0.5,2
1654,Unknown,2,2,1.0,1
1655,Unknown,2,2,1.0,1
1656,Unknown,2,2,1.0,1
1657,Female,1,2,0.5,1
1657,Unknown,1,2,0.5,2
1658,Female,2,2,1.0,1
1659,Male,1,2,0.5,1
1659,Unknown,1,2,0.5,2
1660,Female,2,2,1.0,1
1661,Female,1,2,0.5,1
1661,Unknown,1,2,0.5,2
1662,Male,1,2,0.5,1
1662,Unknown,1,2,0.5,2
1663,Male,1,2,0.5,1
1663,Unknown,1,2,0.5,2
1664,Female,1,2,0.5,1
1664,Unknown,1,2,0.5,2
1665,Unknown,2,2,1.0,1
1666,Unknown,2,2,1.0,1
1667,Unknown,2,2,1.0,1
1668,Male,1,2,0.5,1
1668,Unknown,1,2,0.5,2
1669,Male,1,2,0.5,1
1669,Unknown,1,2,0.5,2
1670,Male,1,2,0.5,1
1670,Unknown,1,2,0.5,2
1671,Unknown,2,2,1.0,1
1672,Male,1,2,0.5,1
1672,Unknown,1,2,0.5,2
1673,Unknown,2,2,1.0,1
1674,Female,1,2,0.5,1
1674,Male,1,2,0.5,2
1675,Male,2,2,1.0,1
1676,Female,1,2,0.5,1
1676,Unknown,1,2,0.5,2
1677,Male,2,2,1.0,1
1678,Female,1,2,0.5,1
1678,Unknown,1,2,0.5,2
1679,Male,1,2,0.5,1
1679,Unknown,1,2,0.5,2
1680,Male,2,2,1.0,1
1681,Unknown,2,2,1.0,1
1682,Male,2,2,1.0,1
1683,Unknown,1,1,1.0,1
1684,Unknown,1,1,1.0,1
1685,Male,1,1,1.0,1
1686,Male,1,1,1.0,1
1687,Female,1,1,1.0,1
1688,Male,1,1,1.0,1
1689,Male,1,1,1.0,1
1690,Male,1,1,1.0,1
1691,Female,1,1,1.0,1
1692,Unknown,1,1,1.0,1
1693,Unknown,1,1,1.0,1
1694,Unknown,1,1,1.0,1
1695,Female,1,1,1.0,1
1696,Female,1,1,1.0,1
1697,Female,1,1,1.0,1
1698,Female,1,1,1.0,1
1699,Male,1,1,1.0,1
1700,Female,1,1,1.0,1
1701,Male,1,1,1.0,1
1702,Male,1,1,1.0,1
1703,Male,1,1,1.0,1
1704,Male,1,1,1.0,1
1705,Unknown,1,1,1.0,1
1706,Male,1,1,1.0,1
1707,Male,1,1,1.0,1
1708,Male,1,1,1.0,1
1709,Female,1,1,1.0,1
1710,Female,1,1,1.0,1
1711,Female,1,1,1.0,1
1712,Unknown,1,1,1.0,1
1713,Male,1,1,1.0,1
1714,Unknown,1,1,1.0,1
1715,Male,1,1,1.0,1
1716,Unknown,1,1,1.0,1
1717,Unknown,1,1,1.0,1
1718,Male,1,1,1.0,1
1719,Unknown,1,1,1.0,1
1720,Female,1,1,1.0,1
1721,Female,1,1,1.0,1
1722,Female,1,1,1.0,1
1723,Male,1,1,1.0,1
1724,Unknown,1,1,1.0,1
1725,Female,1,1,1.0,1
1726,Female,1,1,1.0,1
1727,Unknown,1,1,1.0,1
1728,Male,1,1,1.0,1
1729,Male,1,1,1.0,1
1730,Male,1,1,1.0,1
1731,Female,1,1,1.0,1
1732,Male,1,1,1.0,1
1733,Male,1,1,1.0,1
1734,Unknown,1,1,1.0,1
1735,Unknown,1,1,1.0,1
1736,Female,1,1,1.0,1
1737,Unknown,1,1,1.0,1
1738,Male,1,1,1.0,1
1739,Male,1,1,1.0,1
1740,Female,1,1,1.0,1
1741,Female,1,1,1.0,1
1742,Unknown,1,1,1.0,1
1743,Male,1,1,1.0,1
1744,Unknown,1,1,1.0,1
1745,Unknown,1,1,1.0,1
1746,Female,1,1,1.0,1
1747,Female,1,1,1.0,1
1748,Unknown,1,1,1.0,1
1749,Unknown,1,1,1.0,1
1750,Male,1,1,1.0,1
1751,Male,1,1,1.0,1
1752,Unknown,1,1,1.0,1
1753,Unknown,1,1,1.0,1
1754,Female,1,1,1.0,1
1755,Unknown,1,1,1.0,1
1756,Male,1,1,1.0,1
1757,Female,1,1,1.0,1
1758,Unknown,1,1,1.0,1
1759,Male,1,1,1.0,1
1760,Unknown,1,1,1.0,1
1761,Unknown,1,1,1.0,1
1762,Unknown,1,1,1.0,1
1763,Unknown,1,1,1.0,1
1764,Unknown,1,1,1.0,1
1765,Female,1,1,1.0,1
1766,Unknown,1,1,1.0,1
1767,Female,1,1,1.0,1
1768,Unknown,1,1,1.0,1
1769,Male,1,1,1.0,1
1770,Unknown,1,1,1.0,1
1771,Male,1,1,1.0,1
1772,Female,1,1,1.0,1
1773,Male,1,1,1.0,1
1774,Female,1,1,1.0,1
1775,Male,1,1,1.0,1
1776,Female,1,1,1.0,1
1777,Male,1,1,1.0,1
1778,Female,1,1,1.0,1
1779,Unknown,1,1,1.0,1
1780,Female,1,1,1.0,1
1781,Unknown,1,1,1.0,1
1782,Male,1,1,1.0,1
1783,Unknown,1,1,1.0,1
1784,Male,1,1,1.0,1
1785,Female,1,1,1.0,1
1786,Unknown,1,1,1.0,1
1787,Unknown,1,1,1.0,1
1788,Female,1,1,1.0,1
1789,Unknown,1,1,1.0,1
1790,Male,1,1,1.0,1
1791,Unknown,1,1,1.0,1
1792,Female,1,1,1.0,1
1793,Female,1,1,1.0,1
1794,Unknown,1,1,1.0,1
1795,Male,1,1,1.0,1
1796,Unknown,1,1,1.0,1
1797,Unknown,1,1,1.0,1
1798,Unknown,1,1,1.0,1
1799,Unknown,1,1,1.0,1
1800,Female,1,1,1.0,1
1801,Unknown,1,1,1.0,1
1802,Female,1,1,1.0,1
1803,Female,1,1,1.0,1
1804,Unknown,1,1,1.0,1
1805,Male,1,1,1.0,1
1806,Male,1,1,1.0,1
1807,Male,1,1,1.0,1
1808,Unknown,1,1,1.0,1
1809,Male,1,1,1.0,1
1810,Male,1,1,1.0,1
1811,Unknown,1,1,1.0,1
1812,Unknown,1,1,1.0,1
1813,Male,1,1,1.0,1
1814,Unknown,1,1,1.0,1
1815,Male,1,1,1.0,1
1816,Female,1,1,1.0,1
1817,Female,1,1,1.0,1
1818,Male,1,1,1.0,1
1819,Female,1,1,1.0,1
1820,Male,1,1,1.0,1
1821,Female,1,1,1.0,1
1822,Male,1,1,1.0,1
1823,Male,1,1,1.0,1
1824,Unknown,1,1,1.0,1
1825,Unknown,1,1,1.0,1
1826,Male,1,1,1.0,1
1827,Male,1,1,1.0,1
1828,Male,1,1,1.0,1
1829,Unknown,1,1,1.0,1
1830,Male,1,1,1.0,1
1831,Unknown,1,1,1.0,1
1832,Male,1,1,1.0,1
1833,Male,1,1,1.0,1
1834,Unknown,1,1,1.0,1
1835,Male,1,1,1.0,1
1836,Unknown,1,1,1.0,1
1837,Unknown,1,1,1.0,1
1838,Unknown,1,1,1.0,1
1839,Male,1,1,1.0,1
1840,Unknown,1,1,1.0,1
1841,Male,1,1,1.0,1
1842,Unknown,1,1,1.0,1
1843,Unknown,1,1,1.0,1
1844,Unknown,1,1,1.0,1
1845,Female,1,1,1.0,1
1846,Male,1,1,1.0,1
1847,Unknown,1,1,1.0,1
1848,Unknown,1,1,1.0,1
1849,Unknown,1,1,1.0,1
1850,Female,1,1,1.0,1
1851,Unknown,1,1,1.0,1
1852,Female,1,1,1.0,1
1853,Male,1,1,1.0,1
1854,Unknown,1,1,1.0,1
1855,Male,1,1,1.0,1
1856,Male,1,1,1.0,1
1857,Unknown,1,1,1.0,1
