community,group_authors,leading_value,leading_value_authors,leading_value_share,top_three
1,6959,Male,3466,0.49806006610145137,"Male (3466, 49.8%); Female (2756, 39.6%); Unknown (737, 10.6%)"
2,3657,Female,1629,0.44544708777686626,"Female (1629, 44.5%); Male (1591, 43.5%); Unknown (437, 11.9%)"
3,2646,Male,1343,0.5075585789871504,"Male (1343, 50.8%); Female (929, 35.1%); Unknown (374, 14.1%)"
4,2207,Female,1325,0.600362483008609,"Female (1325, 60.0%); Male (669, 30.3%); Unknown (213, 9.7%)"
5,2086,Male,1015,0.4865771812080537,"Male (1015, 48.7%); Female (785, 37.6%); Unknown (286, 13.7%)"
6,1948,Male,1026,0.526694045174538,"Male (1026, 52.7%); Female (670, 34.4%); Unknown (252, 12.9%)"
7,1819,Male,1002,0.5508521165475536,"Male (1002, 55.1%); Female (584, 32.1%); Unknown (233, 12.8%)"
8,1649,Male,813,0.49302607640994545,"Male (813, 49.3%); Female (576, 34.9%); Unknown (260, 15.8%)"
9,1520,Male,689,0.4532894736842105,"Male (689, 45.3%); Female (552, 36.3%); Unknown (279, 18.4%)"
10,1519,Male,748,0.4924292297564187,"Male (748, 49.2%); Female (658, 43.3%); Unknown (113, 7.4%)"
11,1505,Male,738,0.49036544850498337,"Male (738, 49.0%); Female (508, 33.8%); Unknown (259, 17.2%)"
12,1497,Male,677,0.45223780895123583,"Male (677, 45.2%); Female (649, 43.4%); Unknown (171, 11.4%)"
13,1421,Male,652,0.45883180858550315,"Male (652, 45.9%); Female (580, 40.8%); Unknown (189, 13.3%)"
14,1283,Male,617,0.4809041309431021,"Male (617, 48.1%); Female (506, 39.4%); Unknown (160, 12.5%)"
15,1279,Male,591,0.4620797498045348,"Male (591, 46.2%); Female (513, 40.1%); Unknown (175, 13.7%)"
16,1114,Unknown,552,0.4955116696588869,"Unknown (552, 49.6%); Female (282, 25.3%); Male (280, 25.1%)"
17,1113,Male,636,0.5714285714285714,"Male (636, 57.1%); Female (324, 29.1%); Unknown (153, 13.7%)"
18,1064,Unknown,540,0.5075187969924813,"Unknown (540, 50.8%); Female (279, 26.2%); Male (245, 23.0%)"
19,1063,Male,472,0.44402634054562556,"Male (472, 44.4%); Female (347, 32.6%); Unknown (244, 23.0%)"
20,1050,Male,561,0.5342857142857143,"Male (561, 53.4%); Female (387, 36.9%); Unknown (102, 9.7%)"
21,1036,Male,515,0.4971042471042471,"Male (515, 49.7%); Female (368, 35.5%); Unknown (153, 14.8%)"
22,906,Male,500,0.5518763796909493,"Male (500, 55.2%); Female (336, 37.1%); Unknown (70, 7.7%)"
23,877,Male,461,0.5256556442417332,"Male (461, 52.6%); Female (281, 32.0%); Unknown (135, 15.4%)"
24,818,Unknown,384,0.46943765281173594,"Unknown (384, 46.9%); Female (226, 27.6%); Male (208, 25.4%)"
25,775,Male,273,0.352258064516129,"Male (273, 35.2%); Unknown (254, 32.8%); Female (248, 32.0%)"
26,679,Male,382,0.5625920471281296,"Male (382, 56.3%); Female (238, 35.1%); Unknown (59, 8.7%)"
27,678,Male,317,0.46755162241887904,"Male (317, 46.8%); Female (260, 38.3%); Unknown (101, 14.9%)"
28,671,Male,360,0.5365126676602087,"Male (360, 53.7%); Female (243, 36.2%); Unknown (68, 10.1%)"
29,650,Unknown,254,0.39076923076923076,"Unknown (254, 39.1%); Male (216, 33.2%); Female (180, 27.7%)"
30,593,Unknown,307,0.5177065767284992,"Unknown (307, 51.8%); Male (144, 24.3%); Female (142, 23.9%)"
31,581,Male,319,0.5490533562822719,"Male (319, 54.9%); Female (214, 36.8%); Unknown (48, 8.3%)"
32,572,Unknown,267,0.46678321678321677,"Unknown (267, 46.7%); Female (176, 30.8%); Male (129, 22.6%)"
33,540,Unknown,292,0.5407407407407407,"Unknown (292, 54.1%); Female (130, 24.1%); Male (118, 21.9%)"
34,534,Unknown,265,0.49625468164794007,"Unknown (265, 49.6%); Female (141, 26.4%); Male (128, 24.0%)"
35,461,Male,219,0.4750542299349241,"Male (219, 47.5%); Female (145, 31.5%); Unknown (97, 21.0%)"
36,459,Male,214,0.4662309368191721,"Male (214, 46.6%); Female (191, 41.6%); Unknown (54, 11.8%)"
37,454,Male,166,0.3656387665198238,"Male (166, 36.6%); Unknown (166, 36.6%); Female (122, 26.9%)"
38,440,Male,205,0.4659090909090909,"Male (205, 46.6%); Female (139, 31.6%); Unknown (96, 21.8%)"
39,430,Unknown,193,0.44883720930232557,"Unknown (193, 44.9%); Male (138, 32.1%); Female (99, 23.0%)"
40,429,Unknown,200,0.4662004662004662,"Unknown (200, 46.6%); Male (115, 26.8%); Female (114, 26.6%)"
41,418,Unknown,200,0.4784688995215311,"Unknown (200, 47.8%); Male (118, 28.2%); Female (100, 23.9%)"
42,336,Unknown,152,0.4523809523809524,"Unknown (152, 45.2%); Female (97, 28.9%); Male (87, 25.9%)"
43,333,Female,164,0.4924924924924925,"Female (164, 49.2%); Male (151, 45.3%); Unknown (18, 5.4%)"
44,319,Male,171,0.5360501567398119,"Male (171, 53.6%); Female (115, 36.1%); Unknown (33, 10.3%)"
45,317,Unknown,158,0.49842271293375395,"Unknown (158, 49.8%); Male (85, 26.8%); Female (74, 23.3%)"
46,304,Unknown,154,0.506578947368421,"Unknown (154, 50.7%); Female (78, 25.7%); Male (72, 23.7%)"
47,296,Male,142,0.4797297297297297,"Male (142, 48.0%); Female (89, 30.1%); Unknown (65, 22.0%)"
48,292,Male,162,0.5547945205479452,"Male (162, 55.5%); Female (95, 32.5%); Unknown (35, 12.0%)"
49,281,Unknown,150,0.5338078291814946,"Unknown (150, 53.4%); Male (68, 24.2%); Female (63, 22.4%)"
50,273,Unknown,144,0.5274725274725275,"Unknown (144, 52.7%); Female (65, 23.8%); Male (64, 23.4%)"
51,269,Unknown,117,0.4349442379182156,"Unknown (117, 43.5%); Male (97, 36.1%); Female (55, 20.4%)"
52,267,Unknown,142,0.5318352059925093,"Unknown (142, 53.2%); Male (79, 29.6%); Female (46, 17.2%)"
53,258,Male,139,0.5387596899224806,"Male (139, 53.9%); Female (83, 32.2%); Unknown (36, 14.0%)"
54,256,Male,141,0.55078125,"Male (141, 55.1%); Female (101, 39.5%); Unknown (14, 5.5%)"
55,220,Male,106,0.4818181818181818,"Male (106, 48.2%); Female (90, 40.9%); Unknown (24, 10.9%)"
56,176,Unknown,93,0.5284090909090909,"Unknown (93, 52.8%); Male (43, 24.4%); Female (40, 22.7%)"
57,160,Unknown,88,0.55,"Unknown (88, 55.0%); Female (37, 23.1%); Male (35, 21.9%)"
58,146,Unknown,83,0.5684931506849316,"Unknown (83, 56.8%); Female (35, 24.0%); Male (28, 19.2%)"
59,141,Unknown,60,0.425531914893617,"Unknown (60, 42.6%); Male (42, 29.8%); Female (39, 27.7%)"
60,137,Unknown,71,0.5182481751824818,"Unknown (71, 51.8%); Female (34, 24.8%); Male (32, 23.4%)"
61,136,Unknown,82,0.6029411764705882,"Unknown (82, 60.3%); Male (34, 25.0%); Female (20, 14.7%)"
62,131,Male,70,0.5343511450381679,"Male (70, 53.4%); Female (47, 35.9%); Unknown (14, 10.7%)"
63,130,Male,80,0.6153846153846154,"Male (80, 61.5%); Female (39, 30.0%); Unknown (11, 8.5%)"
64,117,Unknown,65,0.5555555555555556,"Unknown (65, 55.6%); Male (34, 29.1%); Female (18, 15.4%)"
65,113,Unknown,48,0.4247787610619469,"Unknown (48, 42.5%); Female (44, 38.9%); Male (21, 18.6%)"
66,111,Unknown,68,0.6126126126126126,"Unknown (68, 61.3%); Female (27, 24.3%); Male (16, 14.4%)"
67,104,Male,67,0.6442307692307693,"Male (67, 64.4%); Female (37, 35.6%)"
68,98,Female,41,0.41836734693877553,"Female (41, 41.8%); Male (35, 35.7%); Unknown (22, 22.4%)"
69,98,Unknown,55,0.5612244897959183,"Unknown (55, 56.1%); Male (22, 22.4%); Female (21, 21.4%)"
70,92,Male,54,0.5869565217391305,"Male (54, 58.7%); Female (28, 30.4%); Unknown (10, 10.9%)"
71,92,Unknown,51,0.5543478260869565,"Unknown (51, 55.4%); Female (26, 28.3%); Male (15, 16.3%)"
72,85,Male,41,0.4823529411764706,"Male (41, 48.2%); Female (34, 40.0%); Unknown (10, 11.8%)"
73,85,Male,41,0.4823529411764706,"Male (41, 48.2%); Female (38, 44.7%); Unknown (6, 7.1%)"
74,84,Male,53,0.6309523809523809,"Male (53, 63.1%); Female (16, 19.0%); Unknown (15, 17.9%)"
75,79,Female,38,0.4810126582278481,"Female (38, 48.1%); Male (36, 45.6%); Unknown (5, 6.3%)"
76,77,Unknown,42,0.5454545454545454,"Unknown (42, 54.5%); Male (23, 29.9%); Female (12, 15.6%)"
77,72,Male,33,0.4583333333333333,"Male (33, 45.8%); Female (25, 34.7%); Unknown (14, 19.4%)"
78,72,Unknown,38,0.5277777777777778,"Unknown (38, 52.8%); Female (18, 25.0%); Male (16, 22.2%)"
79,70,Unknown,33,0.4714285714285714,"Unknown (33, 47.1%); Male (22, 31.4%); Female (15, 21.4%)"
80,64,Male,36,0.5625,"Male (36, 56.2%); Female (24, 37.5%); Unknown (4, 6.2%)"
81,62,Unknown,31,0.5,"Unknown (31, 50.0%); Male (18, 29.0%); Female (13, 21.0%)"
82,58,Male,30,0.5172413793103449,"Male (30, 51.7%); Unknown (15, 25.9%); Female (13, 22.4%)"
83,55,Unknown,31,0.5636363636363636,"Unknown (31, 56.4%); Female (16, 29.1%); Male (8, 14.5%)"
84,54,Unknown,25,0.46296296296296297,"Unknown (25, 46.3%); Female (18, 33.3%); Male (11, 20.4%)"
85,54,Unknown,25,0.46296296296296297,"Unknown (25, 46.3%); Female (16, 29.6%); Male (13, 24.1%)"
86,53,Unknown,41,0.7735849056603774,"Unknown (41, 77.4%); Male (8, 15.1%); Female (4, 7.5%)"
87,49,Male,30,0.6122448979591837,"Male (30, 61.2%); Female (15, 30.6%); Unknown (4, 8.2%)"
88,49,Unknown,23,0.46938775510204084,"Unknown (23, 46.9%); Female (15, 30.6%); Male (11, 22.4%)"
89,49,Male,41,0.8367346938775511,"Male (41, 83.7%); Unknown (7, 14.3%); Female (1, 2.0%)"
90,48,Unknown,32,0.6666666666666666,"Unknown (32, 66.7%); Male (10, 20.8%); Female (6, 12.5%)"
91,48,Unknown,30,0.625,"Unknown (30, 62.5%); Male (11, 22.9%); Female (7, 14.6%)"
92,43,Unknown,22,0.5116279069767442,"Unknown (22, 51.2%); Male (16, 37.2%); Female (5, 11.6%)"
93,43,Unknown,21,0.4883720930232558,"Unknown (21, 48.8%); Female (13, 30.2%); Male (9, 20.9%)"
94,41,Male,24,0.5853658536585366,"Male (24, 58.5%); Female (15, 36.6%); Unknown (2, 4.9%)"
95,39,Unknown,20,0.5128205128205128,"Unknown (20, 51.3%); Male (10, 25.6%); Female (9, 23.1%)"
96,38,Unknown,23,0.6052631578947368,"Unknown (23, 60.5%); Male (9, 23.7%); Female (6, 15.8%)"
97,37,Unknown,27,0.7297297297297297,"Unknown (27, 73.0%); Male (8, 21.6%); Female (2, 5.4%)"
98,36,Unknown,17,0.4722222222222222,"Unknown (17, 47.2%); Male (10, 27.8%); Female (9, 25.0%)"
99,36,Unknown,14,0.3888888888888889,"Unknown (14, 38.9%); Male (13, 36.1%); Female (9, 25.0%)"
100,35,Female,16,0.45714285714285713,"Female (16, 45.7%); Unknown (15, 42.9%); Male (4, 11.4%)"
101,34,Unknown,22,0.6470588235294118,"Unknown (22, 64.7%); Female (6, 17.6%); Male (6, 17.6%)"
102,34,Unknown,19,0.5588235294117647,"Unknown (19, 55.9%); Female (12, 35.3%); Male (3, 8.8%)"
103,33,Unknown,17,0.5151515151515151,"Unknown (17, 51.5%); Male (9, 27.3%); Female (7, 21.2%)"
104,33,Unknown,17,0.5151515151515151,"Unknown (17, 51.5%); Female (10, 30.3%); Male (6, 18.2%)"
105,32,Male,19,0.59375,"Male (19, 59.4%); Female (12, 37.5%); Unknown (1, 3.1%)"
106,32,Female,16,0.5,"Female (16, 50.0%); Male (15, 46.9%); Unknown (1, 3.1%)"
107,31,Unknown,18,0.5806451612903226,"Unknown (18, 58.1%); Female (8, 25.8%); Male (5, 16.1%)"
108,31,Male,20,0.6451612903225806,"Male (20, 64.5%); Female (8, 25.8%); Unknown (3, 9.7%)"
109,31,Unknown,14,0.45161290322580644,"Unknown (14, 45.2%); Female (12, 38.7%); Male (5, 16.1%)"
110,30,Female,14,0.4666666666666667,"Female (14, 46.7%); Male (14, 46.7%); Unknown (2, 6.7%)"
111,29,Unknown,15,0.5172413793103449,"Unknown (15, 51.7%); Male (12, 41.4%); Female (2, 6.9%)"
112,29,Unknown,15,0.5172413793103449,"Unknown (15, 51.7%); Male (8, 27.6%); Female (6, 20.7%)"
113,29,Unknown,13,0.4482758620689655,"Unknown (13, 44.8%); Female (10, 34.5%); Male (6, 20.7%)"
114,29,Unknown,14,0.4827586206896552,"Unknown (14, 48.3%); Female (10, 34.5%); Male (5, 17.2%)"
115,28,Unknown,17,0.6071428571428571,"Unknown (17, 60.7%); Male (7, 25.0%); Female (4, 14.3%)"
116,27,Unknown,16,0.5925925925925926,"Unknown (16, 59.3%); Male (7, 25.9%); Female (4, 14.8%)"
117,26,Unknown,15,0.5769230769230769,"Unknown (15, 57.7%); Male (6, 23.1%); Female (5, 19.2%)"
118,25,Unknown,12,0.48,"Unknown (12, 48.0%); Male (8, 32.0%); Female (5, 20.0%)"
119,25,Male,14,0.56,"Male (14, 56.0%); Female (8, 32.0%); Unknown (3, 12.0%)"
120,25,Male,10,0.4,"Male (10, 40.0%); Unknown (9, 36.0%); Female (6, 24.0%)"
121,24,Male,14,0.5833333333333334,"Male (14, 58.3%); Female (6, 25.0%); Unknown (4, 16.7%)"
122,24,Female,15,0.625,"Female (15, 62.5%); Male (9, 37.5%)"
123,24,Unknown,14,0.5833333333333334,"Unknown (14, 58.3%); Female (7, 29.2%); Male (3, 12.5%)"
124,24,Unknown,12,0.5,"Unknown (12, 50.0%); Female (7, 29.2%); Male (5, 20.8%)"
125,23,Female,9,0.391304347826087,"Female (9, 39.1%); Unknown (8, 34.8%); Male (6, 26.1%)"
126,23,Unknown,11,0.4782608695652174,"Unknown (11, 47.8%); Male (7, 30.4%); Female (5, 21.7%)"
127,23,Unknown,17,0.7391304347826086,"Unknown (17, 73.9%); Male (4, 17.4%); Female (2, 8.7%)"
128,22,Unknown,10,0.45454545454545453,"Unknown (10, 45.5%); Male (9, 40.9%); Female (3, 13.6%)"
129,22,Male,14,0.6363636363636364,"Male (14, 63.6%); Female (8, 36.4%)"
130,21,Male,11,0.5238095238095238,"Male (11, 52.4%); Female (5, 23.8%); Unknown (5, 23.8%)"
131,21,Male,10,0.47619047619047616,"Male (10, 47.6%); Female (8, 38.1%); Unknown (3, 14.3%)"
132,21,Unknown,10,0.47619047619047616,"Unknown (10, 47.6%); Female (7, 33.3%); Male (4, 19.0%)"
133,21,Unknown,9,0.42857142857142855,"Unknown (9, 42.9%); Male (8, 38.1%); Female (4, 19.0%)"
134,21,Unknown,12,0.5714285714285714,"Unknown (12, 57.1%); Female (7, 33.3%); Male (2, 9.5%)"
135,21,Female,10,0.47619047619047616,"Female (10, 47.6%); Male (10, 47.6%); Unknown (1, 4.8%)"
136,21,Unknown,9,0.42857142857142855,"Unknown (9, 42.9%); Female (6, 28.6%); Male (6, 28.6%)"
137,21,Unknown,13,0.6190476190476191,"Unknown (13, 61.9%); Female (6, 28.6%); Male (2, 9.5%)"
138,21,Unknown,14,0.6666666666666666,"Unknown (14, 66.7%); Male (4, 19.0%); Female (3, 14.3%)"
139,20,Female,11,0.55,"Female (11, 55.0%); Male (9, 45.0%)"
140,20,Male,9,0.45,"Male (9, 45.0%); Unknown (7, 35.0%); Female (4, 20.0%)"
141,20,Unknown,10,0.5,"Unknown (10, 50.0%); Female (7, 35.0%); Male (3, 15.0%)"
142,20,Male,10,0.5,"Male (10, 50.0%); Female (9, 45.0%); Unknown (1, 5.0%)"
143,20,Unknown,12,0.6,"Unknown (12, 60.0%); Female (5, 25.0%); Male (3, 15.0%)"
144,19,Unknown,8,0.42105263157894735,"Unknown (8, 42.1%); Female (6, 31.6%); Male (5, 26.3%)"
145,19,Unknown,9,0.47368421052631576,"Unknown (9, 47.4%); Female (6, 31.6%); Male (4, 21.1%)"
146,19,Male,14,0.7368421052631579,"Male (14, 73.7%); Female (4, 21.1%); Unknown (1, 5.3%)"
147,19,Male,11,0.5789473684210527,"Male (11, 57.9%); Female (6, 31.6%); Unknown (2, 10.5%)"
148,19,Unknown,16,0.8421052631578947,"Unknown (16, 84.2%); Male (2, 10.5%); Female (1, 5.3%)"
149,19,Unknown,8,0.42105263157894735,"Unknown (8, 42.1%); Female (6, 31.6%); Male (5, 26.3%)"
150,19,Male,14,0.7368421052631579,"Male (14, 73.7%); Unknown (3, 15.8%); Female (2, 10.5%)"
151,19,Unknown,10,0.5263157894736842,"Unknown (10, 52.6%); Female (5, 26.3%); Male (4, 21.1%)"
152,19,Female,9,0.47368421052631576,"Female (9, 47.4%); Male (7, 36.8%); Unknown (3, 15.8%)"
153,18,Unknown,10,0.5555555555555556,"Unknown (10, 55.6%); Male (6, 33.3%); Female (2, 11.1%)"
154,18,Unknown,13,0.7222222222222222,"Unknown (13, 72.2%); Female (3, 16.7%); Male (2, 11.1%)"
155,18,Unknown,14,0.7777777777777778,"Unknown (14, 77.8%); Male (4, 22.2%)"
156,18,Unknown,11,0.6111111111111112,"Unknown (11, 61.1%); Male (4, 22.2%); Female (3, 16.7%)"
157,17,Male,9,0.5294117647058824,"Male (9, 52.9%); Female (5, 29.4%); Unknown (3, 17.6%)"
158,17,Unknown,10,0.5882352941176471,"Unknown (10, 58.8%); Female (4, 23.5%); Male (3, 17.6%)"
159,17,Unknown,10,0.5882352941176471,"Unknown (10, 58.8%); Male (5, 29.4%); Female (2, 11.8%)"
160,17,Female,9,0.5294117647058824,"Female (9, 52.9%); Male (7, 41.2%); Unknown (1, 5.9%)"
161,17,Unknown,11,0.6470588235294118,"Unknown (11, 64.7%); Female (3, 17.6%); Male (3, 17.6%)"
162,17,Unknown,12,0.7058823529411765,"Unknown (12, 70.6%); Male (4, 23.5%); Female (1, 5.9%)"
163,17,Female,9,0.5294117647058824,"Female (9, 52.9%); Male (6, 35.3%); Unknown (2, 11.8%)"
164,17,Unknown,9,0.5294117647058824,"Unknown (9, 52.9%); Male (5, 29.4%); Female (3, 17.6%)"
165,17,Female,8,0.47058823529411764,"Female (8, 47.1%); Unknown (7, 41.2%); Male (2, 11.8%)"
166,17,Male,13,0.7647058823529411,"Male (13, 76.5%); Female (4, 23.5%)"
167,17,Unknown,8,0.47058823529411764,"Unknown (8, 47.1%); Male (6, 35.3%); Female (3, 17.6%)"
168,17,Unknown,10,0.5882352941176471,"Unknown (10, 58.8%); Male (5, 29.4%); Female (2, 11.8%)"
169,16,Male,11,0.6875,"Male (11, 68.8%); Female (5, 31.2%)"
170,16,Unknown,10,0.625,"Unknown (10, 62.5%); Female (4, 25.0%); Male (2, 12.5%)"
171,16,Unknown,9,0.5625,"Unknown (9, 56.2%); Female (5, 31.2%); Male (2, 12.5%)"
172,16,Female,7,0.4375,"Female (7, 43.8%); Unknown (6, 37.5%); Male (3, 18.8%)"
173,16,Unknown,8,0.5,"Unknown (8, 50.0%); Male (5, 31.2%); Female (3, 18.8%)"
174,16,Unknown,8,0.5,"Unknown (8, 50.0%); Female (5, 31.2%); Male (3, 18.8%)"
175,16,Unknown,11,0.6875,"Unknown (11, 68.8%); Female (4, 25.0%); Male (1, 6.2%)"
176,16,Unknown,8,0.5,"Unknown (8, 50.0%); Male (5, 31.2%); Female (3, 18.8%)"
177,16,Male,13,0.8125,"Male (13, 81.2%); Unknown (3, 18.8%)"
178,16,Female,9,0.5625,"Female (9, 56.2%); Male (7, 43.8%)"
179,16,Unknown,10,0.625,"Unknown (10, 62.5%); Female (3, 18.8%); Male (3, 18.8%)"
180,16,Unknown,10,0.625,"Unknown (10, 62.5%); Male (4, 25.0%); Female (2, 12.5%)"
181,16,Male,7,0.4375,"Male (7, 43.8%); Unknown (5, 31.2%); Female (4, 25.0%)"
182,16,Female,8,0.5,"Female (8, 50.0%); Male (8, 50.0%)"
183,16,Male,11,0.6875,"Male (11, 68.8%); Female (5, 31.2%)"
184,16,Female,7,0.4375,"Female (7, 43.8%); Male (6, 37.5%); Unknown (3, 18.8%)"
185,15,Female,5,0.3333333333333333,"Female (5, 33.3%); Male (5, 33.3%); Unknown (5, 33.3%)"
186,15,Male,7,0.4666666666666667,"Male (7, 46.7%); Unknown (7, 46.7%); Female (1, 6.7%)"
187,15,Unknown,9,0.6,"Unknown (9, 60.0%); Female (5, 33.3%); Male (1, 6.7%)"
188,15,Unknown,7,0.4666666666666667,"Unknown (7, 46.7%); Male (6, 40.0%); Female (2, 13.3%)"
189,15,Unknown,9,0.6,"Unknown (9, 60.0%); Male (4, 26.7%); Female (2, 13.3%)"
190,15,Unknown,13,0.8666666666666667,"Unknown (13, 86.7%); Male (2, 13.3%)"
191,15,Unknown,8,0.5333333333333333,"Unknown (8, 53.3%); Male (5, 33.3%); Female (2, 13.3%)"
192,15,Unknown,9,0.6,"Unknown (9, 60.0%); Female (5, 33.3%); Male (1, 6.7%)"
193,15,Unknown,11,0.7333333333333333,"Unknown (11, 73.3%); Male (4, 26.7%)"
194,15,Unknown,11,0.7333333333333333,"Unknown (11, 73.3%); Male (3, 20.0%); Female (1, 6.7%)"
195,15,Male,13,0.8666666666666667,"Male (13, 86.7%); Female (2, 13.3%)"
196,15,Unknown,7,0.4666666666666667,"Unknown (7, 46.7%); Male (6, 40.0%); Female (2, 13.3%)"
197,15,Male,6,0.4,"Male (6, 40.0%); Unknown (5, 33.3%); Female (4, 26.7%)"
198,15,Female,6,0.4,"Female (6, 40.0%); Male (5, 33.3%); Unknown (4, 26.7%)"
199,15,Unknown,9,0.6,"Unknown (9, 60.0%); Male (5, 33.3%); Female (1, 6.7%)"
200,14,Unknown,7,0.5,"Unknown (7, 50.0%); Female (4, 28.6%); Male (3, 21.4%)"
201,14,Unknown,9,0.6428571428571429,"Unknown (9, 64.3%); Female (3, 21.4%); Male (2, 14.3%)"
202,14,Unknown,9,0.6428571428571429,"Unknown (9, 64.3%); Female (4, 28.6%); Male (1, 7.1%)"
203,14,Male,10,0.7142857142857143,"Male (10, 71.4%); Female (2, 14.3%); Unknown (2, 14.3%)"
204,14,Unknown,12,0.8571428571428571,"Unknown (12, 85.7%); Male (2, 14.3%)"
205,14,Unknown,6,0.42857142857142855,"Unknown (6, 42.9%); Male (5, 35.7%); Female (3, 21.4%)"
206,14,Male,7,0.5,"Male (7, 50.0%); Female (4, 28.6%); Unknown (3, 21.4%)"
207,14,Female,7,0.5,"Female (7, 50.0%); Unknown (6, 42.9%); Male (1, 7.1%)"
208,14,Unknown,8,0.5714285714285714,"Unknown (8, 57.1%); Male (5, 35.7%); Female (1, 7.1%)"
209,14,Unknown,7,0.5,"Unknown (7, 50.0%); Male (6, 42.9%); Female (1, 7.1%)"
210,14,Unknown,8,0.5714285714285714,"Unknown (8, 57.1%); Female (6, 42.9%)"
211,14,Unknown,9,0.6428571428571429,"Unknown (9, 64.3%); Male (4, 28.6%); Female (1, 7.1%)"
212,14,Unknown,9,0.6428571428571429,"Unknown (9, 64.3%); Female (3, 21.4%); Male (2, 14.3%)"
213,13,Unknown,6,0.46153846153846156,"Unknown (6, 46.2%); Male (4, 30.8%); Female (3, 23.1%)"
214,13,Unknown,10,0.7692307692307693,"Unknown (10, 76.9%); Male (3, 23.1%)"
215,13,Unknown,8,0.6153846153846154,"Unknown (8, 61.5%); Male (3, 23.1%); Female (2, 15.4%)"
216,13,Unknown,8,0.6153846153846154,"Unknown (8, 61.5%); Male (3, 23.1%); Female (2, 15.4%)"
217,13,Female,7,0.5384615384615384,"Female (7, 53.8%); Male (6, 46.2%)"
218,13,Unknown,7,0.5384615384615384,"Unknown (7, 53.8%); Female (3, 23.1%); Male (3, 23.1%)"
219,13,Unknown,6,0.46153846153846156,"Unknown (6, 46.2%); Female (4, 30.8%); Male (3, 23.1%)"
220,13,Unknown,8,0.6153846153846154,"Unknown (8, 61.5%); Female (4, 30.8%); Male (1, 7.7%)"
221,13,Unknown,9,0.6923076923076923,"Unknown (9, 69.2%); Male (3, 23.1%); Female (1, 7.7%)"
222,13,Female,6,0.46153846153846156,"Female (6, 46.2%); Male (6, 46.2%); Unknown (1, 7.7%)"
223,13,Unknown,11,0.8461538461538461,"Unknown (11, 84.6%); Female (1, 7.7%); Male (1, 7.7%)"
224,13,Unknown,7,0.5384615384615384,"Unknown (7, 53.8%); Male (4, 30.8%); Female (2, 15.4%)"
225,13,Unknown,7,0.5384615384615384,"Unknown (7, 53.8%); Female (4, 30.8%); Male (2, 15.4%)"
226,13,Male,10,0.7692307692307693,"Male (10, 76.9%); Female (3, 23.1%)"
227,13,Unknown,9,0.6923076923076923,"Unknown (9, 69.2%); Male (4, 30.8%)"
228,13,Male,6,0.46153846153846156,"Male (6, 46.2%); Female (5, 38.5%); Unknown (2, 15.4%)"
229,13,Female,6,0.46153846153846156,"Female (6, 46.2%); Unknown (5, 38.5%); Male (2, 15.4%)"
230,13,Unknown,7,0.5384615384615384,"Unknown (7, 53.8%); Male (4, 30.8%); Female (2, 15.4%)"
231,13,Unknown,6,0.46153846153846156,"Unknown (6, 46.2%); Male (4, 30.8%); Female (3, 23.1%)"
232,12,Female,6,0.5,"Female (6, 50.0%); Male (5, 41.7%); Unknown (1, 8.3%)"
233,12,Unknown,7,0.5833333333333334,"Unknown (7, 58.3%); Male (3, 25.0%); Female (2, 16.7%)"
234,12,Male,5,0.4166666666666667,"Male (5, 41.7%); Unknown (5, 41.7%); Female (2, 16.7%)"
235,12,Unknown,6,0.5,"Unknown (6, 50.0%); Female (4, 33.3%); Male (2, 16.7%)"
236,12,Female,5,0.4166666666666667,"Female (5, 41.7%); Unknown (4, 33.3%); Male (3, 25.0%)"
237,12,Male,10,0.8333333333333334,"Male (10, 83.3%); Female (1, 8.3%); Unknown (1, 8.3%)"
238,12,Unknown,8,0.6666666666666666,"Unknown (8, 66.7%); Male (3, 25.0%); Female (1, 8.3%)"
239,12,Female,7,0.5833333333333334,"Female (7, 58.3%); Unknown (3, 25.0%); Male (2, 16.7%)"
240,12,Unknown,8,0.6666666666666666,"Unknown (8, 66.7%); Female (3, 25.0%); Male (1, 8.3%)"
241,12,Unknown,6,0.5,"Unknown (6, 50.0%); Female (3, 25.0%); Male (3, 25.0%)"
242,12,Male,6,0.5,"Male (6, 50.0%); Female (3, 25.0%); Unknown (3, 25.0%)"
243,12,Unknown,5,0.4166666666666667,"Unknown (5, 41.7%); Male (4, 33.3%); Female (3, 25.0%)"
244,12,Female,6,0.5,"Female (6, 50.0%); Male (3, 25.0%); Unknown (3, 25.0%)"
245,12,Unknown,6,0.5,"Unknown (6, 50.0%); Female (5, 41.7%); Male (1, 8.3%)"
246,12,Male,6,0.5,"Male (6, 50.0%); Female (3, 25.0%); Unknown (3, 25.0%)"
247,12,Unknown,7,0.5833333333333334,"Unknown (7, 58.3%); Female (5, 41.7%)"
248,12,Unknown,6,0.5,"Unknown (6, 50.0%); Female (3, 25.0%); Male (3, 25.0%)"
249,12,Male,5,0.4166666666666667,"Male (5, 41.7%); Unknown (4, 33.3%); Female (3, 25.0%)"
250,12,Male,9,0.75,"Male (9, 75.0%); Female (2, 16.7%); Unknown (1, 8.3%)"
251,12,Unknown,6,0.5,"Unknown (6, 50.0%); Female (3, 25.0%); Male (3, 25.0%)"
252,12,Unknown,7,0.5833333333333334,"Unknown (7, 58.3%); Female (5, 41.7%)"
253,12,Female,6,0.5,"Female (6, 50.0%); Male (3, 25.0%); Unknown (3, 25.0%)"
254,12,Male,5,0.4166666666666667,"Male (5, 41.7%); Unknown (5, 41.7%); Female (2, 16.7%)"
255,12,Unknown,9,0.75,"Unknown (9, 75.0%); Female (2, 16.7%); Male (1, 8.3%)"
256,12,Unknown,7,0.5833333333333334,"Unknown (7, 58.3%); Male (3, 25.0%); Female (2, 16.7%)"
257,12,Male,8,0.6666666666666666,"Male (8, 66.7%); Unknown (3, 25.0%); Female (1, 8.3%)"
258,12,Male,6,0.5,"Male (6, 50.0%); Female (5, 41.7%); Unknown (1, 8.3%)"
259,12,Unknown,7,0.5833333333333334,"Unknown (7, 58.3%); Female (3, 25.0%); Male (2, 16.7%)"
260,11,Male,6,0.5454545454545454,"Male (6, 54.5%); Female (4, 36.4%); Unknown (1, 9.1%)"
261,11,Unknown,5,0.45454545454545453,"Unknown (5, 45.5%); Male (4, 36.4%); Female (2, 18.2%)"
262,11,Unknown,7,0.6363636363636364,"Unknown (7, 63.6%); Male (3, 27.3%); Female (1, 9.1%)"
263,11,Unknown,8,0.7272727272727273,"Unknown (8, 72.7%); Female (2, 18.2%); Male (1, 9.1%)"
264,11,Unknown,6,0.5454545454545454,"Unknown (6, 54.5%); Female (3, 27.3%); Male (2, 18.2%)"
265,11,Unknown,6,0.5454545454545454,"Unknown (6, 54.5%); Female (3, 27.3%); Male (2, 18.2%)"
266,11,Unknown,7,0.6363636363636364,"Unknown (7, 63.6%); Female (2, 18.2%); Male (2, 18.2%)"
267,11,Female,5,0.45454545454545453,"Female (5, 45.5%); Unknown (5, 45.5%); Male (1, 9.1%)"
268,11,Male,6,0.5454545454545454,"Male (6, 54.5%); Female (4, 36.4%); Unknown (1, 9.1%)"
269,11,Unknown,6,0.5454545454545454,"Unknown (6, 54.5%); Female (3, 27.3%); Male (2, 18.2%)"
270,11,Unknown,6,0.5454545454545454,"Unknown (6, 54.5%); Male (4, 36.4%); Female (1, 9.1%)"
271,11,Unknown,9,0.8181818181818182,"Unknown (9, 81.8%); Female (1, 9.1%); Male (1, 9.1%)"
272,11,Unknown,7,0.6363636363636364,"Unknown (7, 63.6%); Female (3, 27.3%); Male (1, 9.1%)"
273,11,Unknown,8,0.7272727272727273,"Unknown (8, 72.7%); Female (2, 18.2%); Male (1, 9.1%)"
274,11,Male,8,0.7272727272727273,"Male (8, 72.7%); Female (3, 27.3%)"
275,11,Unknown,8,0.7272727272727273,"Unknown (8, 72.7%); Male (2, 18.2%); Female (1, 9.1%)"
276,11,Unknown,7,0.6363636363636364,"Unknown (7, 63.6%); Female (2, 18.2%); Male (2, 18.2%)"
277,11,Unknown,6,0.5454545454545454,"Unknown (6, 54.5%); Male (4, 36.4%); Female (1, 9.1%)"
278,11,Unknown,5,0.45454545454545453,"Unknown (5, 45.5%); Female (3, 27.3%); Male (3, 27.3%)"
279,11,Male,8,0.7272727272727273,"Male (8, 72.7%); Female (3, 27.3%)"
280,11,Male,6,0.5454545454545454,"Male (6, 54.5%); Female (5, 45.5%)"
281,11,Unknown,11,1.0,"Unknown (11, 100.0%)"
282,11,Unknown,9,0.8181818181818182,"Unknown (9, 81.8%); Male (2, 18.2%)"
283,10,Female,4,0.4,"Female (4, 40.0%); Male (3, 30.0%); Unknown (3, 30.0%)"
284,10,Unknown,8,0.8,"Unknown (8, 80.0%); Female (2, 20.0%)"
285,10,Unknown,10,1.0,"Unknown (10, 100.0%)"
286,10,Unknown,5,0.5,"Unknown (5, 50.0%); Male (4, 40.0%); Female (1, 10.0%)"
287,10,Male,5,0.5,"Male (5, 50.0%); Unknown (5, 50.0%)"
288,10,Male,5,0.5,"Male (5, 50.0%); Female (4, 40.0%); Unknown (1, 10.0%)"
289,10,Unknown,7,0.7,"Unknown (7, 70.0%); Female (2, 20.0%); Male (1, 10.0%)"
290,10,Unknown,6,0.6,"Unknown (6, 60.0%); Male (4, 40.0%)"
291,10,Male,6,0.6,"Male (6, 60.0%); Female (2, 20.0%); Unknown (2, 20.0%)"
292,10,Male,6,0.6,"Male (6, 60.0%); Unknown (4, 40.0%)"
293,10,Unknown,6,0.6,"Unknown (6, 60.0%); Female (3, 30.0%); Male (1, 10.0%)"
294,10,Male,6,0.6,"Male (6, 60.0%); Unknown (3, 30.0%); Female (1, 10.0%)"
295,10,Unknown,4,0.4,"Unknown (4, 40.0%); Female (3, 30.0%); Male (3, 30.0%)"
296,10,Male,5,0.5,"Male (5, 50.0%); Unknown (4, 40.0%); Female (1, 10.0%)"
297,10,Unknown,6,0.6,"Unknown (6, 60.0%); Male (3, 30.0%); Female (1, 10.0%)"
298,10,Unknown,5,0.5,"Unknown (5, 50.0%); Male (4, 40.0%); Female (1, 10.0%)"
299,10,Unknown,6,0.6,"Unknown (6, 60.0%); Male (4, 40.0%)"
300,10,Female,5,0.5,"Female (5, 50.0%); Male (4, 40.0%); Unknown (1, 10.0%)"
301,10,Unknown,9,0.9,"Unknown (9, 90.0%); Male (1, 10.0%)"
302,10,Unknown,5,0.5,"Unknown (5, 50.0%); Male (4, 40.0%); Female (1, 10.0%)"
303,10,Male,5,0.5,"Male (5, 50.0%); Female (4, 40.0%); Unknown (1, 10.0%)"
304,10,Unknown,5,0.5,"Unknown (5, 50.0%); Female (3, 30.0%); Male (2, 20.0%)"
305,10,Unknown,4,0.4,"Unknown (4, 40.0%); Female (3, 30.0%); Male (3, 30.0%)"
306,10,Female,6,0.6,"Female (6, 60.0%); Unknown (4, 40.0%)"
307,10,Unknown,7,0.7,"Unknown (7, 70.0%); Female (2, 20.0%); Male (1, 10.0%)"
308,10,Male,5,0.5,"Male (5, 50.0%); Unknown (3, 30.0%); Female (2, 20.0%)"
309,10,Unknown,6,0.6,"Unknown (6, 60.0%); Male (4, 40.0%)"
310,10,Female,4,0.4,"Female (4, 40.0%); Unknown (4, 40.0%); Male (2, 20.0%)"
311,10,Male,5,0.5,"Male (5, 50.0%); Female (4, 40.0%); Unknown (1, 10.0%)"
312,10,Unknown,6,0.6,"Unknown (6, 60.0%); Female (2, 20.0%); Male (2, 20.0%)"
313,10,Female,6,0.6,"Female (6, 60.0%); Male (4, 40.0%)"
314,10,Female,5,0.5,"Female (5, 50.0%); Unknown (4, 40.0%); Male (1, 10.0%)"
315,10,Unknown,6,0.6,"Unknown (6, 60.0%); Male (4, 40.0%)"
316,10,Unknown,5,0.5,"Unknown (5, 50.0%); Male (3, 30.0%); Female (2, 20.0%)"
317,10,Female,5,0.5,"Female (5, 50.0%); Unknown (3, 30.0%); Male (2, 20.0%)"
318,10,Unknown,5,0.5,"Unknown (5, 50.0%); Male (3, 30.0%); Female (2, 20.0%)"
319,10,Unknown,5,0.5,"Unknown (5, 50.0%); Female (4, 40.0%); Male (1, 10.0%)"
320,10,Unknown,7,0.7,"Unknown (7, 70.0%); Female (2, 20.0%); Male (1, 10.0%)"
321,10,Male,8,0.8,"Male (8, 80.0%); Unknown (2, 20.0%)"
322,10,Female,9,0.9,"Female (9, 90.0%); Male (1, 10.0%)"
323,10,Male,6,0.6,"Male (6, 60.0%); Female (2, 20.0%); Unknown (2, 20.0%)"
324,10,Male,6,0.6,"Male (6, 60.0%); Unknown (3, 30.0%); Female (1, 10.0%)"
325,10,Unknown,5,0.5,"Unknown (5, 50.0%); Female (3, 30.0%); Male (2, 20.0%)"
326,10,Female,6,0.6,"Female (6, 60.0%); Unknown (3, 30.0%); Male (1, 10.0%)"
327,10,Unknown,7,0.7,"Unknown (7, 70.0%); Male (2, 20.0%); Female (1, 10.0%)"
328,10,Female,4,0.4,"Female (4, 40.0%); Male (4, 40.0%); Unknown (2, 20.0%)"
329,10,Unknown,5,0.5,"Unknown (5, 50.0%); Male (3, 30.0%); Female (2, 20.0%)"
330,10,Male,4,0.4,"Male (4, 40.0%); Female (3, 30.0%); Unknown (3, 30.0%)"
331,10,Unknown,6,0.6,"Unknown (6, 60.0%); Female (4, 40.0%)"
332,10,Female,5,0.5,"Female (5, 50.0%); Unknown (3, 30.0%); Male (2, 20.0%)"
333,10,Unknown,10,1.0,"Unknown (10, 100.0%)"
334,10,Male,9,0.9,"Male (9, 90.0%); Unknown (1, 10.0%)"
335,9,Unknown,8,0.8888888888888888,"Unknown (8, 88.9%); Female (1, 11.1%)"
336,9,Unknown,5,0.5555555555555556,"Unknown (5, 55.6%); Male (3, 33.3%); Female (1, 11.1%)"
337,9,Unknown,7,0.7777777777777778,"Unknown (7, 77.8%); Female (1, 11.1%); Male (1, 11.1%)"
338,9,Male,5,0.5555555555555556,"Male (5, 55.6%); Female (4, 44.4%)"
339,9,Unknown,5,0.5555555555555556,"Unknown (5, 55.6%); Female (4, 44.4%)"
340,9,Unknown,7,0.7777777777777778,"Unknown (7, 77.8%); Female (2, 22.2%)"
341,9,Unknown,8,0.8888888888888888,"Unknown (8, 88.9%); Female (1, 11.1%)"
342,9,Male,8,0.8888888888888888,"Male (8, 88.9%); Female (1, 11.1%)"
343,9,Female,4,0.4444444444444444,"Female (4, 44.4%); Unknown (3, 33.3%); Male (2, 22.2%)"
344,9,Unknown,4,0.4444444444444444,"Unknown (4, 44.4%); Female (3, 33.3%); Male (2, 22.2%)"
345,9,Unknown,5,0.5555555555555556,"Unknown (5, 55.6%); Female (3, 33.3%); Male (1, 11.1%)"
346,9,Male,8,0.8888888888888888,"Male (8, 88.9%); Female (1, 11.1%)"
347,9,Unknown,5,0.5555555555555556,"Unknown (5, 55.6%); Female (4, 44.4%)"
348,9,Unknown,5,0.5555555555555556,"Unknown (5, 55.6%); Male (3, 33.3%); Female (1, 11.1%)"
349,9,Unknown,5,0.5555555555555556,"Unknown (5, 55.6%); Male (3, 33.3%); Female (1, 11.1%)"
350,9,Male,6,0.6666666666666666,"Male (6, 66.7%); Unknown (2, 22.2%); Female (1, 11.1%)"
351,9,Male,5,0.5555555555555556,"Male (5, 55.6%); Unknown (4, 44.4%)"
352,9,Male,4,0.4444444444444444,"Male (4, 44.4%); Unknown (3, 33.3%); Female (2, 22.2%)"
353,9,Unknown,6,0.6666666666666666,"Unknown (6, 66.7%); Female (2, 22.2%); Male (1, 11.1%)"
354,9,Female,7,0.7777777777777778,"Female (7, 77.8%); Male (2, 22.2%)"
355,9,Unknown,6,0.6666666666666666,"Unknown (6, 66.7%); Male (2, 22.2%); Female (1, 11.1%)"
356,9,Female,4,0.4444444444444444,"Female (4, 44.4%); Unknown (3, 33.3%); Male (2, 22.2%)"
357,9,Unknown,4,0.4444444444444444,"Unknown (4, 44.4%); Female (3, 33.3%); Male (2, 22.2%)"
358,9,Female,4,0.4444444444444444,"Female (4, 44.4%); Male (4, 44.4%); Unknown (1, 11.1%)"
359,9,Unknown,8,0.8888888888888888,"Unknown (8, 88.9%); Male (1, 11.1%)"
360,9,Male,6,0.6666666666666666,"Male (6, 66.7%); Female (3, 33.3%)"
361,9,Unknown,7,0.7777777777777778,"Unknown (7, 77.8%); Male (2, 22.2%)"
362,9,Unknown,6,0.6666666666666666,"Unknown (6, 66.7%); Female (2, 22.2%); Male (1, 11.1%)"
363,9,Unknown,6,0.6666666666666666,"Unknown (6, 66.7%); Male (2, 22.2%); Female (1, 11.1%)"
364,9,Unknown,7,0.7777777777777778,"Unknown (7, 77.8%); Female (1, 11.1%); Male (1, 11.1%)"
365,9,Female,4,0.4444444444444444,"Female (4, 44.4%); Unknown (4, 44.4%); Male (1, 11.1%)"
366,9,Unknown,6,0.6666666666666666,"Unknown (6, 66.7%); Female (2, 22.2%); Male (1, 11.1%)"
367,9,Male,9,1.0,"Male (9, 100.0%)"
368,9,Male,6,0.6666666666666666,"Male (6, 66.7%); Female (2, 22.2%); Unknown (1, 11.1%)"
369,9,Female,4,0.4444444444444444,"Female (4, 44.4%); Unknown (4, 44.4%); Male (1, 11.1%)"
370,9,Unknown,4,0.4444444444444444,"Unknown (4, 44.4%); Female (3, 33.3%); Male (2, 22.2%)"
371,9,Female,4,0.4444444444444444,"Female (4, 44.4%); Unknown (4, 44.4%); Male (1, 11.1%)"
372,9,Unknown,4,0.4444444444444444,"Unknown (4, 44.4%); Female (3, 33.3%); Male (2, 22.2%)"
373,9,Female,5,0.5555555555555556,"Female (5, 55.6%); Male (4, 44.4%)"
374,9,Female,4,0.4444444444444444,"Female (4, 44.4%); Unknown (3, 33.3%); Male (2, 22.2%)"
375,9,Unknown,8,0.8888888888888888,"Unknown (8, 88.9%); Male (1, 11.1%)"
376,9,Female,4,0.4444444444444444,"Female (4, 44.4%); Male (4, 44.4%); Unknown (1, 11.1%)"
377,9,Unknown,5,0.5555555555555556,"Unknown (5, 55.6%); Male (4, 44.4%)"
378,9,Male,8,0.8888888888888888,"Male (8, 88.9%); Female (1, 11.1%)"
379,9,Unknown,5,0.5555555555555556,"Unknown (5, 55.6%); Female (2, 22.2%); Male (2, 22.2%)"
380,9,Unknown,5,0.5555555555555556,"Unknown (5, 55.6%); Male (4, 44.4%)"
381,9,Male,4,0.4444444444444444,"Male (4, 44.4%); Unknown (3, 33.3%); Female (2, 22.2%)"
382,9,Unknown,4,0.4444444444444444,"Unknown (4, 44.4%); Male (3, 33.3%); Female (2, 22.2%)"
383,9,Male,5,0.5555555555555556,"Male (5, 55.6%); Female (4, 44.4%)"
384,9,Female,4,0.4444444444444444,"Female (4, 44.4%); Male (4, 44.4%); Unknown (1, 11.1%)"
385,9,Male,4,0.4444444444444444,"Male (4, 44.4%); Unknown (3, 33.3%); Female (2, 22.2%)"
386,9,Unknown,7,0.7777777777777778,"Unknown (7, 77.8%); Female (1, 11.1%); Male (1, 11.1%)"
387,9,Female,4,0.4444444444444444,"Female (4, 44.4%); Unknown (4, 44.4%); Male (1, 11.1%)"
388,9,Male,6,0.6666666666666666,"Male (6, 66.7%); Unknown (2, 22.2%); Female (1, 11.1%)"
389,9,Unknown,7,0.7777777777777778,"Unknown (7, 77.8%); Female (2, 22.2%)"
390,9,Female,3,0.3333333333333333,"Female (3, 33.3%); Male (3, 33.3%); Unknown (3, 33.3%)"
391,9,Unknown,5,0.5555555555555556,"Unknown (5, 55.6%); Male (4, 44.4%)"
392,9,Male,5,0.5555555555555556,"Male (5, 55.6%); Unknown (3, 33.3%); Female (1, 11.1%)"
393,9,Male,6,0.6666666666666666,"Male (6, 66.7%); Female (2, 22.2%); Unknown (1, 11.1%)"
394,9,Female,4,0.4444444444444444,"Female (4, 44.4%); Male (4, 44.4%); Unknown (1, 11.1%)"
395,9,Male,4,0.4444444444444444,"Male (4, 44.4%); Unknown (3, 33.3%); Female (2, 22.2%)"
396,9,Male,4,0.4444444444444444,"Male (4, 44.4%); Female (3, 33.3%); Unknown (2, 22.2%)"
397,9,Unknown,4,0.4444444444444444,"Unknown (4, 44.4%); Female (3, 33.3%); Male (2, 22.2%)"
398,9,Male,5,0.5555555555555556,"Male (5, 55.6%); Female (2, 22.2%); Unknown (2, 22.2%)"
399,9,Female,4,0.4444444444444444,"Female (4, 44.4%); Male (4, 44.4%); Unknown (1, 11.1%)"
400,9,Unknown,4,0.4444444444444444,"Unknown (4, 44.4%); Male (3, 33.3%); Female (2, 22.2%)"
401,9,Male,5,0.5555555555555556,"Male (5, 55.6%); Unknown (4, 44.4%)"
402,9,Unknown,5,0.5555555555555556,"Unknown (5, 55.6%); Female (3, 33.3%); Male (1, 11.1%)"
403,9,Unknown,4,0.4444444444444444,"Unknown (4, 44.4%); Male (3, 33.3%); Female (2, 22.2%)"
404,9,Female,4,0.4444444444444444,"Female (4, 44.4%); Unknown (3, 33.3%); Male (2, 22.2%)"
405,9,Unknown,6,0.6666666666666666,"Unknown (6, 66.7%); Male (2, 22.2%); Female (1, 11.1%)"
406,9,Unknown,7,0.7777777777777778,"Unknown (7, 77.8%); Female (1, 11.1%); Male (1, 11.1%)"
407,9,Unknown,4,0.4444444444444444,"Unknown (4, 44.4%); Female (3, 33.3%); Male (2, 22.2%)"
408,9,Male,4,0.4444444444444444,"Male (4, 44.4%); Female (3, 33.3%); Unknown (2, 22.2%)"
409,9,Male,7,0.7777777777777778,"Male (7, 77.8%); Female (1, 11.1%); Unknown (1, 11.1%)"
410,9,Male,6,0.6666666666666666,"Male (6, 66.7%); Female (3, 33.3%)"
411,9,Unknown,7,0.7777777777777778,"Unknown (7, 77.8%); Female (1, 11.1%); Male (1, 11.1%)"
412,9,Female,4,0.4444444444444444,"Female (4, 44.4%); Male (4, 44.4%); Unknown (1, 11.1%)"
413,9,Female,7,0.7777777777777778,"Female (7, 77.8%); Male (2, 22.2%)"
414,9,Unknown,4,0.4444444444444444,"Unknown (4, 44.4%); Female (3, 33.3%); Male (2, 22.2%)"
415,9,Unknown,4,0.4444444444444444,"Unknown (4, 44.4%); Female (3, 33.3%); Male (2, 22.2%)"
416,9,Female,3,0.3333333333333333,"Female (3, 33.3%); Male (3, 33.3%); Unknown (3, 33.3%)"
417,9,Unknown,7,0.7777777777777778,"Unknown (7, 77.8%); Male (2, 22.2%)"
418,9,Male,4,0.4444444444444444,"Male (4, 44.4%); Unknown (3, 33.3%); Female (2, 22.2%)"
419,9,Male,6,0.6666666666666666,"Male (6, 66.7%); Female (2, 22.2%); Unknown (1, 11.1%)"
420,9,Unknown,9,1.0,"Unknown (9, 100.0%)"
421,9,Unknown,4,0.4444444444444444,"Unknown (4, 44.4%); Male (3, 33.3%); Female (2, 22.2%)"
422,9,Unknown,6,0.6666666666666666,"Unknown (6, 66.7%); Male (2, 22.2%); Female (1, 11.1%)"
423,9,Unknown,5,0.5555555555555556,"Unknown (5, 55.6%); Male (3, 33.3%); Female (1, 11.1%)"
424,9,Female,4,0.4444444444444444,"Female (4, 44.4%); Male (4, 44.4%); Unknown (1, 11.1%)"
425,9,Male,7,0.7777777777777778,"Male (7, 77.8%); Female (2, 22.2%)"
426,9,Male,6,0.6666666666666666,"Male (6, 66.7%); Female (3, 33.3%)"
427,9,Unknown,6,0.6666666666666666,"Unknown (6, 66.7%); Female (2, 22.2%); Male (1, 11.1%)"
428,9,Female,4,0.4444444444444444,"Female (4, 44.4%); Unknown (4, 44.4%); Male (1, 11.1%)"
429,8,Unknown,5,0.625,"Unknown (5, 62.5%); Female (3, 37.5%)"
430,8,Female,4,0.5,"Female (4, 50.0%); Male (2, 25.0%); Unknown (2, 25.0%)"
431,8,Female,6,0.75,"Female (6, 75.0%); Male (1, 12.5%); Unknown (1, 12.5%)"
432,8,Male,7,0.875,"Male (7, 87.5%); Female (1, 12.5%)"
433,8,Male,5,0.625,"Male (5, 62.5%); Female (2, 25.0%); Unknown (1, 12.5%)"
434,8,Unknown,8,1.0,"Unknown (8, 100.0%)"
435,8,Female,3,0.375,"Female (3, 37.5%); Unknown (3, 37.5%); Male (2, 25.0%)"
436,8,Unknown,5,0.625,"Unknown (5, 62.5%); Female (3, 37.5%)"
437,8,Unknown,5,0.625,"Unknown (5, 62.5%); Female (3, 37.5%)"
438,8,Female,4,0.5,"Female (4, 50.0%); Unknown (4, 50.0%)"
439,8,Male,4,0.5,"Male (4, 50.0%); Unknown (3, 37.5%); Female (1, 12.5%)"
440,8,Unknown,5,0.625,"Unknown (5, 62.5%); Male (2, 25.0%); Female (1, 12.5%)"
441,8,Unknown,7,0.875,"Unknown (7, 87.5%); Female (1, 12.5%)"
442,8,Unknown,7,0.875,"Unknown (7, 87.5%); Male (1, 12.5%)"
443,8,Female,3,0.375,"Female (3, 37.5%); Unknown (3, 37.5%); Male (2, 25.0%)"
444,8,Unknown,5,0.625,"Unknown (5, 62.5%); Male (2, 25.0%); Female (1, 12.5%)"
445,8,Male,4,0.5,"Male (4, 50.0%); Female (2, 25.0%); Unknown (2, 25.0%)"
446,8,Unknown,5,0.625,"Unknown (5, 62.5%); Male (2, 25.0%); Female (1, 12.5%)"
447,8,Unknown,5,0.625,"Unknown (5, 62.5%); Female (2, 25.0%); Male (1, 12.5%)"
448,8,Female,4,0.5,"Female (4, 50.0%); Unknown (3, 37.5%); Male (1, 12.5%)"
449,8,Unknown,5,0.625,"Unknown (5, 62.5%); Male (3, 37.5%)"
450,8,Unknown,5,0.625,"Unknown (5, 62.5%); Female (3, 37.5%)"
451,8,Male,4,0.5,"Male (4, 50.0%); Female (2, 25.0%); Unknown (2, 25.0%)"
452,8,Female,3,0.375,"Female (3, 37.5%); Male (3, 37.5%); Unknown (2, 25.0%)"
453,8,Female,3,0.375,"Female (3, 37.5%); Male (3, 37.5%); Unknown (2, 25.0%)"
454,8,Male,4,0.5,"Male (4, 50.0%); Unknown (4, 50.0%)"
455,8,Male,5,0.625,"Male (5, 62.5%); Unknown (2, 25.0%); Female (1, 12.5%)"
456,8,Male,3,0.375,"Male (3, 37.5%); Unknown (3, 37.5%); Female (2, 25.0%)"
457,8,Male,3,0.375,"Male (3, 37.5%); Unknown (3, 37.5%); Female (2, 25.0%)"
458,8,Unknown,6,0.75,"Unknown (6, 75.0%); Female (1, 12.5%); Male (1, 12.5%)"
459,8,Unknown,4,0.5,"Unknown (4, 50.0%); Female (2, 25.0%); Male (2, 25.0%)"
460,8,Unknown,7,0.875,"Unknown (7, 87.5%); Female (1, 12.5%)"
461,8,Female,3,0.375,"Female (3, 37.5%); Unknown (3, 37.5%); Male (2, 25.0%)"
462,8,Female,4,0.5,"Female (4, 50.0%); Male (2, 25.0%); Unknown (2, 25.0%)"
463,8,Unknown,8,1.0,"Unknown (8, 100.0%)"
464,8,Male,5,0.625,"Male (5, 62.5%); Female (2, 25.0%); Unknown (1, 12.5%)"
465,8,Unknown,4,0.5,"Unknown (4, 50.0%); Female (3, 37.5%); Male (1, 12.5%)"
466,8,Female,4,0.5,"Female (4, 50.0%); Unknown (3, 37.5%); Male (1, 12.5%)"
467,8,Unknown,5,0.625,"Unknown (5, 62.5%); Male (2, 25.0%); Female (1, 12.5%)"
468,8,Unknown,4,0.5,"Unknown (4, 50.0%); Female (2, 25.0%); Male (2, 25.0%)"
469,8,Unknown,5,0.625,"Unknown (5, 62.5%); Male (3, 37.5%)"
470,8,Male,8,1.0,"Male (8, 100.0%)"
471,8,Unknown,4,0.5,"Unknown (4, 50.0%); Female (3, 37.5%); Male (1, 12.5%)"
472,8,Male,4,0.5,"Male (4, 50.0%); Unknown (3, 37.5%); Female (1, 12.5%)"
473,8,Unknown,4,0.5,"Unknown (4, 50.0%); Female (2, 25.0%); Male (2, 25.0%)"
474,8,Male,4,0.5,"Male (4, 50.0%); Female (2, 25.0%); Unknown (2, 25.0%)"
475,8,Unknown,6,0.75,"Unknown (6, 75.0%); Male (2, 25.0%)"
476,8,Unknown,5,0.625,"Unknown (5, 62.5%); Male (3, 37.5%)"
477,8,Unknown,4,0.5,"Unknown (4, 50.0%); Male (3, 37.5%); Female (1, 12.5%)"
478,8,Unknown,4,0.5,"Unknown (4, 50.0%); Female (2, 25.0%); Male (2, 25.0%)"
479,8,Female,5,0.625,"Female (5, 62.5%); Male (3, 37.5%)"
480,8,Unknown,5,0.625,"Unknown (5, 62.5%); Male (2, 25.0%); Female (1, 12.5%)"
481,8,Unknown,4,0.5,"Unknown (4, 50.0%); Male (3, 37.5%); Female (1, 12.5%)"
482,8,Unknown,6,0.75,"Unknown (6, 75.0%); Female (1, 12.5%); Male (1, 12.5%)"
483,8,Male,4,0.5,"Male (4, 50.0%); Female (2, 25.0%); Unknown (2, 25.0%)"
484,8,Male,5,0.625,"Male (5, 62.5%); Unknown (3, 37.5%)"
485,8,Male,5,0.625,"Male (5, 62.5%); Unknown (2, 25.0%); Female (1, 12.5%)"
486,8,Unknown,6,0.75,"Unknown (6, 75.0%); Female (2, 25.0%)"
487,8,Female,3,0.375,"Female (3, 37.5%); Male (3, 37.5%); Unknown (2, 25.0%)"
488,8,Female,4,0.5,"Female (4, 50.0%); Male (4, 50.0%)"
489,8,Unknown,4,0.5,"Unknown (4, 50.0%); Female (3, 37.5%); Male (1, 12.5%)"
490,8,Unknown,8,1.0,"Unknown (8, 100.0%)"
491,8,Male,3,0.375,"Male (3, 37.5%); Unknown (3, 37.5%); Female (2, 25.0%)"
492,8,Female,4,0.5,"Female (4, 50.0%); Unknown (4, 50.0%)"
493,8,Unknown,5,0.625,"Unknown (5, 62.5%); Male (2, 25.0%); Female (1, 12.5%)"
494,8,Male,6,0.75,"Male (6, 75.0%); Female (1, 12.5%); Unknown (1, 12.5%)"
495,8,Unknown,5,0.625,"Unknown (5, 62.5%); Male (2, 25.0%); Female (1, 12.5%)"
496,8,Unknown,4,0.5,"Unknown (4, 50.0%); Male (3, 37.5%); Female (1, 12.5%)"
497,8,Unknown,6,0.75,"Unknown (6, 75.0%); Female (1, 12.5%); Male (1, 12.5%)"
498,8,Female,4,0.5,"Female (4, 50.0%); Unknown (3, 37.5%); Male (1, 12.5%)"
499,8,Unknown,5,0.625,"Unknown (5, 62.5%); Male (2, 25.0%); Female (1, 12.5%)"
500,8,Female,3,0.375,"Female (3, 37.5%); Male (3, 37.5%); Unknown (2, 25.0%)"
501,8,Unknown,4,0.5,"Unknown (4, 50.0%); Male (3, 37.5%); Female (1, 12.5%)"
502,8,Unknown,7,0.875,"Unknown (7, 87.5%); Male (1, 12.5%)"
503,8,Unknown,4,0.5,"Unknown (4, 50.0%); Female (2, 25.0%); Male (2, 25.0%)"
504,8,Unknown,5,0.625,"Unknown (5, 62.5%); Male (3, 37.5%)"
505,8,Unknown,4,0.5,"Unknown (4, 50.0%); Male (3, 37.5%); Female (1, 12.5%)"
506,8,Female,4,0.5,"Female (4, 50.0%); Male (3, 37.5%); Unknown (1, 12.5%)"
507,8,Unknown,5,0.625,"Unknown (5, 62.5%); Female (2, 25.0%); Male (1, 12.5%)"
508,8,Male,5,0.625,"Male (5, 62.5%); Unknown (2, 25.0%); Female (1, 12.5%)"
509,8,Female,3,0.375,"Female (3, 37.5%); Unknown (3, 37.5%); Male (2, 25.0%)"
510,8,Male,5,0.625,"Male (5, 62.5%); Female (2, 25.0%); Unknown (1, 12.5%)"
511,8,Female,3,0.375,"Female (3, 37.5%); Unknown (3, 37.5%); Male (2, 25.0%)"
512,8,Unknown,4,0.5,"Unknown (4, 50.0%); Male (3, 37.5%); Female (1, 12.5%)"
513,8,Unknown,5,0.625,"Unknown (5, 62.5%); Female (2, 25.0%); Male (1, 12.5%)"
514,8,Unknown,5,0.625,"Unknown (5, 62.5%); Male (2, 25.0%); Female (1, 12.5%)"
515,8,Unknown,6,0.75,"Unknown (6, 75.0%); Male (2, 25.0%)"
516,8,Female,5,0.625,"Female (5, 62.5%); Male (2, 25.0%); Unknown (1, 12.5%)"
517,8,Female,3,0.375,"Female (3, 37.5%); Male (3, 37.5%); Unknown (2, 25.0%)"
518,8,Unknown,4,0.5,"Unknown (4, 50.0%); Female (3, 37.5%); Male (1, 12.5%)"
519,8,Unknown,4,0.5,"Unknown (4, 50.0%); Female (2, 25.0%); Male (2, 25.0%)"
520,8,Male,6,0.75,"Male (6, 75.0%); Unknown (2, 25.0%)"
521,8,Unknown,7,0.875,"Unknown (7, 87.5%); Female (1, 12.5%)"
522,8,Unknown,4,0.5,"Unknown (4, 50.0%); Female (3, 37.5%); Male (1, 12.5%)"
523,7,Unknown,5,0.7142857142857143,"Unknown (5, 71.4%); Female (2, 28.6%)"
524,7,Unknown,3,0.42857142857142855,"Unknown (3, 42.9%); Female (2, 28.6%); Male (2, 28.6%)"
525,7,Male,3,0.42857142857142855,"Male (3, 42.9%); Female (2, 28.6%); Unknown (2, 28.6%)"
526,7,Male,6,0.8571428571428571,"Male (6, 85.7%); Female (1, 14.3%)"
527,7,Unknown,4,0.5714285714285714,"Unknown (4, 57.1%); Female (2, 28.6%); Male (1, 14.3%)"
528,7,Male,4,0.5714285714285714,"Male (4, 57.1%); Unknown (3, 42.9%)"
529,7,Male,6,0.8571428571428571,"Male (6, 85.7%); Unknown (1, 14.3%)"
530,7,Male,6,0.8571428571428571,"Male (6, 85.7%); Female (1, 14.3%)"
531,7,Unknown,5,0.7142857142857143,"Unknown (5, 71.4%); Female (2, 28.6%)"
532,7,Male,6,0.8571428571428571,"Male (6, 85.7%); Unknown (1, 14.3%)"
533,7,Male,5,0.7142857142857143,"Male (5, 71.4%); Female (1, 14.3%); Unknown (1, 14.3%)"
534,7,Female,3,0.42857142857142855,"Female (3, 42.9%); Male (3, 42.9%); Unknown (1, 14.3%)"
535,7,Male,4,0.5714285714285714,"Male (4, 57.1%); Female (3, 42.9%)"
536,7,Unknown,6,0.8571428571428571,"Unknown (6, 85.7%); Male (1, 14.3%)"
537,7,Male,3,0.42857142857142855,"Male (3, 42.9%); Female (2, 28.6%); Unknown (2, 28.6%)"
538,7,Female,3,0.42857142857142855,"Female (3, 42.9%); Male (3, 42.9%); Unknown (1, 14.3%)"
539,7,Unknown,6,0.8571428571428571,"Unknown (6, 85.7%); Female (1, 14.3%)"
540,7,Unknown,4,0.5714285714285714,"Unknown (4, 57.1%); Female (2, 28.6%); Male (1, 14.3%)"
541,7,Unknown,4,0.5714285714285714,"Unknown (4, 57.1%); Female (3, 42.9%)"
542,7,Unknown,4,0.5714285714285714,"Unknown (4, 57.1%); Male (2, 28.6%); Female (1, 14.3%)"
543,7,Unknown,7,1.0,"Unknown (7, 100.0%)"
544,7,Unknown,5,0.7142857142857143,"Unknown (5, 71.4%); Female (2, 28.6%)"
545,7,Unknown,4,0.5714285714285714,"Unknown (4, 57.1%); Male (2, 28.6%); Female (1, 14.3%)"
546,7,Female,4,0.5714285714285714,"Female (4, 57.1%); Male (3, 42.9%)"
547,7,Unknown,6,0.8571428571428571,"Unknown (6, 85.7%); Female (1, 14.3%)"
548,7,Female,3,0.42857142857142855,"Female (3, 42.9%); Unknown (3, 42.9%); Male (1, 14.3%)"
549,7,Male,3,0.42857142857142855,"Male (3, 42.9%); Female (2, 28.6%); Unknown (2, 28.6%)"
550,7,Unknown,4,0.5714285714285714,"Unknown (4, 57.1%); Female (3, 42.9%)"
551,7,Unknown,4,0.5714285714285714,"Unknown (4, 57.1%); Female (2, 28.6%); Male (1, 14.3%)"
552,7,Unknown,5,0.7142857142857143,"Unknown (5, 71.4%); Female (1, 14.3%); Male (1, 14.3%)"
553,7,Female,3,0.42857142857142855,"Female (3, 42.9%); Unknown (3, 42.9%); Male (1, 14.3%)"
554,7,Male,4,0.5714285714285714,"Male (4, 57.1%); Unknown (2, 28.6%); Female (1, 14.3%)"
555,7,Unknown,4,0.5714285714285714,"Unknown (4, 57.1%); Male (3, 42.9%)"
556,7,Male,3,0.42857142857142855,"Male (3, 42.9%); Female (2, 28.6%); Unknown (2, 28.6%)"
557,7,Male,5,0.7142857142857143,"Male (5, 71.4%); Female (2, 28.6%)"
558,7,Unknown,4,0.5714285714285714,"Unknown (4, 57.1%); Female (2, 28.6%); Male (1, 14.3%)"
559,7,Unknown,3,0.42857142857142855,"Unknown (3, 42.9%); Female (2, 28.6%); Male (2, 28.6%)"
560,7,Female,3,0.42857142857142855,"Female (3, 42.9%); Unknown (3, 42.9%); Male (1, 14.3%)"
561,7,Unknown,4,0.5714285714285714,"Unknown (4, 57.1%); Female (3, 42.9%)"
562,7,Unknown,6,0.8571428571428571,"Unknown (6, 85.7%); Male (1, 14.3%)"
563,7,Male,5,0.7142857142857143,"Male (5, 71.4%); Female (2, 28.6%)"
564,7,Unknown,4,0.5714285714285714,"Unknown (4, 57.1%); Male (3, 42.9%)"
565,7,Male,5,0.7142857142857143,"Male (5, 71.4%); Female (2, 28.6%)"
566,7,Male,5,0.7142857142857143,"Male (5, 71.4%); Female (1, 14.3%); Unknown (1, 14.3%)"
567,7,Unknown,4,0.5714285714285714,"Unknown (4, 57.1%); Male (2, 28.6%); Female (1, 14.3%)"
568,7,Female,5,0.7142857142857143,"Female (5, 71.4%); Male (1, 14.3%); Unknown (1, 14.3%)"
569,7,Unknown,4,0.5714285714285714,"Unknown (4, 57.1%); Male (3, 42.9%)"
570,7,Male,4,0.5714285714285714,"Male (4, 57.1%); Female (2, 28.6%); Unknown (1, 14.3%)"
571,7,Unknown,4,0.5714285714285714,"Unknown (4, 57.1%); Male (2, 28.6%); Female (1, 14.3%)"
572,7,Male,3,0.42857142857142855,"Male (3, 42.9%); Female (2, 28.6%); Unknown (2, 28.6%)"
573,7,Female,3,0.42857142857142855,"Female (3, 42.9%); Unknown (3, 42.9%); Male (1, 14.3%)"
574,7,Unknown,4,0.5714285714285714,"Unknown (4, 57.1%); Male (2, 28.6%); Female (1, 14.3%)"
575,7,Unknown,6,0.8571428571428571,"Unknown (6, 85.7%); Male (1, 14.3%)"
576,7,Female,3,0.42857142857142855,"Female (3, 42.9%); Male (2, 28.6%); Unknown (2, 28.6%)"
577,7,Unknown,4,0.5714285714285714,"Unknown (4, 57.1%); Male (3, 42.9%)"
578,7,Unknown,5,0.7142857142857143,"Unknown (5, 71.4%); Male (2, 28.6%)"
579,7,Female,3,0.42857142857142855,"Female (3, 42.9%); Male (3, 42.9%); Unknown (1, 14.3%)"
580,7,Unknown,4,0.5714285714285714,"Unknown (4, 57.1%); Male (3, 42.9%)"
581,7,Female,4,0.5714285714285714,"Female (4, 57.1%); Unknown (2, 28.6%); Male (1, 14.3%)"
582,7,Male,5,0.7142857142857143,"Male (5, 71.4%); Female (2, 28.6%)"
583,7,Male,3,0.42857142857142855,"Male (3, 42.9%); Female (2, 28.6%); Unknown (2, 28.6%)"
584,7,Female,3,0.42857142857142855,"Female (3, 42.9%); Male (3, 42.9%); Unknown (1, 14.3%)"
585,7,Unknown,3,0.42857142857142855,"Unknown (3, 42.9%); Female (2, 28.6%); Male (2, 28.6%)"
586,7,Unknown,4,0.5714285714285714,"Unknown (4, 57.1%); Female (3, 42.9%)"
587,7,Male,4,0.5714285714285714,"Male (4, 57.1%); Female (2, 28.6%); Unknown (1, 14.3%)"
588,7,Unknown,5,0.7142857142857143,"Unknown (5, 71.4%); Female (1, 14.3%); Male (1, 14.3%)"
589,7,Unknown,5,0.7142857142857143,"Unknown (5, 71.4%); Female (1, 14.3%); Male (1, 14.3%)"
590,7,Female,5,0.7142857142857143,"Female (5, 71.4%); Male (2, 28.6%)"
591,7,Unknown,4,0.5714285714285714,"Unknown (4, 57.1%); Male (2, 28.6%); Female (1, 14.3%)"
592,7,Male,5,0.7142857142857143,"Male (5, 71.4%); Female (1, 14.3%); Unknown (1, 14.3%)"
593,7,Unknown,5,0.7142857142857143,"Unknown (5, 71.4%); Male (2, 28.6%)"
594,7,Unknown,4,0.5714285714285714,"Unknown (4, 57.1%); Male (3, 42.9%)"
595,7,Female,4,0.5714285714285714,"Female (4, 57.1%); Male (3, 42.9%)"
596,7,Unknown,4,0.5714285714285714,"Unknown (4, 57.1%); Male (2, 28.6%); Female (1, 14.3%)"
597,7,Unknown,3,0.42857142857142855,"Unknown (3, 42.9%); Female (2, 28.6%); Male (2, 28.6%)"
598,7,Female,3,0.42857142857142855,"Female (3, 42.9%); Male (2, 28.6%); Unknown (2, 28.6%)"
599,7,Unknown,5,0.7142857142857143,"Unknown (5, 71.4%); Female (2, 28.6%)"
600,7,Male,7,1.0,"Male (7, 100.0%)"
601,7,Unknown,3,0.42857142857142855,"Unknown (3, 42.9%); Female (2, 28.6%); Male (2, 28.6%)"
602,7,Male,5,0.7142857142857143,"Male (5, 71.4%); Female (2, 28.6%)"
603,7,Female,3,0.42857142857142855,"Female (3, 42.9%); Male (3, 42.9%); Unknown (1, 14.3%)"
604,7,Female,4,0.5714285714285714,"Female (4, 57.1%); Unknown (2, 28.6%); Male (1, 14.3%)"
605,7,Unknown,4,0.5714285714285714,"Unknown (4, 57.1%); Female (2, 28.6%); Male (1, 14.3%)"
606,7,Unknown,4,0.5714285714285714,"Unknown (4, 57.1%); Female (3, 42.9%)"
607,7,Male,5,0.7142857142857143,"Male (5, 71.4%); Female (2, 28.6%)"
608,7,Female,3,0.42857142857142855,"Female (3, 42.9%); Unknown (3, 42.9%); Male (1, 14.3%)"
609,7,Unknown,5,0.7142857142857143,"Unknown (5, 71.4%); Female (1, 14.3%); Male (1, 14.3%)"
610,7,Female,3,0.42857142857142855,"Female (3, 42.9%); Male (2, 28.6%); Unknown (2, 28.6%)"
611,7,Unknown,5,0.7142857142857143,"Unknown (5, 71.4%); Female (2, 28.6%)"
612,7,Unknown,4,0.5714285714285714,"Unknown (4, 57.1%); Male (3, 42.9%)"
613,7,Unknown,4,0.5714285714285714,"Unknown (4, 57.1%); Female (2, 28.6%); Male (1, 14.3%)"
614,7,Male,3,0.42857142857142855,"Male (3, 42.9%); Unknown (3, 42.9%); Female (1, 14.3%)"
615,7,Male,4,0.5714285714285714,"Male (4, 57.1%); Female (3, 42.9%)"
616,7,Unknown,4,0.5714285714285714,"Unknown (4, 57.1%); Female (2, 28.6%); Male (1, 14.3%)"
617,7,Female,4,0.5714285714285714,"Female (4, 57.1%); Unknown (2, 28.6%); Male (1, 14.3%)"
618,7,Unknown,7,1.0,"Unknown (7, 100.0%)"
619,7,Unknown,3,0.42857142857142855,"Unknown (3, 42.9%); Female (2, 28.6%); Male (2, 28.6%)"
620,7,Unknown,6,0.8571428571428571,"Unknown (6, 85.7%); Female (1, 14.3%)"
621,7,Male,3,0.42857142857142855,"Male (3, 42.9%); Female (2, 28.6%); Unknown (2, 28.6%)"
622,7,Unknown,4,0.5714285714285714,"Unknown (4, 57.1%); Female (2, 28.6%); Male (1, 14.3%)"
623,7,Unknown,4,0.5714285714285714,"Unknown (4, 57.1%); Male (2, 28.6%); Female (1, 14.3%)"
624,7,Unknown,4,0.5714285714285714,"Unknown (4, 57.1%); Female (2, 28.6%); Male (1, 14.3%)"
625,7,Male,4,0.5714285714285714,"Male (4, 57.1%); Female (2, 28.6%); Unknown (1, 14.3%)"
626,7,Male,4,0.5714285714285714,"Male (4, 57.1%); Female (3, 42.9%)"
627,7,Unknown,5,0.7142857142857143,"Unknown (5, 71.4%); Female (1, 14.3%); Male (1, 14.3%)"
628,7,Unknown,6,0.8571428571428571,"Unknown (6, 85.7%); Male (1, 14.3%)"
629,7,Unknown,5,0.7142857142857143,"Unknown (5, 71.4%); Female (1, 14.3%); Male (1, 14.3%)"
630,7,Male,6,0.8571428571428571,"Male (6, 85.7%); Female (1, 14.3%)"
631,7,Male,4,0.5714285714285714,"Male (4, 57.1%); Unknown (3, 42.9%)"
632,7,Female,4,0.5714285714285714,"Female (4, 57.1%); Unknown (2, 28.6%); Male (1, 14.3%)"
633,7,Unknown,5,0.7142857142857143,"Unknown (5, 71.4%); Female (1, 14.3%); Male (1, 14.3%)"
634,7,Male,3,0.42857142857142855,"Male (3, 42.9%); Female (2, 28.6%); Unknown (2, 28.6%)"
635,7,Unknown,5,0.7142857142857143,"Unknown (5, 71.4%); Female (1, 14.3%); Male (1, 14.3%)"
636,7,Male,4,0.5714285714285714,"Male (4, 57.1%); Female (3, 42.9%)"
637,7,Unknown,5,0.7142857142857143,"Unknown (5, 71.4%); Male (2, 28.6%)"
638,7,Unknown,6,0.8571428571428571,"Unknown (6, 85.7%); Male (1, 14.3%)"
639,7,Unknown,4,0.5714285714285714,"Unknown (4, 57.1%); Male (3, 42.9%)"
640,7,Unknown,5,0.7142857142857143,"Unknown (5, 71.4%); Female (1, 14.3%); Male (1, 14.3%)"
641,7,Unknown,4,0.5714285714285714,"Unknown (4, 57.1%); Male (2, 28.6%); Female (1, 14.3%)"
642,7,Male,5,0.7142857142857143,"Male (5, 71.4%); Unknown (2, 28.6%)"
643,7,Male,7,1.0,"Male (7, 100.0%)"
644,7,Unknown,4,0.5714285714285714,"Unknown (4, 57.1%); Male (3, 42.9%)"
645,7,Unknown,4,0.5714285714285714,"Unknown (4, 57.1%); Male (2, 28.6%); Female (1, 14.3%)"
646,7,Male,4,0.5714285714285714,"Male (4, 57.1%); Unknown (2, 28.6%); Female (1, 14.3%)"
647,7,Unknown,4,0.5714285714285714,"Unknown (4, 57.1%); Male (2, 28.6%); Female (1, 14.3%)"
648,7,Unknown,5,0.7142857142857143,"Unknown (5, 71.4%); Female (1, 14.3%); Male (1, 14.3%)"
649,7,Male,5,0.7142857142857143,"Male (5, 71.4%); Female (1, 14.3%); Unknown (1, 14.3%)"
650,7,Male,4,0.5714285714285714,"Male (4, 57.1%); Female (2, 28.6%); Unknown (1, 14.3%)"
651,7,Unknown,6,0.8571428571428571,"Unknown (6, 85.7%); Male (1, 14.3%)"
652,7,Unknown,3,0.42857142857142855,"Unknown (3, 42.9%); Female (2, 28.6%); Male (2, 28.6%)"
653,7,Unknown,5,0.7142857142857143,"Unknown (5, 71.4%); Female (1, 14.3%); Male (1, 14.3%)"
654,6,Female,3,0.5,"Female (3, 50.0%); Male (3, 50.0%)"
655,6,Unknown,5,0.8333333333333334,"Unknown (5, 83.3%); Male (1, 16.7%)"
656,6,Female,3,0.5,"Female (3, 50.0%); Male (2, 33.3%); Unknown (1, 16.7%)"
657,6,Unknown,3,0.5,"Unknown (3, 50.0%); Female (2, 33.3%); Male (1, 16.7%)"
658,6,Male,3,0.5,"Male (3, 50.0%); Unknown (3, 50.0%)"
659,6,Female,3,0.5,"Female (3, 50.0%); Male (2, 33.3%); Unknown (1, 16.7%)"
660,6,Unknown,4,0.6666666666666666,"Unknown (4, 66.7%); Female (1, 16.7%); Male (1, 16.7%)"
661,6,Unknown,3,0.5,"Unknown (3, 50.0%); Male (2, 33.3%); Female (1, 16.7%)"
662,6,Male,3,0.5,"Male (3, 50.0%); Unknown (2, 33.3%); Female (1, 16.7%)"
663,6,Male,3,0.5,"Male (3, 50.0%); Female (2, 33.3%); Unknown (1, 16.7%)"
664,6,Male,5,0.8333333333333334,"Male (5, 83.3%); Unknown (1, 16.7%)"
665,6,Female,2,0.3333333333333333,"Female (2, 33.3%); Male (2, 33.3%); Unknown (2, 33.3%)"
666,6,Male,4,0.6666666666666666,"Male (4, 66.7%); Female (2, 33.3%)"
667,6,Unknown,3,0.5,"Unknown (3, 50.0%); Male (2, 33.3%); Female (1, 16.7%)"
668,6,Unknown,4,0.6666666666666666,"Unknown (4, 66.7%); Male (2, 33.3%)"
669,6,Unknown,5,0.8333333333333334,"Unknown (5, 83.3%); Female (1, 16.7%)"
670,6,Male,3,0.5,"Male (3, 50.0%); Unknown (2, 33.3%); Female (1, 16.7%)"
671,6,Female,4,0.6666666666666666,"Female (4, 66.7%); Male (1, 16.7%); Unknown (1, 16.7%)"
672,6,Unknown,4,0.6666666666666666,"Unknown (4, 66.7%); Female (1, 16.7%); Male (1, 16.7%)"
673,6,Male,5,0.8333333333333334,"Male (5, 83.3%); Unknown (1, 16.7%)"
674,6,Unknown,5,0.8333333333333334,"Unknown (5, 83.3%); Female (1, 16.7%)"
675,6,Female,4,0.6666666666666666,"Female (4, 66.7%); Male (1, 16.7%); Unknown (1, 16.7%)"
676,6,Male,3,0.5,"Male (3, 50.0%); Unknown (3, 50.0%)"
677,6,Male,3,0.5,"Male (3, 50.0%); Unknown (2, 33.3%); Female (1, 16.7%)"
678,6,Male,3,0.5,"Male (3, 50.0%); Unknown (3, 50.0%)"
679,6,Male,4,0.6666666666666666,"Male (4, 66.7%); Female (1, 16.7%); Unknown (1, 16.7%)"
680,6,Unknown,4,0.6666666666666666,"Unknown (4, 66.7%); Female (1, 16.7%); Male (1, 16.7%)"
681,6,Male,3,0.5,"Male (3, 50.0%); Unknown (3, 50.0%)"
682,6,Male,4,0.6666666666666666,"Male (4, 66.7%); Female (2, 33.3%)"
683,6,Unknown,4,0.6666666666666666,"Unknown (4, 66.7%); Female (2, 33.3%)"
684,6,Male,3,0.5,"Male (3, 50.0%); Unknown (2, 33.3%); Female (1, 16.7%)"
685,6,Unknown,5,0.8333333333333334,"Unknown (5, 83.3%); Male (1, 16.7%)"
686,6,Female,3,0.5,"Female (3, 50.0%); Male (3, 50.0%)"
687,6,Unknown,3,0.5,"Unknown (3, 50.0%); Male (2, 33.3%); Female (1, 16.7%)"
688,6,Male,3,0.5,"Male (3, 50.0%); Female (2, 33.3%); Unknown (1, 16.7%)"
689,6,Male,5,0.8333333333333334,"Male (5, 83.3%); Female (1, 16.7%)"
690,6,Unknown,4,0.6666666666666666,"Unknown (4, 66.7%); Female (2, 33.3%)"
691,6,Unknown,5,0.8333333333333334,"Unknown (5, 83.3%); Male (1, 16.7%)"
692,6,Unknown,4,0.6666666666666666,"Unknown (4, 66.7%); Female (2, 33.3%)"
693,6,Unknown,5,0.8333333333333334,"Unknown (5, 83.3%); Female (1, 16.7%)"
694,6,Unknown,4,0.6666666666666666,"Unknown (4, 66.7%); Female (1, 16.7%); Male (1, 16.7%)"
695,6,Unknown,5,0.8333333333333334,"Unknown (5, 83.3%); Female (1, 16.7%)"
696,6,Male,3,0.5,"Male (3, 50.0%); Unknown (3, 50.0%)"
697,6,Female,4,0.6666666666666666,"Female (4, 66.7%); Male (2, 33.3%)"
698,6,Unknown,3,0.5,"Unknown (3, 50.0%); Male (2, 33.3%); Female (1, 16.7%)"
699,6,Unknown,4,0.6666666666666666,"Unknown (4, 66.7%); Female (2, 33.3%)"
700,6,Unknown,3,0.5,"Unknown (3, 50.0%); Male (2, 33.3%); Female (1, 16.7%)"
701,6,Unknown,3,0.5,"Unknown (3, 50.0%); Male (2, 33.3%); Female (1, 16.7%)"
702,6,Female,3,0.5,"Female (3, 50.0%); Male (2, 33.3%); Unknown (1, 16.7%)"
703,6,Female,3,0.5,"Female (3, 50.0%); Unknown (2, 33.3%); Male (1, 16.7%)"
704,6,Female,3,0.5,"Female (3, 50.0%); Unknown (3, 50.0%)"
705,6,Female,3,0.5,"Female (3, 50.0%); Unknown (2, 33.3%); Male (1, 16.7%)"
706,6,Unknown,4,0.6666666666666666,"Unknown (4, 66.7%); Female (1, 16.7%); Male (1, 16.7%)"
707,6,Unknown,3,0.5,"Unknown (3, 50.0%); Female (2, 33.3%); Male (1, 16.7%)"
708,6,Female,2,0.3333333333333333,"Female (2, 33.3%); Male (2, 33.3%); Unknown (2, 33.3%)"
709,6,Female,5,0.8333333333333334,"Female (5, 83.3%); Male (1, 16.7%)"
710,6,Unknown,4,0.6666666666666666,"Unknown (4, 66.7%); Female (1, 16.7%); Male (1, 16.7%)"
711,6,Unknown,3,0.5,"Unknown (3, 50.0%); Male (2, 33.3%); Female (1, 16.7%)"
712,6,Unknown,4,0.6666666666666666,"Unknown (4, 66.7%); Female (1, 16.7%); Male (1, 16.7%)"
713,6,Female,4,0.6666666666666666,"Female (4, 66.7%); Male (2, 33.3%)"
714,6,Male,4,0.6666666666666666,"Male (4, 66.7%); Unknown (2, 33.3%)"
715,6,Male,3,0.5,"Male (3, 50.0%); Female (2, 33.3%); Unknown (1, 16.7%)"
716,6,Unknown,4,0.6666666666666666,"Unknown (4, 66.7%); Female (1, 16.7%); Male (1, 16.7%)"
717,6,Male,3,0.5,"Male (3, 50.0%); Unknown (2, 33.3%); Female (1, 16.7%)"
718,6,Female,2,0.3333333333333333,"Female (2, 33.3%); Male (2, 33.3%); Unknown (2, 33.3%)"
719,6,Unknown,4,0.6666666666666666,"Unknown (4, 66.7%); Female (1, 16.7%); Male (1, 16.7%)"
720,6,Unknown,5,0.8333333333333334,"Unknown (5, 83.3%); Male (1, 16.7%)"
721,6,Unknown,5,0.8333333333333334,"Unknown (5, 83.3%); Male (1, 16.7%)"
722,6,Male,4,0.6666666666666666,"Male (4, 66.7%); Female (2, 33.3%)"
723,6,Unknown,4,0.6666666666666666,"Unknown (4, 66.7%); Female (1, 16.7%); Male (1, 16.7%)"
724,6,Unknown,4,0.6666666666666666,"Unknown (4, 66.7%); Female (2, 33.3%)"
725,6,Unknown,4,0.6666666666666666,"Unknown (4, 66.7%); Male (2, 33.3%)"
726,6,Unknown,4,0.6666666666666666,"Unknown (4, 66.7%); Female (1, 16.7%); Male (1, 16.7%)"
727,6,Unknown,4,0.6666666666666666,"Unknown (4, 66.7%); Male (2, 33.3%)"
728,6,Unknown,4,0.6666666666666666,"Unknown (4, 66.7%); Female (1, 16.7%); Male (1, 16.7%)"
729,6,Male,5,0.8333333333333334,"Male (5, 83.3%); Female (1, 16.7%)"
730,6,Unknown,3,0.5,"Unknown (3, 50.0%); Female (2, 33.3%); Male (1, 16.7%)"
731,6,Female,2,0.3333333333333333,"Female (2, 33.3%); Male (2, 33.3%); Unknown (2, 33.3%)"
732,6,Unknown,4,0.6666666666666666,"Unknown (4, 66.7%); Female (1, 16.7%); Male (1, 16.7%)"
733,6,Male,3,0.5,"Male (3, 50.0%); Unknown (3, 50.0%)"
734,6,Male,5,0.8333333333333334,"Male (5, 83.3%); Female (1, 16.7%)"
735,6,Unknown,5,0.8333333333333334,"Unknown (5, 83.3%); Female (1, 16.7%)"
736,6,Unknown,4,0.6666666666666666,"Unknown (4, 66.7%); Female (2, 33.3%)"
737,6,Unknown,4,0.6666666666666666,"Unknown (4, 66.7%); Female (1, 16.7%); Male (1, 16.7%)"
738,6,Unknown,4,0.6666666666666666,"Unknown (4, 66.7%); Male (2, 33.3%)"
739,6,Unknown,3,0.5,"Unknown (3, 50.0%); Female (2, 33.3%); Male (1, 16.7%)"
740,6,Unknown,3,0.5,"Unknown (3, 50.0%); Female (2, 33.3%); Male (1, 16.7%)"
741,6,Unknown,3,0.5,"Unknown (3, 50.0%); Male (2, 33.3%); Female (1, 16.7%)"
742,6,Female,5,0.8333333333333334,"Female (5, 83.3%); Male (1, 16.7%)"
743,6,Unknown,5,0.8333333333333334,"Unknown (5, 83.3%); Male (1, 16.7%)"
744,6,Unknown,3,0.5,"Unknown (3, 50.0%); Male (2, 33.3%); Female (1, 16.7%)"
745,6,Male,3,0.5,"Male (3, 50.0%); Unknown (2, 33.3%); Female (1, 16.7%)"
746,6,Male,5,0.8333333333333334,"Male (5, 83.3%); Female (1, 16.7%)"
747,6,Unknown,3,0.5,"Unknown (3, 50.0%); Male (2, 33.3%); Female (1, 16.7%)"
748,6,Unknown,3,0.5,"Unknown (3, 50.0%); Female (2, 33.3%); Male (1, 16.7%)"
749,6,Unknown,3,0.5,"Unknown (3, 50.0%); Male (2, 33.3%); Female (1, 16.7%)"
750,6,Unknown,5,0.8333333333333334,"Unknown (5, 83.3%); Male (1, 16.7%)"
751,6,Unknown,3,0.5,"Unknown (3, 50.0%); Female (2, 33.3%); Male (1, 16.7%)"
752,6,Female,3,0.5,"Female (3, 50.0%); Male (3, 50.0%)"
753,6,Unknown,5,0.8333333333333334,"Unknown (5, 83.3%); Female (1, 16.7%)"
754,6,Unknown,3,0.5,"Unknown (3, 50.0%); Male (2, 33.3%); Female (1, 16.7%)"
755,6,Unknown,4,0.6666666666666666,"Unknown (4, 66.7%); Female (1, 16.7%); Male (1, 16.7%)"
756,6,Unknown,3,0.5,"Unknown (3, 50.0%); Male (2, 33.3%); Female (1, 16.7%)"
757,6,Unknown,6,1.0,"Unknown (6, 100.0%)"
758,6,Unknown,3,0.5,"Unknown (3, 50.0%); Male (2, 33.3%); Female (1, 16.7%)"
759,6,Female,3,0.5,"Female (3, 50.0%); Male (2, 33.3%); Unknown (1, 16.7%)"
760,6,Male,3,0.5,"Male (3, 50.0%); Female (2, 33.3%); Unknown (1, 16.7%)"
761,6,Female,3,0.5,"Female (3, 50.0%); Unknown (2, 33.3%); Male (1, 16.7%)"
762,6,Unknown,3,0.5,"Unknown (3, 50.0%); Female (2, 33.3%); Male (1, 16.7%)"
763,6,Unknown,3,0.5,"Unknown (3, 50.0%); Female (2, 33.3%); Male (1, 16.7%)"
764,6,Female,4,0.6666666666666666,"Female (4, 66.7%); Male (2, 33.3%)"
765,6,Female,3,0.5,"Female (3, 50.0%); Male (2, 33.3%); Unknown (1, 16.7%)"
766,6,Unknown,4,0.6666666666666666,"Unknown (4, 66.7%); Male (2, 33.3%)"
767,6,Unknown,3,0.5,"Unknown (3, 50.0%); Female (2, 33.3%); Male (1, 16.7%)"
768,6,Unknown,4,0.6666666666666666,"Unknown (4, 66.7%); Male (2, 33.3%)"
769,6,Unknown,5,0.8333333333333334,"Unknown (5, 83.3%); Female (1, 16.7%)"
770,6,Unknown,4,0.6666666666666666,"Unknown (4, 66.7%); Male (2, 33.3%)"
771,6,Unknown,4,0.6666666666666666,"Unknown (4, 66.7%); Male (2, 33.3%)"
772,6,Unknown,3,0.5,"Unknown (3, 50.0%); Female (2, 33.3%); Male (1, 16.7%)"
773,6,Unknown,5,0.8333333333333334,"Unknown (5, 83.3%); Male (1, 16.7%)"
774,6,Unknown,4,0.6666666666666666,"Unknown (4, 66.7%); Female (1, 16.7%); Male (1, 16.7%)"
775,6,Unknown,3,0.5,"Unknown (3, 50.0%); Male (2, 33.3%); Female (1, 16.7%)"
776,6,Male,3,0.5,"Male (3, 50.0%); Unknown (2, 33.3%); Female (1, 16.7%)"
777,6,Unknown,6,1.0,"Unknown (6, 100.0%)"
778,6,Unknown,6,1.0,"Unknown (6, 100.0%)"
779,6,Unknown,6,1.0,"Unknown (6, 100.0%)"
780,6,Unknown,3,0.5,"Unknown (3, 50.0%); Male (2, 33.3%); Female (1, 16.7%)"
781,6,Unknown,4,0.6666666666666666,"Unknown (4, 66.7%); Male (2, 33.3%)"
782,6,Female,3,0.5,"Female (3, 50.0%); Male (3, 50.0%)"
783,6,Unknown,3,0.5,"Unknown (3, 50.0%); Female (2, 33.3%); Male (1, 16.7%)"
784,6,Unknown,5,0.8333333333333334,"Unknown (5, 83.3%); Female (1, 16.7%)"
785,6,Male,3,0.5,"Male (3, 50.0%); Female (2, 33.3%); Unknown (1, 16.7%)"
786,6,Male,3,0.5,"Male (3, 50.0%); Unknown (2, 33.3%); Female (1, 16.7%)"
787,6,Female,2,0.3333333333333333,"Female (2, 33.3%); Male (2, 33.3%); Unknown (2, 33.3%)"
788,6,Female,2,0.3333333333333333,"Female (2, 33.3%); Male (2, 33.3%); Unknown (2, 33.3%)"
789,6,Unknown,3,0.5,"Unknown (3, 50.0%); Male (2, 33.3%); Female (1, 16.7%)"
790,6,Female,3,0.5,"Female (3, 50.0%); Unknown (3, 50.0%)"
791,6,Male,4,0.6666666666666666,"Male (4, 66.7%); Female (2, 33.3%)"
792,6,Unknown,4,0.6666666666666666,"Unknown (4, 66.7%); Male (2, 33.3%)"
793,6,Unknown,4,0.6666666666666666,"Unknown (4, 66.7%); Female (1, 16.7%); Male (1, 16.7%)"
794,6,Unknown,4,0.6666666666666666,"Unknown (4, 66.7%); Male (2, 33.3%)"
795,6,Unknown,3,0.5,"Unknown (3, 50.0%); Female (2, 33.3%); Male (1, 16.7%)"
796,6,Unknown,4,0.6666666666666666,"Unknown (4, 66.7%); Female (1, 16.7%); Male (1, 16.7%)"
797,6,Female,4,0.6666666666666666,"Female (4, 66.7%); Unknown (2, 33.3%)"
798,6,Male,3,0.5,"Male (3, 50.0%); Unknown (3, 50.0%)"
799,6,Male,3,0.5,"Male (3, 50.0%); Unknown (3, 50.0%)"
800,6,Unknown,6,1.0,"Unknown (6, 100.0%)"
801,6,Unknown,5,0.8333333333333334,"Unknown (5, 83.3%); Male (1, 16.7%)"
802,6,Female,3,0.5,"Female (3, 50.0%); Unknown (3, 50.0%)"
803,6,Male,3,0.5,"Male (3, 50.0%); Unknown (2, 33.3%); Female (1, 16.7%)"
804,6,Male,5,0.8333333333333334,"Male (5, 83.3%); Female (1, 16.7%)"
805,6,Unknown,4,0.6666666666666666,"Unknown (4, 66.7%); Female (1, 16.7%); Male (1, 16.7%)"
806,6,Male,3,0.5,"Male (3, 50.0%); Unknown (2, 33.3%); Female (1, 16.7%)"
807,6,Female,2,0.3333333333333333,"Female (2, 33.3%); Male (2, 33.3%); Unknown (2, 33.3%)"
808,6,Unknown,6,1.0,"Unknown (6, 100.0%)"
809,5,Male,4,0.8,"Male (4, 80.0%); Unknown (1, 20.0%)"
810,5,Female,3,0.6,"Female (3, 60.0%); Male (1, 20.0%); Unknown (1, 20.0%)"
811,5,Female,4,0.8,"Female (4, 80.0%); Male (1, 20.0%)"
812,5,Unknown,3,0.6,"Unknown (3, 60.0%); Female (2, 40.0%)"
813,5,Female,3,0.6,"Female (3, 60.0%); Male (2, 40.0%)"
814,5,Unknown,3,0.6,"Unknown (3, 60.0%); Female (2, 40.0%)"
815,5,Male,2,0.4,"Male (2, 40.0%); Unknown (2, 40.0%); Female (1, 20.0%)"
816,5,Male,2,0.4,"Male (2, 40.0%); Unknown (2, 40.0%); Female (1, 20.0%)"
817,5,Unknown,4,0.8,"Unknown (4, 80.0%); Male (1, 20.0%)"
818,5,Male,2,0.4,"Male (2, 40.0%); Unknown (2, 40.0%); Female (1, 20.0%)"
819,5,Unknown,5,1.0,"Unknown (5, 100.0%)"
820,5,Female,4,0.8,"Female (4, 80.0%); Male (1, 20.0%)"
821,5,Male,2,0.4,"Male (2, 40.0%); Unknown (2, 40.0%); Female (1, 20.0%)"
822,5,Unknown,4,0.8,"Unknown (4, 80.0%); Female (1, 20.0%)"
823,5,Female,3,0.6,"Female (3, 60.0%); Male (2, 40.0%)"
824,5,Unknown,3,0.6,"Unknown (3, 60.0%); Female (1, 20.0%); Male (1, 20.0%)"
825,5,Unknown,3,0.6,"Unknown (3, 60.0%); Female (1, 20.0%); Male (1, 20.0%)"
826,5,Unknown,3,0.6,"Unknown (3, 60.0%); Female (1, 20.0%); Male (1, 20.0%)"
827,5,Unknown,3,0.6,"Unknown (3, 60.0%); Female (1, 20.0%); Male (1, 20.0%)"
828,5,Male,3,0.6,"Male (3, 60.0%); Female (1, 20.0%); Unknown (1, 20.0%)"
829,5,Female,2,0.4,"Female (2, 40.0%); Unknown (2, 40.0%); Male (1, 20.0%)"
830,5,Male,2,0.4,"Male (2, 40.0%); Unknown (2, 40.0%); Female (1, 20.0%)"
831,5,Unknown,4,0.8,"Unknown (4, 80.0%); Female (1, 20.0%)"
832,5,Male,2,0.4,"Male (2, 40.0%); Unknown (2, 40.0%); Female (1, 20.0%)"
833,5,Male,3,0.6,"Male (3, 60.0%); Female (2, 40.0%)"
834,5,Female,3,0.6,"Female (3, 60.0%); Unknown (2, 40.0%)"
835,5,Unknown,4,0.8,"Unknown (4, 80.0%); Female (1, 20.0%)"
836,5,Unknown,5,1.0,"Unknown (5, 100.0%)"
837,5,Female,3,0.6,"Female (3, 60.0%); Male (1, 20.0%); Unknown (1, 20.0%)"
838,5,Unknown,4,0.8,"Unknown (4, 80.0%); Male (1, 20.0%)"
839,5,Unknown,4,0.8,"Unknown (4, 80.0%); Male (1, 20.0%)"
840,5,Male,2,0.4,"Male (2, 40.0%); Unknown (2, 40.0%); Female (1, 20.0%)"
841,5,Male,3,0.6,"Male (3, 60.0%); Female (1, 20.0%); Unknown (1, 20.0%)"
842,5,Male,3,0.6,"Male (3, 60.0%); Unknown (2, 40.0%)"
843,5,Unknown,3,0.6,"Unknown (3, 60.0%); Female (1, 20.0%); Male (1, 20.0%)"
844,5,Unknown,3,0.6,"Unknown (3, 60.0%); Male (2, 40.0%)"
845,5,Male,4,0.8,"Male (4, 80.0%); Female (1, 20.0%)"
846,5,Male,3,0.6,"Male (3, 60.0%); Female (2, 40.0%)"
847,5,Unknown,3,0.6,"Unknown (3, 60.0%); Female (1, 20.0%); Male (1, 20.0%)"
848,5,Unknown,3,0.6,"Unknown (3, 60.0%); Female (1, 20.0%); Male (1, 20.0%)"
849,5,Unknown,3,0.6,"Unknown (3, 60.0%); Female (2, 40.0%)"
850,5,Male,5,1.0,"Male (5, 100.0%)"
851,5,Female,3,0.6,"Female (3, 60.0%); Male (2, 40.0%)"
852,5,Male,2,0.4,"Male (2, 40.0%); Unknown (2, 40.0%); Female (1, 20.0%)"
853,5,Unknown,3,0.6,"Unknown (3, 60.0%); Female (1, 20.0%); Male (1, 20.0%)"
854,5,Unknown,3,0.6,"Unknown (3, 60.0%); Female (1, 20.0%); Male (1, 20.0%)"
855,5,Male,3,0.6,"Male (3, 60.0%); Female (2, 40.0%)"
856,5,Female,2,0.4,"Female (2, 40.0%); Male (2, 40.0%); Unknown (1, 20.0%)"
857,5,Male,4,0.8,"Male (4, 80.0%); Female (1, 20.0%)"
858,5,Unknown,4,0.8,"Unknown (4, 80.0%); Female (1, 20.0%)"
859,5,Female,2,0.4,"Female (2, 40.0%); Unknown (2, 40.0%); Male (1, 20.0%)"
860,5,Male,5,1.0,"Male (5, 100.0%)"
861,5,Female,3,0.6,"Female (3, 60.0%); Male (2, 40.0%)"
862,5,Unknown,3,0.6,"Unknown (3, 60.0%); Female (1, 20.0%); Male (1, 20.0%)"
863,5,Male,2,0.4,"Male (2, 40.0%); Unknown (2, 40.0%); Female (1, 20.0%)"
864,5,Female,3,0.6,"Female (3, 60.0%); Male (2, 40.0%)"
865,5,Male,2,0.4,"Male (2, 40.0%); Unknown (2, 40.0%); Female (1, 20.0%)"
866,5,Female,2,0.4,"Female (2, 40.0%); Male (2, 40.0%); Unknown (1, 20.0%)"
867,5,Unknown,4,0.8,"Unknown (4, 80.0%); Male (1, 20.0%)"
868,5,Female,3,0.6,"Female (3, 60.0%); Unknown (2, 40.0%)"
869,5,Male,3,0.6,"Male (3, 60.0%); Female (2, 40.0%)"
870,5,Male,2,0.4,"Male (2, 40.0%); Unknown (2, 40.0%); Female (1, 20.0%)"
871,5,Unknown,4,0.8,"Unknown (4, 80.0%); Female (1, 20.0%)"
872,5,Female,4,0.8,"Female (4, 80.0%); Male (1, 20.0%)"
873,5,Male,2,0.4,"Male (2, 40.0%); Unknown (2, 40.0%); Female (1, 20.0%)"
874,5,Male,3,0.6,"Male (3, 60.0%); Female (1, 20.0%); Unknown (1, 20.0%)"
875,5,Unknown,3,0.6,"Unknown (3, 60.0%); Female (2, 40.0%)"
876,5,Unknown,3,0.6,"Unknown (3, 60.0%); Male (2, 40.0%)"
877,5,Male,2,0.4,"Male (2, 40.0%); Unknown (2, 40.0%); Female (1, 20.0%)"
878,5,Unknown,5,1.0,"Unknown (5, 100.0%)"
879,5,Unknown,4,0.8,"Unknown (4, 80.0%); Male (1, 20.0%)"
880,5,Male,2,0.4,"Male (2, 40.0%); Unknown (2, 40.0%); Female (1, 20.0%)"
881,5,Unknown,4,0.8,"Unknown (4, 80.0%); Male (1, 20.0%)"
882,5,Unknown,4,0.8,"Unknown (4, 80.0%); Female (1, 20.0%)"
883,5,Unknown,3,0.6,"Unknown (3, 60.0%); Female (1, 20.0%); Male (1, 20.0%)"
884,5,Unknown,3,0.6,"Unknown (3, 60.0%); Female (1, 20.0%); Male (1, 20.0%)"
885,5,Unknown,3,0.6,"Unknown (3, 60.0%); Female (1, 20.0%); Male (1, 20.0%)"
886,5,Female,2,0.4,"Female (2, 40.0%); Unknown (2, 40.0%); Male (1, 20.0%)"
887,5,Unknown,3,0.6,"Unknown (3, 60.0%); Male (2, 40.0%)"
888,5,Female,3,0.6,"Female (3, 60.0%); Male (2, 40.0%)"
889,5,Female,3,0.6,"Female (3, 60.0%); Male (1, 20.0%); Unknown (1, 20.0%)"
890,5,Unknown,3,0.6,"Unknown (3, 60.0%); Male (2, 40.0%)"
891,5,Male,3,0.6,"Male (3, 60.0%); Unknown (2, 40.0%)"
892,5,Female,2,0.4,"Female (2, 40.0%); Unknown (2, 40.0%); Male (1, 20.0%)"
893,5,Male,3,0.6,"Male (3, 60.0%); Unknown (2, 40.0%)"
894,5,Unknown,5,1.0,"Unknown (5, 100.0%)"
895,5,Unknown,5,1.0,"Unknown (5, 100.0%)"
896,5,Unknown,3,0.6,"Unknown (3, 60.0%); Female (2, 40.0%)"
897,5,Male,4,0.8,"Male (4, 80.0%); Female (1, 20.0%)"
898,5,Unknown,4,0.8,"Unknown (4, 80.0%); Female (1, 20.0%)"
899,5,Unknown,5,1.0,"Unknown (5, 100.0%)"
900,5,Unknown,4,0.8,"Unknown (4, 80.0%); Female (1, 20.0%)"
901,5,Female,3,0.6,"Female (3, 60.0%); Unknown (2, 40.0%)"
902,5,Female,3,0.6,"Female (3, 60.0%); Male (2, 40.0%)"
903,5,Male,5,1.0,"Male (5, 100.0%)"
904,5,Female,2,0.4,"Female (2, 40.0%); Unknown (2, 40.0%); Male (1, 20.0%)"
905,5,Female,3,0.6,"Female (3, 60.0%); Male (2, 40.0%)"
906,5,Female,2,0.4,"Female (2, 40.0%); Unknown (2, 40.0%); Male (1, 20.0%)"
907,5,Unknown,4,0.8,"Unknown (4, 80.0%); Female (1, 20.0%)"
908,5,Unknown,3,0.6,"Unknown (3, 60.0%); Female (1, 20.0%); Male (1, 20.0%)"
909,5,Unknown,4,0.8,"Unknown (4, 80.0%); Male (1, 20.0%)"
910,5,Unknown,3,0.6,"Unknown (3, 60.0%); Female (2, 40.0%)"
911,5,Female,2,0.4,"Female (2, 40.0%); Unknown (2, 40.0%); Male (1, 20.0%)"
912,5,Male,3,0.6,"Male (3, 60.0%); Female (1, 20.0%); Unknown (1, 20.0%)"
913,5,Unknown,4,0.8,"Unknown (4, 80.0%); Female (1, 20.0%)"
914,5,Unknown,4,0.8,"Unknown (4, 80.0%); Male (1, 20.0%)"
915,5,Male,4,0.8,"Male (4, 80.0%); Female (1, 20.0%)"
916,5,Unknown,4,0.8,"Unknown (4, 80.0%); Female (1, 20.0%)"
917,5,Male,3,0.6,"Male (3, 60.0%); Female (1, 20.0%); Unknown (1, 20.0%)"
918,5,Male,4,0.8,"Male (4, 80.0%); Female (1, 20.0%)"
919,5,Male,2,0.4,"Male (2, 40.0%); Unknown (2, 40.0%); Female (1, 20.0%)"
920,5,Unknown,3,0.6,"Unknown (3, 60.0%); Female (2, 40.0%)"
921,5,Unknown,3,0.6,"Unknown (3, 60.0%); Female (1, 20.0%); Male (1, 20.0%)"
922,5,Unknown,4,0.8,"Unknown (4, 80.0%); Male (1, 20.0%)"
923,5,Male,4,0.8,"Male (4, 80.0%); Female (1, 20.0%)"
924,5,Unknown,4,0.8,"Unknown (4, 80.0%); Male (1, 20.0%)"
925,5,Male,3,0.6,"Male (3, 60.0%); Female (1, 20.0%); Unknown (1, 20.0%)"
926,5,Female,2,0.4,"Female (2, 40.0%); Unknown (2, 40.0%); Male (1, 20.0%)"
927,5,Female,2,0.4,"Female (2, 40.0%); Unknown (2, 40.0%); Male (1, 20.0%)"
928,5,Male,3,0.6,"Male (3, 60.0%); Female (1, 20.0%); Unknown (1, 20.0%)"
929,5,Unknown,3,0.6,"Unknown (3, 60.0%); Female (2, 40.0%)"
930,5,Male,3,0.6,"Male (3, 60.0%); Unknown (2, 40.0%)"
931,5,Unknown,4,0.8,"Unknown (4, 80.0%); Female (1, 20.0%)"
932,5,Male,3,0.6,"Male (3, 60.0%); Unknown (2, 40.0%)"
933,5,Female,4,0.8,"Female (4, 80.0%); Male (1, 20.0%)"
934,5,Female,3,0.6,"Female (3, 60.0%); Male (2, 40.0%)"
935,5,Male,4,0.8,"Male (4, 80.0%); Unknown (1, 20.0%)"
936,5,Female,2,0.4,"Female (2, 40.0%); Unknown (2, 40.0%); Male (1, 20.0%)"
937,5,Male,4,0.8,"Male (4, 80.0%); Female (1, 20.0%)"
938,5,Unknown,3,0.6,"Unknown (3, 60.0%); Female (1, 20.0%); Male (1, 20.0%)"
939,5,Unknown,3,0.6,"Unknown (3, 60.0%); Female (1, 20.0%); Male (1, 20.0%)"
940,5,Male,3,0.6,"Male (3, 60.0%); Female (2, 40.0%)"
941,5,Unknown,4,0.8,"Unknown (4, 80.0%); Male (1, 20.0%)"
942,5,Male,3,0.6,"Male (3, 60.0%); Female (1, 20.0%); Unknown (1, 20.0%)"
943,5,Female,4,0.8,"Female (4, 80.0%); Male (1, 20.0%)"
944,5,Male,3,0.6,"Male (3, 60.0%); Unknown (2, 40.0%)"
945,5,Female,3,0.6,"Female (3, 60.0%); Male (2, 40.0%)"
946,5,Unknown,3,0.6,"Unknown (3, 60.0%); Female (1, 20.0%); Male (1, 20.0%)"
947,5,Unknown,4,0.8,"Unknown (4, 80.0%); Male (1, 20.0%)"
948,5,Unknown,3,0.6,"Unknown (3, 60.0%); Female (1, 20.0%); Male (1, 20.0%)"
949,5,Male,3,0.6,"Male (3, 60.0%); Unknown (2, 40.0%)"
950,5,Male,2,0.4,"Male (2, 40.0%); Unknown (2, 40.0%); Female (1, 20.0%)"
951,5,Unknown,3,0.6,"Unknown (3, 60.0%); Female (1, 20.0%); Male (1, 20.0%)"
952,5,Unknown,3,0.6,"Unknown (3, 60.0%); Female (1, 20.0%); Male (1, 20.0%)"
953,5,Unknown,4,0.8,"Unknown (4, 80.0%); Female (1, 20.0%)"
954,5,Female,2,0.4,"Female (2, 40.0%); Male (2, 40.0%); Unknown (1, 20.0%)"
955,5,Unknown,3,0.6,"Unknown (3, 60.0%); Female (1, 20.0%); Male (1, 20.0%)"
956,5,Unknown,3,0.6,"Unknown (3, 60.0%); Female (1, 20.0%); Male (1, 20.0%)"
957,5,Female,2,0.4,"Female (2, 40.0%); Unknown (2, 40.0%); Male (1, 20.0%)"
958,5,Female,2,0.4,"Female (2, 40.0%); Male (2, 40.0%); Unknown (1, 20.0%)"
959,5,Male,4,0.8,"Male (4, 80.0%); Unknown (1, 20.0%)"
960,5,Female,4,0.8,"Female (4, 80.0%); Male (1, 20.0%)"
961,5,Male,3,0.6,"Male (3, 60.0%); Female (2, 40.0%)"
962,5,Female,2,0.4,"Female (2, 40.0%); Male (2, 40.0%); Unknown (1, 20.0%)"
963,5,Male,2,0.4,"Male (2, 40.0%); Unknown (2, 40.0%); Female (1, 20.0%)"
964,5,Unknown,3,0.6,"Unknown (3, 60.0%); Female (2, 40.0%)"
965,5,Unknown,3,0.6,"Unknown (3, 60.0%); Female (1, 20.0%); Male (1, 20.0%)"
966,5,Unknown,3,0.6,"Unknown (3, 60.0%); Male (2, 40.0%)"
967,5,Unknown,3,0.6,"Unknown (3, 60.0%); Male (2, 40.0%)"
968,5,Female,2,0.4,"Female (2, 40.0%); Male (2, 40.0%); Unknown (1, 20.0%)"
969,5,Unknown,5,1.0,"Unknown (5, 100.0%)"
970,5,Unknown,3,0.6,"Unknown (3, 60.0%); Male (2, 40.0%)"
971,5,Male,3,0.6,"Male (3, 60.0%); Unknown (2, 40.0%)"
972,5,Male,3,0.6,"Male (3, 60.0%); Unknown (2, 40.0%)"
973,5,Unknown,5,1.0,"Unknown (5, 100.0%)"
974,5,Female,2,0.4,"Female (2, 40.0%); Unknown (2, 40.0%); Male (1, 20.0%)"
975,5,Male,4,0.8,"Male (4, 80.0%); Unknown (1, 20.0%)"
976,5,Female,3,0.6,"Female (3, 60.0%); Male (1, 20.0%); Unknown (1, 20.0%)"
977,5,Unknown,5,1.0,"Unknown (5, 100.0%)"
978,5,Male,4,0.8,"Male (4, 80.0%); Female (1, 20.0%)"
979,5,Unknown,4,0.8,"Unknown (4, 80.0%); Male (1, 20.0%)"
980,5,Female,3,0.6,"Female (3, 60.0%); Unknown (2, 40.0%)"
981,5,Unknown,5,1.0,"Unknown (5, 100.0%)"
982,5,Unknown,3,0.6,"Unknown (3, 60.0%); Female (1, 20.0%); Male (1, 20.0%)"
983,5,Unknown,3,0.6,"Unknown (3, 60.0%); Male (2, 40.0%)"
984,5,Unknown,3,0.6,"Unknown (3, 60.0%); Female (1, 20.0%); Male (1, 20.0%)"
985,5,Unknown,4,0.8,"Unknown (4, 80.0%); Male (1, 20.0%)"
986,5,Female,2,0.4,"Female (2, 40.0%); Unknown (2, 40.0%); Male (1, 20.0%)"
987,5,Male,3,0.6,"Male (3, 60.0%); Female (1, 20.0%); Unknown (1, 20.0%)"
988,5,Male,2,0.4,"Male (2, 40.0%); Unknown (2, 40.0%); Female (1, 20.0%)"
989,5,Unknown,3,0.6,"Unknown (3, 60.0%); Female (1, 20.0%); Male (1, 20.0%)"
990,5,Male,3,0.6,"Male (3, 60.0%); Unknown (2, 40.0%)"
991,5,Unknown,3,0.6,"Unknown (3, 60.0%); Male (2, 40.0%)"
992,5,Female,2,0.4,"Female (2, 40.0%); Male (2, 40.0%); Unknown (1, 20.0%)"
993,5,Unknown,3,0.6,"Unknown (3, 60.0%); Male (2, 40.0%)"
994,5,Unknown,3,0.6,"Unknown (3, 60.0%); Female (1, 20.0%); Male (1, 20.0%)"
995,5,Unknown,3,0.6,"Unknown (3, 60.0%); Male (2, 40.0%)"
996,5,Unknown,3,0.6,"Unknown (3, 60.0%); Female (2, 40.0%)"
997,5,Unknown,3,0.6,"Unknown (3, 60.0%); Female (1, 20.0%); Male (1, 20.0%)"
998,5,Unknown,3,0.6,"Unknown (3, 60.0%); Male (2, 40.0%)"
999,5,Male,2,0.4,"Male (2, 40.0%); Unknown (2, 40.0%); Female (1, 20.0%)"
1000,5,Unknown,4,0.8,"Unknown (4, 80.0%); Male (1, 20.0%)"
1001,5,Unknown,4,0.8,"Unknown (4, 80.0%); Female (1, 20.0%)"
1002,5,Unknown,3,0.6,"Unknown (3, 60.0%); Female (1, 20.0%); Male (1, 20.0%)"
1003,5,Male,2,0.4,"Male (2, 40.0%); Unknown (2, 40.0%); Female (1, 20.0%)"
1004,5,Unknown,4,0.8,"Unknown (4, 80.0%); Male (1, 20.0%)"
1005,5,Unknown,5,1.0,"Unknown (5, 100.0%)"
1006,5,Female,2,0.4,"Female (2, 40.0%); Male (2, 40.0%); Unknown (1, 20.0%)"
1007,5,Female,3,0.6,"Female (3, 60.0%); Male (1, 20.0%); Unknown (1, 20.0%)"
1008,5,Unknown,3,0.6,"Unknown (3, 60.0%); Male (2, 40.0%)"
1009,5,Male,2,0.4,"Male (2, 40.0%); Unknown (2, 40.0%); Female (1, 20.0%)"
1010,5,Unknown,5,1.0,"Unknown (5, 100.0%)"
1011,5,Male,4,0.8,"Male (4, 80.0%); Female (1, 20.0%)"
1012,5,Unknown,4,0.8,"Unknown (4, 80.0%); Male (1, 20.0%)"
1013,5,Female,2,0.4,"Female (2, 40.0%); Male (2, 40.0%); Unknown (1, 20.0%)"
1014,5,Unknown,4,0.8,"Unknown (4, 80.0%); Male (1, 20.0%)"
1015,5,Male,2,0.4,"Male (2, 40.0%); Unknown (2, 40.0%); Female (1, 20.0%)"
1016,5,Female,3,0.6,"Female (3, 60.0%); Unknown (2, 40.0%)"
1017,4,Unknown,2,0.5,"Unknown (2, 50.0%); Female (1, 25.0%); Male (1, 25.0%)"
1018,4,Unknown,2,0.5,"Unknown (2, 50.0%); Female (1, 25.0%); Male (1, 25.0%)"
1019,4,Female,3,0.75,"Female (3, 75.0%); Male (1, 25.0%)"
1020,4,Male,2,0.5,"Male (2, 50.0%); Unknown (2, 50.0%)"
1021,4,Unknown,4,1.0,"Unknown (4, 100.0%)"
1022,4,Unknown,2,0.5,"Unknown (2, 50.0%); Female (1, 25.0%); Male (1, 25.0%)"
1023,4,Unknown,3,0.75,"Unknown (3, 75.0%); Male (1, 25.0%)"
1024,4,Female,2,0.5,"Female (2, 50.0%); Male (2, 50.0%)"
1025,4,Unknown,4,1.0,"Unknown (4, 100.0%)"
1026,4,Male,2,0.5,"Male (2, 50.0%); Unknown (2, 50.0%)"
1027,4,Male,3,0.75,"Male (3, 75.0%); Unknown (1, 25.0%)"
1028,4,Female,3,0.75,"Female (3, 75.0%); Male (1, 25.0%)"
1029,4,Unknown,4,1.0,"Unknown (4, 100.0%)"
1030,4,Male,2,0.5,"Male (2, 50.0%); Unknown (2, 50.0%)"
1031,4,Unknown,2,0.5,"Unknown (2, 50.0%); Female (1, 25.0%); Male (1, 25.0%)"
1032,4,Unknown,2,0.5,"Unknown (2, 50.0%); Female (1, 25.0%); Male (1, 25.0%)"
1033,4,Male,3,0.75,"Male (3, 75.0%); Female (1, 25.0%)"
1034,4,Male,3,0.75,"Male (3, 75.0%); Unknown (1, 25.0%)"
1035,4,Female,2,0.5,"Female (2, 50.0%); Male (1, 25.0%); Unknown (1, 25.0%)"
1036,4,Unknown,3,0.75,"Unknown (3, 75.0%); Male (1, 25.0%)"
1037,4,Female,2,0.5,"Female (2, 50.0%); Male (2, 50.0%)"
1038,4,Male,3,0.75,"Male (3, 75.0%); Female (1, 25.0%)"
1039,4,Male,3,0.75,"Male (3, 75.0%); Unknown (1, 25.0%)"
1040,4,Male,2,0.5,"Male (2, 50.0%); Female (1, 25.0%); Unknown (1, 25.0%)"
1041,4,Male,4,1.0,"Male (4, 100.0%)"
1042,4,Unknown,4,1.0,"Unknown (4, 100.0%)"
1043,4,Male,2,0.5,"Male (2, 50.0%); Female (1, 25.0%); Unknown (1, 25.0%)"
1044,4,Unknown,2,0.5,"Unknown (2, 50.0%); Female (1, 25.0%); Male (1, 25.0%)"
1045,4,Unknown,4,1.0,"Unknown (4, 100.0%)"
1046,4,Male,3,0.75,"Male (3, 75.0%); Female (1, 25.0%)"
1047,4,Unknown,3,0.75,"Unknown (3, 75.0%); Male (1, 25.0%)"
1048,4,Male,3,0.75,"Male (3, 75.0%); Female (1, 25.0%)"
1049,4,Unknown,4,1.0,"Unknown (4, 100.0%)"
1050,4,Female,2,0.5,"Female (2, 50.0%); Unknown (2, 50.0%)"
1051,4,Unknown,2,0.5,"Unknown (2, 50.0%); Female (1, 25.0%); Male (1, 25.0%)"
1052,4,Male,2,0.5,"Male (2, 50.0%); Unknown (2, 50.0%)"
1053,4,Female,2,0.5,"Female (2, 50.0%); Male (2, 50.0%)"
1054,4,Unknown,3,0.75,"Unknown (3, 75.0%); Female (1, 25.0%)"
1055,4,Male,4,1.0,"Male (4, 100.0%)"
1056,4,Unknown,4,1.0,"Unknown (4, 100.0%)"
1057,4,Unknown,3,0.75,"Unknown (3, 75.0%); Female (1, 25.0%)"
1058,4,Female,2,0.5,"Female (2, 50.0%); Male (2, 50.0%)"
1059,4,Unknown,2,0.5,"Unknown (2, 50.0%); Female (1, 25.0%); Male (1, 25.0%)"
1060,4,Male,2,0.5,"Male (2, 50.0%); Unknown (2, 50.0%)"
1061,4,Male,2,0.5,"Male (2, 50.0%); Female (1, 25.0%); Unknown (1, 25.0%)"
1062,4,Female,2,0.5,"Female (2, 50.0%); Unknown (2, 50.0%)"
1063,4,Male,2,0.5,"Male (2, 50.0%); Unknown (2, 50.0%)"
1064,4,Unknown,4,1.0,"Unknown (4, 100.0%)"
1065,4,Unknown,2,0.5,"Unknown (2, 50.0%); Female (1, 25.0%); Male (1, 25.0%)"
1066,4,Unknown,2,0.5,"Unknown (2, 50.0%); Female (1, 25.0%); Male (1, 25.0%)"
1067,4,Male,2,0.5,"Male (2, 50.0%); Unknown (2, 50.0%)"
1068,4,Unknown,2,0.5,"Unknown (2, 50.0%); Female (1, 25.0%); Male (1, 25.0%)"
1069,4,Female,3,0.75,"Female (3, 75.0%); Male (1, 25.0%)"
1070,4,Male,2,0.5,"Male (2, 50.0%); Unknown (2, 50.0%)"
1071,4,Male,2,0.5,"Male (2, 50.0%); Female (1, 25.0%); Unknown (1, 25.0%)"
1072,4,Female,2,0.5,"Female (2, 50.0%); Male (1, 25.0%); Unknown (1, 25.0%)"
1073,4,Female,2,0.5,"Female (2, 50.0%); Unknown (2, 50.0%)"
1074,4,Male,3,0.75,"Male (3, 75.0%); Female (1, 25.0%)"
1075,4,Unknown,3,0.75,"Unknown (3, 75.0%); Female (1, 25.0%)"
1076,4,Unknown,4,1.0,"Unknown (4, 100.0%)"
1077,4,Unknown,2,0.5,"Unknown (2, 50.0%); Female (1, 25.0%); Male (1, 25.0%)"
1078,4,Female,2,0.5,"Female (2, 50.0%); Unknown (2, 50.0%)"
1079,4,Unknown,3,0.75,"Unknown (3, 75.0%); Female (1, 25.0%)"
1080,4,Female,2,0.5,"Female (2, 50.0%); Male (1, 25.0%); Unknown (1, 25.0%)"
1081,4,Male,2,0.5,"Male (2, 50.0%); Unknown (2, 50.0%)"
1082,4,Male,4,1.0,"Male (4, 100.0%)"
1083,4,Male,2,0.5,"Male (2, 50.0%); Female (1, 25.0%); Unknown (1, 25.0%)"
1084,4,Unknown,2,0.5,"Unknown (2, 50.0%); Female (1, 25.0%); Male (1, 25.0%)"
1085,4,Unknown,4,1.0,"Unknown (4, 100.0%)"
1086,4,Male,2,0.5,"Male (2, 50.0%); Unknown (2, 50.0%)"
1087,4,Male,3,0.75,"Male (3, 75.0%); Female (1, 25.0%)"
1088,4,Male,3,0.75,"Male (3, 75.0%); Unknown (1, 25.0%)"
1089,4,Unknown,4,1.0,"Unknown (4, 100.0%)"
1090,4,Unknown,3,0.75,"Unknown (3, 75.0%); Female (1, 25.0%)"
1091,4,Female,2,0.5,"Female (2, 50.0%); Male (1, 25.0%); Unknown (1, 25.0%)"
1092,4,Unknown,2,0.5,"Unknown (2, 50.0%); Female (1, 25.0%); Male (1, 25.0%)"
1093,4,Unknown,4,1.0,"Unknown (4, 100.0%)"
1094,4,Unknown,3,0.75,"Unknown (3, 75.0%); Male (1, 25.0%)"
1095,4,Unknown,3,0.75,"Unknown (3, 75.0%); Female (1, 25.0%)"
1096,4,Unknown,4,1.0,"Unknown (4, 100.0%)"
1097,4,Male,3,0.75,"Male (3, 75.0%); Female (1, 25.0%)"
1098,4,Male,3,0.75,"Male (3, 75.0%); Female (1, 25.0%)"
1099,4,Male,2,0.5,"Male (2, 50.0%); Female (1, 25.0%); Unknown (1, 25.0%)"
1100,4,Unknown,3,0.75,"Unknown (3, 75.0%); Male (1, 25.0%)"
1101,4,Female,2,0.5,"Female (2, 50.0%); Male (1, 25.0%); Unknown (1, 25.0%)"
1102,4,Male,2,0.5,"Male (2, 50.0%); Unknown (2, 50.0%)"
1103,4,Male,3,0.75,"Male (3, 75.0%); Unknown (1, 25.0%)"
1104,4,Female,2,0.5,"Female (2, 50.0%); Male (2, 50.0%)"
1105,4,Male,2,0.5,"Male (2, 50.0%); Unknown (2, 50.0%)"
1106,4,Unknown,2,0.5,"Unknown (2, 50.0%); Female (1, 25.0%); Male (1, 25.0%)"
1107,4,Female,3,0.75,"Female (3, 75.0%); Male (1, 25.0%)"
1108,4,Female,4,1.0,"Female (4, 100.0%)"
1109,4,Male,2,0.5,"Male (2, 50.0%); Female (1, 25.0%); Unknown (1, 25.0%)"
1110,4,Male,3,0.75,"Male (3, 75.0%); Unknown (1, 25.0%)"
1111,4,Unknown,3,0.75,"Unknown (3, 75.0%); Male (1, 25.0%)"
1112,4,Unknown,2,0.5,"Unknown (2, 50.0%); Female (1, 25.0%); Male (1, 25.0%)"
1113,4,Female,2,0.5,"Female (2, 50.0%); Male (1, 25.0%); Unknown (1, 25.0%)"
1114,4,Male,3,0.75,"Male (3, 75.0%); Unknown (1, 25.0%)"
1115,4,Female,2,0.5,"Female (2, 50.0%); Male (2, 50.0%)"
1116,4,Male,3,0.75,"Male (3, 75.0%); Unknown (1, 25.0%)"
1117,4,Male,2,0.5,"Male (2, 50.0%); Female (1, 25.0%); Unknown (1, 25.0%)"
1118,4,Female,2,0.5,"Female (2, 50.0%); Male (1, 25.0%); Unknown (1, 25.0%)"
1119,4,Male,3,0.75,"Male (3, 75.0%); Female (1, 25.0%)"
1120,4,Unknown,3,0.75,"Unknown (3, 75.0%); Male (1, 25.0%)"
1121,4,Unknown,3,0.75,"Unknown (3, 75.0%); Male (1, 25.0%)"
1122,4,Unknown,3,0.75,"Unknown (3, 75.0%); Female (1, 25.0%)"
1123,4,Unknown,4,1.0,"Unknown (4, 100.0%)"
1124,4,Male,2,0.5,"Male (2, 50.0%); Female (1, 25.0%); Unknown (1, 25.0%)"
1125,4,Unknown,2,0.5,"Unknown (2, 50.0%); Female (1, 25.0%); Male (1, 25.0%)"
1126,4,Unknown,3,0.75,"Unknown (3, 75.0%); Male (1, 25.0%)"
1127,4,Male,3,0.75,"Male (3, 75.0%); Unknown (1, 25.0%)"
1128,4,Female,2,0.5,"Female (2, 50.0%); Unknown (2, 50.0%)"
1129,4,Male,3,0.75,"Male (3, 75.0%); Female (1, 25.0%)"
1130,4,Male,2,0.5,"Male (2, 50.0%); Unknown (2, 50.0%)"
1131,4,Unknown,3,0.75,"Unknown (3, 75.0%); Female (1, 25.0%)"
1132,4,Female,2,0.5,"Female (2, 50.0%); Male (2, 50.0%)"
1133,4,Unknown,4,1.0,"Unknown (4, 100.0%)"
1134,4,Male,2,0.5,"Male (2, 50.0%); Unknown (2, 50.0%)"
1135,4,Male,2,0.5,"Male (2, 50.0%); Female (1, 25.0%); Unknown (1, 25.0%)"
1136,4,Unknown,2,0.5,"Unknown (2, 50.0%); Female (1, 25.0%); Male (1, 25.0%)"
1137,4,Unknown,3,0.75,"Unknown (3, 75.0%); Male (1, 25.0%)"
1138,4,Male,2,0.5,"Male (2, 50.0%); Female (1, 25.0%); Unknown (1, 25.0%)"
1139,4,Female,2,0.5,"Female (2, 50.0%); Unknown (2, 50.0%)"
1140,4,Unknown,3,0.75,"Unknown (3, 75.0%); Female (1, 25.0%)"
1141,4,Male,2,0.5,"Male (2, 50.0%); Unknown (2, 50.0%)"
1142,4,Unknown,2,0.5,"Unknown (2, 50.0%); Female (1, 25.0%); Male (1, 25.0%)"
1143,4,Unknown,3,0.75,"Unknown (3, 75.0%); Female (1, 25.0%)"
1144,4,Unknown,3,0.75,"Unknown (3, 75.0%); Male (1, 25.0%)"
1145,4,Unknown,3,0.75,"Unknown (3, 75.0%); Male (1, 25.0%)"
1146,4,Male,2,0.5,"Male (2, 50.0%); Unknown (2, 50.0%)"
1147,4,Female,2,0.5,"Female (2, 50.0%); Male (1, 25.0%); Unknown (1, 25.0%)"
1148,4,Female,3,0.75,"Female (3, 75.0%); Male (1, 25.0%)"
1149,4,Unknown,3,0.75,"Unknown (3, 75.0%); Female (1, 25.0%)"
1150,4,Unknown,3,0.75,"Unknown (3, 75.0%); Male (1, 25.0%)"
1151,4,Male,3,0.75,"Male (3, 75.0%); Female (1, 25.0%)"
1152,4,Male,2,0.5,"Male (2, 50.0%); Unknown (2, 50.0%)"
1153,4,Male,3,0.75,"Male (3, 75.0%); Unknown (1, 25.0%)"
1154,4,Male,2,0.5,"Male (2, 50.0%); Unknown (2, 50.0%)"
1155,4,Unknown,2,0.5,"Unknown (2, 50.0%); Female (1, 25.0%); Male (1, 25.0%)"
1156,4,Unknown,3,0.75,"Unknown (3, 75.0%); Male (1, 25.0%)"
1157,4,Male,2,0.5,"Male (2, 50.0%); Female (1, 25.0%); Unknown (1, 25.0%)"
1158,4,Male,2,0.5,"Male (2, 50.0%); Female (1, 25.0%); Unknown (1, 25.0%)"
1159,4,Male,2,0.5,"Male (2, 50.0%); Female (1, 25.0%); Unknown (1, 25.0%)"
1160,4,Unknown,4,1.0,"Unknown (4, 100.0%)"
1161,4,Unknown,3,0.75,"Unknown (3, 75.0%); Male (1, 25.0%)"
1162,4,Male,2,0.5,"Male (2, 50.0%); Unknown (2, 50.0%)"
1163,4,Unknown,3,0.75,"Unknown (3, 75.0%); Male (1, 25.0%)"
1164,4,Unknown,2,0.5,"Unknown (2, 50.0%); Female (1, 25.0%); Male (1, 25.0%)"
1165,4,Unknown,4,1.0,"Unknown (4, 100.0%)"
1166,4,Male,2,0.5,"Male (2, 50.0%); Female (1, 25.0%); Unknown (1, 25.0%)"
1167,4,Unknown,3,0.75,"Unknown (3, 75.0%); Female (1, 25.0%)"
1168,4,Unknown,4,1.0,"Unknown (4, 100.0%)"
1169,4,Unknown,2,0.5,"Unknown (2, 50.0%); Female (1, 25.0%); Male (1, 25.0%)"
1170,4,Unknown,2,0.5,"Unknown (2, 50.0%); Female (1, 25.0%); Male (1, 25.0%)"
1171,4,Female,2,0.5,"Female (2, 50.0%); Male (1, 25.0%); Unknown (1, 25.0%)"
1172,4,Male,2,0.5,"Male (2, 50.0%); Female (1, 25.0%); Unknown (1, 25.0%)"
1173,4,Female,2,0.5,"Female (2, 50.0%); Unknown (2, 50.0%)"
1174,4,Male,3,0.75,"Male (3, 75.0%); Female (1, 25.0%)"
1175,4,Unknown,3,0.75,"Unknown (3, 75.0%); Male (1, 25.0%)"
1176,4,Female,2,0.5,"Female (2, 50.0%); Unknown (2, 50.0%)"
1177,4,Male,2,0.5,"Male (2, 50.0%); Female (1, 25.0%); Unknown (1, 25.0%)"
1178,4,Male,2,0.5,"Male (2, 50.0%); Female (1, 25.0%); Unknown (1, 25.0%)"
1179,4,Unknown,3,0.75,"Unknown (3, 75.0%); Male (1, 25.0%)"
1180,4,Female,4,1.0,"Female (4, 100.0%)"
1181,4,Unknown,4,1.0,"Unknown (4, 100.0%)"
1182,4,Male,2,0.5,"Male (2, 50.0%); Unknown (2, 50.0%)"
1183,4,Female,2,0.5,"Female (2, 50.0%); Unknown (2, 50.0%)"
1184,4,Female,2,0.5,"Female (2, 50.0%); Male (1, 25.0%); Unknown (1, 25.0%)"
1185,4,Female,3,0.75,"Female (3, 75.0%); Male (1, 25.0%)"
1186,4,Male,4,1.0,"Male (4, 100.0%)"
1187,4,Male,2,0.5,"Male (2, 50.0%); Unknown (2, 50.0%)"
1188,4,Unknown,3,0.75,"Unknown (3, 75.0%); Female (1, 25.0%)"
1189,4,Male,2,0.5,"Male (2, 50.0%); Female (1, 25.0%); Unknown (1, 25.0%)"
1190,4,Female,2,0.5,"Female (2, 50.0%); Unknown (2, 50.0%)"
1191,4,Female,2,0.5,"Female (2, 50.0%); Unknown (2, 50.0%)"
1192,4,Unknown,4,1.0,"Unknown (4, 100.0%)"
1193,4,Male,2,0.5,"Male (2, 50.0%); Female (1, 25.0%); Unknown (1, 25.0%)"
1194,4,Unknown,4,1.0,"Unknown (4, 100.0%)"
1195,4,Female,2,0.5,"Female (2, 50.0%); Male (1, 25.0%); Unknown (1, 25.0%)"
1196,4,Female,2,0.5,"Female (2, 50.0%); Male (1, 25.0%); Unknown (1, 25.0%)"
1197,4,Unknown,4,1.0,"Unknown (4, 100.0%)"
1198,4,Male,2,0.5,"Male (2, 50.0%); Unknown (2, 50.0%)"
1199,4,Unknown,2,0.5,"Unknown (2, 50.0%); Female (1, 25.0%); Male (1, 25.0%)"
1200,4,Female,2,0.5,"Female (2, 50.0%); Male (1, 25.0%); Unknown (1, 25.0%)"
1201,4,Unknown,2,0.5,"Unknown (2, 50.0%); Female (1, 25.0%); Male (1, 25.0%)"
1202,4,Female,2,0.5,"Female (2, 50.0%); Male (2, 50.0%)"
1203,4,Male,3,0.75,"Male (3, 75.0%); Female (1, 25.0%)"
1204,4,Unknown,3,0.75,"Unknown (3, 75.0%); Male (1, 25.0%)"
1205,4,Unknown,4,1.0,"Unknown (4, 100.0%)"
1206,4,Male,2,0.5,"Male (2, 50.0%); Female (1, 25.0%); Unknown (1, 25.0%)"
1207,4,Unknown,3,0.75,"Unknown (3, 75.0%); Female (1, 25.0%)"
1208,4,Unknown,3,0.75,"Unknown (3, 75.0%); Female (1, 25.0%)"
1209,4,Female,2,0.5,"Female (2, 50.0%); Male (1, 25.0%); Unknown (1, 25.0%)"
1210,4,Male,2,0.5,"Male (2, 50.0%); Female (1, 25.0%); Unknown (1, 25.0%)"
1211,4,Unknown,3,0.75,"Unknown (3, 75.0%); Female (1, 25.0%)"
1212,4,Unknown,3,0.75,"Unknown (3, 75.0%); Female (1, 25.0%)"
1213,4,Female,2,0.5,"Female (2, 50.0%); Male (2, 50.0%)"
1214,4,Unknown,3,0.75,"Unknown (3, 75.0%); Female (1, 25.0%)"
1215,4,Female,2,0.5,"Female (2, 50.0%); Unknown (2, 50.0%)"
1216,4,Unknown,2,0.5,"Unknown (2, 50.0%); Female (1, 25.0%); Male (1, 25.0%)"
1217,4,Unknown,3,0.75,"Unknown (3, 75.0%); Male (1, 25.0%)"
1218,4,Unknown,3,0.75,"Unknown (3, 75.0%); Male (1, 25.0%)"
1219,4,Unknown,3,0.75,"Unknown (3, 75.0%); Male (1, 25.0%)"
1220,4,Unknown,3,0.75,"Unknown (3, 75.0%); Female (1, 25.0%)"
1221,4,Male,3,0.75,"Male (3, 75.0%); Unknown (1, 25.0%)"
1222,4,Unknown,3,0.75,"Unknown (3, 75.0%); Female (1, 25.0%)"
1223,4,Unknown,4,1.0,"Unknown (4, 100.0%)"
1224,4,Unknown,4,1.0,"Unknown (4, 100.0%)"
1225,4,Female,3,0.75,"Female (3, 75.0%); Unknown (1, 25.0%)"
1226,4,Unknown,4,1.0,"Unknown (4, 100.0%)"
1227,4,Unknown,4,1.0,"Unknown (4, 100.0%)"
1228,4,Male,2,0.5,"Male (2, 50.0%); Female (1, 25.0%); Unknown (1, 25.0%)"
1229,4,Male,4,1.0,"Male (4, 100.0%)"
1230,4,Male,2,0.5,"Male (2, 50.0%); Unknown (2, 50.0%)"
1231,4,Female,2,0.5,"Female (2, 50.0%); Male (1, 25.0%); Unknown (1, 25.0%)"
1232,4,Male,3,0.75,"Male (3, 75.0%); Female (1, 25.0%)"
1233,4,Male,4,1.0,"Male (4, 100.0%)"
1234,4,Male,2,0.5,"Male (2, 50.0%); Female (1, 25.0%); Unknown (1, 25.0%)"
1235,4,Unknown,2,0.5,"Unknown (2, 50.0%); Female (1, 25.0%); Male (1, 25.0%)"
1236,4,Unknown,3,0.75,"Unknown (3, 75.0%); Female (1, 25.0%)"
1237,4,Unknown,3,0.75,"Unknown (3, 75.0%); Male (1, 25.0%)"
1238,3,Female,3,1.0,"Female (3, 100.0%)"
1239,3,Unknown,2,0.6666666666666666,"Unknown (2, 66.7%); Male (1, 33.3%)"
1240,3,Unknown,2,0.6666666666666666,"Unknown (2, 66.7%); Female (1, 33.3%)"
1241,3,Female,2,0.6666666666666666,"Female (2, 66.7%); Male (1, 33.3%)"
1242,3,Female,1,0.3333333333333333,"Female (1, 33.3%); Male (1, 33.3%); Unknown (1, 33.3%)"
1243,3,Male,2,0.6666666666666666,"Male (2, 66.7%); Unknown (1, 33.3%)"
1244,3,Unknown,2,0.6666666666666666,"Unknown (2, 66.7%); Male (1, 33.3%)"
1245,3,Male,3,1.0,"Male (3, 100.0%)"
1246,3,Unknown,2,0.6666666666666666,"Unknown (2, 66.7%); Male (1, 33.3%)"
1247,3,Female,2,0.6666666666666666,"Female (2, 66.7%); Unknown (1, 33.3%)"
1248,3,Male,2,0.6666666666666666,"Male (2, 66.7%); Female (1, 33.3%)"
1249,3,Female,1,0.3333333333333333,"Female (1, 33.3%); Male (1, 33.3%); Unknown (1, 33.3%)"
1250,3,Unknown,2,0.6666666666666666,"Unknown (2, 66.7%); Male (1, 33.3%)"
1251,3,Male,2,0.6666666666666666,"Male (2, 66.7%); Female (1, 33.3%)"
1252,3,Unknown,3,1.0,"Unknown (3, 100.0%)"
1253,3,Male,2,0.6666666666666666,"Male (2, 66.7%); Unknown (1, 33.3%)"
1254,3,Female,1,0.3333333333333333,"Female (1, 33.3%); Male (1, 33.3%); Unknown (1, 33.3%)"
1255,3,Unknown,3,1.0,"Unknown (3, 100.0%)"
1256,3,Male,2,0.6666666666666666,"Male (2, 66.7%); Unknown (1, 33.3%)"
1257,3,Unknown,3,1.0,"Unknown (3, 100.0%)"
1258,3,Unknown,2,0.6666666666666666,"Unknown (2, 66.7%); Female (1, 33.3%)"
1259,3,Unknown,2,0.6666666666666666,"Unknown (2, 66.7%); Male (1, 33.3%)"
1260,3,Male,2,0.6666666666666666,"Male (2, 66.7%); Female (1, 33.3%)"
1261,3,Male,2,0.6666666666666666,"Male (2, 66.7%); Unknown (1, 33.3%)"
1262,3,Unknown,3,1.0,"Unknown (3, 100.0%)"
1263,3,Male,2,0.6666666666666666,"Male (2, 66.7%); Female (1, 33.3%)"
1264,3,Male,3,1.0,"Male (3, 100.0%)"
1265,3,Female,1,0.3333333333333333,"Female (1, 33.3%); Male (1, 33.3%); Unknown (1, 33.3%)"
1266,3,Female,2,0.6666666666666666,"Female (2, 66.7%); Unknown (1, 33.3%)"
1267,3,Female,1,0.3333333333333333,"Female (1, 33.3%); Male (1, 33.3%); Unknown (1, 33.3%)"
1268,3,Unknown,2,0.6666666666666666,"Unknown (2, 66.7%); Male (1, 33.3%)"
1269,3,Male,2,0.6666666666666666,"Male (2, 66.7%); Female (1, 33.3%)"
1270,3,Female,1,0.3333333333333333,"Female (1, 33.3%); Male (1, 33.3%); Unknown (1, 33.3%)"
1271,3,Female,2,0.6666666666666666,"Female (2, 66.7%); Male (1, 33.3%)"
1272,3,Male,2,0.6666666666666666,"Male (2, 66.7%); Female (1, 33.3%)"
1273,3,Unknown,3,1.0,"Unknown (3, 100.0%)"
1274,3,Male,3,1.0,"Male (3, 100.0%)"
1275,3,Male,2,0.6666666666666666,"Male (2, 66.7%); Female (1, 33.3%)"
1276,3,Female,3,1.0,"Female (3, 100.0%)"
1277,3,Male,2,0.6666666666666666,"Male (2, 66.7%); Unknown (1, 33.3%)"
1278,3,Unknown,2,0.6666666666666666,"Unknown (2, 66.7%); Male (1, 33.3%)"
1279,3,Female,2,0.6666666666666666,"Female (2, 66.7%); Male (1, 33.3%)"
1280,3,Male,3,1.0,"Male (3, 100.0%)"
1281,3,Female,2,0.6666666666666666,"Female (2, 66.7%); Unknown (1, 33.3%)"
1282,3,Female,2,0.6666666666666666,"Female (2, 66.7%); Male (1, 33.3%)"
1283,3,Male,2,0.6666666666666666,"Male (2, 66.7%); Female (1, 33.3%)"
1284,3,Male,2,0.6666666666666666,"Male (2, 66.7%); Female (1, 33.3%)"
1285,3,Female,2,0.6666666666666666,"Female (2, 66.7%); Male (1, 33.3%)"
1286,3,Female,3,1.0,"Female (3, 100.0%)"
1287,3,Unknown,2,0.6666666666666666,"Unknown (2, 66.7%); Male (1, 33.3%)"
1288,3,Unknown,2,0.6666666666666666,"Unknown (2, 66.7%); Female (1, 33.3%)"
1289,3,Female,1,0.3333333333333333,"Female (1, 33.3%); Male (1, 33.3%); Unknown (1, 33.3%)"
1290,3,Unknown,3,1.0,"Unknown (3, 100.0%)"
1291,3,Female,3,1.0,"Female (3, 100.0%)"
1292,3,Male,2,0.6666666666666666,"Male (2, 66.7%); Unknown (1, 33.3%)"
1293,3,Female,1,0.3333333333333333,"Female (1, 33.3%); Male (1, 33.3%); Unknown (1, 33.3%)"
1294,3,Unknown,2,0.6666666666666666,"Unknown (2, 66.7%); Male (1, 33.3%)"
1295,3,Unknown,2,0.6666666666666666,"Unknown (2, 66.7%); Female (1, 33.3%)"
1296,3,Female,2,0.6666666666666666,"Female (2, 66.7%); Male (1, 33.3%)"
1297,3,Unknown,2,0.6666666666666666,"Unknown (2, 66.7%); Male (1, 33.3%)"
1298,3,Female,1,0.3333333333333333,"Female (1, 33.3%); Male (1, 33.3%); Unknown (1, 33.3%)"
1299,3,Male,2,0.6666666666666666,"Male (2, 66.7%); Female (1, 33.3%)"
1300,3,Unknown,2,0.6666666666666666,"Unknown (2, 66.7%); Female (1, 33.3%)"
1301,3,Female,1,0.3333333333333333,"Female (1, 33.3%); Male (1, 33.3%); Unknown (1, 33.3%)"
1302,3,Female,1,0.3333333333333333,"Female (1, 33.3%); Male (1, 33.3%); Unknown (1, 33.3%)"
1303,3,Unknown,3,1.0,"Unknown (3, 100.0%)"
1304,3,Female,1,0.3333333333333333,"Female (1, 33.3%); Male (1, 33.3%); Unknown (1, 33.3%)"
1305,3,Unknown,2,0.6666666666666666,"Unknown (2, 66.7%); Male (1, 33.3%)"
1306,3,Unknown,3,1.0,"Unknown (3, 100.0%)"
1307,3,Unknown,2,0.6666666666666666,"Unknown (2, 66.7%); Male (1, 33.3%)"
1308,3,Male,3,1.0,"Male (3, 100.0%)"
1309,3,Female,1,0.3333333333333333,"Female (1, 33.3%); Male (1, 33.3%); Unknown (1, 33.3%)"
1310,3,Female,2,0.6666666666666666,"Female (2, 66.7%); Male (1, 33.3%)"
1311,3,Female,1,0.3333333333333333,"Female (1, 33.3%); Male (1, 33.3%); Unknown (1, 33.3%)"
1312,3,Male,2,0.6666666666666666,"Male (2, 66.7%); Female (1, 33.3%)"
1313,3,Female,1,0.3333333333333333,"Female (1, 33.3%); Male (1, 33.3%); Unknown (1, 33.3%)"
1314,3,Male,2,0.6666666666666666,"Male (2, 66.7%); Unknown (1, 33.3%)"
1315,3,Female,1,0.3333333333333333,"Female (1, 33.3%); Male (1, 33.3%); Unknown (1, 33.3%)"
1316,3,Male,3,1.0,"Male (3, 100.0%)"
1317,3,Female,2,0.6666666666666666,"Female (2, 66.7%); Male (1, 33.3%)"
1318,3,Female,3,1.0,"Female (3, 100.0%)"
1319,3,Male,2,0.6666666666666666,"Male (2, 66.7%); Female (1, 33.3%)"
1320,3,Female,1,0.3333333333333333,"Female (1, 33.3%); Male (1, 33.3%); Unknown (1, 33.3%)"
1321,3,Unknown,3,1.0,"Unknown (3, 100.0%)"
1322,3,Female,1,0.3333333333333333,"Female (1, 33.3%); Male (1, 33.3%); Unknown (1, 33.3%)"
1323,3,Male,3,1.0,"Male (3, 100.0%)"
1324,3,Unknown,2,0.6666666666666666,"Unknown (2, 66.7%); Male (1, 33.3%)"
1325,3,Male,2,0.6666666666666666,"Male (2, 66.7%); Unknown (1, 33.3%)"
1326,3,Unknown,2,0.6666666666666666,"Unknown (2, 66.7%); Female (1, 33.3%)"
1327,3,Unknown,2,0.6666666666666666,"Unknown (2, 66.7%); Male (1, 33.3%)"
1328,3,Male,2,0.6666666666666666,"Male (2, 66.7%); Unknown (1, 33.3%)"
1329,3,Unknown,2,0.6666666666666666,"Unknown (2, 66.7%); Female (1, 33.3%)"
1330,3,Female,3,1.0,"Female (3, 100.0%)"
1331,3,Unknown,2,0.6666666666666666,"Unknown (2, 66.7%); Female (1, 33.3%)"
1332,3,Unknown,2,0.6666666666666666,"Unknown (2, 66.7%); Female (1, 33.3%)"
1333,3,Unknown,2,0.6666666666666666,"Unknown (2, 66.7%); Male (1, 33.3%)"
1334,3,Unknown,2,0.6666666666666666,"Unknown (2, 66.7%); Female (1, 33.3%)"
1335,3,Unknown,2,0.6666666666666666,"Unknown (2, 66.7%); Female (1, 33.3%)"
1336,3,Female,2,0.6666666666666666,"Female (2, 66.7%); Unknown (1, 33.3%)"
1337,3,Male,2,0.6666666666666666,"Male (2, 66.7%); Unknown (1, 33.3%)"
1338,3,Unknown,2,0.6666666666666666,"Unknown (2, 66.7%); Male (1, 33.3%)"
1339,3,Unknown,3,1.0,"Unknown (3, 100.0%)"
1340,3,Female,2,0.6666666666666666,"Female (2, 66.7%); Male (1, 33.3%)"
1341,3,Unknown,3,1.0,"Unknown (3, 100.0%)"
1342,3,Female,3,1.0,"Female (3, 100.0%)"
1343,3,Unknown,2,0.6666666666666666,"Unknown (2, 66.7%); Female (1, 33.3%)"
1344,3,Unknown,2,0.6666666666666666,"Unknown (2, 66.7%); Female (1, 33.3%)"
1345,3,Unknown,3,1.0,"Unknown (3, 100.0%)"
1346,3,Female,2,0.6666666666666666,"Female (2, 66.7%); Unknown (1, 33.3%)"
1347,3,Female,2,0.6666666666666666,"Female (2, 66.7%); Male (1, 33.3%)"
1348,3,Unknown,3,1.0,"Unknown (3, 100.0%)"
1349,3,Unknown,3,1.0,"Unknown (3, 100.0%)"
1350,3,Unknown,3,1.0,"Unknown (3, 100.0%)"
1351,3,Unknown,2,0.6666666666666666,"Unknown (2, 66.7%); Female (1, 33.3%)"
1352,3,Male,2,0.6666666666666666,"Male (2, 66.7%); Unknown (1, 33.3%)"
1353,3,Female,1,0.3333333333333333,"Female (1, 33.3%); Male (1, 33.3%); Unknown (1, 33.3%)"
1354,3,Unknown,3,1.0,"Unknown (3, 100.0%)"
1355,3,Female,1,0.3333333333333333,"Female (1, 33.3%); Male (1, 33.3%); Unknown (1, 33.3%)"
1356,3,Unknown,2,0.6666666666666666,"Unknown (2, 66.7%); Male (1, 33.3%)"
1357,3,Male,2,0.6666666666666666,"Male (2, 66.7%); Unknown (1, 33.3%)"
1358,3,Male,3,1.0,"Male (3, 100.0%)"
1359,3,Male,3,1.0,"Male (3, 100.0%)"
1360,3,Unknown,3,1.0,"Unknown (3, 100.0%)"
1361,3,Female,1,0.3333333333333333,"Female (1, 33.3%); Male (1, 33.3%); Unknown (1, 33.3%)"
1362,3,Female,1,0.3333333333333333,"Female (1, 33.3%); Male (1, 33.3%); Unknown (1, 33.3%)"
1363,3,Male,2,0.6666666666666666,"Male (2, 66.7%); Female (1, 33.3%)"
1364,3,Male,2,0.6666666666666666,"Male (2, 66.7%); Unknown (1, 33.3%)"
1365,3,Female,1,0.3333333333333333,"Female (1, 33.3%); Male (1, 33.3%); Unknown (1, 33.3%)"
1366,3,Unknown,3,1.0,"Unknown (3, 100.0%)"
1367,3,Male,2,0.6666666666666666,"Male (2, 66.7%); Unknown (1, 33.3%)"
1368,3,Unknown,2,0.6666666666666666,"Unknown (2, 66.7%); Male (1, 33.3%)"
1369,3,Unknown,2,0.6666666666666666,"Unknown (2, 66.7%); Female (1, 33.3%)"
1370,3,Female,1,0.3333333333333333,"Female (1, 33.3%); Male (1, 33.3%); Unknown (1, 33.3%)"
1371,3,Unknown,2,0.6666666666666666,"Unknown (2, 66.7%); Male (1, 33.3%)"
1372,3,Female,1,0.3333333333333333,"Female (1, 33.3%); Male (1, 33.3%); Unknown (1, 33.3%)"
1373,3,Unknown,2,0.6666666666666666,"Unknown (2, 66.7%); Female (1, 33.3%)"
1374,3,Unknown,2,0.6666666666666666,"Unknown (2, 66.7%); Female (1, 33.3%)"
1375,3,Unknown,2,0.6666666666666666,"Unknown (2, 66.7%); Female (1, 33.3%)"
1376,3,Female,2,0.6666666666666666,"Female (2, 66.7%); Unknown (1, 33.3%)"
1377,3,Unknown,2,0.6666666666666666,"Unknown (2, 66.7%); Male (1, 33.3%)"
1378,3,Unknown,2,0.6666666666666666,"Unknown (2, 66.7%); Female (1, 33.3%)"
1379,3,Unknown,3,1.0,"Unknown (3, 100.0%)"
1380,3,Male,2,0.6666666666666666,"Male (2, 66.7%); Unknown (1, 33.3%)"
1381,3,Female,3,1.0,"Female (3, 100.0%)"
1382,3,Male,2,0.6666666666666666,"Male (2, 66.7%); Unknown (1, 33.3%)"
1383,3,Unknown,2,0.6666666666666666,"Unknown (2, 66.7%); Male (1, 33.3%)"
1384,3,Female,2,0.6666666666666666,"Female (2, 66.7%); Male (1, 33.3%)"
1385,3,Female,3,1.0,"Female (3, 100.0%)"
1386,3,Unknown,3,1.0,"Unknown (3, 100.0%)"
1387,3,Male,2,0.6666666666666666,"Male (2, 66.7%); Unknown (1, 33.3%)"
1388,3,Female,2,0.6666666666666666,"Female (2, 66.7%); Unknown (1, 33.3%)"
1389,3,Female,2,0.6666666666666666,"Female (2, 66.7%); Unknown (1, 33.3%)"
1390,3,Male,2,0.6666666666666666,"Male (2, 66.7%); Female (1, 33.3%)"
1391,3,Female,2,0.6666666666666666,"Female (2, 66.7%); Male (1, 33.3%)"
1392,3,Male,3,1.0,"Male (3, 100.0%)"
1393,3,Unknown,2,0.6666666666666666,"Unknown (2, 66.7%); Female (1, 33.3%)"
1394,3,Male,3,1.0,"Male (3, 100.0%)"
1395,3,Male,2,0.6666666666666666,"Male (2, 66.7%); Female (1, 33.3%)"
1396,3,Female,1,0.3333333333333333,"Female (1, 33.3%); Male (1, 33.3%); Unknown (1, 33.3%)"
1397,3,Unknown,3,1.0,"Unknown (3, 100.0%)"
1398,3,Female,2,0.6666666666666666,"Female (2, 66.7%); Male (1, 33.3%)"
1399,3,Male,2,0.6666666666666666,"Male (2, 66.7%); Unknown (1, 33.3%)"
1400,3,Unknown,2,0.6666666666666666,"Unknown (2, 66.7%); Female (1, 33.3%)"
1401,3,Unknown,3,1.0,"Unknown (3, 100.0%)"
1402,3,Male,2,0.6666666666666666,"Male (2, 66.7%); Female (1, 33.3%)"
1403,3,Unknown,2,0.6666666666666666,"Unknown (2, 66.7%); Female (1, 33.3%)"
1404,3,Male,2,0.6666666666666666,"Male (2, 66.7%); Female (1, 33.3%)"
1405,3,Unknown,2,0.6666666666666666,"Unknown (2, 66.7%); Female (1, 33.3%)"
1406,3,Unknown,2,0.6666666666666666,"Unknown (2, 66.7%); Male (1, 33.3%)"
1407,3,Male,3,1.0,"Male (3, 100.0%)"
1408,3,Female,1,0.3333333333333333,"Female (1, 33.3%); Male (1, 33.3%); Unknown (1, 33.3%)"
1409,3,Unknown,2,0.6666666666666666,"Unknown (2, 66.7%); Female (1, 33.3%)"
1410,3,Unknown,2,0.6666666666666666,"Unknown (2, 66.7%); Female (1, 33.3%)"
1411,3,Unknown,3,1.0,"Unknown (3, 100.0%)"
1412,3,Unknown,2,0.6666666666666666,"Unknown (2, 66.7%); Male (1, 33.3%)"
1413,3,Female,2,0.6666666666666666,"Female (2, 66.7%); Male (1, 33.3%)"
1414,3,Unknown,2,0.6666666666666666,"Unknown (2, 66.7%); Male (1, 33.3%)"
1415,3,Unknown,3,1.0,"Unknown (3, 100.0%)"
1416,3,Female,1,0.3333333333333333,"Female (1, 33.3%); Male (1, 33.3%); Unknown (1, 33.3%)"
1417,3,Unknown,2,0.6666666666666666,"Unknown (2, 66.7%); Female (1, 33.3%)"
1418,3,Female,1,0.3333333333333333,"Female (1, 33.3%); Male (1, 33.3%); Unknown (1, 33.3%)"
1419,3,Unknown,2,0.6666666666666666,"Unknown (2, 66.7%); Female (1, 33.3%)"
1420,3,Unknown,3,1.0,"Unknown (3, 100.0%)"
1421,3,Male,2,0.6666666666666666,"Male (2, 66.7%); Unknown (1, 33.3%)"
1422,3,Unknown,3,1.0,"Unknown (3, 100.0%)"
1423,3,Unknown,3,1.0,"Unknown (3, 100.0%)"
1424,3,Female,1,0.3333333333333333,"Female (1, 33.3%); Male (1, 33.3%); Unknown (1, 33.3%)"
1425,3,Female,1,0.3333333333333333,"Female (1, 33.3%); Male (1, 33.3%); Unknown (1, 33.3%)"
1426,3,Female,3,1.0,"Female (3, 100.0%)"
1427,3,Male,2,0.6666666666666666,"Male (2, 66.7%); Female (1, 33.3%)"
1428,3,Unknown,2,0.6666666666666666,"Unknown (2, 66.7%); Female (1, 33.3%)"
1429,3,Unknown,3,1.0,"Unknown (3, 100.0%)"
1430,3,Male,2,0.6666666666666666,"Male (2, 66.7%); Unknown (1, 33.3%)"
1431,3,Female,2,0.6666666666666666,"Female (2, 66.7%); Male (1, 33.3%)"
1432,3,Unknown,2,0.6666666666666666,"Unknown (2, 66.7%); Female (1, 33.3%)"
1433,3,Male,3,1.0,"Male (3, 100.0%)"
1434,3,Male,3,1.0,"Male (3, 100.0%)"
1435,3,Unknown,2,0.6666666666666666,"Unknown (2, 66.7%); Male (1, 33.3%)"
1436,3,Unknown,3,1.0,"Unknown (3, 100.0%)"
1437,3,Unknown,2,0.6666666666666666,"Unknown (2, 66.7%); Female (1, 33.3%)"
1438,3,Unknown,2,0.6666666666666666,"Unknown (2, 66.7%); Male (1, 33.3%)"
1439,3,Female,2,0.6666666666666666,"Female (2, 66.7%); Unknown (1, 33.3%)"
1440,3,Male,3,1.0,"Male (3, 100.0%)"
1441,3,Male,2,0.6666666666666666,"Male (2, 66.7%); Unknown (1, 33.3%)"
1442,3,Unknown,2,0.6666666666666666,"Unknown (2, 66.7%); Male (1, 33.3%)"
1443,3,Male,2,0.6666666666666666,"Male (2, 66.7%); Unknown (1, 33.3%)"
1444,3,Unknown,2,0.6666666666666666,"Unknown (2, 66.7%); Male (1, 33.3%)"
1445,3,Female,1,0.3333333333333333,"Female (1, 33.3%); Male (1, 33.3%); Unknown (1, 33.3%)"
1446,3,Unknown,2,0.6666666666666666,"Unknown (2, 66.7%); Female (1, 33.3%)"
1447,3,Unknown,2,0.6666666666666666,"Unknown (2, 66.7%); Male (1, 33.3%)"
1448,3,Unknown,2,0.6666666666666666,"Unknown (2, 66.7%); Male (1, 33.3%)"
1449,3,Female,2,0.6666666666666666,"Female (2, 66.7%); Unknown (1, 33.3%)"
1450,3,Male,2,0.6666666666666666,"Male (2, 66.7%); Female (1, 33.3%)"
1451,3,Female,2,0.6666666666666666,"Female (2, 66.7%); Male (1, 33.3%)"
1452,3,Unknown,2,0.6666666666666666,"Unknown (2, 66.7%); Female (1, 33.3%)"
1453,3,Female,2,0.6666666666666666,"Female (2, 66.7%); Unknown (1, 33.3%)"
1454,3,Female,1,0.3333333333333333,"Female (1, 33.3%); Male (1, 33.3%); Unknown (1, 33.3%)"
1455,3,Unknown,3,1.0,"Unknown (3, 100.0%)"
1456,3,Male,2,0.6666666666666666,"Male (2, 66.7%); Unknown (1, 33.3%)"
1457,3,Female,2,0.6666666666666666,"Female (2, 66.7%); Unknown (1, 33.3%)"
1458,3,Unknown,2,0.6666666666666666,"Unknown (2, 66.7%); Male (1, 33.3%)"
1459,3,Unknown,2,0.6666666666666666,"Unknown (2, 66.7%); Male (1, 33.3%)"
1460,3,Female,2,0.6666666666666666,"Female (2, 66.7%); Unknown (1, 33.3%)"
1461,3,Female,2,0.6666666666666666,"Female (2, 66.7%); Unknown (1, 33.3%)"
1462,3,Unknown,2,0.6666666666666666,"Unknown (2, 66.7%); Female (1, 33.3%)"
1463,3,Unknown,2,0.6666666666666666,"Unknown (2, 66.7%); Male (1, 33.3%)"
1464,3,Male,2,0.6666666666666666,"Male (2, 66.7%); Unknown (1, 33.3%)"
1465,3,Female,1,0.3333333333333333,"Female (1, 33.3%); Male (1, 33.3%); Unknown (1, 33.3%)"
1466,2,Female,1,0.5,"Female (1, 50.0%); Unknown (1, 50.0%)"
1467,2,Unknown,2,1.0,"Unknown (2, 100.0%)"
1468,2,Unknown,2,1.0,"Unknown (2, 100.0%)"
1469,2,Unknown,2,1.0,"Unknown (2, 100.0%)"
1470,2,Male,1,0.5,"Male (1, 50.0%); Unknown (1, 50.0%)"
1471,2,Male,1,0.5,"Male (1, 50.0%); Unknown (1, 50.0%)"
1472,2,Female,2,1.0,"Female (2, 100.0%)"
1473,2,Female,1,0.5,"Female (1, 50.0%); Unknown (1, 50.0%)"
1474,2,Male,1,0.5,"Male (1, 50.0%); Unknown (1, 50.0%)"
1475,2,Male,1,0.5,"Male (1, 50.0%); Unknown (1, 50.0%)"
1476,2,Male,2,1.0,"Male (2, 100.0%)"
1477,2,Unknown,2,1.0,"Unknown (2, 100.0%)"
1478,2,Male,2,1.0,"Male (2, 100.0%)"
1479,2,Male,1,0.5,"Male (1, 50.0%); Unknown (1, 50.0%)"
1480,2,Male,2,1.0,"Male (2, 100.0%)"
1481,2,Female,1,0.5,"Female (1, 50.0%); Male (1, 50.0%)"
1482,2,Female,2,1.0,"Female (2, 100.0%)"
1483,2,Unknown,2,1.0,"Unknown (2, 100.0%)"
1484,2,Female,2,1.0,"Female (2, 100.0%)"
1485,2,Female,1,0.5,"Female (1, 50.0%); Unknown (1, 50.0%)"
1486,2,Unknown,2,1.0,"Unknown (2, 100.0%)"
1487,2,Female,2,1.0,"Female (2, 100.0%)"
1488,2,Male,2,1.0,"Male (2, 100.0%)"
1489,2,Female,1,0.5,"Female (1, 50.0%); Unknown (1, 50.0%)"
1490,2,Unknown,2,1.0,"Unknown (2, 100.0%)"
1491,2,Male,2,1.0,"Male (2, 100.0%)"
1492,2,Male,1,0.5,"Male (1, 50.0%); Unknown (1, 50.0%)"
1493,2,Unknown,2,1.0,"Unknown (2, 100.0%)"
1494,2,Female,1,0.5,"Female (1, 50.0%); Unknown (1, 50.0%)"
1495,2,Female,1,0.5,"Female (1, 50.0%); Male (1, 50.0%)"
1496,2,Male,1,0.5,"Male (1, 50.0%); Unknown (1, 50.0%)"
1497,2,Male,1,0.5,"Male (1, 50.0%); Unknown (1, 50.0%)"
1498,2,Male,1,0.5,"Male (1, 50.0%); Unknown (1, 50.0%)"
1499,2,Unknown,2,1.0,"Unknown (2, 100.0%)"
1500,2,Female,1,0.5,"Female (1, 50.0%); Male (1, 50.0%)"
1501,2,Male,1,0.5,"Male (1, 50.0%); Unknown (1, 50.0%)"
1502,2,Unknown,2,1.0,"Unknown (2, 100.0%)"
1503,2,Unknown,2,1.0,"Unknown (2, 100.0%)"
1504,2,Female,1,0.5,"Female (1, 50.0%); Male (1, 50.0%)"
1505,2,Unknown,2,1.0,"Unknown (2, 100.0%)"
1506,2,Female,1,0.5,"Female (1, 50.0%); Unknown (1, 50.0%)"
1507,2,Female,1,0.5,"Female (1, 50.0%); Unknown (1, 50.0%)"
1508,2,Unknown,2,1.0,"Unknown (2, 100.0%)"
1509,2,Unknown,2,1.0,"Unknown (2, 100.0%)"
1510,2,Male,2,1.0,"Male (2, 100.0%)"
1511,2,Male,2,1.0,"Male (2, 100.0%)"
1512,2,Unknown,2,1.0,"Unknown (2, 100.0%)"
1513,2,Male,2,1.0,"Male (2, 100.0%)"
1514,2,Male,1,0.5,"Male (1, 50.0%); Unknown (1, 50.0%)"
1515,2,Male,2,1.0,"Male (2, 100.0%)"
1516,2,Male,1,0.5,"Male (1, 50.0%); Unknown (1, 50.0%)"
1517,2,Unknown,2,1.0,"Unknown (2, 100.0%)"
1518,2,Female,1,0.5,"Female (1, 50.0%); Male (1, 50.0%)"
1519,2,Female,1,0.5,"Female (1, 50.0%); Unknown (1, 50.0%)"
1520,2,Female,1,0.5,"Female (1, 50.0%); Male (1, 50.0%)"
1521,2,Male,1,0.5,"Male (1, 50.0%); Unknown (1, 50.0%)"
1522,2,Female,1,0.5,"Female (1, 50.0%); Male (1, 50.0%)"
1523,2,Male,1,0.5,"Male (1, 50.0%); Unknown (1, 50.0%)"
1524,2,Female,1,0.5,"Female (1, 50.0%); Unknown (1, 50.0%)"
1525,2,Unknown,2,1.0,"Unknown (2, 100.0%)"
1526,2,Unknown,2,1.0,"Unknown (2, 100.0%)"
1527,2,Female,1,0.5,"Female (1, 50.0%); Unknown (1, 50.0%)"
1528,2,Unknown,2,1.0,"Unknown (2, 100.0%)"
1529,2,Male,2,1.0,"Male (2, 100.0%)"
1530,2,Female,1,0.5,"Female (1, 50.0%); Unknown (1, 50.0%)"
1531,2,Male,2,1.0,"Male (2, 100.0%)"
1532,2,Female,1,0.5,"Female (1, 50.0%); Unknown (1, 50.0%)"
1533,2,Male,1,0.5,"Male (1, 50.0%); Unknown (1, 50.0%)"
1534,2,Unknown,2,1.0,"Unknown (2, 100.0%)"
1535,2,Female,1,0.5,"Female (1, 50.0%); Unknown (1, 50.0%)"
1536,2,Male,1,0.5,"Male (1, 50.0%); Unknown (1, 50.0%)"
1537,2,Male,2,1.0,"Male (2, 100.0%)"
1538,2,Unknown,2,1.0,"Unknown (2, 100.0%)"
1539,2,Unknown,2,1.0,"Unknown (2, 100.0%)"
1540,2,Male,1,0.5,"Male (1, 50.0%); Unknown (1, 50.0%)"
1541,2,Female,1,0.5,"Female (1, 50.0%); Male (1, 50.0%)"
1542,2,Unknown,2,1.0,"Unknown (2, 100.0%)"
1543,2,Female,1,0.5,"Female (1, 50.0%); Male (1, 50.0%)"
1544,2,Male,1,0.5,"Male (1, 50.0%); Unknown (1, 50.0%)"
1545,2,Male,1,0.5,"Male (1, 50.0%); Unknown (1, 50.0%)"
1546,2,Unknown,2,1.0,"Unknown (2, 100.0%)"
1547,2,Female,1,0.5,"Female (1, 50.0%); Male (1, 50.0%)"
1548,2,Unknown,2,1.0,"Unknown (2, 100.0%)"
1549,2,Male,1,0.5,"Male (1, 50.0%); Unknown (1, 50.0%)"
1550,2,Unknown,2,1.0,"Unknown (2, 100.0%)"
1551,2,Male,1,0.5,"Male (1, 50.0%); Unknown (1, 50.0%)"
1552,2,Female,1,0.5,"Female (1, 50.0%); Unknown (1, 50.0%)"
1553,2,Female,1,0.5,"Female (1, 50.0%); Male (1, 50.0%)"
1554,2,Unknown,2,1.0,"Unknown (2, 100.0%)"
1555,2,Unknown,2,1.0,"Unknown (2, 100.0%)"
1556,2,Unknown,2,1.0,"Unknown (2, 100.0%)"
1557,2,Male,1,0.5,"Male (1, 50.0%); Unknown (1, 50.0%)"
1558,2,Male,1,0.5,"Male (1, 50.0%); Unknown (1, 50.0%)"
1559,2,Female,2,1.0,"Female (2, 100.0%)"
1560,2,Male,2,1.0,"Male (2, 100.0%)"
1561,2,Male,1,0.5,"Male (1, 50.0%); Unknown (1, 50.0%)"
1562,2,Unknown,2,1.0,"Unknown (2, 100.0%)"
1563,2,Male,1,0.5,"Male (1, 50.0%); Unknown (1, 50.0%)"
1564,2,Male,1,0.5,"Male (1, 50.0%); Unknown (1, 50.0%)"
1565,2,Female,1,0.5,"Female (1, 50.0%); Unknown (1, 50.0%)"
1566,2,Female,1,0.5,"Female (1, 50.0%); Unknown (1, 50.0%)"
1567,2,Male,1,0.5,"Male (1, 50.0%); Unknown (1, 50.0%)"
1568,2,Male,1,0.5,"Male (1, 50.0%); Unknown (1, 50.0%)"
1569,2,Female,2,1.0,"Female (2, 100.0%)"
1570,2,Unknown,2,1.0,"Unknown (2, 100.0%)"
1571,2,Male,2,1.0,"Male (2, 100.0%)"
1572,2,Male,2,1.0,"Male (2, 100.0%)"
1573,2,Female,1,0.5,"Female (1, 50.0%); Unknown (1, 50.0%)"
1574,2,Unknown,2,1.0,"Unknown (2, 100.0%)"
1575,2,Female,1,0.5,"Female (1, 50.0%); Male (1, 50.0%)"
1576,2,Unknown,2,1.0,"Unknown (2, 100.0%)"
1577,2,Male,2,1.0,"Male (2, 100.0%)"
1578,2,Female,1,0.5,"Female (1, 50.0%); Male (1, 50.0%)"
1579,2,Unknown,2,1.0,"Unknown (2, 100.0%)"
1580,2,Male,1,0.5,"Male (1, 50.0%); Unknown (1, 50.0%)"
1581,2,Male,1,0.5,"Male (1, 50.0%); Unknown (1, 50.0%)"
1582,2,Female,1,0.5,"Female (1, 50.0%); Unknown (1, 50.0%)"
1583,2,Unknown,2,1.0,"Unknown (2, 100.0%)"
1584,2,Male,1,0.5,"Male (1, 50.0%); Unknown (1, 50.0%)"
1585,2,Unknown,2,1.0,"Unknown (2, 100.0%)"
1586,2,Male,2,1.0,"Male (2, 100.0%)"
1587,2,Female,1,0.5,"Female (1, 50.0%); Male (1, 50.0%)"
1588,2,Male,1,0.5,"Male (1, 50.0%); Unknown (1, 50.0%)"
1589,2,Male,2,1.0,"Male (2, 100.0%)"
1590,2,Unknown,2,1.0,"Unknown (2, 100.0%)"
1591,2,Male,1,0.5,"Male (1, 50.0%); Unknown (1, 50.0%)"
1592,2,Unknown,2,1.0,"Unknown (2, 100.0%)"
1593,2,Unknown,2,1.0,"Unknown (2, 100.0%)"
1594,2,Male,1,0.5,"Male (1, 50.0%); Unknown (1, 50.0%)"
1595,2,Female,1,0.5,"Female (1, 50.0%); Unknown (1, 50.0%)"
1596,2,Male,2,1.0,"Male (2, 100.0%)"
1597,2,Unknown,2,1.0,"Unknown (2, 100.0%)"
1598,2,Female,1,0.5,"Female (1, 50.0%); Unknown (1, 50.0%)"
1599,2,Female,1,0.5,"Female (1, 50.0%); Male (1, 50.0%)"
1600,2,Female,2,1.0,"Female (2, 100.0%)"
1601,2,Male,1,0.5,"Male (1, 50.0%); Unknown (1, 50.0%)"
1602,2,Unknown,2,1.0,"Unknown (2, 100.0%)"
1603,2,Female,2,1.0,"Female (2, 100.0%)"
1604,2,Male,2,1.0,"Male (2, 100.0%)"
1605,2,Female,1,0.5,"Female (1, 50.0%); Male (1, 50.0%)"
1606,2,Unknown,2,1.0,"Unknown (2, 100.0%)"
1607,2,Unknown,2,1.0,"Unknown (2, 100.0%)"
1608,2,Unknown,2,1.0,"Unknown (2, 100.0%)"
1609,2,Male,1,0.5,"Male (1, 50.0%); Unknown (1, 50.0%)"
1610,2,Female,1,0.5,"Female (1, 50.0%); Unknown (1, 50.0%)"
1611,2,Male,1,0.5,"Male (1, 50.0%); Unknown (1, 50.0%)"
1612,2,Male,1,0.5,"Male (1, 50.0%); Unknown (1, 50.0%)"
1613,2,Male,1,0.5,"Male (1, 50.0%); Unknown (1, 50.0%)"
1614,2,Female,1,0.5,"Female (1, 50.0%); Unknown (1, 50.0%)"
1615,2,Unknown,2,1.0,"Unknown (2, 100.0%)"
1616,2,Female,2,1.0,"Female (2, 100.0%)"
1617,2,Unknown,2,1.0,"Unknown (2, 100.0%)"
1618,2,Unknown,2,1.0,"Unknown (2, 100.0%)"
1619,2,Male,1,0.5,"Male (1, 50.0%); Unknown (1, 50.0%)"
1620,2,Male,1,0.5,"Male (1, 50.0%); Unknown (1, 50.0%)"
1621,2,Unknown,2,1.0,"Unknown (2, 100.0%)"
1622,2,Male,1,0.5,"Male (1, 50.0%); Unknown (1, 50.0%)"
1623,2,Male,2,1.0,"Male (2, 100.0%)"
1624,2,Female,1,0.5,"Female (1, 50.0%); Male (1, 50.0%)"
1625,2,Female,1,0.5,"Female (1, 50.0%); Unknown (1, 50.0%)"
1626,2,Unknown,2,1.0,"Unknown (2, 100.0%)"
1627,2,Female,1,0.5,"Female (1, 50.0%); Male (1, 50.0%)"
1628,2,Male,1,0.5,"Male (1, 50.0%); Unknown (1, 50.0%)"
1629,2,Female,1,0.5,"Female (1, 50.0%); Male (1, 50.0%)"
1630,2,Male,2,1.0,"Male (2, 100.0%)"
1631,2,Female,1,0.5,"Female (1, 50.0%); Male (1, 50.0%)"
1632,2,Female,1,0.5,"Female (1, 50.0%); Male (1, 50.0%)"
1633,2,Female,2,1.0,"Female (2, 100.0%)"
1634,2,Female,1,0.5,"Female (1, 50.0%); Unknown (1, 50.0%)"
1635,2,Unknown,2,1.0,"Unknown (2, 100.0%)"
1636,2,Female,1,0.5,"Female (1, 50.0%); Male (1, 50.0%)"
1637,2,Male,1,0.5,"Male (1, 50.0%); Unknown (1, 50.0%)"
1638,2,Unknown,2,1.0,"Unknown (2, 100.0%)"
1639,2,Unknown,2,1.0,"Unknown (2, 100.0%)"
1640,2,Female,1,0.5,"Female (1, 50.0%); Unknown (1, 50.0%)"
1641,2,Female,1,0.5,"Female (1, 50.0%); Unknown (1, 50.0%)"
1642,2,Unknown,2,1.0,"Unknown (2, 100.0%)"
1643,2,Male,2,1.0,"Male (2, 100.0%)"
1644,2,Unknown,2,1.0,"Unknown (2, 100.0%)"
1645,2,Female,1,0.5,"Female (1, 50.0%); Unknown (1, 50.0%)"
1646,2,Male,2,1.0,"Male (2, 100.0%)"
1647,2,Male,2,1.0,"Male (2, 100.0%)"
1648,2,Unknown,2,1.0,"Unknown (2, 100.0%)"
1649,2,Male,2,1.0,"Male (2, 100.0%)"
1650,2,Female,1,0.5,"Female (1, 50.0%); Male (1, 50.0%)"
1651,2,Male,2,1.0,"Male (2, 100.0%)"
1652,2,Unknown,2,1.0,"Unknown (2, 100.0%)"
1653,2,Female,1,0.5,"Female (1, 50.0%); Unknown (1, 50.0%)"
1654,2,Unknown,2,1.0,"Unknown (2, 100.0%)"
1655,2,Unknown,2,1.0,"Unknown (2, 100.0%)"
1656,2,Unknown,2,1.0,"Unknown (2, 100.0%)"
1657,2,Female,1,0.5,"Female (1, 50.0%); Unknown (1, 50.0%)"
1658,2,Female,2,1.0,"Female (2, 100.0%)"
1659,2,Male,1,0.5,"Male (1, 50.0%); Unknown (1, 50.0%)"
1660,2,Female,2,1.0,"Female (2, 100.0%)"
1661,2,Female,1,0.5,"Female (1, 50.0%); Unknown (1, 50.0%)"
1662,2,Male,1,0.5,"Male (1, 50.0%); Unknown (1, 50.0%)"
1663,2,Male,1,0.5,"Male (1, 50.0%); Unknown (1, 50.0%)"
1664,2,Female,1,0.5,"Female (1, 50.0%); Unknown (1, 50.0%)"
1665,2,Unknown,2,1.0,"Unknown (2, 100.0%)"
1666,2,Unknown,2,1.0,"Unknown (2, 100.0%)"
1667,2,Unknown,2,1.0,"Unknown (2, 100.0%)"
1668,2,Male,1,0.5,"Male (1, 50.0%); Unknown (1, 50.0%)"
1669,2,Male,1,0.5,"Male (1, 50.0%); Unknown (1, 50.0%)"
1670,2,Male,1,0.5,"Male (1, 50.0%); Unknown (1, 50.0%)"
1671,2,Unknown,2,1.0,"Unknown (2, 100.0%)"
1672,2,Male,1,0.5,"Male (1, 50.0%); Unknown (1, 50.0%)"
1673,2,Unknown,2,1.0,"Unknown (2, 100.0%)"
1674,2,Female,1,0.5,"Female (1, 50.0%); Male (1, 50.0%)"
1675,2,Male,2,1.0,"Male (2, 100.0%)"
1676,2,Female,1,0.5,"Female (1, 50.0%); Unknown (1, 50.0%)"
1677,2,Male,2,1.0,"Male (2, 100.0%)"
1678,2,Female,1,0.5,"Female (1, 50.0%); Unknown (1, 50.0%)"
1679,2,Male,1,0.5,"Male (1, 50.0%); Unknown (1, 50.0%)"
1680,2,Male,2,1.0,"Male (2, 100.0%)"
1681,2,Unknown,2,1.0,"Unknown (2, 100.0%)"
1682,2,Male,2,1.0,"Male (2, 100.0%)"
1683,1,Unknown,1,1.0,"Unknown (1, 100.0%)"
1684,1,Unknown,1,1.0,"Unknown (1, 100.0%)"
1685,1,Male,1,1.0,"Male (1, 100.0%)"
1686,1,Male,1,1.0,"Male (1, 100.0%)"
1687,1,Female,1,1.0,"Female (1, 100.0%)"
1688,1,Male,1,1.0,"Male (1, 100.0%)"
1689,1,Male,1,1.0,"Male (1, 100.0%)"
1690,1,Male,1,1.0,"Male (1, 100.0%)"
1691,1,Female,1,1.0,"Female (1, 100.0%)"
1692,1,Unknown,1,1.0,"Unknown (1, 100.0%)"
1693,1,Unknown,1,1.0,"Unknown (1, 100.0%)"
1694,1,Unknown,1,1.0,"Unknown (1, 100.0%)"
1695,1,Female,1,1.0,"Female (1, 100.0%)"
1696,1,Female,1,1.0,"Female (1, 100.0%)"
1697,1,Female,1,1.0,"Female (1, 100.0%)"
1698,1,Female,1,1.0,"Female (1, 100.0%)"
1699,1,Male,1,1.0,"Male (1, 100.0%)"
1700,1,Female,1,1.0,"Female (1, 100.0%)"
1701,1,Male,1,1.0,"Male (1, 100.0%)"
1702,1,Male,1,1.0,"Male (1, 100.0%)"
1703,1,Male,1,1.0,"Male (1, 100.0%)"
1704,1,Male,1,1.0,"Male (1, 100.0%)"
1705,1,Unknown,1,1.0,"Unknown (1, 100.0%)"
1706,1,Male,1,1.0,"Male (1, 100.0%)"
1707,1,Male,1,1.0,"Male (1, 100.0%)"
1708,1,Male,1,1.0,"Male (1, 100.0%)"
1709,1,Female,1,1.0,"Female (1, 100.0%)"
1710,1,Female,1,1.0,"Female (1, 100.0%)"
1711,1,Female,1,1.0,"Female (1, 100.0%)"
1712,1,Unknown,1,1.0,"Unknown (1, 100.0%)"
1713,1,Male,1,1.0,"Male (1, 100.0%)"
1714,1,Unknown,1,1.0,"Unknown (1, 100.0%)"
1715,1,Male,1,1.0,"Male (1, 100.0%)"
1716,1,Unknown,1,1.0,"Unknown (1, 100.0%)"
1717,1,Unknown,1,1.0,"Unknown (1, 100.0%)"
1718,1,Male,1,1.0,"Male (1, 100.0%)"
1719,1,Unknown,1,1.0,"Unknown (1, 100.0%)"
1720,1,Female,1,1.0,"Female (1, 100.0%)"
1721,1,Female,1,1.0,"Female (1, 100.0%)"
1722,1,Female,1,1.0,"Female (1, 100.0%)"
1723,1,Male,1,1.0,"Male (1, 100.0%)"
1724,1,Unknown,1,1.0,"Unknown (1, 100.0%)"
1725,1,Female,1,1.0,"Female (1, 100.0%)"
1726,1,Female,1,1.0,"Female (1, 100.0%)"
1727,1,Unknown,1,1.0,"Unknown (1, 100.0%)"
1728,1,Male,1,1.0,"Male (1, 100.0%)"
1729,1,Male,1,1.0,"Male (1, 100.0%)"
1730,1,Male,1,1.0,"Male (1, 100.0%)"
1731,1,Female,1,1.0,"Female (1, 100.0%)"
1732,1,Male,1,1.0,"Male (1, 100.0%)"
1733,1,Male,1,1.0,"Male (1, 100.0%)"
1734,1,Unknown,1,1.0,"Unknown (1, 100.0%)"
1735,1,Unknown,1,1.0,"Unknown (1, 100.0%)"
1736,1,Female,1,1.0,"Female (1, 100.0%)"
1737,1,Unknown,1,1.0,"Unknown (1, 100.0%)"
1738,1,Male,1,1.0,"Male (1, 100.0%)"
1739,1,Male,1,1.0,"Male (1, 100.0%)"
1740,1,Female,1,1.0,"Female (1, 100.0%)"
1741,1,Female,1,1.0,"Female (1, 100.0%)"
1742,1,Unknown,1,1.0,"Unknown (1, 100.0%)"
1743,1,Male,1,1.0,"Male (1, 100.0%)"
1744,1,Unknown,1,1.0,"Unknown (1, 100.0%)"
1745,1,Unknown,1,1.0,"Unknown (1, 100.0%)"
1746,1,Female,1,1.0,"Female (1, 100.0%)"
1747,1,Female,1,1.0,"Female (1, 100.0%)"
1748,1,Unknown,1,1.0,"Unknown (1, 100.0%)"
1749,1,Unknown,1,1.0,"Unknown (1, 100.0%)"
1750,1,Male,1,1.0,"Male (1, 100.0%)"
1751,1,Male,1,1.0,"Male (1, 100.0%)"
1752,1,Unknown,1,1.0,"Unknown (1, 100.0%)"
1753,1,Unknown,1,1.0,"Unknown (1, 100.0%)"
1754,1,Female,1,1.0,"Female (1, 100.0%)"
1755,1,Unknown,1,1.0,"Unknown (1, 100.0%)"
1756,1,Male,1,1.0,"Male (1, 100.0%)"
1757,1,Female,1,1.0,"Female (1, 100.0%)"
1758,1,Unknown,1,1.0,"Unknown (1, 100.0%)"
1759,1,Male,1,1.0,"Male (1, 100.0%)"
1760,1,Unknown,1,1.0,"Unknown (1, 100.0%)"
1761,1,Unknown,1,1.0,"Unknown (1, 100.0%)"
1762,1,Unknown,1,1.0,"Unknown (1, 100.0%)"
1763,1,Unknown,1,1.0,"Unknown (1, 100.0%)"
1764,1,Unknown,1,1.0,"Unknown (1, 100.0%)"
1765,1,Female,1,1.0,"Female (1, 100.0%)"
1766,1,Unknown,1,1.0,"Unknown (1, 100.0%)"
1767,1,Female,1,1.0,"Female (1, 100.0%)"
1768,1,Unknown,1,1.0,"Unknown (1, 100.0%)"
1769,1,Male,1,1.0,"Male (1, 100.0%)"
1770,1,Unknown,1,1.0,"Unknown (1, 100.0%)"
1771,1,Male,1,1.0,"Male (1, 100.0%)"
1772,1,Female,1,1.0,"Female (1, 100.0%)"
1773,1,Male,1,1.0,"Male (1, 100.0%)"
1774,1,Female,1,1.0,"Female (1, 100.0%)"
1775,1,Male,1,1.0,"Male (1, 100.0%)"
1776,1,Female,1,1.0,"Female (1, 100.0%)"
1777,1,Male,1,1.0,"Male (1, 100.0%)"
1778,1,Female,1,1.0,"Female (1, 100.0%)"
1779,1,Unknown,1,1.0,"Unknown (1, 100.0%)"
1780,1,Female,1,1.0,"Female (1, 100.0%)"
1781,1,Unknown,1,1.0,"Unknown (1, 100.0%)"
1782,1,Male,1,1.0,"Male (1, 100.0%)"
1783,1,Unknown,1,1.0,"Unknown (1, 100.0%)"
1784,1,Male,1,1.0,"Male (1, 100.0%)"
1785,1,Female,1,1.0,"Female (1, 100.0%)"
1786,1,Unknown,1,1.0,"Unknown (1, 100.0%)"
1787,1,Unknown,1,1.0,"Unknown (1, 100.0%)"
1788,1,Female,1,1.0,"Female (1, 100.0%)"
1789,1,Unknown,1,1.0,"Unknown (1, 100.0%)"
1790,1,Male,1,1.0,"Male (1, 100.0%)"
1791,1,Unknown,1,1.0,"Unknown (1, 100.0%)"
1792,1,Female,1,1.0,"Female (1, 100.0%)"
1793,1,Female,1,1.0,"Female (1, 100.0%)"
1794,1,Unknown,1,1.0,"Unknown (1, 100.0%)"
1795,1,Male,1,1.0,"Male (1, 100.0%)"
1796,1,Unknown,1,1.0,"Unknown (1, 100.0%)"
1797,1,Unknown,1,1.0,"Unknown (1, 100.0%)"
1798,1,Unknown,1,1.0,"Unknown (1, 100.0%)"
1799,1,Unknown,1,1.0,"Unknown (1, 100.0%)"
1800,1,Female,1,1.0,"Female (1, 100.0%)"
1801,1,Unknown,1,1.0,"Unknown (1, 100.0%)"
1802,1,Female,1,1.0,"Female (1, 100.0%)"
1803,1,Female,1,1.0,"Female (1, 100.0%)"
1804,1,Unknown,1,1.0,"Unknown (1, 100.0%)"
1805,1,Male,1,1.0,"Male (1, 100.0%)"
1806,1,Male,1,1.0,"Male (1, 100.0%)"
1807,1,Male,1,1.0,"Male (1, 100.0%)"
1808,1,Unknown,1,1.0,"Unknown (1, 100.0%)"
1809,1,Male,1,1.0,"Male (1, 100.0%)"
1810,1,Male,1,1.0,"Male (1, 100.0%)"
1811,1,Unknown,1,1.0,"Unknown (1, 100.0%)"
1812,1,Unknown,1,1.0,"Unknown (1, 100.0%)"
1813,1,Male,1,1.0,"Male (1, 100.0%)"
1814,1,Unknown,1,1.0,"Unknown (1, 100.0%)"
1815,1,Male,1,1.0,"Male (1, 100.0%)"
1816,1,Female,1,1.0,"Female (1, 100.0%)"
1817,1,Female,1,1.0,"Female (1, 100.0%)"
1818,1,Male,1,1.0,"Male (1, 100.0%)"
1819,1,Female,1,1.0,"Female (1, 100.0%)"
1820,1,Male,1,1.0,"Male (1, 100.0%)"
1821,1,Female,1,1.0,"Female (1, 100.0%)"
1822,1,Male,1,1.0,"Male (1, 100.0%)"
1823,1,Male,1,1.0,"Male (1, 100.0%)"
1824,1,Unknown,1,1.0,"Unknown (1, 100.0%)"
1825,1,Unknown,1,1.0,"Unknown (1, 100.0%)"
1826,1,Male,1,1.0,"Male (1, 100.0%)"
1827,1,Male,1,1.0,"Male (1, 100.0%)"
1828,1,Male,1,1.0,"Male (1, 100.0%)"
1829,1,Unknown,1,1.0,"Unknown (1, 100.0%)"
1830,1,Male,1,1.0,"Male (1, 100.0%)"
1831,1,Unknown,1,1.0,"Unknown (1, 100.0%)"
1832,1,Male,1,1.0,"Male (1, 100.0%)"
1833,1,Male,1,1.0,"Male (1, 100.0%)"
1834,1,Unknown,1,1.0,"Unknown (1, 100.0%)"
1835,1,Male,1,1.0,"Male (1, 100.0%)"
1836,1,Unknown,1,1.0,"Unknown (1, 100.0%)"
1837,1,Unknown,1,1.0,"Unknown (1, 100.0%)"
1838,1,Unknown,1,1.0,"Unknown (1, 100.0%)"
1839,1,Male,1,1.0,"Male (1, 100.0%)"
1840,1,Unknown,1,1.0,"Unknown (1, 100.0%)"
1841,1,Male,1,1.0,"Male (1, 100.0%)"
1842,1,Unknown,1,1.0,"Unknown (1, 100.0%)"
1843,1,Unknown,1,1.0,"Unknown (1, 100.0%)"
1844,1,Unknown,1,1.0,"Unknown (1, 100.0%)"
1845,1,Female,1,1.0,"Female (1, 100.0%)"
1846,1,Male,1,1.0,"Male (1, 100.0%)"
1847,1,Unknown,1,1.0,"Unknown (1, 100.0%)"
1848,1,Unknown,1,1.0,"Unknown (1, 100.0%)"
1849,1,Unknown,1,1.0,"Unknown (1, 100.0%)"
1850,1,Female,1,1.0,"Female (1, 100.0%)"
1851,1,Unknown,1,1.0,"Unknown (1, 100.0%)"
1852,1,Female,1,1.0,"Female (1, 100.0%)"
1853,1,Male,1,1.0,"Male (1, 100.0%)"
1854,1,Unknown,1,1.0,"Unknown (1, 100.0%)"
1855,1,Male,1,1.0,"Male (1, 100.0%)"
1856,1,Male,1,1.0,"Male (1, 100.0%)"
1857,1,Unknown,1,1.0,"Unknown (1, 100.0%)"
