community,modal_country,n_authors,group_authors,author_share,rank
1,United States,2116,6959,0.3040666762465872,1
1,United Kingdom,677,6959,0.09728409254203191,2
1,Netherlands,631,6959,0.09067394740623652,3
1,Finland,538,6959,0.07730995832734588,4
1,Germany,518,6959,0.07443598218134789,5
1,Japan,264,6959,0.037936485127173444,6
1,Denmark,262,6959,0.03764908751257365,7
1,Australia,252,6959,0.03621209943957465,8
1,Sweden,205,6959,0.029458255496479378,9
1,Italy,154,6959,0.02212961632418451,10
1,Switzerland,118,6959,0.01695645926138813,11
1,China,105,6959,0.015088374766489438,12
1,Canada,102,6959,0.01465727834458974,13
1,Spain,99,6959,0.014226181922690042,14
1,Unknown country,92,6959,0.013220290271590746,15
1,Norway,81,6959,0.011639603391291851,16
1,Estonia,79,6959,0.011352205776692053,17
1,France,72,6959,0.010346314125592757,18
1,Austria,61,6959,0.008765627245293865,19
1,Greece,56,6959,0.008047133208794367,20
1,Brazil,42,6959,0.006035349906595776,21
1,Singapore,40,6959,0.005747952291995977,22
1,South Korea,39,6959,0.005604253484696077,23
1,Ireland,34,6959,0.00488575944819658,24
1,Poland,33,6959,0.0047420606408966805,25
1,Mexico,29,6959,0.0041672654116970825,26
1,Iceland,26,6959,0.003736168989797385,27
1,Belgium,23,6959,0.0033050725678976864,28
1,India,22,6959,0.003161373760597787,29
1,Qatar,19,6959,0.002730277338698089,30
1,Taiwan,18,6959,0.0025865785313981893,31
1,New Zealand,16,6959,0.0022991809167983907,32
1,Croatia,14,6959,0.0020117833021985917,33
1,Russia,13,6959,0.0018680844948986924,34
1,Czechia,11,6959,0.0015806868802988934,35
1,Israel,10,6959,0.0014369880729989942,36
1,South Africa,7,6959,0.0010058916510992959,37
1,Pakistan,6,6959,0.0008621928437993965,38
1,Saudi Arabia,6,6959,0.0008621928437993965,39
1,Colombia,5,6959,0.0007184940364994971,40
1,Kuwait,5,6959,0.0007184940364994971,41
1,Portugal,5,6959,0.0007184940364994971,42
1,Sri Lanka,5,6959,0.0007184940364994971,43
1,Cyprus,4,6959,0.0005747952291995977,44
1,Lithuania,4,6959,0.0005747952291995977,45
1,Samoa,4,6959,0.0005747952291995977,46
1,Bangladesh,3,6959,0.00043109642189969824,47
1,Bulgaria,3,6959,0.00043109642189969824,48
1,Latvia,3,6959,0.00043109642189969824,49
1,Malaysia,3,6959,0.00043109642189969824,50
1,Nigeria,3,6959,0.00043109642189969824,51
1,Philippines,3,6959,0.00043109642189969824,52
1,Egypt,2,6959,0.00028739761459979884,53
1,Faroe Islands,2,6959,0.00028739761459979884,54
1,Jamaica,2,6959,0.00028739761459979884,55
1,Romania,2,6959,0.00028739761459979884,56
1,United Arab Emirates,2,6959,0.00028739761459979884,57
1,Argentina,1,6959,0.00014369880729989942,58
1,Costa Rica,1,6959,0.00014369880729989942,59
1,Hungary,1,6959,0.00014369880729989942,60
1,Iran,1,6959,0.00014369880729989942,61
1,Jordan,1,6959,0.00014369880729989942,62
1,Lebanon,1,6959,0.00014369880729989942,63
1,Liechtenstein,1,6959,0.00014369880729989942,64
1,Peru,1,6959,0.00014369880729989942,65
1,Turkey,1,6959,0.00014369880729989942,66
2,United States,1459,3657,0.39896089691003556,1
2,United Kingdom,482,3657,0.1318020235165436,2
2,Germany,230,3657,0.06289308176100629,3
2,Spain,198,3657,0.054142739950779326,4
2,France,147,3657,0.04019688269073011,5
2,Netherlands,126,3657,0.034454470877768664,6
2,Australia,125,3657,0.03418102269619907,7
2,Italy,98,3657,0.02679792179382007,8
2,Canada,84,3657,0.022969647251845776,9
2,Sweden,81,3657,0.022149302707136997,10
2,China,56,3657,0.015313098167897183,11
2,Unknown country,56,3657,0.015313098167897183,12
2,Denmark,48,3657,0.013125512715340444,13
2,Japan,42,3657,0.011484823625922888,14
2,Norway,37,3657,0.010117582718074924,15
2,Belgium,32,3657,0.008750341810226962,16
2,Greece,31,3657,0.00847689362865737,17
2,Finland,29,3657,0.007929997265518185,18
2,South Korea,27,3657,0.007383100902378999,19
2,Brazil,20,3657,0.005468963631391851,20
2,Israel,20,3657,0.005468963631391851,21
2,Poland,20,3657,0.005468963631391851,22
2,Russia,20,3657,0.005468963631391851,23
2,Austria,19,3657,0.005195515449822259,24
2,Czechia,16,3657,0.004375170905113481,25
2,Switzerland,15,3657,0.004101722723543888,26
2,Ghana,11,3657,0.0030079299972655183,27
2,Ireland,10,3657,0.0027344818156959257,28
2,Nigeria,10,3657,0.0027344818156959257,29
2,South Africa,10,3657,0.0027344818156959257,30
2,Croatia,9,3657,0.002461033634126333,31
2,New Zealand,9,3657,0.002461033634126333,32
2,Singapore,9,3657,0.002461033634126333,33
2,Cyprus,6,3657,0.0016406890894175555,34
2,North Macedonia,6,3657,0.0016406890894175555,35
2,Indonesia,5,3657,0.0013672409078479629,36
2,Senegal,5,3657,0.0013672409078479629,37
2,Hungary,4,3657,0.0010937927262783702,38
2,Portugal,4,3657,0.0010937927262783702,39
2,Taiwan,4,3657,0.0010937927262783702,40
2,Bulgaria,3,3657,0.0008203445447087777,41
2,Iran,3,3657,0.0008203445447087777,42
2,Lithuania,3,3657,0.0008203445447087777,43
2,Malaysia,3,3657,0.0008203445447087777,44
2,Argentina,2,3657,0.0005468963631391851,45
2,Colombia,2,3657,0.0005468963631391851,46
2,Iceland,2,3657,0.0005468963631391851,47
2,India,2,3657,0.0005468963631391851,48
2,Kazakhstan,2,3657,0.0005468963631391851,49
2,Romania,2,3657,0.0005468963631391851,50
2,Serbia,2,3657,0.0005468963631391851,51
2,Turkey,2,3657,0.0005468963631391851,52
2,Uganda,2,3657,0.0005468963631391851,53
2,Barbados,1,3657,0.00027344818156959256,54
2,Belarus,1,3657,0.00027344818156959256,55
2,Estonia,1,3657,0.00027344818156959256,56
2,Mauritius,1,3657,0.00027344818156959256,57
2,Saudi Arabia,1,3657,0.00027344818156959256,58
2,Slovenia,1,3657,0.00027344818156959256,59
2,Uruguay,1,3657,0.00027344818156959256,60
3,United States,675,2646,0.25510204081632654,1
3,United Kingdom,420,2646,0.15873015873015872,2
3,Netherlands,280,2646,0.10582010582010581,3
3,Norway,199,2646,0.07520786092214664,4
3,Germany,175,2646,0.06613756613756613,5
3,France,156,2646,0.05895691609977324,6
3,Canada,133,2646,0.05026455026455026,7
3,China,104,2646,0.039304610733182165,8
3,Australia,93,2646,0.035147392290249435,9
3,Sweden,53,2646,0.0200302343159486,10
3,Ireland,46,2646,0.017384731670445956,11
3,Switzerland,43,2646,0.016250944822373395,12
3,Italy,39,2646,0.01473922902494331,13
3,Unknown country,36,2646,0.013605442176870748,14
3,Spain,35,2646,0.013227513227513227,15
3,Japan,22,2646,0.008314436885865457,16
3,Singapore,20,2646,0.007558578987150416,17
3,Denmark,16,2646,0.006046863189720333,18
3,South Korea,14,2646,0.005291005291005291,19
3,South Africa,13,2646,0.0049130763416477706,20
3,Austria,10,2646,0.003779289493575208,21
3,Chile,9,2646,0.003401360544217687,22
3,Belgium,8,2646,0.0030234315948601664,23
3,Iceland,6,2646,0.0022675736961451248,24
3,Brazil,4,2646,0.0015117157974300832,25
3,Finland,4,2646,0.0015117157974300832,26
3,India,4,2646,0.0015117157974300832,27
3,Saudi Arabia,4,2646,0.0015117157974300832,28
3,Israel,3,2646,0.0011337868480725624,29
3,Argentina,2,2646,0.0007558578987150416,30
3,Cuba,2,2646,0.0007558578987150416,31
3,Iran,2,2646,0.0007558578987150416,32
3,New Zealand,2,2646,0.0007558578987150416,33
3,Romania,2,2646,0.0007558578987150416,34
3,Slovenia,2,2646,0.0007558578987150416,35
3,Taiwan,2,2646,0.0007558578987150416,36
3,Estonia,1,2646,0.0003779289493575208,37
3,Greece,1,2646,0.0003779289493575208,38
3,Indonesia,1,2646,0.0003779289493575208,39
3,Luxembourg,1,2646,0.0003779289493575208,40
3,Nigeria,1,2646,0.0003779289493575208,41
3,Poland,1,2646,0.0003779289493575208,42
3,Russia,1,2646,0.0003779289493575208,43
3,Serbia,1,2646,0.0003779289493575208,44
4,United Kingdom,1999,2207,0.9057544177616674,1
4,Italy,156,2207,0.07068418667874943,2
4,Unknown country,18,2207,0.008155867693701857,3
4,Australia,8,2207,0.0036248300860897147,4
4,United States,6,2207,0.002718622564567286,5
4,Ireland,5,2207,0.0022655188038060714,6
4,France,3,2207,0.001359311282283643,7
4,Belgium,2,2207,0.0009062075215224287,8
4,China,2,2207,0.0009062075215224287,9
4,Singapore,2,2207,0.0009062075215224287,10
4,Spain,2,2207,0.0009062075215224287,11
4,Canada,1,2207,0.00045310376076121433,12
4,Denmark,1,2207,0.00045310376076121433,13
4,Portugal,1,2207,0.00045310376076121433,14
4,United Arab Emirates,1,2207,0.00045310376076121433,15
5,United Kingdom,1078,2086,0.5167785234899329,1
5,United States,337,2086,0.16155321188878236,2
5,China,137,2086,0.06567593480345159,3
5,Germany,103,2086,0.04937679769894535,4
5,Australia,63,2086,0.030201342281879196,5
5,Sweden,41,2086,0.019654841802492808,6
5,India,39,2086,0.018696069031639503,7
5,Netherlands,36,2086,0.01725790987535954,8
5,Poland,31,2086,0.014860977948226271,9
5,Unknown country,30,2086,0.014381591562799617,10
5,Italy,28,2086,0.013422818791946308,11
5,Canada,27,2086,0.012943432406519654,12
5,Spain,21,2086,0.010067114093959731,13
5,Brazil,20,2086,0.009587727708533078,14
5,France,17,2086,0.008149568552253116,15
5,Denmark,14,2086,0.006711409395973154,16
5,Norway,8,2086,0.003835091083413231,17
5,Austria,6,2086,0.0028763183125599234,18
5,Belgium,6,2086,0.0028763183125599234,19
5,Switzerland,6,2086,0.0028763183125599234,20
5,Finland,5,2086,0.0023969319271332696,21
5,Mexico,5,2086,0.0023969319271332696,22
5,Japan,4,2086,0.0019175455417066154,23
5,Greece,3,2086,0.0014381591562799617,24
5,Kenya,3,2086,0.0014381591562799617,25
5,Portugal,3,2086,0.0014381591562799617,26
5,Argentina,2,2086,0.0009587727708533077,27
5,Estonia,2,2086,0.0009587727708533077,28
5,Bangladesh,1,2086,0.00047938638542665386,29
5,Cameroon,1,2086,0.00047938638542665386,30
5,Chile,1,2086,0.00047938638542665386,31
5,Cyprus,1,2086,0.00047938638542665386,32
5,Iceland,1,2086,0.00047938638542665386,33
5,Kuwait,1,2086,0.00047938638542665386,34
5,New Zealand,1,2086,0.00047938638542665386,35
5,Saudi Arabia,1,2086,0.00047938638542665386,36
5,Singapore,1,2086,0.00047938638542665386,37
5,South Korea,1,2086,0.00047938638542665386,38
5,Venezuela,1,2086,0.00047938638542665386,39
6,United States,1332,1948,0.6837782340862423,1
6,Germany,170,1948,0.08726899383983573,2
6,Unknown country,83,1948,0.04260780287474333,3
6,China,50,1948,0.02566735112936345,4
6,Iran,47,1948,0.024127310061601643,5
6,Canada,32,1948,0.01642710472279261,6
6,France,31,1948,0.01591375770020534,7
6,United Kingdom,26,1948,0.013347022587268994,8
6,Italy,20,1948,0.01026694045174538,9
6,Netherlands,19,1948,0.009753593429158111,10
6,Poland,16,1948,0.008213552361396304,11
6,Australia,12,1948,0.006160164271047228,12
6,Sweden,12,1948,0.006160164271047228,13
6,Saudi Arabia,10,1948,0.00513347022587269,14
6,Spain,10,1948,0.00513347022587269,15
6,Qatar,9,1948,0.004620123203285421,16
6,Switzerland,7,1948,0.003593429158110883,17
6,Taiwan,7,1948,0.003593429158110883,18
6,Belgium,6,1948,0.003080082135523614,19
6,Finland,6,1948,0.003080082135523614,20
6,Mexico,6,1948,0.003080082135523614,21
6,Ireland,4,1948,0.002053388090349076,22
6,Japan,4,1948,0.002053388090349076,23
6,South Korea,4,1948,0.002053388090349076,24
6,Austria,3,1948,0.001540041067761807,25
6,Croatia,3,1948,0.001540041067761807,26
6,Singapore,3,1948,0.001540041067761807,27
6,Brazil,2,1948,0.001026694045174538,28
6,Denmark,2,1948,0.001026694045174538,29
6,Israel,2,1948,0.001026694045174538,30
6,North Macedonia,2,1948,0.001026694045174538,31
6,Pakistan,2,1948,0.001026694045174538,32
6,Turkey,2,1948,0.001026694045174538,33
6,Czechia,1,1948,0.000513347022587269,34
6,Egypt,1,1948,0.000513347022587269,35
6,New Zealand,1,1948,0.000513347022587269,36
6,Thailand,1,1948,0.000513347022587269,37
7,United Kingdom,995,1819,0.5470038482682793,1
7,United States,202,1819,0.11105002748763057,2
7,Germany,165,1819,0.09070918086860913,3
7,Netherlands,82,1819,0.04507971412864211,4
7,France,42,1819,0.02308960967564596,5
7,Italy,38,1819,0.020890599230346345,6
7,Switzerland,35,1819,0.019241341396371632,7
7,Canada,34,1819,0.018691588785046728,8
7,Spain,33,1819,0.018141836173721827,9
7,Brazil,22,1819,0.012094557449147883,10
7,Unknown country,18,1819,0.009895547003848268,11
7,Australia,17,1819,0.009345794392523364,12
7,China,15,1819,0.008246289169873557,13
7,Austria,13,1819,0.007146783947223749,14
7,Sweden,13,1819,0.007146783947223749,15
7,Singapore,12,1819,0.006597031335898846,16
7,Finland,9,1819,0.004947773501924134,17
7,New Zealand,9,1819,0.004947773501924134,18
7,United Arab Emirates,8,1819,0.0043980208905992305,19
7,Hungary,7,1819,0.0038482682792743265,20
7,Thailand,6,1819,0.003298515667949423,21
7,Iran,5,1819,0.002748763056624519,22
7,Belgium,4,1819,0.0021990104452996153,23
7,Egypt,4,1819,0.0021990104452996153,24
7,India,4,1819,0.0021990104452996153,25
7,Argentina,3,1819,0.0016492578339747114,26
7,Denmark,3,1819,0.0016492578339747114,27
7,Japan,3,1819,0.0016492578339747114,28
7,Romania,3,1819,0.0016492578339747114,29
7,Chile,2,1819,0.0010995052226498076,30
7,Portugal,2,1819,0.0010995052226498076,31
7,South Africa,2,1819,0.0010995052226498076,32
7,Uruguay,2,1819,0.0010995052226498076,33
7,Colombia,1,1819,0.0005497526113249038,34
7,Ethiopia,1,1819,0.0005497526113249038,35
7,Greece,1,1819,0.0005497526113249038,36
7,Ireland,1,1819,0.0005497526113249038,37
7,Qatar,1,1819,0.0005497526113249038,38
7,Slovenia,1,1819,0.0005497526113249038,39
7,South Korea,1,1819,0.0005497526113249038,40
8,United Kingdom,469,1649,0.28441479684657367,1
8,United States,304,1649,0.18435415403274713,2
8,Australia,209,1649,0.12674348089751364,3
8,China,156,1649,0.09460278956943602,4
8,Singapore,104,1649,0.06306852637962401,5
8,Unknown country,64,1649,0.038811400848999394,6
8,Switzerland,54,1649,0.03274711946634324,7
8,South Korea,32,1649,0.019405700424499697,8
8,Qatar,27,1649,0.01637355973317162,9
8,Netherlands,26,1649,0.015767131594906003,10
8,Taiwan,22,1649,0.013341419041843541,11
8,Spain,20,1649,0.01212856276531231,12
8,Germany,18,1649,0.010915706488781079,13
8,Denmark,15,1649,0.009096422073984234,14
8,Japan,15,1649,0.009096422073984234,15
8,Canada,13,1649,0.007883565797453002,16
8,Austria,12,1649,0.0072771376591873865,17
8,France,10,1649,0.006064281382656155,18
8,Malaysia,10,1649,0.006064281382656155,19
8,Sweden,8,1649,0.004851425106124924,20
8,India,7,1649,0.004244996967859308,21
8,Italy,7,1649,0.004244996967859308,22
8,Thailand,7,1649,0.004244996967859308,23
8,Ireland,5,1649,0.0030321406913280777,24
8,Brazil,4,1649,0.002425712553062462,25
8,New Zealand,4,1649,0.002425712553062462,26
8,Czechia,3,1649,0.0018192844147968466,27
8,Estonia,3,1649,0.0018192844147968466,28
8,Russia,3,1649,0.0018192844147968466,29
8,Nigeria,2,1649,0.001212856276531231,30
8,Pakistan,2,1649,0.001212856276531231,31
8,Algeria,1,1649,0.0006064281382656155,32
8,Finland,1,1649,0.0006064281382656155,33
8,Ghana,1,1649,0.0006064281382656155,34
8,Greece,1,1649,0.0006064281382656155,35
8,Hungary,1,1649,0.0006064281382656155,36
8,Israel,1,1649,0.0006064281382656155,37
8,Norway,1,1649,0.0006064281382656155,38
8,Philippines,1,1649,0.0006064281382656155,39
8,Portugal,1,1649,0.0006064281382656155,40
8,South Africa,1,1649,0.0006064281382656155,41
8,Tanzania,1,1649,0.0006064281382656155,42
8,United Arab Emirates,1,1649,0.0006064281382656155,43
8,Uzbekistan,1,1649,0.0006064281382656155,44
8,Vietnam,1,1649,0.0006064281382656155,45
9,United Kingdom,684,1520,0.45,1
9,United States,458,1520,0.3013157894736842,2
9,Unknown country,48,1520,0.031578947368421054,3
9,Spain,47,1520,0.030921052631578946,4
9,Germany,41,1520,0.026973684210526316,5
9,South Africa,35,1520,0.023026315789473683,6
9,Australia,33,1520,0.021710526315789475,7
9,Netherlands,29,1520,0.019078947368421053,8
9,China,20,1520,0.013157894736842105,9
9,Canada,14,1520,0.009210526315789473,10
9,Switzerland,11,1520,0.007236842105263158,11
9,Finland,8,1520,0.005263157894736842,12
9,Norway,8,1520,0.005263157894736842,13
9,Bangladesh,7,1520,0.004605263157894736,14
9,Mali,7,1520,0.004605263157894736,15
9,India,6,1520,0.003947368421052632,16
9,Uganda,6,1520,0.003947368421052632,17
9,Belgium,4,1520,0.002631578947368421,18
9,France,4,1520,0.002631578947368421,19
9,Malta,4,1520,0.002631578947368421,20
9,Nigeria,4,1520,0.002631578947368421,21
9,South Korea,4,1520,0.002631578947368421,22
9,Japan,3,1520,0.001973684210526316,23
9,Kenya,3,1520,0.001973684210526316,24
9,Sweden,3,1520,0.001973684210526316,25
9,Botswana,2,1520,0.0013157894736842105,26
9,Burkina Faso,2,1520,0.0013157894736842105,27
9,Ghana,2,1520,0.0013157894736842105,28
9,Greece,2,1520,0.0013157894736842105,29
9,Italy,2,1520,0.0013157894736842105,30
9,Poland,2,1520,0.0013157894736842105,31
9,Slovenia,2,1520,0.0013157894736842105,32
9,Cameroon,1,1520,0.0006578947368421052,33
9,Costa Rica,1,1520,0.0006578947368421052,34
9,Egypt,1,1520,0.0006578947368421052,35
9,Estonia,1,1520,0.0006578947368421052,36
9,Iceland,1,1520,0.0006578947368421052,37
9,Iran,1,1520,0.0006578947368421052,38
9,Israel,1,1520,0.0006578947368421052,39
9,Malawi,1,1520,0.0006578947368421052,40
9,New Zealand,1,1520,0.0006578947368421052,41
9,Pakistan,1,1520,0.0006578947368421052,42
9,Philippines,1,1520,0.0006578947368421052,43
9,Sudan,1,1520,0.0006578947368421052,44
9,Thailand,1,1520,0.0006578947368421052,45
9,Tunisia,1,1520,0.0006578947368421052,46
9,United Arab Emirates,1,1520,0.0006578947368421052,47
10,United States,488,1519,0.32126398946675444,1
10,United Kingdom,253,1519,0.16655694535878868,2
10,Spain,125,1519,0.08229098090849243,3
10,Germany,85,1519,0.05595786701777485,4
10,Italy,74,1519,0.048716260697827515,5
10,Canada,60,1519,0.03949967083607637,6
10,France,48,1519,0.031599736668861095,7
10,Netherlands,47,1519,0.030941408821593155,8
10,Nigeria,43,1519,0.028308097432521395,9
10,Unknown country,42,1519,0.027649769585253458,10
10,Finland,30,1519,0.019749835418038184,11
10,Greece,23,1519,0.015141540487162607,12
10,Norway,23,1519,0.015141540487162607,13
10,Japan,21,1519,0.013824884792626729,14
10,China,18,1519,0.01184990125082291,15
10,Sweden,15,1519,0.009874917709019092,16
10,Denmark,12,1519,0.007899934167215274,17
10,Australia,11,1519,0.007241606319947334,18
10,Belgium,11,1519,0.007241606319947334,19
10,Singapore,11,1519,0.007241606319947334,20
10,Russia,10,1519,0.0065832784726793945,21
10,Cyprus,7,1519,0.004608294930875576,22
10,Israel,7,1519,0.004608294930875576,23
10,Portugal,7,1519,0.004608294930875576,24
10,Switzerland,7,1519,0.004608294930875576,25
10,Turkey,6,1519,0.003949967083607637,26
10,Brazil,5,1519,0.0032916392363396972,27
10,Poland,5,1519,0.0032916392363396972,28
10,Dominican Republic,3,1519,0.0019749835418038184,29
10,Hungary,3,1519,0.0019749835418038184,30
10,Austria,2,1519,0.0013166556945358788,31
10,Bulgaria,2,1519,0.0013166556945358788,32
10,Czechia,2,1519,0.0013166556945358788,33
10,Estonia,2,1519,0.0013166556945358788,34
10,Lithuania,2,1519,0.0013166556945358788,35
10,South Africa,2,1519,0.0013166556945358788,36
10,Armenia,1,1519,0.0006583278472679394,37
10,Iceland,1,1519,0.0006583278472679394,38
10,Kazakhstan,1,1519,0.0006583278472679394,39
10,Mexico,1,1519,0.0006583278472679394,40
10,New Zealand,1,1519,0.0006583278472679394,41
10,North Macedonia,1,1519,0.0006583278472679394,42
10,Peru,1,1519,0.0006583278472679394,43
11,United States,966,1505,0.641860465116279,1
11,South Korea,136,1505,0.09036544850498339,2
11,Canada,91,1505,0.06046511627906977,3
11,China,69,1505,0.04584717607973422,4
11,Germany,39,1505,0.025913621262458473,5
11,Australia,24,1505,0.015946843853820596,6
11,Netherlands,24,1505,0.015946843853820596,7
11,Italy,20,1505,0.013289036544850499,8
11,Spain,16,1505,0.0106312292358804,9
11,Japan,15,1505,0.009966777408637873,10
11,United Kingdom,15,1505,0.009966777408637873,11
11,Israel,13,1505,0.008637873754152824,12
11,Unknown country,11,1505,0.007308970099667774,13
11,Poland,9,1505,0.005980066445182724,14
11,Switzerland,9,1505,0.005980066445182724,15
11,Brazil,7,1505,0.004651162790697674,16
11,Norway,5,1505,0.0033222591362126247,17
11,Belgium,4,1505,0.0026578073089701,18
11,Estonia,4,1505,0.0026578073089701,19
11,India,4,1505,0.0026578073089701,20
11,Sweden,4,1505,0.0026578073089701,21
11,Denmark,3,1505,0.0019933554817275745,22
11,Ireland,3,1505,0.0019933554817275745,23
11,Singapore,3,1505,0.0019933554817275745,24
11,Finland,2,1505,0.00132890365448505,25
11,Taiwan,2,1505,0.00132890365448505,26
11,Turkey,2,1505,0.00132890365448505,27
11,Czechia,1,1505,0.000664451827242525,28
11,Egypt,1,1505,0.000664451827242525,29
11,Hungary,1,1505,0.000664451827242525,30
11,Serbia,1,1505,0.000664451827242525,31
11,Thailand,1,1505,0.000664451827242525,32
12,United Kingdom,968,1497,0.6466265865063461,1
12,United States,79,1497,0.052772211088844355,2
12,Australia,62,1497,0.041416165664662656,3
12,Italy,59,1497,0.0394121576486306,4
12,Netherlands,29,1497,0.019372077488309953,5
12,Saudi Arabia,28,1497,0.018704074816299265,6
12,Spain,24,1497,0.01603206412825651,7
12,China,23,1497,0.015364061456245824,8
12,Sweden,21,1497,0.014028056112224449,9
12,France,19,1497,0.012692050768203072,10
12,Germany,16,1497,0.01068804275217101,11
12,Ireland,16,1497,0.01068804275217101,12
12,Unknown country,16,1497,0.01068804275217101,13
12,Taiwan,12,1497,0.008016032064128256,14
12,Denmark,11,1497,0.007348029392117568,15
12,Finland,11,1497,0.007348029392117568,16
12,Norway,11,1497,0.007348029392117568,17
12,Canada,10,1497,0.006680026720106881,18
12,Chile,10,1497,0.006680026720106881,19
12,Poland,10,1497,0.006680026720106881,20
12,Switzerland,9,1497,0.006012024048096192,21
12,Belgium,7,1497,0.004676018704074816,22
12,South Korea,7,1497,0.004676018704074816,23
12,India,6,1497,0.004008016032064128,24
12,Portugal,6,1497,0.004008016032064128,25
12,Kuwait,5,1497,0.0033400133600534404,26
12,Namibia,5,1497,0.0033400133600534404,27
12,Austria,2,1497,0.0013360053440213762,28
12,Brazil,2,1497,0.0013360053440213762,29
12,Brunei,2,1497,0.0013360053440213762,30
12,Israel,2,1497,0.0013360053440213762,31
12,Luxembourg,2,1497,0.0013360053440213762,32
12,Estonia,1,1497,0.0006680026720106881,33
12,Greece,1,1497,0.0006680026720106881,34
12,Iceland,1,1497,0.0006680026720106881,35
12,Lithuania,1,1497,0.0006680026720106881,36
12,Malaysia,1,1497,0.0006680026720106881,37
12,Romania,1,1497,0.0006680026720106881,38
12,Singapore,1,1497,0.0006680026720106881,39
13,United Kingdom,558,1421,0.39268121041520054,1
13,China,144,1421,0.10133708655876143,2
13,United States,121,1421,0.08515130190007038,3
13,Australia,117,1421,0.08233638282899367,4
13,Canada,90,1421,0.0633356790992259,5
13,Norway,82,1421,0.057705840957072485,6
13,Denmark,74,1421,0.05207600281491907,7
13,Germany,39,1421,0.02744546094299789,8
13,Sweden,26,1421,0.018296973961998593,9
13,Spain,20,1421,0.014074595355383532,10
13,Japan,19,1421,0.013370865587614356,11
13,Switzerland,19,1421,0.013370865587614356,12
13,Unknown country,16,1421,0.011259676284306826,13
13,France,14,1421,0.009852216748768473,14
13,Netherlands,14,1421,0.009852216748768473,15
13,Greece,13,1421,0.009148486980999296,16
13,Finland,12,1421,0.00844475721323012,17
13,Italy,7,1421,0.0049261083743842365,18
13,Belgium,5,1421,0.003518648838845883,19
13,Hungary,3,1421,0.00211118930330753,20
13,Ireland,3,1421,0.00211118930330753,21
13,South Korea,3,1421,0.00211118930330753,22
13,Estonia,2,1421,0.0014074595355383533,23
13,Iran,2,1421,0.0014074595355383533,24
13,Israel,2,1421,0.0014074595355383533,25
13,Lithuania,2,1421,0.0014074595355383533,26
13,Portugal,2,1421,0.0014074595355383533,27
13,Romania,2,1421,0.0014074595355383533,28
13,Austria,1,1421,0.0007037297677691766,29
13,Brazil,1,1421,0.0007037297677691766,30
13,Czechia,1,1421,0.0007037297677691766,31
13,Iceland,1,1421,0.0007037297677691766,32
13,Malaysia,1,1421,0.0007037297677691766,33
13,Mexico,1,1421,0.0007037297677691766,34
13,Singapore,1,1421,0.0007037297677691766,35
13,South Africa,1,1421,0.0007037297677691766,36
13,Turkey,1,1421,0.0007037297677691766,37
13,United Arab Emirates,1,1421,0.0007037297677691766,38
14,United Kingdom,482,1283,0.37568199532346064,1
14,United States,384,1283,0.2992985190958691,2
14,Netherlands,71,1283,0.05533904910366329,3
14,Germany,60,1283,0.04676539360872954,4
14,Finland,38,1283,0.029618082618862042,5
14,Australia,31,1283,0.024162120031176928,6
14,China,25,1283,0.019485580670303974,7
14,Denmark,21,1283,0.01636788776305534,8
14,Sweden,19,1283,0.014809041309431021,9
14,Switzerland,17,1283,0.013250194855806703,10
14,France,15,1283,0.011691348402182385,11
14,Spain,15,1283,0.011691348402182385,12
14,Austria,13,1283,0.010132501948558068,13
14,Canada,13,1283,0.010132501948558068,14
14,Israel,9,1283,0.007014809041309431,15
14,Poland,9,1283,0.007014809041309431,16
14,India,7,1283,0.005455962587685113,17
14,Italy,7,1283,0.005455962587685113,18
14,Mexico,6,1283,0.004676539360872954,19
14,Turkey,6,1283,0.004676539360872954,20
14,Bangladesh,4,1283,0.003117692907248636,21
14,Taiwan,4,1283,0.003117692907248636,22
14,Czechia,3,1283,0.002338269680436477,23
14,Ireland,3,1283,0.002338269680436477,24
14,Japan,3,1283,0.002338269680436477,25
14,Lithuania,3,1283,0.002338269680436477,26
14,Unknown country,3,1283,0.002338269680436477,27
14,Brazil,2,1283,0.001558846453624318,28
14,South Korea,2,1283,0.001558846453624318,29
14,Argentina,1,1283,0.000779423226812159,30
14,Chile,1,1283,0.000779423226812159,31
14,New Zealand,1,1283,0.000779423226812159,32
14,Norway,1,1283,0.000779423226812159,33
14,Qatar,1,1283,0.000779423226812159,34
14,Serbia,1,1283,0.000779423226812159,35
14,Singapore,1,1283,0.000779423226812159,36
14,South Africa,1,1283,0.000779423226812159,37
15,United States,819,1279,0.6403440187646599,1
15,United Kingdom,69,1279,0.05394839718530102,2
15,Canada,61,1279,0.04769351055512119,3
15,Taiwan,53,1279,0.04143862392494136,4
15,Germany,46,1279,0.03596559812353401,5
15,Unknown country,25,1279,0.019546520719311962,6
15,Australia,21,1279,0.01641907740422205,7
15,Italy,21,1279,0.01641907740422205,8
15,Netherlands,21,1279,0.01641907740422205,9
15,Switzerland,16,1279,0.012509773260359656,10
15,Brazil,15,1279,0.011727912431587178,11
15,Bosnia and Herzegovina,14,1279,0.0109460516028147,12
15,Spain,14,1279,0.0109460516028147,13
15,Kenya,8,1279,0.006254886630179828,14
15,France,7,1279,0.00547302580140735,15
15,China,6,1279,0.004691164972634871,16
15,Denmark,6,1279,0.004691164972634871,17
15,Turkey,6,1279,0.004691164972634871,18
15,Croatia,5,1279,0.003909304143862392,19
15,Finland,5,1279,0.003909304143862392,20
15,India,5,1279,0.003909304143862392,21
15,South Africa,5,1279,0.003909304143862392,22
15,Sweden,4,1279,0.003127443315089914,23
15,Austria,3,1279,0.0023455824863174357,24
15,Georgia,2,1279,0.001563721657544957,25
15,Japan,2,1279,0.001563721657544957,26
15,Mexico,2,1279,0.001563721657544957,27
15,Nigeria,2,1279,0.001563721657544957,28
15,Norway,2,1279,0.001563721657544957,29
15,Portugal,2,1279,0.001563721657544957,30
15,Romania,2,1279,0.001563721657544957,31
15,Belgium,1,1279,0.0007818608287724785,32
15,Estonia,1,1279,0.0007818608287724785,33
15,Iceland,1,1279,0.0007818608287724785,34
15,Ireland,1,1279,0.0007818608287724785,35
15,Peru,1,1279,0.0007818608287724785,36
15,Poland,1,1279,0.0007818608287724785,37
15,Singapore,1,1279,0.0007818608287724785,38
15,Slovenia,1,1279,0.0007818608287724785,39
15,Thailand,1,1279,0.0007818608287724785,40
15,United Arab Emirates,1,1279,0.0007818608287724785,41
16,China,1000,1114,0.8976660682226212,1
16,United States,60,1114,0.05385996409335727,2
16,Sweden,14,1114,0.012567324955116697,3
16,Singapore,10,1114,0.008976660682226212,4
16,Netherlands,6,1114,0.005385996409335727,5
16,Germany,5,1114,0.004488330341113106,6
16,United Kingdom,5,1114,0.004488330341113106,7
16,Australia,4,1114,0.003590664272890485,8
16,Canada,2,1114,0.0017953321364452424,9
16,Austria,1,1114,0.0008976660682226212,10
16,Brazil,1,1114,0.0008976660682226212,11
16,Finland,1,1114,0.0008976660682226212,12
16,Israel,1,1114,0.0008976660682226212,13
16,Italy,1,1114,0.0008976660682226212,14
16,Japan,1,1114,0.0008976660682226212,15
16,Russia,1,1114,0.0008976660682226212,16
16,South Africa,1,1114,0.0008976660682226212,17
17,United States,724,1113,0.6504941599281222,1
17,United Kingdom,80,1113,0.07187780772686433,2
17,Israel,43,1113,0.03863432165318958,3
17,Germany,42,1113,0.03773584905660377,4
17,Denmark,37,1113,0.03324348607367475,5
17,China,35,1113,0.031446540880503145,6
17,South Korea,32,1113,0.028751123090745734,7
17,Brazil,23,1113,0.020664869721473494,8
17,Sweden,14,1113,0.012578616352201259,9
17,Spain,13,1113,0.011680143755615454,10
17,Estonia,11,1113,0.009883198562443846,11
17,Canada,10,1113,0.008984725965858042,12
17,New Zealand,9,1113,0.008086253369272238,13
17,Unknown country,8,1113,0.0071877807726864335,14
17,India,6,1113,0.005390835579514825,15
17,Switzerland,6,1113,0.005390835579514825,16
17,Australia,4,1113,0.0035938903863432167,17
17,France,4,1113,0.0035938903863432167,18
17,Italy,4,1113,0.0035938903863432167,19
17,Greece,3,1113,0.0026954177897574125,20
17,Ireland,2,1113,0.0017969451931716084,21
17,Netherlands,1,1113,0.0008984725965858042,22
17,South Africa,1,1113,0.0008984725965858042,23
17,Uganda,1,1113,0.0008984725965858042,24
18,China,902,1064,0.8477443609022557,1
18,United States,92,1064,0.08646616541353383,2
18,Australia,30,1064,0.02819548872180451,3
18,United Kingdom,10,1064,0.009398496240601503,4
18,Canada,9,1064,0.008458646616541353,5
18,Netherlands,4,1064,0.0037593984962406013,6
18,Japan,3,1064,0.002819548872180451,7
18,Denmark,2,1064,0.0018796992481203006,8
18,Germany,2,1064,0.0018796992481203006,9
18,Singapore,2,1064,0.0018796992481203006,10
18,Spain,2,1064,0.0018796992481203006,11
18,Unknown country,2,1064,0.0018796992481203006,12
18,Iran,1,1064,0.0009398496240601503,13
18,Kenya,1,1064,0.0009398496240601503,14
18,New Zealand,1,1064,0.0009398496240601503,15
18,Sweden,1,1064,0.0009398496240601503,16
19,United States,627,1063,0.5898400752587017,1
19,Australia,88,1063,0.08278457196613359,2
19,China,69,1063,0.06491063029162747,3
19,Canada,67,1063,0.06302916274694262,4
19,South Korea,58,1063,0.05456255879586077,5
19,United Kingdom,51,1063,0.04797742238946378,6
19,Unknown country,40,1063,0.03762935089369708,7
19,Netherlands,19,1063,0.017873941674506115,8
19,Germany,7,1063,0.00658513640639699,9
19,Belgium,5,1063,0.004703668861712135,10
19,Denmark,5,1063,0.004703668861712135,11
19,United Arab Emirates,4,1063,0.0037629350893697085,12
19,Brazil,3,1063,0.0028222013170272815,13
19,Saudi Arabia,3,1063,0.0028222013170272815,14
19,France,2,1063,0.0018814675446848542,15
19,Italy,2,1063,0.0018814675446848542,16
19,Malaysia,2,1063,0.0018814675446848542,17
19,Qatar,2,1063,0.0018814675446848542,18
19,Sweden,2,1063,0.0018814675446848542,19
19,Bolivia,1,1063,0.0009407337723424271,20
19,Costa Rica,1,1063,0.0009407337723424271,21
19,Ireland,1,1063,0.0009407337723424271,22
19,Norway,1,1063,0.0009407337723424271,23
19,Spain,1,1063,0.0009407337723424271,24
19,Switzerland,1,1063,0.0009407337723424271,25
19,Taiwan,1,1063,0.0009407337723424271,26
20,United States,335,1050,0.319047619047619,1
20,Australia,271,1050,0.2580952380952381,2
20,France,80,1050,0.0761904761904762,3
20,Belgium,50,1050,0.047619047619047616,4
20,Sweden,45,1050,0.04285714285714286,5
20,United Kingdom,43,1050,0.040952380952380955,6
20,China,35,1050,0.03333333333333333,7
20,Germany,33,1050,0.03142857142857143,8
20,Spain,29,1050,0.02761904761904762,9
20,Italy,26,1050,0.024761904761904763,10
20,Canada,15,1050,0.014285714285714285,11
20,Iran,12,1050,0.011428571428571429,12
20,Unknown country,8,1050,0.007619047619047619,13
20,Brazil,7,1050,0.006666666666666667,14
20,Japan,7,1050,0.006666666666666667,15
20,Denmark,5,1050,0.004761904761904762,16
20,Netherlands,5,1050,0.004761904761904762,17
20,Switzerland,5,1050,0.004761904761904762,18
20,Morocco,4,1050,0.0038095238095238095,19
20,Qatar,4,1050,0.0038095238095238095,20
20,Romania,4,1050,0.0038095238095238095,21
20,New Zealand,3,1050,0.002857142857142857,22
20,South Africa,3,1050,0.002857142857142857,23
20,Turkey,3,1050,0.002857142857142857,24
20,Austria,2,1050,0.0019047619047619048,25
20,Colombia,2,1050,0.0019047619047619048,26
20,Greece,2,1050,0.0019047619047619048,27
20,Haiti,2,1050,0.0019047619047619048,28
20,Israel,2,1050,0.0019047619047619048,29
20,Czechia,1,1050,0.0009523809523809524,30
20,Finland,1,1050,0.0009523809523809524,31
20,Kuwait,1,1050,0.0009523809523809524,32
20,Mexico,1,1050,0.0009523809523809524,33
20,Norway,1,1050,0.0009523809523809524,34
20,Portugal,1,1050,0.0009523809523809524,35
20,Saudi Arabia,1,1050,0.0009523809523809524,36
20,Serbia,1,1050,0.0009523809523809524,37
21,United Kingdom,273,1036,0.2635135135135135,1
21,China,167,1036,0.1611969111969112,2
21,Italy,107,1036,0.10328185328185328,3
21,United States,77,1036,0.07432432432432433,4
21,Germany,76,1036,0.07335907335907337,5
21,France,53,1036,0.05115830115830116,6
21,Sweden,45,1036,0.04343629343629344,7
21,Denmark,40,1036,0.03861003861003861,8
21,Finland,40,1036,0.03861003861003861,9
21,Spain,33,1036,0.03185328185328185,10
21,Unknown country,21,1036,0.02027027027027027,11
21,Austria,14,1036,0.013513513513513514,12
21,Belgium,8,1036,0.007722007722007722,13
21,Japan,8,1036,0.007722007722007722,14
21,Netherlands,7,1036,0.006756756756756757,15
21,Portugal,7,1036,0.006756756756756757,16
21,Australia,6,1036,0.005791505791505791,17
21,Norway,6,1036,0.005791505791505791,18
21,South Korea,6,1036,0.005791505791505791,19
21,Switzerland,6,1036,0.005791505791505791,20
21,India,5,1036,0.004826254826254826,21
21,Thailand,4,1036,0.003861003861003861,22
21,Argentina,3,1036,0.0028957528957528956,23
21,Greece,3,1036,0.0028957528957528956,24
21,Canada,2,1036,0.0019305019305019305,25
21,Croatia,2,1036,0.0019305019305019305,26
21,Czechia,2,1036,0.0019305019305019305,27
21,Egypt,2,1036,0.0019305019305019305,28
21,Mexico,2,1036,0.0019305019305019305,29
21,Poland,2,1036,0.0019305019305019305,30
21,Saudi Arabia,2,1036,0.0019305019305019305,31
21,Singapore,2,1036,0.0019305019305019305,32
21,Ireland,1,1036,0.0009652509652509653,33
21,Lithuania,1,1036,0.0009652509652509653,34
21,Malaysia,1,1036,0.0009652509652509653,35
21,Qatar,1,1036,0.0009652509652509653,36
21,Turkey,1,1036,0.0009652509652509653,37
22,Denmark,305,906,0.336644591611479,1
22,Iceland,242,906,0.2671081677704194,2
22,United States,112,906,0.12362030905077263,3
22,Germany,47,906,0.05187637969094923,4
22,United Kingdom,43,906,0.04746136865342163,5
22,Sweden,35,906,0.03863134657836645,6
22,China,19,906,0.02097130242825607,7
22,Canada,18,906,0.019867549668874173,8
22,Netherlands,11,906,0.012141280353200883,9
22,Norway,11,906,0.012141280353200883,10
22,Spain,8,906,0.008830022075055188,11
22,Unknown country,8,906,0.008830022075055188,12
22,Ireland,6,906,0.006622516556291391,13
22,Uzbekistan,6,906,0.006622516556291391,14
22,Italy,5,906,0.005518763796909493,15
22,New Zealand,5,906,0.005518763796909493,16
22,France,4,906,0.004415011037527594,17
22,Australia,3,906,0.0033112582781456954,18
22,Kazakhstan,3,906,0.0033112582781456954,19
22,Poland,3,906,0.0033112582781456954,20
22,Belgium,2,906,0.002207505518763797,21
22,Czechia,2,906,0.002207505518763797,22
22,Finland,2,906,0.002207505518763797,23
22,South Korea,2,906,0.002207505518763797,24
22,Israel,1,906,0.0011037527593818985,25
22,Japan,1,906,0.0011037527593818985,26
22,Switzerland,1,906,0.0011037527593818985,27
22,Vietnam,1,906,0.0011037527593818985,28
23,United Kingdom,582,877,0.6636259977194983,1
23,China,115,877,0.13112884834663627,2
23,United States,35,877,0.039908779931584946,3
23,Australia,20,877,0.02280501710376283,4
23,Unknown country,20,877,0.02280501710376283,5
23,Germany,18,877,0.020524515393386546,6
23,Switzerland,16,877,0.018244013683010263,7
23,Netherlands,13,877,0.014823261117445839,8
23,India,10,877,0.011402508551881414,9
23,France,9,877,0.010262257696693273,10
23,Denmark,6,877,0.0068415051311288486,11
23,Malaysia,5,877,0.005701254275940707,12
23,Canada,4,877,0.004561003420752566,13
23,Ireland,4,877,0.004561003420752566,14
23,Austria,2,877,0.002280501710376283,15
23,Belgium,2,877,0.002280501710376283,16
23,Fiji,2,877,0.002280501710376283,17
23,Mexico,2,877,0.002280501710376283,18
23,Saudi Arabia,2,877,0.002280501710376283,19
23,Sweden,2,877,0.002280501710376283,20
23,Finland,1,877,0.0011402508551881414,21
23,Israel,1,877,0.0011402508551881414,22
23,New Zealand,1,877,0.0011402508551881414,23
23,Poland,1,877,0.0011402508551881414,24
23,Serbia,1,877,0.0011402508551881414,25
23,South Korea,1,877,0.0011402508551881414,26
23,Taiwan,1,877,0.0011402508551881414,27
23,Uganda,1,877,0.0011402508551881414,28
24,China,702,818,0.8581907090464548,1
24,United States,65,818,0.07946210268948656,2
24,Israel,10,818,0.012224938875305624,3
24,South Korea,10,818,0.012224938875305624,4
24,Unknown country,10,818,0.012224938875305624,5
24,Japan,8,818,0.009779951100244499,6
24,Denmark,6,818,0.007334963325183374,7
24,United Kingdom,4,818,0.004889975550122249,8
24,Canada,1,818,0.0012224938875305623,9
24,Norway,1,818,0.0012224938875305623,10
24,Sweden,1,818,0.0012224938875305623,11
25,China,374,775,0.48258064516129034,1
25,United Kingdom,199,775,0.2567741935483871,2
25,Finland,44,775,0.0567741935483871,3
25,United States,33,775,0.04258064516129032,4
25,Sweden,25,775,0.03225806451612903,5
25,Ireland,19,775,0.024516129032258065,6
25,Belgium,10,775,0.012903225806451613,7
25,France,10,775,0.012903225806451613,8
25,Australia,9,775,0.011612903225806452,9
25,Spain,8,775,0.01032258064516129,10
25,India,6,775,0.007741935483870968,11
25,Canada,5,775,0.0064516129032258064,12
25,Netherlands,5,775,0.0064516129032258064,13
25,South Korea,5,775,0.0064516129032258064,14
25,Croatia,4,775,0.005161290322580645,15
25,Germany,3,775,0.003870967741935484,16
25,Unknown country,3,775,0.003870967741935484,17
25,Italy,2,775,0.0025806451612903226,18
25,Japan,2,775,0.0025806451612903226,19
25,Poland,2,775,0.0025806451612903226,20
25,Saudi Arabia,2,775,0.0025806451612903226,21
25,Austria,1,775,0.0012903225806451613,22
25,Denmark,1,775,0.0012903225806451613,23
25,Portugal,1,775,0.0012903225806451613,24
25,South Africa,1,775,0.0012903225806451613,25
25,Switzerland,1,775,0.0012903225806451613,26
26,United States,468,679,0.6892488954344624,1
26,United Kingdom,59,679,0.08689248895434462,2
26,Canada,46,679,0.06774668630338733,3
26,Unknown country,19,679,0.027982326951399118,4
26,France,17,679,0.025036818851251842,5
26,Italy,15,679,0.022091310751104567,6
26,Pakistan,15,679,0.022091310751104567,7
26,Australia,14,679,0.020618556701030927,8
26,Switzerland,8,679,0.011782032400589101,9
26,Japan,5,679,0.007363770250368188,10
26,Netherlands,4,679,0.005891016200294551,11
26,Belgium,3,679,0.004418262150220913,12
26,Germany,3,679,0.004418262150220913,13
26,Sweden,2,679,0.0029455081001472753,14
26,Singapore,1,679,0.0014727540500736377,15
27,United Kingdom,147,678,0.2168141592920354,1
27,Australia,145,678,0.21386430678466076,2
27,China,55,678,0.08112094395280237,3
27,Netherlands,42,678,0.061946902654867256,4
27,Spain,42,678,0.061946902654867256,5
27,France,39,678,0.05752212389380531,6
27,Finland,38,678,0.05604719764011799,7
27,Denmark,31,678,0.045722713864306784,8
27,South Korea,27,678,0.03982300884955752,9
27,Italy,24,678,0.035398230088495575,10
27,United States,23,678,0.03392330383480826,11
27,Sweden,16,678,0.02359882005899705,12
27,Norway,11,678,0.016224188790560472,13
27,Canada,7,678,0.01032448377581121,14
27,Taiwan,5,678,0.007374631268436578,15
27,Brazil,4,678,0.0058997050147492625,16
27,Germany,4,678,0.0058997050147492625,17
27,Austria,3,678,0.004424778761061947,18
27,Qatar,3,678,0.004424778761061947,19
27,Belgium,2,678,0.0029498525073746312,20
27,Chile,2,678,0.0029498525073746312,21
27,South Africa,2,678,0.0029498525073746312,22
27,Bahrain,1,678,0.0014749262536873156,23
27,Colombia,1,678,0.0014749262536873156,24
27,Iran,1,678,0.0014749262536873156,25
27,Japan,1,678,0.0014749262536873156,26
27,Portugal,1,678,0.0014749262536873156,27
27,Singapore,1,678,0.0014749262536873156,28
28,Canada,178,671,0.26527570789865873,1
28,France,121,671,0.18032786885245902,2
28,China,70,671,0.10432190760059612,3
28,Netherlands,63,671,0.09388971684053651,4
28,Switzerland,55,671,0.08196721311475409,5
28,United States,36,671,0.05365126676602087,6
28,Austria,33,671,0.04918032786885246,7
28,Spain,29,671,0.043219076005961254,8
28,Germany,16,671,0.02384500745156483,9
28,Italy,16,671,0.02384500745156483,10
28,Ireland,14,671,0.020864381520119227,11
28,United Kingdom,10,671,0.014903129657228018,12
28,Belgium,7,671,0.010432190760059613,13
28,Unknown country,7,671,0.010432190760059613,14
28,Denmark,6,671,0.00894187779433681,15
28,Finland,2,671,0.0029806259314456036,16
28,Australia,1,671,0.0014903129657228018,17
28,Brazil,1,671,0.0014903129657228018,18
28,Estonia,1,671,0.0014903129657228018,19
28,Japan,1,671,0.0014903129657228018,20
28,Portugal,1,671,0.0014903129657228018,21
28,Reunion,1,671,0.0014903129657228018,22
28,Sweden,1,671,0.0014903129657228018,23
28,Turkey,1,671,0.0014903129657228018,24
29,China,380,650,0.5846153846153846,1
29,United Kingdom,82,650,0.12615384615384614,2
29,United States,57,650,0.0876923076923077,3
29,New Zealand,42,650,0.06461538461538462,4
29,Spain,15,650,0.023076923076923078,5
29,Netherlands,14,650,0.021538461538461538,6
29,Australia,10,650,0.015384615384615385,7
29,Japan,10,650,0.015384615384615385,8
29,Sweden,8,650,0.012307692307692308,9
29,Unknown country,6,650,0.009230769230769232,10
29,France,5,650,0.007692307692307693,11
29,Taiwan,4,650,0.006153846153846154,12
29,Canada,3,650,0.004615384615384616,13
29,Czechia,3,650,0.004615384615384616,14
29,Ireland,2,650,0.003076923076923077,15
29,Romania,2,650,0.003076923076923077,16
29,Egypt,1,650,0.0015384615384615385,17
29,Germany,1,650,0.0015384615384615385,18
29,Norway,1,650,0.0015384615384615385,19
29,Palestinian Territory,1,650,0.0015384615384615385,20
29,Saudi Arabia,1,650,0.0015384615384615385,21
29,South Korea,1,650,0.0015384615384615385,22
29,Switzerland,1,650,0.0015384615384615385,23
30,China,527,593,0.8887015177065767,1
30,United States,44,593,0.07419898819561552,2
30,United Kingdom,13,593,0.021922428330522766,3
30,Australia,3,593,0.00505902192242833,4
30,Canada,2,593,0.003372681281618887,5
30,Brazil,1,593,0.0016863406408094434,6
30,Cameroon,1,593,0.0016863406408094434,7
30,Singapore,1,593,0.0016863406408094434,8
30,Sweden,1,593,0.0016863406408094434,9
31,United States,234,581,0.4027538726333907,1
31,Spain,112,581,0.1927710843373494,2
31,United Kingdom,81,581,0.13941480206540446,3
31,Germany,45,581,0.0774526678141136,4
31,Netherlands,24,581,0.04130808950086059,5
31,South Korea,14,581,0.024096385542168676,6
31,Sweden,10,581,0.01721170395869191,7
31,Italy,9,581,0.01549053356282272,8
31,Poland,7,581,0.012048192771084338,9
31,Unknown country,7,581,0.012048192771084338,10
31,Canada,6,581,0.010327022375215147,11
31,Ireland,6,581,0.010327022375215147,12
31,Belgium,5,581,0.008605851979345954,13
31,Switzerland,4,581,0.0068846815834767644,14
31,France,3,581,0.0051635111876075735,15
31,Japan,3,581,0.0051635111876075735,16
31,Cyprus,2,581,0.0034423407917383822,17
31,Singapore,2,581,0.0034423407917383822,18
31,Taiwan,2,581,0.0034423407917383822,19
31,Argentina,1,581,0.0017211703958691911,20
31,Australia,1,581,0.0017211703958691911,21
31,Greece,1,581,0.0017211703958691911,22
31,India,1,581,0.0017211703958691911,23
31,Portugal,1,581,0.0017211703958691911,24
32,China,472,572,0.8251748251748252,1
32,Sweden,43,572,0.07517482517482517,2
32,United States,28,572,0.04895104895104895,3
32,Canada,12,572,0.02097902097902098,4
32,Iceland,7,572,0.012237762237762238,5
32,Italy,2,572,0.0034965034965034965,6
32,Norway,2,572,0.0034965034965034965,7
32,United Kingdom,2,572,0.0034965034965034965,8
32,Australia,1,572,0.0017482517482517483,9
32,Denmark,1,572,0.0017482517482517483,10
32,Greece,1,572,0.0017482517482517483,11
32,Spain,1,572,0.0017482517482517483,12
33,China,460,540,0.8518518518518519,1
33,Australia,45,540,0.08333333333333333,2
33,United States,25,540,0.046296296296296294,3
33,United Kingdom,5,540,0.009259259259259259,4
33,Germany,2,540,0.003703703703703704,5
33,France,1,540,0.001851851851851852,6
33,Qatar,1,540,0.001851851851851852,7
33,United Arab Emirates,1,540,0.001851851851851852,8
34,China,486,534,0.9101123595505618,1
34,Sweden,17,534,0.031835205992509365,2
34,United States,9,534,0.016853932584269662,3
34,United Kingdom,7,534,0.013108614232209739,4
34,Australia,6,534,0.011235955056179775,5
34,Netherlands,2,534,0.003745318352059925,6
34,Poland,2,534,0.003745318352059925,7
34,France,1,534,0.0018726591760299626,8
34,Japan,1,534,0.0018726591760299626,9
34,Pakistan,1,534,0.0018726591760299626,10
34,Switzerland,1,534,0.0018726591760299626,11
34,United Arab Emirates,1,534,0.0018726591760299626,12
35,United States,131,461,0.2841648590021692,1
35,United Kingdom,71,461,0.1540130151843818,2
35,China,62,461,0.13449023861171366,3
35,Switzerland,40,461,0.08676789587852494,4
35,Russia,39,461,0.08459869848156182,5
35,Germany,30,461,0.0650759219088937,6
35,South Korea,15,461,0.03253796095444685,7
35,France,13,461,0.028199566160520606,8
35,Czechia,11,461,0.02386117136659436,9
35,Croatia,7,461,0.015184381778741865,10
35,Singapore,7,461,0.015184381778741865,11
35,Canada,6,461,0.013015184381778741,12
35,Netherlands,5,461,0.010845986984815618,13
35,Australia,4,461,0.008676789587852495,14
35,Israel,4,461,0.008676789587852495,15
35,Unknown country,4,461,0.008676789587852495,16
35,Austria,2,461,0.004338394793926247,17
35,Italy,2,461,0.004338394793926247,18
35,Belgium,1,461,0.0021691973969631237,19
35,Cambodia,1,461,0.0021691973969631237,20
35,Denmark,1,461,0.0021691973969631237,21
35,Finland,1,461,0.0021691973969631237,22
35,India,1,461,0.0021691973969631237,23
35,Japan,1,461,0.0021691973969631237,24
35,Spain,1,461,0.0021691973969631237,25
35,Taiwan,1,461,0.0021691973969631237,26
36,Canada,166,459,0.3616557734204793,1
36,Germany,88,459,0.19172113289760348,2
36,United States,70,459,0.15250544662309368,3
36,Australia,37,459,0.08061002178649238,4
36,Singapore,28,459,0.06100217864923747,5
36,Sweden,15,459,0.032679738562091505,6
36,France,11,459,0.023965141612200435,7
36,United Kingdom,10,459,0.02178649237472767,8
36,South Korea,9,459,0.0196078431372549,9
36,China,4,459,0.008714596949891068,10
36,Finland,3,459,0.006535947712418301,11
36,New Zealand,3,459,0.006535947712418301,12
36,Switzerland,3,459,0.006535947712418301,13
36,Austria,2,459,0.004357298474945534,14
36,Iran,2,459,0.004357298474945534,15
36,Netherlands,2,459,0.004357298474945534,16
36,South Africa,2,459,0.004357298474945534,17
36,Unknown country,2,459,0.004357298474945534,18
36,Brazil,1,459,0.002178649237472767,19
36,Israel,1,459,0.002178649237472767,20
37,South Korea,165,454,0.3634361233480176,1
37,China,154,454,0.3392070484581498,2
37,United States,79,454,0.17400881057268722,3
37,United Kingdom,38,454,0.08370044052863436,4
37,Canada,4,454,0.00881057268722467,5
37,Poland,3,454,0.006607929515418502,6
37,Portugal,3,454,0.006607929515418502,7
37,Gambia,2,454,0.004405286343612335,8
37,Netherlands,2,454,0.004405286343612335,9
37,Austria,1,454,0.0022026431718061676,10
37,Finland,1,454,0.0022026431718061676,11
37,Germany,1,454,0.0022026431718061676,12
37,Spain,1,454,0.0022026431718061676,13
38,United States,328,440,0.7454545454545455,1
38,China,68,440,0.15454545454545454,2
38,South Korea,14,440,0.031818181818181815,3
38,United Kingdom,11,440,0.025,4
38,Saudi Arabia,9,440,0.020454545454545454,5
38,Norway,3,440,0.006818181818181818,6
38,Belgium,2,440,0.004545454545454545,7
38,Canada,1,440,0.0022727272727272726,8
38,Colombia,1,440,0.0022727272727272726,9
38,Czechia,1,440,0.0022727272727272726,10
38,Switzerland,1,440,0.0022727272727272726,11
38,Unknown country,1,440,0.0022727272727272726,12
39,China,277,430,0.6441860465116279,1
39,Australia,58,430,0.13488372093023257,2
39,United States,30,430,0.06976744186046512,3
39,United Kingdom,20,430,0.046511627906976744,4
39,Spain,17,430,0.03953488372093023,5
39,Canada,11,430,0.02558139534883721,6
39,Chile,3,430,0.0069767441860465115,7
39,Netherlands,3,430,0.0069767441860465115,8
39,Finland,2,430,0.004651162790697674,9
39,Denmark,1,430,0.002325581395348837,10
39,France,1,430,0.002325581395348837,11
39,Israel,1,430,0.002325581395348837,12
39,Italy,1,430,0.002325581395348837,13
39,Norway,1,430,0.002325581395348837,14
39,Saudi Arabia,1,430,0.002325581395348837,15
39,South Korea,1,430,0.002325581395348837,16
39,Switzerland,1,430,0.002325581395348837,17
39,Taiwan,1,430,0.002325581395348837,18
40,China,334,429,0.7785547785547785,1
40,United States,79,429,0.18414918414918416,2
40,Australia,9,429,0.02097902097902098,3
40,Switzerland,3,429,0.006993006993006993,4
40,Netherlands,2,429,0.004662004662004662,5
40,New Zealand,1,429,0.002331002331002331,6
40,Sweden,1,429,0.002331002331002331,7
41,China,371,418,0.8875598086124402,1
41,United States,30,418,0.07177033492822966,2
41,United Kingdom,11,418,0.02631578947368421,3
41,Belgium,3,418,0.007177033492822967,4
41,Australia,1,418,0.0023923444976076554,5
41,Germany,1,418,0.0023923444976076554,6
41,Singapore,1,418,0.0023923444976076554,7
42,China,228,336,0.6785714285714286,1
42,United States,75,336,0.22321428571428573,2
42,Japan,18,336,0.05357142857142857,3
42,Unknown country,6,336,0.017857142857142856,4
42,Taiwan,5,336,0.01488095238095238,5
42,Germany,3,336,0.008928571428571428,6
42,Israel,1,336,0.002976190476190476,7
43,United States,91,333,0.2732732732732733,1
43,France,76,333,0.22822822822822822,2
43,United Kingdom,41,333,0.12312312312312312,3
43,Netherlands,25,333,0.07507507507507508,4
43,Italy,22,333,0.06606606606606606,5
43,Germany,11,333,0.03303303303303303,6
43,Uzbekistan,11,333,0.03303303303303303,7
43,Australia,5,333,0.015015015015015015,8
43,Switzerland,5,333,0.015015015015015015,9
43,Canada,4,333,0.012012012012012012,10
43,Pakistan,4,333,0.012012012012012012,11
43,Turkey,4,333,0.012012012012012012,12
43,Brazil,3,333,0.009009009009009009,13
43,China,3,333,0.009009009009009009,14
43,Czechia,3,333,0.009009009009009009,15
43,Hungary,3,333,0.009009009009009009,16
43,India,3,333,0.009009009009009009,17
43,Romania,3,333,0.009009009009009009,18
43,Argentina,2,333,0.006006006006006006,19
43,Belgium,2,333,0.006006006006006006,20
43,Poland,2,333,0.006006006006006006,21
43,Spain,2,333,0.006006006006006006,22
43,Ukraine,2,333,0.006006006006006006,23
43,Unknown country,2,333,0.006006006006006006,24
43,Chile,1,333,0.003003003003003003,25
43,Ireland,1,333,0.003003003003003003,26
43,Israel,1,333,0.003003003003003003,27
43,Oman,1,333,0.003003003003003003,28
44,Germany,126,319,0.3949843260188088,1
44,Italy,27,319,0.08463949843260188,2
44,Japan,23,319,0.07210031347962383,3
44,France,16,319,0.050156739811912224,4
44,United Kingdom,14,319,0.0438871473354232,5
44,Spain,12,319,0.03761755485893417,6
44,Russia,11,319,0.034482758620689655,7
44,Belgium,10,319,0.03134796238244514,8
44,India,10,319,0.03134796238244514,9
44,Luxembourg,10,319,0.03134796238244514,10
44,Unknown country,10,319,0.03134796238244514,11
44,Turkey,8,319,0.025078369905956112,12
44,Lithuania,7,319,0.0219435736677116,13
44,United States,6,319,0.018808777429467086,14
44,Sweden,4,319,0.012539184952978056,15
44,Switzerland,4,319,0.012539184952978056,16
44,Austria,3,319,0.009404388714733543,17
44,Taiwan,3,319,0.009404388714733543,18
44,Australia,2,319,0.006269592476489028,19
44,Finland,2,319,0.006269592476489028,20
44,Poland,2,319,0.006269592476489028,21
44,Portugal,2,319,0.006269592476489028,22
44,Brazil,1,319,0.003134796238244514,23
44,Canada,1,319,0.003134796238244514,24
44,Greece,1,319,0.003134796238244514,25
44,Ireland,1,319,0.003134796238244514,26
44,Latvia,1,319,0.003134796238244514,27
44,Netherlands,1,319,0.003134796238244514,28
44,United Arab Emirates,1,319,0.003134796238244514,29
45,China,298,317,0.9400630914826499,1
45,Australia,15,317,0.0473186119873817,2
45,United States,4,317,0.012618296529968454,3
46,China,302,304,0.993421052631579,1
46,Thailand,2,304,0.006578947368421052,2
47,United States,204,296,0.6891891891891891,1
47,United Kingdom,43,296,0.14527027027027026,2
47,China,36,296,0.12162162162162163,3
47,Australia,4,296,0.013513513513513514,4
47,Denmark,2,296,0.006756756756756757,5
47,Switzerland,2,296,0.006756756756756757,6
47,France,1,296,0.0033783783783783786,7
47,Italy,1,296,0.0033783783783783786,8
47,Malawi,1,296,0.0033783783783783786,9
47,Netherlands,1,296,0.0033783783783783786,10
47,Unknown country,1,296,0.0033783783783783786,11
48,United States,142,292,0.4863013698630137,1
48,Belgium,39,292,0.13356164383561644,2
48,Japan,35,292,0.11986301369863013,3
48,Estonia,17,292,0.05821917808219178,4
48,United Kingdom,17,292,0.05821917808219178,5
48,Italy,16,292,0.0547945205479452,6
48,Taiwan,6,292,0.02054794520547945,7
48,Australia,4,292,0.0136986301369863,8
48,France,4,292,0.0136986301369863,9
48,Canada,2,292,0.00684931506849315,10
48,Denmark,2,292,0.00684931506849315,11
48,South Korea,2,292,0.00684931506849315,12
48,Austria,1,292,0.003424657534246575,13
48,Germany,1,292,0.003424657534246575,14
48,Mexico,1,292,0.003424657534246575,15
48,Netherlands,1,292,0.003424657534246575,16
48,New Zealand,1,292,0.003424657534246575,17
48,Papua New Guinea,1,292,0.003424657534246575,18
49,China,268,281,0.9537366548042705,1
49,United Kingdom,5,281,0.017793594306049824,2
49,United States,5,281,0.017793594306049824,3
49,Germany,3,281,0.010676156583629894,4
50,China,259,273,0.9487179487179487,1
50,United States,7,273,0.02564102564102564,2
50,Australia,2,273,0.007326007326007326,3
50,Singapore,2,273,0.007326007326007326,4
50,Denmark,1,273,0.003663003663003663,5
50,Spain,1,273,0.003663003663003663,6
50,Sweden,1,273,0.003663003663003663,7
51,China,190,269,0.7063197026022305,1
51,United Kingdom,47,269,0.17472118959107807,2
51,Australia,10,269,0.03717472118959108,3
51,United Arab Emirates,8,269,0.02973977695167286,4
51,Saudi Arabia,6,269,0.022304832713754646,5
51,United States,6,269,0.022304832713754646,6
51,India,1,269,0.0037174721189591076,7
51,Netherlands,1,269,0.0037174721189591076,8
52,Taiwan,139,267,0.5205992509363296,1
52,United States,92,267,0.3445692883895131,2
52,Canada,27,267,0.10112359550561797,3
52,Nigeria,3,267,0.011235955056179775,4
52,Spain,3,267,0.011235955056179775,5
52,China,1,267,0.003745318352059925,6
52,Denmark,1,267,0.003745318352059925,7
52,Mexico,1,267,0.003745318352059925,8
53,Sweden,194,258,0.751937984496124,1
53,China,35,258,0.13565891472868216,2
53,Turkey,8,258,0.031007751937984496,3
53,United Kingdom,6,258,0.023255813953488372,4
53,United States,4,258,0.015503875968992248,5
53,Norway,3,258,0.011627906976744186,6
53,Netherlands,2,258,0.007751937984496124,7
53,Canada,1,258,0.003875968992248062,8
53,Denmark,1,258,0.003875968992248062,9
53,France,1,258,0.003875968992248062,10
53,Italy,1,258,0.003875968992248062,11
53,Martinique,1,258,0.003875968992248062,12
53,Spain,1,258,0.003875968992248062,13
54,United Kingdom,115,256,0.44921875,1
54,United States,36,256,0.140625,2
54,Hungary,26,256,0.1015625,3
54,Germany,9,256,0.03515625,4
54,Ireland,8,256,0.03125,5
54,Netherlands,8,256,0.03125,6
54,Spain,8,256,0.03125,7
54,Finland,6,256,0.0234375,8
54,Saudi Arabia,6,256,0.0234375,9
54,Switzerland,6,256,0.0234375,10
54,France,5,256,0.01953125,11
54,Belgium,4,256,0.015625,12
54,Italy,4,256,0.015625,13
54,Czechia,3,256,0.01171875,14
54,Sri Lanka,3,256,0.01171875,15
54,Japan,2,256,0.0078125,16
54,Australia,1,256,0.00390625,17
54,Canada,1,256,0.00390625,18
54,China,1,256,0.00390625,19
54,Denmark,1,256,0.00390625,20
54,Kuwait,1,256,0.00390625,21
54,Oman,1,256,0.00390625,22
54,Unknown country,1,256,0.00390625,23
55,Canada,147,220,0.6681818181818182,1
55,United States,37,220,0.16818181818181818,2
55,Netherlands,11,220,0.05,3
55,Australia,4,220,0.01818181818181818,4
55,Finland,4,220,0.01818181818181818,5
55,Israel,3,220,0.013636363636363636,6
55,France,2,220,0.00909090909090909,7
55,Germany,2,220,0.00909090909090909,8
55,India,2,220,0.00909090909090909,9
55,Brazil,1,220,0.004545454545454545,10
55,China,1,220,0.004545454545454545,11
55,Denmark,1,220,0.004545454545454545,12
55,Italy,1,220,0.004545454545454545,13
55,Norway,1,220,0.004545454545454545,14
55,Peru,1,220,0.004545454545454545,15
55,Switzerland,1,220,0.004545454545454545,16
55,Unknown country,1,220,0.004545454545454545,17
56,South Korea,100,176,0.5681818181818182,1
56,China,74,176,0.42045454545454547,2
56,United Kingdom,2,176,0.011363636363636364,3
57,China,152,160,0.95,1
57,Unknown country,6,160,0.0375,2
57,Israel,2,160,0.0125,3
58,China,134,146,0.9178082191780822,1
58,United States,9,146,0.06164383561643835,2
58,United Kingdom,3,146,0.02054794520547945,3
59,China,96,141,0.6808510638297872,1
59,United States,43,141,0.3049645390070922,2
59,Japan,2,141,0.014184397163120567,3
60,China,135,137,0.9854014598540146,1
60,Malaysia,1,137,0.0072992700729927005,2
60,United States,1,137,0.0072992700729927005,3
61,China,135,136,0.9926470588235294,1
61,Germany,1,136,0.007352941176470588,2
62,United Kingdom,44,131,0.33587786259541985,1
62,Spain,26,131,0.1984732824427481,2
62,United States,20,131,0.15267175572519084,3
62,China,15,131,0.11450381679389313,4
62,Germany,9,131,0.06870229007633588,5
62,Sweden,6,131,0.04580152671755725,6
62,Italy,5,131,0.03816793893129771,7
62,Netherlands,3,131,0.022900763358778626,8
62,Ireland,1,131,0.007633587786259542,9
62,Norway,1,131,0.007633587786259542,10
62,Switzerland,1,131,0.007633587786259542,11
63,United Kingdom,64,130,0.49230769230769234,1
63,United States,15,130,0.11538461538461539,2
63,Germany,7,130,0.05384615384615385,3
63,Canada,6,130,0.046153846153846156,4
63,Mexico,6,130,0.046153846153846156,5
63,Peru,5,130,0.038461538461538464,6
63,Brazil,4,130,0.03076923076923077,7
63,Netherlands,4,130,0.03076923076923077,8
63,Colombia,3,130,0.023076923076923078,9
63,Sweden,3,130,0.023076923076923078,10
63,Argentina,2,130,0.015384615384615385,11
63,Australia,2,130,0.015384615384615385,12
63,Chile,2,130,0.015384615384615385,13
63,China,2,130,0.015384615384615385,14
63,Switzerland,2,130,0.015384615384615385,15
63,Estonia,1,130,0.007692307692307693,16
63,France,1,130,0.007692307692307693,17
63,Norway,1,130,0.007692307692307693,18
64,China,111,117,0.9487179487179487,1
64,Singapore,4,117,0.03418803418803419,2
64,Finland,1,117,0.008547008547008548,3
64,Unknown country,1,117,0.008547008547008548,4
65,China,94,113,0.831858407079646,1
65,United States,6,113,0.05309734513274336,2
65,Sweden,5,113,0.04424778761061947,3
65,Taiwan,5,113,0.04424778761061947,4
65,Unknown country,2,113,0.017699115044247787,5
65,United Kingdom,1,113,0.008849557522123894,6
66,China,110,111,0.990990990990991,1
66,Unknown country,1,111,0.009009009009009009,2
67,United Kingdom,32,104,0.3076923076923077,1
67,Germany,23,104,0.22115384615384615,2
67,France,10,104,0.09615384615384616,3
67,Hungary,7,104,0.0673076923076923,4
67,Poland,5,104,0.04807692307692308,5
67,Spain,5,104,0.04807692307692308,6
67,Austria,2,104,0.019230769230769232,7
67,Czechia,2,104,0.019230769230769232,8
67,Finland,2,104,0.019230769230769232,9
67,Italy,2,104,0.019230769230769232,10
67,Kazakhstan,2,104,0.019230769230769232,11
67,Netherlands,2,104,0.019230769230769232,12
67,Serbia,2,104,0.019230769230769232,13
67,Japan,1,104,0.009615384615384616,14
67,Portugal,1,104,0.009615384615384616,15
67,Romania,1,104,0.009615384615384616,16
67,Russia,1,104,0.009615384615384616,17
67,Slovakia,1,104,0.009615384615384616,18
67,Turkey,1,104,0.009615384615384616,19
67,Ukraine,1,104,0.009615384615384616,20
67,United States,1,104,0.009615384615384616,21
68,United Kingdom,53,98,0.5408163265306123,1
68,China,25,98,0.25510204081632654,2
68,Australia,15,98,0.15306122448979592,3
68,United States,4,98,0.04081632653061224,4
68,Denmark,1,98,0.01020408163265306,5
69,China,94,98,0.9591836734693877,1
69,United States,3,98,0.030612244897959183,2
69,Netherlands,1,98,0.01020408163265306,3
70,United Kingdom,47,92,0.5108695652173914,1
70,United States,33,92,0.358695652173913,2
70,Canada,5,92,0.05434782608695652,3
70,Sweden,3,92,0.03260869565217391,4
70,Taiwan,2,92,0.021739130434782608,5
70,Netherlands,1,92,0.010869565217391304,6
70,South Korea,1,92,0.010869565217391304,7
71,China,92,92,1.0,1
72,United States,70,85,0.8235294117647058,1
72,Switzerland,7,85,0.08235294117647059,2
72,United Kingdom,4,85,0.047058823529411764,3
72,Canada,2,85,0.023529411764705882,4
72,Netherlands,1,85,0.011764705882352941,5
72,Spain,1,85,0.011764705882352941,6
73,United Kingdom,57,85,0.6705882352941176,1
73,Denmark,15,85,0.17647058823529413,2
73,United States,5,85,0.058823529411764705,3
73,Norway,3,85,0.03529411764705882,4
73,Estonia,1,85,0.011764705882352941,5
73,Finland,1,85,0.011764705882352941,6
73,Iceland,1,85,0.011764705882352941,7
73,Lithuania,1,85,0.011764705882352941,8
73,Sweden,1,85,0.011764705882352941,9
74,United States,69,84,0.8214285714285714,1
74,Norway,7,84,0.08333333333333333,2
74,Finland,2,84,0.023809523809523808,3
74,Germany,2,84,0.023809523809523808,4
74,Australia,1,84,0.011904761904761904,5
74,Czechia,1,84,0.011904761904761904,6
74,Netherlands,1,84,0.011904761904761904,7
74,Singapore,1,84,0.011904761904761904,8
75,Sweden,66,79,0.8354430379746836,1
75,China,3,79,0.0379746835443038,2
75,Argentina,2,79,0.02531645569620253,3
75,Germany,2,79,0.02531645569620253,4
75,New Zealand,2,79,0.02531645569620253,5
75,Denmark,1,79,0.012658227848101266,6
75,Italy,1,79,0.012658227848101266,7
75,Saudi Arabia,1,79,0.012658227848101266,8
75,United States,1,79,0.012658227848101266,9
76,China,77,77,1.0,1
77,United Kingdom,54,72,0.75,1
77,United States,9,72,0.125,2
77,Russia,5,72,0.06944444444444445,3
77,Finland,2,72,0.027777777777777776,4
77,Netherlands,1,72,0.013888888888888888,5
77,Unknown country,1,72,0.013888888888888888,6
78,China,70,72,0.9722222222222222,1
78,United States,2,72,0.027777777777777776,2
79,China,52,70,0.7428571428571429,1
79,United States,18,70,0.2571428571428571,2
80,Switzerland,45,64,0.703125,1
80,Unknown country,9,64,0.140625,2
80,Germany,7,64,0.109375,3
80,United States,3,64,0.046875,4
81,China,50,62,0.8064516129032258,1
81,United Kingdom,9,62,0.14516129032258066,2
81,Germany,3,62,0.04838709677419355,3
82,United States,57,58,0.9827586206896551,1
82,India,1,58,0.017241379310344827,2
83,China,55,55,1.0,1
84,China,54,54,1.0,1
85,China,54,54,1.0,1
86,China,53,53,1.0,1
87,Germany,30,49,0.6122448979591837,1
87,United States,8,49,0.16326530612244897,2
87,Chile,6,49,0.12244897959183673,3
87,Denmark,3,49,0.061224489795918366,4
87,Sweden,2,49,0.04081632653061224,5
88,China,49,49,1.0,1
89,United States,48,49,0.9795918367346939,1
89,South Korea,1,49,0.02040816326530612,2
90,China,48,48,1.0,1
91,China,48,48,1.0,1
92,China,43,43,1.0,1
93,China,42,43,0.9767441860465116,1
93,United States,1,43,0.023255813953488372,2
94,United States,37,41,0.9024390243902439,1
94,Cambodia,3,41,0.07317073170731707,2
94,United Kingdom,1,41,0.024390243902439025,3
95,China,39,39,1.0,1
96,China,37,38,0.9736842105263158,1
96,Germany,1,38,0.02631578947368421,2
97,China,37,37,1.0,1
98,South Korea,33,36,0.9166666666666666,1
98,United States,3,36,0.08333333333333333,2
99,China,27,36,0.75,1
99,Germany,9,36,0.25,2
100,China,35,35,1.0,1
101,China,34,34,1.0,1
102,China,34,34,1.0,1
103,China,33,33,1.0,1
104,China,33,33,1.0,1
105,Russia,29,32,0.90625,1
105,Serbia,3,32,0.09375,2
106,United States,27,32,0.84375,1
106,Canada,3,32,0.09375,2
106,Japan,2,32,0.0625,3
107,China,30,31,0.967741935483871,1
107,Australia,1,31,0.03225806451612903,2
108,United States,21,31,0.6774193548387096,1
108,Germany,3,31,0.0967741935483871,2
108,Australia,2,31,0.06451612903225806,3
108,South Korea,2,31,0.06451612903225806,4
108,Taiwan,2,31,0.06451612903225806,5
108,Spain,1,31,0.03225806451612903,6
109,China,31,31,1.0,1
110,Italy,24,30,0.8,1
110,United States,5,30,0.16666666666666666,2
110,Unknown country,1,30,0.03333333333333333,3
111,China,29,29,1.0,1
112,China,29,29,1.0,1
113,China,27,29,0.9310344827586207,1
113,Germany,2,29,0.06896551724137931,2
114,China,27,29,0.9310344827586207,1
114,United Kingdom,2,29,0.06896551724137931,2
115,China,28,28,1.0,1
116,China,27,27,1.0,1
117,China,26,26,1.0,1
118,China,25,25,1.0,1
119,United States,25,25,1.0,1
120,United States,24,25,0.96,1
120,China,1,25,0.04,2
121,Germany,23,24,0.9583333333333334,1
121,China,1,24,0.041666666666666664,2
122,United Arab Emirates,19,24,0.7916666666666666,1
122,Canada,1,24,0.041666666666666664,2
122,Cyprus,1,24,0.041666666666666664,3
122,Greece,1,24,0.041666666666666664,4
122,Lebanon,1,24,0.041666666666666664,5
122,United States,1,24,0.041666666666666664,6
123,China,24,24,1.0,1
124,China,24,24,1.0,1
125,China,23,23,1.0,1
126,China,23,23,1.0,1
127,China,22,23,0.9565217391304348,1
127,Pakistan,1,23,0.043478260869565216,2
128,South Korea,22,22,1.0,1
129,Germany,10,22,0.45454545454545453,1
129,Iceland,5,22,0.22727272727272727,2
129,United Kingdom,5,22,0.22727272727272727,3
129,United States,2,22,0.09090909090909091,4
130,United States,16,21,0.7619047619047619,1
130,United Kingdom,5,21,0.23809523809523808,2
131,United States,21,21,1.0,1
132,China,21,21,1.0,1
133,China,20,21,0.9523809523809523,1
133,Unknown country,1,21,0.047619047619047616,2
134,China,21,21,1.0,1
135,Denmark,21,21,1.0,1
136,China,20,21,0.9523809523809523,1
136,Sweden,1,21,0.047619047619047616,2
137,China,20,21,0.9523809523809523,1
137,Italy,1,21,0.047619047619047616,2
138,China,21,21,1.0,1
139,Spain,11,20,0.55,1
139,Italy,7,20,0.35,2
139,Portugal,2,20,0.1,3
140,China,20,20,1.0,1
141,China,20,20,1.0,1
142,United States,20,20,1.0,1
143,China,20,20,1.0,1
144,China,19,19,1.0,1
145,China,17,19,0.8947368421052632,1
145,Australia,1,19,0.05263157894736842,2
145,United States,1,19,0.05263157894736842,3
146,Japan,19,19,1.0,1
147,United States,17,19,0.8947368421052632,1
147,India,2,19,0.10526315789473684,2
148,China,19,19,1.0,1
149,China,19,19,1.0,1
150,Japan,19,19,1.0,1
151,China,19,19,1.0,1
152,United States,18,19,0.9473684210526315,1
152,Australia,1,19,0.05263157894736842,2
153,China,17,18,0.9444444444444444,1
153,Unknown country,1,18,0.05555555555555555,2
154,China,18,18,1.0,1
155,China,18,18,1.0,1
156,China,18,18,1.0,1
157,India,17,17,1.0,1
158,China,17,17,1.0,1
159,China,16,17,0.9411764705882353,1
159,United States,1,17,0.058823529411764705,2
160,Italy,17,17,1.0,1
161,China,17,17,1.0,1
162,China,17,17,1.0,1
163,United States,17,17,1.0,1
164,China,16,17,0.9411764705882353,1
164,United Kingdom,1,17,0.058823529411764705,2
165,South Korea,17,17,1.0,1
166,Hungary,16,17,0.9411764705882353,1
166,United Kingdom,1,17,0.058823529411764705,2
167,South Korea,12,17,0.7058823529411765,1
167,Vietnam,5,17,0.29411764705882354,2
168,China,15,17,0.8823529411764706,1
168,Australia,2,17,0.11764705882352941,2
169,United Kingdom,15,16,0.9375,1
169,Sweden,1,16,0.0625,2
170,China,16,16,1.0,1
171,China,16,16,1.0,1
172,China,16,16,1.0,1
173,China,16,16,1.0,1
174,China,16,16,1.0,1
175,China,16,16,1.0,1
176,Australia,16,16,1.0,1
177,India,16,16,1.0,1
178,United States,14,16,0.875,1
178,Spain,2,16,0.125,2
179,China,16,16,1.0,1
180,China,16,16,1.0,1
181,South Africa,4,16,0.25,1
181,United Kingdom,4,16,0.25,2
181,Zimbabwe,4,16,0.25,3
181,Canada,2,16,0.125,4
181,Republic of the Congo,1,16,0.0625,5
181,Switzerland,1,16,0.0625,6
182,Spain,10,16,0.625,1
182,United States,6,16,0.375,2
183,Italy,15,16,0.9375,1
183,United States,1,16,0.0625,2
184,India,16,16,1.0,1
185,United States,13,15,0.8666666666666667,1
185,China,2,15,0.13333333333333333,2
186,China,15,15,1.0,1
187,China,15,15,1.0,1
188,China,15,15,1.0,1
189,China,15,15,1.0,1
190,China,15,15,1.0,1
191,Taiwan,15,15,1.0,1
192,China,15,15,1.0,1
193,China,12,15,0.8,1
193,United States,3,15,0.2,2
194,China,15,15,1.0,1
195,Unknown country,9,15,0.6,1
195,Netherlands,6,15,0.4,2
196,Greece,14,15,0.9333333333333333,1
196,United Kingdom,1,15,0.06666666666666667,2
197,China,14,15,0.9333333333333333,1
197,Netherlands,1,15,0.06666666666666667,2
198,United States,11,15,0.7333333333333333,1
198,India,3,15,0.2,2
198,Netherlands,1,15,0.06666666666666667,3
199,China,15,15,1.0,1
200,China,14,14,1.0,1
201,China,14,14,1.0,1
202,China,14,14,1.0,1
203,Japan,14,14,1.0,1
204,China,14,14,1.0,1
205,China,12,14,0.8571428571428571,1
205,United States,2,14,0.14285714285714285,2
206,United States,14,14,1.0,1
207,China,14,14,1.0,1
208,China,14,14,1.0,1
209,China,14,14,1.0,1
210,China,14,14,1.0,1
211,China,14,14,1.0,1
212,China,14,14,1.0,1
213,China,12,13,0.9230769230769231,1
213,United States,1,13,0.07692307692307693,2
214,China,13,13,1.0,1
215,China,12,13,0.9230769230769231,1
215,United States,1,13,0.07692307692307693,2
216,China,13,13,1.0,1
217,Germany,13,13,1.0,1
218,China,13,13,1.0,1
219,China,13,13,1.0,1
220,China,13,13,1.0,1
221,China,13,13,1.0,1
222,United States,13,13,1.0,1
223,United Kingdom,11,13,0.8461538461538461,1
223,Gambia,2,13,0.15384615384615385,2
224,China,13,13,1.0,1
225,China,13,13,1.0,1
226,United Kingdom,13,13,1.0,1
227,China,13,13,1.0,1
228,United States,13,13,1.0,1
229,China,13,13,1.0,1
230,China,13,13,1.0,1
231,China,12,13,0.9230769230769231,1
231,United States,1,13,0.07692307692307693,2
232,United States,12,12,1.0,1
233,China,12,12,1.0,1
234,China,10,12,0.8333333333333334,1
234,United States,2,12,0.16666666666666666,2
235,China,12,12,1.0,1
236,China,12,12,1.0,1
237,United States,11,12,0.9166666666666666,1
237,Canada,1,12,0.08333333333333333,2
238,China,10,12,0.8333333333333334,1
238,United States,2,12,0.16666666666666666,2
239,China,12,12,1.0,1
240,China,12,12,1.0,1
241,China,12,12,1.0,1
242,China,12,12,1.0,1
243,China,12,12,1.0,1
244,China,12,12,1.0,1
245,China,12,12,1.0,1
246,China,12,12,1.0,1
247,China,12,12,1.0,1
248,China,12,12,1.0,1
249,China,12,12,1.0,1
250,Japan,12,12,1.0,1
251,China,12,12,1.0,1
252,China,12,12,1.0,1
253,South Korea,12,12,1.0,1
254,China,12,12,1.0,1
255,China,12,12,1.0,1
256,China,12,12,1.0,1
257,China,12,12,1.0,1
258,United States,12,12,1.0,1
259,China,12,12,1.0,1
260,Canada,11,11,1.0,1
261,China,7,11,0.6363636363636364,1
261,United Kingdom,2,11,0.18181818181818182,2
261,United States,2,11,0.18181818181818182,3
262,China,11,11,1.0,1
263,China,11,11,1.0,1
264,United States,7,11,0.6363636363636364,1
264,China,4,11,0.36363636363636365,2
265,China,8,11,0.7272727272727273,1
265,Unknown country,3,11,0.2727272727272727,2
266,China,11,11,1.0,1
267,China,11,11,1.0,1
268,Germany,10,11,0.9090909090909091,1
268,Sweden,1,11,0.09090909090909091,2
269,China,11,11,1.0,1
270,China,11,11,1.0,1
271,China,11,11,1.0,1
272,China,11,11,1.0,1
273,China,11,11,1.0,1
274,United Kingdom,10,11,0.9090909090909091,1
274,Australia,1,11,0.09090909090909091,2
275,China,11,11,1.0,1
276,China,11,11,1.0,1
277,China,11,11,1.0,1
278,China,11,11,1.0,1
279,Hungary,11,11,1.0,1
280,Australia,9,11,0.8181818181818182,1
280,China,1,11,0.09090909090909091,2
280,Spain,1,11,0.09090909090909091,3
281,Taiwan,11,11,1.0,1
282,China,11,11,1.0,1
283,South Korea,10,10,1.0,1
284,China,10,10,1.0,1
285,South Korea,10,10,1.0,1
286,China,10,10,1.0,1
287,China,10,10,1.0,1
288,India,10,10,1.0,1
289,China,10,10,1.0,1
290,China,10,10,1.0,1
291,United States,9,10,0.9,1
291,France,1,10,0.1,2
292,China,10,10,1.0,1
293,China,10,10,1.0,1
294,Sweden,9,10,0.9,1
294,United States,1,10,0.1,2
295,China,10,10,1.0,1
296,China,10,10,1.0,1
297,China,9,10,0.9,1
297,Japan,1,10,0.1,2
298,China,10,10,1.0,1
299,South Korea,10,10,1.0,1
300,United Kingdom,10,10,1.0,1
301,China,10,10,1.0,1
302,China,9,10,0.9,1
302,Malaysia,1,10,0.1,2
303,United States,9,10,0.9,1
303,Belgium,1,10,0.1,2
304,China,10,10,1.0,1
305,China,10,10,1.0,1
306,Canada,10,10,1.0,1
307,China,10,10,1.0,1
308,China,8,10,0.8,1
308,United States,2,10,0.2,2
309,China,10,10,1.0,1
310,China,10,10,1.0,1
311,Latvia,10,10,1.0,1
312,China,10,10,1.0,1
313,Italy,10,10,1.0,1
314,China,10,10,1.0,1
315,China,10,10,1.0,1
316,China,10,10,1.0,1
317,China,10,10,1.0,1
318,China,10,10,1.0,1
319,China,10,10,1.0,1
320,China,10,10,1.0,1
321,United States,10,10,1.0,1
322,United Kingdom,8,10,0.8,1
322,Ireland,2,10,0.2,2
323,United Kingdom,10,10,1.0,1
324,Canada,9,10,0.9,1
324,Unknown country,1,10,0.1,2
325,China,10,10,1.0,1
326,China,10,10,1.0,1
327,China,10,10,1.0,1
328,China,6,10,0.6,1
328,Italy,4,10,0.4,2
329,China,10,10,1.0,1
330,China,10,10,1.0,1
331,China,10,10,1.0,1
332,China,10,10,1.0,1
333,Unknown country,10,10,1.0,1
334,Unknown country,5,10,0.5,1
334,Australia,4,10,0.4,2
334,United Kingdom,1,10,0.1,3
335,Taiwan,9,9,1.0,1
336,China,9,9,1.0,1
337,China,9,9,1.0,1
338,Greece,9,9,1.0,1
339,China,9,9,1.0,1
340,China,8,9,0.8888888888888888,1
340,United States,1,9,0.1111111111111111,2
341,China,8,9,0.8888888888888888,1
341,Unknown country,1,9,0.1111111111111111,2
342,Canada,6,9,0.6666666666666666,1
342,France,3,9,0.3333333333333333,2
343,China,9,9,1.0,1
344,China,9,9,1.0,1
345,China,9,9,1.0,1
346,Jordan,3,9,0.3333333333333333,1
346,Czechia,1,9,0.1111111111111111,2
346,India,1,9,0.1111111111111111,3
346,Oman,1,9,0.1111111111111111,4
346,Saudi Arabia,1,9,0.1111111111111111,5
346,South Africa,1,9,0.1111111111111111,6
346,United Arab Emirates,1,9,0.1111111111111111,7
347,China,9,9,1.0,1
348,China,9,9,1.0,1
349,China,8,9,0.8888888888888888,1
349,United States,1,9,0.1111111111111111,2
350,Japan,9,9,1.0,1
351,China,9,9,1.0,1
352,China,9,9,1.0,1
353,China,9,9,1.0,1
354,Russia,9,9,1.0,1
355,China,9,9,1.0,1
356,China,9,9,1.0,1
357,China,9,9,1.0,1
358,United States,9,9,1.0,1
359,China,9,9,1.0,1
360,Canada,7,9,0.7777777777777778,1
360,Unknown country,2,9,0.2222222222222222,2
361,China,9,9,1.0,1
362,China,9,9,1.0,1
363,China,9,9,1.0,1
364,China,9,9,1.0,1
365,China,9,9,1.0,1
366,China,9,9,1.0,1
367,Germany,9,9,1.0,1
368,United States,8,9,0.8888888888888888,1
368,Brazil,1,9,0.1111111111111111,2
369,China,9,9,1.0,1
370,China,9,9,1.0,1
371,China,9,9,1.0,1
372,China,9,9,1.0,1
373,Netherlands,7,9,0.7777777777777778,1
373,Australia,2,9,0.2222222222222222,2
374,China,9,9,1.0,1
375,China,8,9,0.8888888888888888,1
375,United States,1,9,0.1111111111111111,2
376,United Kingdom,8,9,0.8888888888888888,1
376,Netherlands,1,9,0.1111111111111111,2
377,China,9,9,1.0,1
378,United States,9,9,1.0,1
379,China,9,9,1.0,1
380,China,9,9,1.0,1
381,China,9,9,1.0,1
382,China,9,9,1.0,1
383,United Kingdom,6,9,0.6666666666666666,1
383,United States,3,9,0.3333333333333333,2
384,United States,9,9,1.0,1
385,United Kingdom,9,9,1.0,1
386,China,9,9,1.0,1
387,China,9,9,1.0,1
388,China,9,9,1.0,1
389,China,9,9,1.0,1
390,China,9,9,1.0,1
391,China,9,9,1.0,1
392,China,9,9,1.0,1
393,United States,8,9,0.8888888888888888,1
393,Argentina,1,9,0.1111111111111111,2
394,United States,7,9,0.7777777777777778,1
394,Brazil,1,9,0.1111111111111111,2
394,Unknown country,1,9,0.1111111111111111,3
395,China,9,9,1.0,1
396,Canada,9,9,1.0,1
397,China,9,9,1.0,1
398,China,9,9,1.0,1
399,United States,9,9,1.0,1
400,United States,9,9,1.0,1
401,China,9,9,1.0,1
402,China,9,9,1.0,1
403,China,9,9,1.0,1
404,China,9,9,1.0,1
405,China,9,9,1.0,1
406,China,9,9,1.0,1
407,China,9,9,1.0,1
408,China,9,9,1.0,1
409,United Kingdom,8,9,0.8888888888888888,1
409,Austria,1,9,0.1111111111111111,2
410,United States,9,9,1.0,1
411,China,9,9,1.0,1
412,Germany,9,9,1.0,1
413,Saudi Arabia,8,9,0.8888888888888888,1
413,Egypt,1,9,0.1111111111111111,2
414,China,9,9,1.0,1
415,China,9,9,1.0,1
416,China,9,9,1.0,1
417,United Kingdom,9,9,1.0,1
418,China,9,9,1.0,1
419,United States,9,9,1.0,1
420,Unknown country,9,9,1.0,1
421,China,9,9,1.0,1
422,South Korea,9,9,1.0,1
423,China,9,9,1.0,1
424,United Kingdom,9,9,1.0,1
425,Unknown country,8,9,0.8888888888888888,1
425,United States,1,9,0.1111111111111111,2
426,Canada,9,9,1.0,1
427,China,9,9,1.0,1
428,China,9,9,1.0,1
429,China,7,8,0.875,1
429,Canada,1,8,0.125,2
430,China,8,8,1.0,1
431,United Kingdom,8,8,1.0,1
432,United States,8,8,1.0,1
433,United Kingdom,8,8,1.0,1
434,United Kingdom,4,8,0.5,1
434,Unknown country,3,8,0.375,2
434,Malaysia,1,8,0.125,3
435,China,8,8,1.0,1
436,China,7,8,0.875,1
436,France,1,8,0.125,2
437,China,8,8,1.0,1
438,China,8,8,1.0,1
439,China,8,8,1.0,1
440,China,8,8,1.0,1
441,China,7,8,0.875,1
441,Unknown country,1,8,0.125,2
442,China,8,8,1.0,1
443,China,8,8,1.0,1
444,China,8,8,1.0,1
445,United Kingdom,8,8,1.0,1
446,China,8,8,1.0,1
447,China,8,8,1.0,1
448,China,5,8,0.625,1
448,Japan,1,8,0.125,2
448,Netherlands,1,8,0.125,3
448,United Kingdom,1,8,0.125,4
449,China,8,8,1.0,1
450,China,8,8,1.0,1
451,China,8,8,1.0,1
452,China,8,8,1.0,1
453,China,7,8,0.875,1
453,United States,1,8,0.125,2
454,Unknown country,5,8,0.625,1
454,Russia,3,8,0.375,2
455,China,8,8,1.0,1
456,China,8,8,1.0,1
457,China,8,8,1.0,1
458,China,8,8,1.0,1
459,China,8,8,1.0,1
460,China,8,8,1.0,1
461,China,8,8,1.0,1
462,China,8,8,1.0,1
463,China,8,8,1.0,1
464,China,8,8,1.0,1
465,China,8,8,1.0,1
466,China,8,8,1.0,1
467,China,8,8,1.0,1
468,China,8,8,1.0,1
469,China,8,8,1.0,1
470,Australia,8,8,1.0,1
471,China,8,8,1.0,1
472,China,8,8,1.0,1
473,China,8,8,1.0,1
474,China,8,8,1.0,1
475,China,8,8,1.0,1
476,China,8,8,1.0,1
477,China,8,8,1.0,1
478,China,8,8,1.0,1
479,Italy,8,8,1.0,1
480,China,8,8,1.0,1
481,China,8,8,1.0,1
482,China,8,8,1.0,1
483,China,8,8,1.0,1
484,Germany,5,8,0.625,1
484,China,3,8,0.375,2
485,Switzerland,7,8,0.875,1
485,United States,1,8,0.125,2
486,China,8,8,1.0,1
487,Poland,5,8,0.625,1
487,Austria,3,8,0.375,2
488,United States,8,8,1.0,1
489,China,8,8,1.0,1
490,China,8,8,1.0,1
491,China,8,8,1.0,1
492,China,8,8,1.0,1
493,China,8,8,1.0,1
494,China,8,8,1.0,1
495,China,8,8,1.0,1
496,China,6,8,0.75,1
496,United States,1,8,0.125,2
496,Unknown country,1,8,0.125,3
497,China,8,8,1.0,1
498,China,8,8,1.0,1
499,South Korea,8,8,1.0,1
500,China,8,8,1.0,1
501,China,8,8,1.0,1
502,China,8,8,1.0,1
503,China,8,8,1.0,1
504,China,8,8,1.0,1
505,China,8,8,1.0,1
506,China,8,8,1.0,1
507,China,8,8,1.0,1
508,China,8,8,1.0,1
509,China,8,8,1.0,1
510,China,8,8,1.0,1
511,China,8,8,1.0,1
512,South Korea,8,8,1.0,1
513,China,8,8,1.0,1
514,China,8,8,1.0,1
515,China,8,8,1.0,1
516,Australia,7,8,0.875,1
516,United Kingdom,1,8,0.125,2
517,China,4,8,0.5,1
517,Italy,3,8,0.375,2
517,Germany,1,8,0.125,3
518,China,8,8,1.0,1
519,China,8,8,1.0,1
520,United States,6,8,0.75,1
520,South Korea,2,8,0.25,2
521,China,8,8,1.0,1
522,China,8,8,1.0,1
523,South Korea,7,7,1.0,1
524,China,5,7,0.7142857142857143,1
524,Ireland,2,7,0.2857142857142857,2
525,China,7,7,1.0,1
526,United States,6,7,0.8571428571428571,1
526,France,1,7,0.14285714285714285,2
527,China,7,7,1.0,1
528,Switzerland,4,7,0.5714285714285714,1
528,Thailand,3,7,0.42857142857142855,2
529,United Kingdom,7,7,1.0,1
530,Japan,7,7,1.0,1
531,China,7,7,1.0,1
532,Israel,6,7,0.8571428571428571,1
532,United Kingdom,1,7,0.14285714285714285,2
533,China,7,7,1.0,1
534,China,7,7,1.0,1
535,Estonia,7,7,1.0,1
536,China,7,7,1.0,1
537,China,7,7,1.0,1
538,China,7,7,1.0,1
539,China,7,7,1.0,1
540,China,7,7,1.0,1
541,China,7,7,1.0,1
542,China,7,7,1.0,1
543,China,7,7,1.0,1
544,China,7,7,1.0,1
545,China,7,7,1.0,1
546,Germany,6,7,0.8571428571428571,1
546,Hungary,1,7,0.14285714285714285,2
547,China,7,7,1.0,1
548,China,7,7,1.0,1
549,China,7,7,1.0,1
550,China,7,7,1.0,1
551,China,7,7,1.0,1
552,China,7,7,1.0,1
553,China,7,7,1.0,1
554,China,7,7,1.0,1
555,China,7,7,1.0,1
556,China,7,7,1.0,1
557,United Kingdom,4,7,0.5714285714285714,1
557,Greece,2,7,0.2857142857142857,2
557,Netherlands,1,7,0.14285714285714285,3
558,China,7,7,1.0,1
559,China,7,7,1.0,1
560,China,7,7,1.0,1
561,China,7,7,1.0,1
562,China,4,7,0.5714285714285714,1
562,United States,2,7,0.2857142857142857,2
562,Russia,1,7,0.14285714285714285,3
563,United Kingdom,7,7,1.0,1
564,China,7,7,1.0,1
565,United States,7,7,1.0,1
566,Australia,5,7,0.7142857142857143,1
566,United Kingdom,1,7,0.14285714285714285,2
566,Unknown country,1,7,0.14285714285714285,3
567,China,7,7,1.0,1
568,Canada,7,7,1.0,1
569,Taiwan,7,7,1.0,1
570,Canada,6,7,0.8571428571428571,1
570,United States,1,7,0.14285714285714285,2
571,China,7,7,1.0,1
572,China,7,7,1.0,1
573,China,7,7,1.0,1
574,China,5,7,0.7142857142857143,1
574,Germany,2,7,0.2857142857142857,2
575,China,7,7,1.0,1
576,China,7,7,1.0,1
577,China,6,7,0.8571428571428571,1
577,Netherlands,1,7,0.14285714285714285,2
578,China,7,7,1.0,1
579,United States,7,7,1.0,1
580,China,5,7,0.7142857142857143,1
580,Russia,2,7,0.2857142857142857,2
581,China,7,7,1.0,1
582,United Kingdom,7,7,1.0,1
583,China,7,7,1.0,1
584,China,7,7,1.0,1
585,China,7,7,1.0,1
586,China,7,7,1.0,1
587,China,4,7,0.5714285714285714,1
587,Germany,3,7,0.42857142857142855,2
588,China,7,7,1.0,1
589,China,6,7,0.8571428571428571,1
589,United States,1,7,0.14285714285714285,2
590,Russia,7,7,1.0,1
591,China,7,7,1.0,1
592,United States,7,7,1.0,1
593,China,7,7,1.0,1
594,China,7,7,1.0,1
595,Italy,7,7,1.0,1
596,China,7,7,1.0,1
597,China,7,7,1.0,1
598,China,7,7,1.0,1
599,China,7,7,1.0,1
600,United States,7,7,1.0,1
601,China,7,7,1.0,1
602,United Kingdom,7,7,1.0,1
603,United States,7,7,1.0,1
604,China,7,7,1.0,1
605,China,7,7,1.0,1
606,China,7,7,1.0,1
607,United States,7,7,1.0,1
608,China,7,7,1.0,1
609,China,7,7,1.0,1
610,China,7,7,1.0,1
611,China,7,7,1.0,1
612,Japan,3,7,0.42857142857142855,1
612,Taiwan,3,7,0.42857142857142855,2
612,United Kingdom,1,7,0.14285714285714285,3
613,China,7,7,1.0,1
614,China,7,7,1.0,1
615,Iraq,5,7,0.7142857142857143,1
615,Turkey,2,7,0.2857142857142857,2
616,China,7,7,1.0,1
617,China,7,7,1.0,1
618,Unknown country,7,7,1.0,1
619,China,6,7,0.8571428571428571,1
619,France,1,7,0.14285714285714285,2
620,China,7,7,1.0,1
621,China,7,7,1.0,1
622,China,7,7,1.0,1
623,China,7,7,1.0,1
624,China,7,7,1.0,1
625,United States,7,7,1.0,1
626,Sweden,5,7,0.7142857142857143,1
626,United States,2,7,0.2857142857142857,2
627,China,7,7,1.0,1
628,China,7,7,1.0,1
629,China,7,7,1.0,1
630,China,7,7,1.0,1
631,China,7,7,1.0,1
632,South Korea,7,7,1.0,1
633,China,7,7,1.0,1
634,China,7,7,1.0,1
635,China,7,7,1.0,1
636,Malaysia,7,7,1.0,1
637,China,6,7,0.8571428571428571,1
637,Malaysia,1,7,0.14285714285714285,2
638,China,7,7,1.0,1
639,China,7,7,1.0,1
640,China,6,7,0.8571428571428571,1
640,Taiwan,1,7,0.14285714285714285,2
641,China,7,7,1.0,1
642,China,7,7,1.0,1
643,United States,7,7,1.0,1
644,China,7,7,1.0,1
645,China,7,7,1.0,1
646,China,7,7,1.0,1
647,China,7,7,1.0,1
648,China,7,7,1.0,1
649,China,7,7,1.0,1
650,Canada,7,7,1.0,1
651,China,7,7,1.0,1
652,China,7,7,1.0,1
653,China,7,7,1.0,1
654,United Kingdom,6,6,1.0,1
655,China,5,6,0.8333333333333334,1
655,United States,1,6,0.16666666666666666,2
656,China,6,6,1.0,1
657,China,6,6,1.0,1
658,China,6,6,1.0,1
659,China,6,6,1.0,1
660,China,6,6,1.0,1
661,China,6,6,1.0,1
662,India,3,6,0.5,1
662,United States,2,6,0.3333333333333333,2
662,Canada,1,6,0.16666666666666666,3
663,China,6,6,1.0,1
664,China,6,6,1.0,1
665,China,6,6,1.0,1
666,Israel,4,6,0.6666666666666666,1
666,United States,2,6,0.3333333333333333,2
667,China,6,6,1.0,1
668,China,6,6,1.0,1
669,China,6,6,1.0,1
670,China,6,6,1.0,1
671,China,6,6,1.0,1
672,China,6,6,1.0,1
673,Japan,6,6,1.0,1
674,China,4,6,0.6666666666666666,1
674,Greece,1,6,0.16666666666666666,2
674,Netherlands,1,6,0.16666666666666666,3
675,Indonesia,6,6,1.0,1
676,China,6,6,1.0,1
677,China,6,6,1.0,1
678,India,6,6,1.0,1
679,United States,6,6,1.0,1
680,China,6,6,1.0,1
681,China,6,6,1.0,1
682,United Kingdom,5,6,0.8333333333333334,1
682,Unknown country,1,6,0.16666666666666666,2
683,China,6,6,1.0,1
684,China,6,6,1.0,1
685,China,6,6,1.0,1
686,Australia,6,6,1.0,1
687,China,6,6,1.0,1
688,United Kingdom,5,6,0.8333333333333334,1
688,Canada,1,6,0.16666666666666666,2
689,Spain,6,6,1.0,1
690,China,6,6,1.0,1
691,China,6,6,1.0,1
692,China,6,6,1.0,1
693,China,6,6,1.0,1
694,China,6,6,1.0,1
695,China,6,6,1.0,1
696,China,6,6,1.0,1
697,Germany,6,6,1.0,1
698,China,6,6,1.0,1
699,China,6,6,1.0,1
700,China,6,6,1.0,1
701,China,6,6,1.0,1
702,United States,6,6,1.0,1
703,Canada,6,6,1.0,1
704,China,6,6,1.0,1
705,China,6,6,1.0,1
706,China,6,6,1.0,1
707,China,6,6,1.0,1
708,China,5,6,0.8333333333333334,1
708,United States,1,6,0.16666666666666666,2
709,United States,5,6,0.8333333333333334,1
709,Denmark,1,6,0.16666666666666666,2
710,China,6,6,1.0,1
711,China,6,6,1.0,1
712,China,6,6,1.0,1
713,Spain,6,6,1.0,1
714,China,6,6,1.0,1
715,United Kingdom,6,6,1.0,1
716,China,5,6,0.8333333333333334,1
716,United Kingdom,1,6,0.16666666666666666,2
717,China,6,6,1.0,1
718,China,6,6,1.0,1
719,China,6,6,1.0,1
720,China,6,6,1.0,1
721,China,6,6,1.0,1
722,United States,6,6,1.0,1
723,China,6,6,1.0,1
724,South Korea,6,6,1.0,1
725,China,6,6,1.0,1
726,China,6,6,1.0,1
727,China,6,6,1.0,1
728,China,6,6,1.0,1
729,United Kingdom,6,6,1.0,1
730,Unknown country,6,6,1.0,1
731,China,6,6,1.0,1
732,China,5,6,0.8333333333333334,1
732,Canada,1,6,0.16666666666666666,2
733,China,6,6,1.0,1
734,Canada,6,6,1.0,1
735,United Kingdom,5,6,0.8333333333333334,1
735,Australia,1,6,0.16666666666666666,2
736,China,6,6,1.0,1
737,China,6,6,1.0,1
738,China,6,6,1.0,1
739,China,6,6,1.0,1
740,China,6,6,1.0,1
741,China,6,6,1.0,1
742,Saudi Arabia,6,6,1.0,1
743,China,6,6,1.0,1
744,China,6,6,1.0,1
745,China,6,6,1.0,1
746,Germany,5,6,0.8333333333333334,1
746,United States,1,6,0.16666666666666666,2
747,China,6,6,1.0,1
748,China,6,6,1.0,1
749,China,6,6,1.0,1
750,China,6,6,1.0,1
751,China,6,6,1.0,1
752,Spain,5,6,0.8333333333333334,1
752,Chile,1,6,0.16666666666666666,2
753,China,6,6,1.0,1
754,China,6,6,1.0,1
755,China,6,6,1.0,1
756,China,6,6,1.0,1
757,Ireland,4,6,0.6666666666666666,1
757,United Kingdom,2,6,0.3333333333333333,2
758,China,6,6,1.0,1
759,Croatia,3,6,0.5,1
759,United States,3,6,0.5,2
760,China,6,6,1.0,1
761,China,6,6,1.0,1
762,China,6,6,1.0,1
763,China,6,6,1.0,1
764,Israel,6,6,1.0,1
765,Germany,5,6,0.8333333333333334,1
765,United States,1,6,0.16666666666666666,2
766,China,6,6,1.0,1
767,China,6,6,1.0,1
768,China,6,6,1.0,1
769,China,6,6,1.0,1
770,China,6,6,1.0,1
771,China,6,6,1.0,1
772,China,6,6,1.0,1
773,China,6,6,1.0,1
774,China,6,6,1.0,1
775,United States,6,6,1.0,1
776,China,6,6,1.0,1
777,China,6,6,1.0,1
778,China,6,6,1.0,1
779,China,6,6,1.0,1
780,China,6,6,1.0,1
781,China,6,6,1.0,1
782,Canada,6,6,1.0,1
783,China,6,6,1.0,1
784,China,6,6,1.0,1
785,China,6,6,1.0,1
786,China,6,6,1.0,1
787,China,6,6,1.0,1
788,China,6,6,1.0,1
789,China,6,6,1.0,1
790,China,6,6,1.0,1
791,Australia,3,6,0.5,1
791,Sweden,3,6,0.5,2
792,China,6,6,1.0,1
793,China,6,6,1.0,1
794,China,6,6,1.0,1
795,China,6,6,1.0,1
796,China,6,6,1.0,1
797,China,6,6,1.0,1
798,China,6,6,1.0,1
799,China,6,6,1.0,1
800,China,6,6,1.0,1
801,China,6,6,1.0,1
802,China,6,6,1.0,1
803,China,5,6,0.8333333333333334,1
803,Australia,1,6,0.16666666666666666,2
804,Switzerland,6,6,1.0,1
805,China,6,6,1.0,1
806,China,6,6,1.0,1
807,China,6,6,1.0,1
808,United Kingdom,6,6,1.0,1
809,United Kingdom,5,5,1.0,1
810,China,5,5,1.0,1
811,China,5,5,1.0,1
812,China,5,5,1.0,1
813,Germany,5,5,1.0,1
814,China,5,5,1.0,1
815,United States,4,5,0.8,1
815,China,1,5,0.2,2
816,China,5,5,1.0,1
817,China,5,5,1.0,1
818,China,5,5,1.0,1
819,United Kingdom,5,5,1.0,1
820,United Kingdom,5,5,1.0,1
821,China,5,5,1.0,1
822,China,5,5,1.0,1
823,Canada,4,5,0.8,1
823,United States,1,5,0.2,2
824,China,5,5,1.0,1
825,China,5,5,1.0,1
826,China,5,5,1.0,1
827,China,5,5,1.0,1
828,China,5,5,1.0,1
829,China,5,5,1.0,1
830,China,5,5,1.0,1
831,China,5,5,1.0,1
832,China,5,5,1.0,1
833,United Kingdom,5,5,1.0,1
834,China,5,5,1.0,1
835,China,5,5,1.0,1
836,China,5,5,1.0,1
837,China,5,5,1.0,1
838,China,5,5,1.0,1
839,China,5,5,1.0,1
840,China,5,5,1.0,1
841,Germany,2,5,0.4,1
841,United Kingdom,2,5,0.4,2
841,Denmark,1,5,0.2,3
842,China,5,5,1.0,1
843,China,5,5,1.0,1
844,China,5,5,1.0,1
845,United States,5,5,1.0,1
846,China,5,5,1.0,1
847,China,5,5,1.0,1
848,China,5,5,1.0,1
849,China,5,5,1.0,1
850,France,5,5,1.0,1
851,Sweden,5,5,1.0,1
852,China,5,5,1.0,1
853,China,5,5,1.0,1
854,China,5,5,1.0,1
855,Montenegro,5,5,1.0,1
856,China,5,5,1.0,1
857,France,3,5,0.6,1
857,Belgium,2,5,0.4,2
858,China,5,5,1.0,1
859,China,5,5,1.0,1
860,United Arab Emirates,3,5,0.6,1
860,China,2,5,0.4,2
861,China,5,5,1.0,1
862,China,5,5,1.0,1
863,China,5,5,1.0,1
864,China,5,5,1.0,1
865,China,5,5,1.0,1
866,Japan,3,5,0.6,1
866,China,1,5,0.2,2
866,United States,1,5,0.2,3
867,China,5,5,1.0,1
868,China,5,5,1.0,1
869,Denmark,2,5,0.4,1
869,United States,2,5,0.4,2
869,Germany,1,5,0.2,3
870,China,5,5,1.0,1
871,South Korea,5,5,1.0,1
872,United Kingdom,4,5,0.8,1
872,Netherlands,1,5,0.2,2
873,South Korea,5,5,1.0,1
874,United States,5,5,1.0,1
875,China,5,5,1.0,1
876,China,5,5,1.0,1
877,China,5,5,1.0,1
878,China,5,5,1.0,1
879,China,5,5,1.0,1
880,China,5,5,1.0,1
881,China,5,5,1.0,1
882,Russia,5,5,1.0,1
883,China,5,5,1.0,1
884,China,5,5,1.0,1
885,China,5,5,1.0,1
886,China,5,5,1.0,1
887,China,5,5,1.0,1
888,Israel,5,5,1.0,1
889,Norway,4,5,0.8,1
889,Finland,1,5,0.2,2
890,China,5,5,1.0,1
891,China,5,5,1.0,1
892,China,5,5,1.0,1
893,China,5,5,1.0,1
894,South Korea,5,5,1.0,1
895,China,5,5,1.0,1
896,China,5,5,1.0,1
897,France,4,5,0.8,1
897,United Kingdom,1,5,0.2,2
898,China,5,5,1.0,1
899,China,5,5,1.0,1
900,China,5,5,1.0,1
901,China,5,5,1.0,1
902,France,5,5,1.0,1
903,United Kingdom,5,5,1.0,1
904,China,5,5,1.0,1
905,Luxembourg,3,5,0.6,1
905,France,1,5,0.2,2
905,Italy,1,5,0.2,3
906,Indonesia,4,5,0.8,1
906,Ghana,1,5,0.2,2
907,China,5,5,1.0,1
908,China,5,5,1.0,1
909,China,5,5,1.0,1
910,China,5,5,1.0,1
911,China,5,5,1.0,1
912,France,4,5,0.8,1
912,United States,1,5,0.2,2
913,China,5,5,1.0,1
914,China,5,5,1.0,1
915,United States,4,5,0.8,1
915,Unknown country,1,5,0.2,2
916,China,5,5,1.0,1
917,China,5,5,1.0,1
918,United Kingdom,5,5,1.0,1
919,China,5,5,1.0,1
920,China,5,5,1.0,1
921,China,5,5,1.0,1
922,Uzbekistan,3,5,0.6,1
922,India,2,5,0.4,2
923,United States,5,5,1.0,1
924,China,5,5,1.0,1
925,Spain,4,5,0.8,1
925,United States,1,5,0.2,2
926,China,5,5,1.0,1
927,China,5,5,1.0,1
928,Japan,5,5,1.0,1
929,China,5,5,1.0,1
930,China,5,5,1.0,1
931,China,5,5,1.0,1
932,China,5,5,1.0,1
933,Spain,4,5,0.8,1
933,Italy,1,5,0.2,2
934,Spain,5,5,1.0,1
935,China,5,5,1.0,1
936,China,5,5,1.0,1
937,United Kingdom,5,5,1.0,1
938,China,5,5,1.0,1
939,China,5,5,1.0,1
940,Israel,5,5,1.0,1
941,South Korea,5,5,1.0,1
942,China,5,5,1.0,1
943,Unknown country,4,5,0.8,1
943,United Kingdom,1,5,0.2,2
944,China,5,5,1.0,1
945,Germany,5,5,1.0,1
946,China,5,5,1.0,1
947,China,5,5,1.0,1
948,China,3,5,0.6,1
948,Australia,1,5,0.2,2
948,United States,1,5,0.2,3
949,China,5,5,1.0,1
950,United States,5,5,1.0,1
951,China,5,5,1.0,1
952,China,5,5,1.0,1
953,China,5,5,1.0,1
954,China,5,5,1.0,1
955,China,5,5,1.0,1
956,China,5,5,1.0,1
957,China,5,5,1.0,1
958,China,5,5,1.0,1
959,Canada,3,5,0.6,1
959,United Kingdom,1,5,0.2,2
959,United States,1,5,0.2,3
960,China,5,5,1.0,1
961,United States,5,5,1.0,1
962,China,5,5,1.0,1
963,China,5,5,1.0,1
964,China,5,5,1.0,1
965,China,5,5,1.0,1
966,China,5,5,1.0,1
967,China,5,5,1.0,1
968,China,5,5,1.0,1
969,China,5,5,1.0,1
970,China,5,5,1.0,1
971,China,5,5,1.0,1
972,Canada,5,5,1.0,1
973,China,5,5,1.0,1
974,China,5,5,1.0,1
975,Israel,5,5,1.0,1
976,United States,5,5,1.0,1
977,China,5,5,1.0,1
978,Iran,5,5,1.0,1
979,China,5,5,1.0,1
980,China,5,5,1.0,1
981,China,5,5,1.0,1
982,China,5,5,1.0,1
983,China,5,5,1.0,1
984,China,5,5,1.0,1
985,China,5,5,1.0,1
986,China,5,5,1.0,1
987,China,5,5,1.0,1
988,China,5,5,1.0,1
989,China,5,5,1.0,1
990,United States,5,5,1.0,1
991,China,5,5,1.0,1
992,China,5,5,1.0,1
993,China,5,5,1.0,1
994,China,5,5,1.0,1
995,China,5,5,1.0,1
996,China,5,5,1.0,1
997,China,5,5,1.0,1
998,China,5,5,1.0,1
999,China,5,5,1.0,1
1000,China,5,5,1.0,1
1001,China,5,5,1.0,1
1002,China,5,5,1.0,1
1003,China,5,5,1.0,1
1004,China,5,5,1.0,1
1005,China,5,5,1.0,1
1006,China,5,5,1.0,1
1007,China,5,5,1.0,1
1008,China,5,5,1.0,1
1009,China,5,5,1.0,1
1010,China,5,5,1.0,1
1011,Canada,5,5,1.0,1
1012,China,5,5,1.0,1
1013,United Kingdom,5,5,1.0,1
1014,China,5,5,1.0,1
1015,China,5,5,1.0,1
1016,China,5,5,1.0,1
1017,China,4,4,1.0,1
1018,China,4,4,1.0,1
1019,Spain,2,4,0.5,1
1019,United States,2,4,0.5,2
1020,China,4,4,1.0,1
1021,China,4,4,1.0,1
1022,United States,4,4,1.0,1
1023,China,4,4,1.0,1
1024,Canada,4,4,1.0,1
1025,China,4,4,1.0,1
1026,China,4,4,1.0,1
1027,China,4,4,1.0,1
1028,Brazil,4,4,1.0,1
1029,China,4,4,1.0,1
1030,China,4,4,1.0,1
1031,China,4,4,1.0,1
1032,China,4,4,1.0,1
1033,United States,4,4,1.0,1
1034,China,4,4,1.0,1
1035,China,4,4,1.0,1
1036,China,4,4,1.0,1
1037,Italy,4,4,1.0,1
1038,Switzerland,4,4,1.0,1
1039,United States,4,4,1.0,1
1040,South Korea,3,4,0.75,1
1040,France,1,4,0.25,2
1041,United States,4,4,1.0,1
1042,China,4,4,1.0,1
1043,Canada,3,4,0.75,1
1043,China,1,4,0.25,2
1044,China,4,4,1.0,1
1045,Unknown country,4,4,1.0,1
1046,China,4,4,1.0,1
1047,China,4,4,1.0,1
1048,Canada,4,4,1.0,1
1049,China,4,4,1.0,1
1050,China,4,4,1.0,1
1051,India,4,4,1.0,1
1052,China,4,4,1.0,1
1053,France,3,4,0.75,1
1053,China,1,4,0.25,2
1054,China,4,4,1.0,1
1055,China,4,4,1.0,1
1056,China,4,4,1.0,1
1057,China,4,4,1.0,1
1058,Netherlands,4,4,1.0,1
1059,China,4,4,1.0,1
1060,Unknown country,4,4,1.0,1
1061,China,4,4,1.0,1
1062,China,4,4,1.0,1
1063,China,4,4,1.0,1
1064,Unknown country,4,4,1.0,1
1065,China,4,4,1.0,1
1066,China,4,4,1.0,1
1067,China,4,4,1.0,1
1068,China,4,4,1.0,1
1069,China,4,4,1.0,1
1070,China,2,4,0.5,1
1070,United Kingdom,2,4,0.5,2
1071,South Korea,4,4,1.0,1
1072,China,4,4,1.0,1
1073,China,4,4,1.0,1
1074,United States,4,4,1.0,1
1075,China,4,4,1.0,1
1076,China,4,4,1.0,1
1077,China,4,4,1.0,1
1078,China,4,4,1.0,1
1079,China,4,4,1.0,1
1080,China,4,4,1.0,1
1081,China,4,4,1.0,1
1082,Canada,4,4,1.0,1
1083,Germany,2,4,0.5,1
1083,United Kingdom,2,4,0.5,2
1084,Turkey,4,4,1.0,1
1085,China,4,4,1.0,1
1086,China,4,4,1.0,1
1087,United States,4,4,1.0,1
1088,United States,4,4,1.0,1
1089,China,4,4,1.0,1
1090,China,4,4,1.0,1
1091,United States,4,4,1.0,1
1092,Canada,4,4,1.0,1
1093,China,4,4,1.0,1
1094,China,4,4,1.0,1
1095,China,4,4,1.0,1
1096,United Kingdom,4,4,1.0,1
1097,Germany,4,4,1.0,1
1098,United States,4,4,1.0,1
1099,South Korea,4,4,1.0,1
1100,China,4,4,1.0,1
1101,China,4,4,1.0,1
1102,China,4,4,1.0,1
1103,China,4,4,1.0,1
1104,Germany,2,4,0.5,1
1104,France,1,4,0.25,2
1104,Italy,1,4,0.25,3
1105,China,4,4,1.0,1
1106,China,4,4,1.0,1
1107,Netherlands,4,4,1.0,1
1108,United Kingdom,4,4,1.0,1
1109,United Kingdom,4,4,1.0,1
1110,China,4,4,1.0,1
1111,China,4,4,1.0,1
1112,China,4,4,1.0,1
1113,Australia,4,4,1.0,1
1114,China,4,4,1.0,1
1115,United Kingdom,4,4,1.0,1
1116,India,2,4,0.5,1
1116,Saudi Arabia,2,4,0.5,2
1117,China,4,4,1.0,1
1118,United States,4,4,1.0,1
1119,United States,4,4,1.0,1
1120,China,4,4,1.0,1
1121,China,4,4,1.0,1
1122,China,4,4,1.0,1
1123,China,4,4,1.0,1
1124,Singapore,4,4,1.0,1
1125,China,4,4,1.0,1
1126,China,4,4,1.0,1
1127,China,4,4,1.0,1
1128,China,4,4,1.0,1
1129,Netherlands,4,4,1.0,1
1130,China,4,4,1.0,1
1131,China,4,4,1.0,1
1132,Turkey,3,4,0.75,1
1132,Unknown country,1,4,0.25,2
1133,China,4,4,1.0,1
1134,China,4,4,1.0,1
1135,United States,4,4,1.0,1
1136,China,4,4,1.0,1
1137,China,4,4,1.0,1
1138,New Zealand,3,4,0.75,1
1138,Brazil,1,4,0.25,2
1139,China,4,4,1.0,1
1140,China,4,4,1.0,1
1141,China,4,4,1.0,1
1142,China,4,4,1.0,1
1143,China,4,4,1.0,1
1144,China,4,4,1.0,1
1145,France,4,4,1.0,1
1146,China,3,4,0.75,1
1146,Australia,1,4,0.25,2
1147,China,4,4,1.0,1
1148,United Kingdom,2,4,0.5,1
1148,United States,2,4,0.5,2
1149,China,4,4,1.0,1
1150,China,4,4,1.0,1
1151,United States,4,4,1.0,1
1152,China,4,4,1.0,1
1153,China,4,4,1.0,1
1154,China,4,4,1.0,1
1155,China,4,4,1.0,1
1156,China,4,4,1.0,1
1157,Rwanda,2,4,0.5,1
1157,Pakistan,1,4,0.25,2
1157,Russia,1,4,0.25,3
1158,China,4,4,1.0,1
1159,China,4,4,1.0,1
1160,China,4,4,1.0,1
1161,China,4,4,1.0,1
1162,China,4,4,1.0,1
1163,China,3,4,0.75,1
1163,United States,1,4,0.25,2
1164,China,4,4,1.0,1
1165,China,4,4,1.0,1
1166,United States,3,4,0.75,1
1166,China,1,4,0.25,2
1167,China,4,4,1.0,1
1168,Unknown country,4,4,1.0,1
1169,China,4,4,1.0,1
1170,China,4,4,1.0,1
1171,China,4,4,1.0,1
1172,China,4,4,1.0,1
1173,China,4,4,1.0,1
1174,Brazil,4,4,1.0,1
1175,China,4,4,1.0,1
1176,China,4,4,1.0,1
1177,United Kingdom,4,4,1.0,1
1178,China,4,4,1.0,1
1179,China,4,4,1.0,1
1180,United States,4,4,1.0,1
1181,China,4,4,1.0,1
1182,China,4,4,1.0,1
1183,China,4,4,1.0,1
1184,China,4,4,1.0,1
1185,China,4,4,1.0,1
1186,United Kingdom,4,4,1.0,1
1187,China,4,4,1.0,1
1188,China,4,4,1.0,1
1189,United Kingdom,3,4,0.75,1
1189,United States,1,4,0.25,2
1190,China,4,4,1.0,1
1191,China,4,4,1.0,1
1192,China,4,4,1.0,1
1193,China,4,4,1.0,1
1194,China,4,4,1.0,1
1195,China,4,4,1.0,1
1196,China,4,4,1.0,1
1197,China,4,4,1.0,1
1198,China,4,4,1.0,1
1199,China,4,4,1.0,1
1200,China,4,4,1.0,1
1201,China,4,4,1.0,1
1202,India,4,4,1.0,1
1203,Israel,4,4,1.0,1
1204,China,4,4,1.0,1
1205,Unknown country,4,4,1.0,1
1206,China,4,4,1.0,1
1207,China,4,4,1.0,1
1208,China,4,4,1.0,1
1209,China,4,4,1.0,1
1210,China,4,4,1.0,1
1211,China,4,4,1.0,1
1212,China,4,4,1.0,1
1213,United States,4,4,1.0,1
1214,China,4,4,1.0,1
1215,China,4,4,1.0,1
1216,China,4,4,1.0,1
1217,Taiwan,4,4,1.0,1
1218,China,4,4,1.0,1
1219,China,4,4,1.0,1
1220,China,4,4,1.0,1
1221,China,4,4,1.0,1
1222,China,4,4,1.0,1
1223,China,4,4,1.0,1
1224,Unknown country,4,4,1.0,1
1225,United States,4,4,1.0,1
1226,South Korea,4,4,1.0,1
1227,China,4,4,1.0,1
1228,United States,4,4,1.0,1
1229,India,3,4,0.75,1
1229,United States,1,4,0.25,2
1230,China,4,4,1.0,1
1231,China,4,4,1.0,1
1232,United States,4,4,1.0,1
1233,China,4,4,1.0,1
1234,China,4,4,1.0,1
1235,China,4,4,1.0,1
1236,China,4,4,1.0,1
1237,Unknown country,4,4,1.0,1
1238,China,3,3,1.0,1
1239,China,3,3,1.0,1
1240,United States,3,3,1.0,1
1241,United States,3,3,1.0,1
1242,China,3,3,1.0,1
1243,China,3,3,1.0,1
1244,China,3,3,1.0,1
1245,Japan,3,3,1.0,1
1246,China,3,3,1.0,1
1247,China,3,3,1.0,1
1248,United States,3,3,1.0,1
1249,China,3,3,1.0,1
1250,China,3,3,1.0,1
1251,United Kingdom,3,3,1.0,1
1252,China,3,3,1.0,1
1253,China,3,3,1.0,1
1254,China,3,3,1.0,1
1255,Unknown country,3,3,1.0,1
1256,United States,3,3,1.0,1
1257,China,3,3,1.0,1
1258,China,3,3,1.0,1
1259,China,3,3,1.0,1
1260,Brazil,3,3,1.0,1
1261,China,3,3,1.0,1
1262,China,3,3,1.0,1
1263,Germany,3,3,1.0,1
1264,Australia,3,3,1.0,1
1265,China,3,3,1.0,1
1266,China,3,3,1.0,1
1267,Australia,2,3,0.6666666666666666,1
1267,China,1,3,0.3333333333333333,2
1268,China,3,3,1.0,1
1269,Ghana,3,3,1.0,1
1270,China,3,3,1.0,1
1271,India,3,3,1.0,1
1272,United Kingdom,3,3,1.0,1
1273,China,3,3,1.0,1
1274,United Kingdom,3,3,1.0,1
1275,United States,3,3,1.0,1
1276,United States,3,3,1.0,1
1277,China,3,3,1.0,1
1278,China,3,3,1.0,1
1279,United States,3,3,1.0,1
1280,United Kingdom,3,3,1.0,1
1281,United States,3,3,1.0,1
1282,United States,3,3,1.0,1
1283,United States,2,3,0.6666666666666666,1
1283,United Kingdom,1,3,0.3333333333333333,2
1284,United States,3,3,1.0,1
1285,United Kingdom,2,3,0.6666666666666666,1
1285,China,1,3,0.3333333333333333,2
1286,India,3,3,1.0,1
1287,China,3,3,1.0,1
1288,China,3,3,1.0,1
1289,Turkey,3,3,1.0,1
1290,China,3,3,1.0,1
1291,China,3,3,1.0,1
1292,Israel,3,3,1.0,1
1293,China,3,3,1.0,1
1294,China,3,3,1.0,1
1295,China,3,3,1.0,1
1296,United States,3,3,1.0,1
1297,China,3,3,1.0,1
1298,China,3,3,1.0,1
1299,Slovenia,3,3,1.0,1
1300,Indonesia,3,3,1.0,1
1301,China,3,3,1.0,1
1302,South Korea,3,3,1.0,1
1303,China,3,3,1.0,1
1304,China,3,3,1.0,1
1305,China,3,3,1.0,1
1306,China,3,3,1.0,1
1307,China,3,3,1.0,1
1308,China,3,3,1.0,1
1309,China,3,3,1.0,1
1310,United States,2,3,0.6666666666666666,1
1310,Canada,1,3,0.3333333333333333,2
1311,Pakistan,2,3,0.6666666666666666,1
1311,United States,1,3,0.3333333333333333,2
1312,Canada,1,3,0.3333333333333333,1
1312,Iraq,1,3,0.3333333333333333,2
1312,United Kingdom,1,3,0.3333333333333333,3
1313,China,3,3,1.0,1
1314,China,3,3,1.0,1
1315,China,3,3,1.0,1
1316,United States,2,3,0.6666666666666666,1
1316,Germany,1,3,0.3333333333333333,2
1317,China,3,3,1.0,1
1318,United States,3,3,1.0,1
1319,United Kingdom,3,3,1.0,1
1320,China,3,3,1.0,1
1321,China,3,3,1.0,1
1322,China,3,3,1.0,1
1323,United Kingdom,3,3,1.0,1
1324,China,3,3,1.0,1
1325,China,3,3,1.0,1
1326,China,3,3,1.0,1
1327,China,3,3,1.0,1
1328,China,3,3,1.0,1
1329,China,3,3,1.0,1
1330,United States,3,3,1.0,1
1331,China,3,3,1.0,1
1332,China,3,3,1.0,1
1333,China,3,3,1.0,1
1334,China,3,3,1.0,1
1335,China,3,3,1.0,1
1336,China,3,3,1.0,1
1337,China,3,3,1.0,1
1338,China,3,3,1.0,1
1339,China,3,3,1.0,1
1340,Unknown country,2,3,0.6666666666666666,1
1340,Germany,1,3,0.3333333333333333,2
1341,Italy,3,3,1.0,1
1342,China,3,3,1.0,1
1343,China,3,3,1.0,1
1344,India,3,3,1.0,1
1345,China,3,3,1.0,1
1346,United Kingdom,3,3,1.0,1
1347,China,3,3,1.0,1
1348,Taiwan,3,3,1.0,1
1349,Unknown country,3,3,1.0,1
1350,Unknown country,3,3,1.0,1
1351,China,3,3,1.0,1
1352,China,3,3,1.0,1
1353,Canada,1,3,0.3333333333333333,1
1353,United Kingdom,1,3,0.3333333333333333,2
1353,Unknown country,1,3,0.3333333333333333,3
1354,Taiwan,3,3,1.0,1
1355,China,3,3,1.0,1
1356,China,3,3,1.0,1
1357,China,3,3,1.0,1
1358,Australia,3,3,1.0,1
1359,United Kingdom,3,3,1.0,1
1360,Unknown country,3,3,1.0,1
1361,China,3,3,1.0,1
1362,United States,3,3,1.0,1
1363,United States,3,3,1.0,1
1364,Ireland,3,3,1.0,1
1365,China,2,3,0.6666666666666666,1
1365,United States,1,3,0.3333333333333333,2
1366,China,3,3,1.0,1
1367,China,3,3,1.0,1
1368,China,3,3,1.0,1
1369,China,3,3,1.0,1
1370,China,3,3,1.0,1
1371,China,3,3,1.0,1
1372,China,3,3,1.0,1
1373,China,3,3,1.0,1
1374,China,3,3,1.0,1
1375,China,3,3,1.0,1
1376,China,3,3,1.0,1
1377,China,3,3,1.0,1
1378,China,3,3,1.0,1
1379,Austria,3,3,1.0,1
1380,United Kingdom,3,3,1.0,1
1381,China,3,3,1.0,1
1382,China,2,3,0.6666666666666666,1
1382,Bulgaria,1,3,0.3333333333333333,2
1383,United States,3,3,1.0,1
1384,Canada,3,3,1.0,1
1385,China,3,3,1.0,1
1386,China,3,3,1.0,1
1387,United States,2,3,0.6666666666666666,1
1387,Canada,1,3,0.3333333333333333,2
1388,China,3,3,1.0,1
1389,China,3,3,1.0,1
1390,United Kingdom,3,3,1.0,1
1391,China,3,3,1.0,1
1392,United Kingdom,3,3,1.0,1
1393,China,3,3,1.0,1
1394,United States,3,3,1.0,1
1395,Australia,1,3,0.3333333333333333,1
1395,United Kingdom,1,3,0.3333333333333333,2
1395,Unknown country,1,3,0.3333333333333333,3
1396,China,3,3,1.0,1
1397,China,3,3,1.0,1
1398,Romania,3,3,1.0,1
1399,China,3,3,1.0,1
1400,China,3,3,1.0,1
1401,China,3,3,1.0,1
1402,Japan,3,3,1.0,1
1403,United States,3,3,1.0,1
1404,China,3,3,1.0,1
1405,China,3,3,1.0,1
1406,China,3,3,1.0,1
1407,United Kingdom,2,3,0.6666666666666666,1
1407,Italy,1,3,0.3333333333333333,2
1408,China,3,3,1.0,1
1409,China,3,3,1.0,1
1410,China,3,3,1.0,1
1411,China,3,3,1.0,1
1412,China,3,3,1.0,1
1413,China,3,3,1.0,1
1414,China,3,3,1.0,1
1415,China,3,3,1.0,1
1416,China,3,3,1.0,1
1417,China,3,3,1.0,1
1418,United Kingdom,3,3,1.0,1
1419,China,3,3,1.0,1
1420,China,3,3,1.0,1
1421,United Kingdom,3,3,1.0,1
1422,China,3,3,1.0,1
1423,China,3,3,1.0,1
1424,China,3,3,1.0,1
1425,China,3,3,1.0,1
1426,Canada,3,3,1.0,1
1427,United States,3,3,1.0,1
1428,China,3,3,1.0,1
1429,Russia,3,3,1.0,1
1430,United States,3,3,1.0,1
1431,China,3,3,1.0,1
1432,China,3,3,1.0,1
1433,United Kingdom,3,3,1.0,1
1434,China,3,3,1.0,1
1435,China,3,3,1.0,1
1436,China,3,3,1.0,1
1437,Unknown country,2,3,0.6666666666666666,1
1437,United States,1,3,0.3333333333333333,2
1438,China,3,3,1.0,1
1439,China,3,3,1.0,1
1440,United Kingdom,3,3,1.0,1
1441,United States,3,3,1.0,1
1442,China,3,3,1.0,1
1443,China,3,3,1.0,1
1444,China,3,3,1.0,1
1445,South Korea,3,3,1.0,1
1446,China,3,3,1.0,1
1447,China,3,3,1.0,1
1448,China,3,3,1.0,1
1449,China,3,3,1.0,1
1450,United States,3,3,1.0,1
1451,Bolivia,2,3,0.6666666666666666,1
1451,Canada,1,3,0.3333333333333333,2
1452,China,3,3,1.0,1
1453,China,3,3,1.0,1
1454,China,3,3,1.0,1
1455,China,3,3,1.0,1
1456,China,3,3,1.0,1
1457,China,3,3,1.0,1
1458,China,3,3,1.0,1
1459,China,3,3,1.0,1
1460,China,3,3,1.0,1
1461,Germany,3,3,1.0,1
1462,China,3,3,1.0,1
1463,China,3,3,1.0,1
1464,China,3,3,1.0,1
1465,China,2,3,0.6666666666666666,1
1465,United States,1,3,0.3333333333333333,2
1466,India,2,2,1.0,1
1467,China,2,2,1.0,1
1468,China,2,2,1.0,1
1469,China,2,2,1.0,1
1470,China,2,2,1.0,1
1471,India,2,2,1.0,1
1472,China,2,2,1.0,1
1473,South Korea,2,2,1.0,1
1474,China,2,2,1.0,1
1475,China,2,2,1.0,1
1476,United States,2,2,1.0,1
1477,China,2,2,1.0,1
1478,India,2,2,1.0,1
1479,Taiwan,2,2,1.0,1
1480,Switzerland,2,2,1.0,1
1481,Canada,2,2,1.0,1
1482,United Kingdom,2,2,1.0,1
1483,China,2,2,1.0,1
1484,China,2,2,1.0,1
1485,China,2,2,1.0,1
1486,India,2,2,1.0,1
1487,China,1,2,0.5,1
1487,United States,1,2,0.5,2
1488,United States,2,2,1.0,1
1489,China,2,2,1.0,1
1490,Unknown country,2,2,1.0,1
1491,India,2,2,1.0,1
1492,China,2,2,1.0,1
1493,China,2,2,1.0,1
1494,China,2,2,1.0,1
1495,United Kingdom,2,2,1.0,1
1496,China,1,2,0.5,1
1496,Germany,1,2,0.5,2
1497,China,2,2,1.0,1
1498,China,2,2,1.0,1
1499,Russia,2,2,1.0,1
1500,United States,2,2,1.0,1
1501,South Korea,2,2,1.0,1
1502,China,2,2,1.0,1
1503,China,2,2,1.0,1
1504,United Kingdom,2,2,1.0,1
1505,China,2,2,1.0,1
1506,China,2,2,1.0,1
1507,South Korea,2,2,1.0,1
1508,China,2,2,1.0,1
1509,China,2,2,1.0,1
1510,Unknown country,2,2,1.0,1
1511,United States,2,2,1.0,1
1512,China,2,2,1.0,1
1513,United States,2,2,1.0,1
1514,China,2,2,1.0,1
1515,China,2,2,1.0,1
1516,China,2,2,1.0,1
1517,China,2,2,1.0,1
1518,China,2,2,1.0,1
1519,China,2,2,1.0,1
1520,France,2,2,1.0,1
1521,China,2,2,1.0,1
1522,United States,2,2,1.0,1
1523,China,2,2,1.0,1
1524,China,2,2,1.0,1
1525,China,2,2,1.0,1
1526,China,2,2,1.0,1
1527,China,2,2,1.0,1
1528,China,2,2,1.0,1
1529,Saudi Arabia,1,2,0.5,1
1529,Yemen,1,2,0.5,2
1530,China,1,2,0.5,1
1530,United Kingdom,1,2,0.5,2
1531,China,2,2,1.0,1
1532,China,2,2,1.0,1
1533,China,2,2,1.0,1
1534,China,2,2,1.0,1
1535,China,2,2,1.0,1
1536,China,2,2,1.0,1
1537,United States,2,2,1.0,1
1538,China,2,2,1.0,1
1539,South Korea,2,2,1.0,1
1540,South Korea,2,2,1.0,1
1541,Singapore,2,2,1.0,1
1542,China,2,2,1.0,1
1543,Germany,1,2,0.5,1
1543,Unknown country,1,2,0.5,2
1544,China,2,2,1.0,1
1545,China,2,2,1.0,1
1546,China,2,2,1.0,1
1547,China,2,2,1.0,1
1548,China,2,2,1.0,1
1549,China,2,2,1.0,1
1550,China,2,2,1.0,1
1551,China,2,2,1.0,1
1552,China,2,2,1.0,1
1553,China,2,2,1.0,1
1554,China,2,2,1.0,1
1555,China,2,2,1.0,1
1556,China,2,2,1.0,1
1557,China,2,2,1.0,1
1558,China,2,2,1.0,1
1559,China,2,2,1.0,1
1560,China,2,2,1.0,1
1561,China,2,2,1.0,1
1562,China,2,2,1.0,1
1563,China,2,2,1.0,1
1564,China,2,2,1.0,1
1565,China,2,2,1.0,1
1566,China,1,2,0.5,1
1566,Unknown country,1,2,0.5,2
1567,China,2,2,1.0,1
1568,China,2,2,1.0,1
1569,China,1,2,0.5,1
1569,United States,1,2,0.5,2
1570,China,2,2,1.0,1
1571,China,2,2,1.0,1
1572,New Zealand,2,2,1.0,1
1573,China,2,2,1.0,1
1574,China,2,2,1.0,1
1575,United Kingdom,2,2,1.0,1
1576,China,2,2,1.0,1
1577,China,2,2,1.0,1
1578,United Kingdom,2,2,1.0,1
1579,Sweden,2,2,1.0,1
1580,Canada,2,2,1.0,1
1581,Nigeria,2,2,1.0,1
1582,China,2,2,1.0,1
1583,China,2,2,1.0,1
1584,China,2,2,1.0,1
1585,India,2,2,1.0,1
1586,South Korea,2,2,1.0,1
1587,Austria,2,2,1.0,1
1588,China,2,2,1.0,1
1589,Japan,2,2,1.0,1
1590,China,2,2,1.0,1
1591,Australia,1,2,0.5,1
1591,Canada,1,2,0.5,2
1592,China,2,2,1.0,1
1593,China,2,2,1.0,1
1594,China,2,2,1.0,1
1595,China,2,2,1.0,1
1596,China,2,2,1.0,1
1597,Unknown country,2,2,1.0,1
1598,United States,2,2,1.0,1
1599,China,2,2,1.0,1
1600,Austria,1,2,0.5,1
1600,Germany,1,2,0.5,2
1601,China,1,2,0.5,1
1601,United States,1,2,0.5,2
1602,China,2,2,1.0,1
1603,Netherlands,2,2,1.0,1
1604,Canada,2,2,1.0,1
1605,France,1,2,0.5,1
1605,Switzerland,1,2,0.5,2
1606,United Kingdom,2,2,1.0,1
1607,China,2,2,1.0,1
1608,China,2,2,1.0,1
1609,China,2,2,1.0,1
1610,China,2,2,1.0,1
1611,China,2,2,1.0,1
1612,United Kingdom,2,2,1.0,1
1613,China,2,2,1.0,1
1614,Belgium,2,2,1.0,1
1615,China,2,2,1.0,1
1616,Canada,1,2,0.5,1
1616,United States,1,2,0.5,2
1617,India,2,2,1.0,1
1618,China,2,2,1.0,1
1619,China,2,2,1.0,1
1620,China,2,2,1.0,1
1621,China,2,2,1.0,1
1622,United States,2,2,1.0,1
1623,United States,2,2,1.0,1
1624,China,2,2,1.0,1
1625,China,2,2,1.0,1
1626,China,1,2,0.5,1
1626,Germany,1,2,0.5,2
1627,Japan,2,2,1.0,1
1628,China,2,2,1.0,1
1629,China,2,2,1.0,1
1630,China,2,2,1.0,1
1631,China,2,2,1.0,1
1632,China,2,2,1.0,1
1633,China,2,2,1.0,1
1634,United Kingdom,2,2,1.0,1
1635,China,2,2,1.0,1
1636,China,1,2,0.5,1
1636,United States,1,2,0.5,2
1637,China,2,2,1.0,1
1638,China,2,2,1.0,1
1639,China,2,2,1.0,1
1640,China,2,2,1.0,1
1641,China,2,2,1.0,1
1642,China,2,2,1.0,1
1643,Japan,2,2,1.0,1
1644,China,2,2,1.0,1
1645,China,2,2,1.0,1
1646,China,2,2,1.0,1
1647,United States,2,2,1.0,1
1648,China,2,2,1.0,1
1649,United Kingdom,2,2,1.0,1
1650,China,2,2,1.0,1
1651,Egypt,2,2,1.0,1
1652,China,2,2,1.0,1
1653,Brazil,1,2,0.5,1
1653,Switzerland,1,2,0.5,2
1654,China,2,2,1.0,1
1655,India,2,2,1.0,1
1656,China,2,2,1.0,1
1657,China,2,2,1.0,1
1658,China,2,2,1.0,1
1659,China,2,2,1.0,1
1660,Australia,1,2,0.5,1
1660,Portugal,1,2,0.5,2
1661,China,2,2,1.0,1
1662,China,2,2,1.0,1
1663,China,2,2,1.0,1
1664,China,2,2,1.0,1
1665,China,2,2,1.0,1
1666,China,2,2,1.0,1
1667,China,2,2,1.0,1
1668,China,2,2,1.0,1
1669,China,2,2,1.0,1
1670,China,2,2,1.0,1
1671,China,2,2,1.0,1
1672,China,2,2,1.0,1
1673,Unknown country,2,2,1.0,1
1674,China,2,2,1.0,1
1675,China,2,2,1.0,1
1676,China,2,2,1.0,1
1677,United States,2,2,1.0,1
1678,China,2,2,1.0,1
1679,China,2,2,1.0,1
1680,Greece,1,2,0.5,1
1680,United States,1,2,0.5,2
1681,China,2,2,1.0,1
1682,China,2,2,1.0,1
1683,China,1,1,1.0,1
1684,China,1,1,1.0,1
1685,Netherlands,1,1,1.0,1
1686,China,1,1,1.0,1
1687,China,1,1,1.0,1
1688,China,1,1,1.0,1
1689,China,1,1,1.0,1
1690,Saudi Arabia,1,1,1.0,1
1691,China,1,1,1.0,1
1692,China,1,1,1.0,1
1693,China,1,1,1.0,1
1694,Unknown country,1,1,1.0,1
1695,United States,1,1,1.0,1
1696,China,1,1,1.0,1
1697,China,1,1,1.0,1
1698,Israel,1,1,1.0,1
1699,United States,1,1,1.0,1
1700,Unknown country,1,1,1.0,1
1701,China,1,1,1.0,1
1702,China,1,1,1.0,1
1703,South Korea,1,1,1.0,1
1704,China,1,1,1.0,1
1705,China,1,1,1.0,1
1706,Sweden,1,1,1.0,1
1707,China,1,1,1.0,1
1708,Japan,1,1,1.0,1
1709,United States,1,1,1.0,1
1710,United States,1,1,1.0,1
1711,China,1,1,1.0,1
1712,China,1,1,1.0,1
1713,Unknown country,1,1,1.0,1
1714,China,1,1,1.0,1
1715,China,1,1,1.0,1
1716,Unknown country,1,1,1.0,1
1717,China,1,1,1.0,1
1718,France,1,1,1.0,1
1719,Spain,1,1,1.0,1
1720,China,1,1,1.0,1
1721,United States,1,1,1.0,1
1722,China,1,1,1.0,1
1723,China,1,1,1.0,1
1724,China,1,1,1.0,1
1725,China,1,1,1.0,1
1726,Sweden,1,1,1.0,1
1727,China,1,1,1.0,1
1728,United Kingdom,1,1,1.0,1
1729,China,1,1,1.0,1
1730,China,1,1,1.0,1
1731,China,1,1,1.0,1
1732,China,1,1,1.0,1
1733,China,1,1,1.0,1
1734,China,1,1,1.0,1
1735,Egypt,1,1,1.0,1
1736,China,1,1,1.0,1
1737,China,1,1,1.0,1
1738,China,1,1,1.0,1
1739,China,1,1,1.0,1
1740,United Kingdom,1,1,1.0,1
1741,China,1,1,1.0,1
1742,United States,1,1,1.0,1
1743,Saudi Arabia,1,1,1.0,1
1744,Unknown country,1,1,1.0,1
1745,China,1,1,1.0,1
1746,India,1,1,1.0,1
1747,China,1,1,1.0,1
1748,China,1,1,1.0,1
1749,China,1,1,1.0,1
1750,United Kingdom,1,1,1.0,1
1751,China,1,1,1.0,1
1752,Unknown country,1,1,1.0,1
1753,Germany,1,1,1.0,1
1754,China,1,1,1.0,1
1755,China,1,1,1.0,1
1756,Denmark,1,1,1.0,1
1757,United States,1,1,1.0,1
1758,China,1,1,1.0,1
1759,Germany,1,1,1.0,1
1760,South Korea,1,1,1.0,1
1761,China,1,1,1.0,1
1762,Unknown country,1,1,1.0,1
1763,Unknown country,1,1,1.0,1
1764,China,1,1,1.0,1
1765,Unknown country,1,1,1.0,1
1766,China,1,1,1.0,1
1767,China,1,1,1.0,1
1768,China,1,1,1.0,1
1769,China,1,1,1.0,1
1770,China,1,1,1.0,1
1771,Japan,1,1,1.0,1
1772,China,1,1,1.0,1
1773,United Kingdom,1,1,1.0,1
1774,China,1,1,1.0,1
1775,China,1,1,1.0,1
1776,United Kingdom,1,1,1.0,1
1777,China,1,1,1.0,1
1778,Taiwan,1,1,1.0,1
1779,China,1,1,1.0,1
1780,Greece,1,1,1.0,1
1781,China,1,1,1.0,1
1782,Venezuela,1,1,1.0,1
1783,China,1,1,1.0,1
1784,China,1,1,1.0,1
1785,China,1,1,1.0,1
1786,Japan,1,1,1.0,1
1787,Unknown country,1,1,1.0,1
1788,United States,1,1,1.0,1
1789,China,1,1,1.0,1
1790,China,1,1,1.0,1
1791,Unknown country,1,1,1.0,1
1792,China,1,1,1.0,1
1793,China,1,1,1.0,1
1794,China,1,1,1.0,1
1795,Unknown country,1,1,1.0,1
1796,China,1,1,1.0,1
1797,Sri Lanka,1,1,1.0,1
1798,China,1,1,1.0,1
1799,China,1,1,1.0,1
1800,Australia,1,1,1.0,1
1801,China,1,1,1.0,1
1802,United Kingdom,1,1,1.0,1
1803,Unknown country,1,1,1.0,1
1804,India,1,1,1.0,1
1805,China,1,1,1.0,1
1806,United Kingdom,1,1,1.0,1
1807,United Kingdom,1,1,1.0,1
1808,China,1,1,1.0,1
1809,Canada,1,1,1.0,1
1810,China,1,1,1.0,1
1811,Greece,1,1,1.0,1
1812,China,1,1,1.0,1
1813,China,1,1,1.0,1
1814,China,1,1,1.0,1
1815,Spain,1,1,1.0,1
1816,United Kingdom,1,1,1.0,1
1817,Unknown country,1,1,1.0,1
1818,United States,1,1,1.0,1
1819,United Kingdom,1,1,1.0,1
1820,China,1,1,1.0,1
1821,China,1,1,1.0,1
1822,United States,1,1,1.0,1
1823,China,1,1,1.0,1
1824,China,1,1,1.0,1
1825,China,1,1,1.0,1
1826,United States,1,1,1.0,1
1827,United Kingdom,1,1,1.0,1
1828,China,1,1,1.0,1
1829,China,1,1,1.0,1
1830,Unknown country,1,1,1.0,1
1831,China,1,1,1.0,1
1832,United States,1,1,1.0,1
1833,China,1,1,1.0,1
1834,India,1,1,1.0,1
1835,United States,1,1,1.0,1
1836,China,1,1,1.0,1
1837,China,1,1,1.0,1
1838,China,1,1,1.0,1
1839,China,1,1,1.0,1
1840,Unknown country,1,1,1.0,1
1841,Canada,1,1,1.0,1
1842,China,1,1,1.0,1
1843,China,1,1,1.0,1
1844,China,1,1,1.0,1
1845,China,1,1,1.0,1
1846,Colombia,1,1,1.0,1
1847,China,1,1,1.0,1
1848,China,1,1,1.0,1
1849,China,1,1,1.0,1
1850,Unknown country,1,1,1.0,1
1851,China,1,1,1.0,1
1852,China,1,1,1.0,1
1853,China,1,1,1.0,1
1854,China,1,1,1.0,1
1855,United States,1,1,1.0,1
1856,China,1,1,1.0,1
1857,China,1,1,1.0,1
