community,n_authors,mean_ukb_h_index,median_ukb_papers,female_name_share,modal_for_l2,modal_for_l4,modal_institution,modal_country,author_share,cumulative_author_share,top_topics,top_institutions
1,6959,3.5666043971835033,2.0,44.294439087110256,Biological Sciences,Genetics,University Medical Center Groningen,United States,10.050984300301861,10.050984300301861,Genetics (53%); Epidemiology (18%); Clinical Sciences (9%),University Medical Center Groningen (2%); University of Michigan-Ann Arbor (2%); University of North Carolina at Chapel Hill (2%)
2,3657,2.5086136177194422,2.0,50.590062111801245,Biomedical and Clinical Sciences,Oncology and Carcinogenesis,National Cancer Institute,United States,5.281857966116383,15.332842266418243,Oncology and Carcinogenesis (30%); Genetics (27%); Epidemiology (17%),National Cancer Institute (4%); International Agency for Research on Cancer (2%); University of Oxford (2%)
3,2646,2.7675736961451247,2.0,40.889084507042256,Biomedical and Clinical Sciences,Biological Psychology,University of Oslo,United States,3.821656050955414,19.15449831737366,Biological Psychology (56%); Genetics (15%); Clinical Sciences (9%),University of Oslo (5%); Wellcome Centre for Integrative Neuroimaging (3%); King's College London (3%)
4,2207,1.389216130493883,1.0,66.44934804413239,Biological Sciences,Genetics,Princess Royal Hospital,United Kingdom,3.187602004708465,22.342100322082125,Genetics (46%); Epidemiology (38%); Health Services and Systems (8%),Princess Royal Hospital (2%); University of Oxford (2%); University of Siena (1%)
5,2086,2.4400767018216682,1.0,43.611111111111114,Biological Sciences,Genetics,University of Cambridge,United Kingdom,3.0128399555151146,25.35494027759724,Genetics (39%); Epidemiology (12%); Clinical Sciences (10%),University of Cambridge (11%); Wellcome Sanger Institute (4%); University of Hong Kong (4%)
6,1948,1.9019507186858315,1.0,39.50471698113208,Biomedical and Clinical Sciences,Genetics,Stanford University,United States,2.813524560567327,28.168464838164567,Genetics (24%); Epidemiology (23%); Clinical Sciences (19%),Stanford University (13%); University of Pennsylvania (9%); Universitätsklinikum Aachen (4%)
7,1819,2.4035184167124792,2.0,36.82219419924338,Biomedical and Clinical Sciences,Clinical Sciences,University College London,United Kingdom,2.627207995724829,30.795672833889398,Clinical Sciences (29%); Cardiovascular Medicine and Haematology (27%); Genetics (13%),University College London (8%); King's College London (7%); Imperial College London (6%)
8,1649,2.661006670709521,2.0,41.46868250539957,Biomedical and Clinical Sciences,Ophthalmology and Optometry,University of Leeds,United Kingdom,2.3816745381804525,33.17734737206985,Ophthalmology and Optometry (36%); Genetics (18%); Clinical Sciences (10%),"University of Leeds (5%); University of California, San Francisco (4%); University of Melbourne (3%)"
9,1520,2.151315789473684,1.0,44.480257856567285,Biomedical and Clinical Sciences,Cardiovascular Medicine and Haematology,University of Leicester,United Kingdom,2.195357973337955,35.37270534540781,Cardiovascular Medicine and Haematology (26%); Genetics (23%); Epidemiology (17%),University of Leicester (6%); University of Pittsburgh (3%); The Brigham and Women's Hospital Inc (3%)
10,1519,1.836076366030283,1.0,46.799431009957324,Biomedical and Clinical Sciences,Clinical Sciences,National Institutes of Health,United States,2.1939136588818116,37.56661900428962,Clinical Sciences (24%); Genetics (23%); Epidemiology (19%),National Institutes of Health (5%); Queen Mary University of London (4%); Stanford University (3%)
11,1505,2.3627906976744186,2.0,40.77046548956661,Biomedical and Clinical Sciences,Cardiovascular Medicine and Haematology,Massachusetts General Hospital,United States,2.1736932564958042,39.74031226078542,Cardiovascular Medicine and Haematology (23%); Genetics (22%); Epidemiology (20%),Massachusetts General Hospital (10%); Broad Institute (7%); Yale University (5%)
12,1497,3.5484301937207747,2.0,48.94419306184012,Biomedical and Clinical Sciences,Biological Psychology,University of Glasgow,United Kingdom,2.162138740846657,41.90245100163208,Biological Psychology (27%); Clinical Sciences (22%); Epidemiology (11%),University of Glasgow (15%); King's College London (12%); University of Edinburgh (9%)
13,1421,2.977480647431386,2.0,47.077922077922075,Biomedical and Clinical Sciences,Clinical Sciences,University of Bristol,United Kingdom,2.0523708421797595,43.95482184381184,Clinical Sciences (32%); Epidemiology (30%); Genetics (19%),University of Bristol (10%); MRC Integrative Epidemiology Unit (9%); Shanghai Jiao Tong University (5%)
14,1283,2.5268901013250193,1.0,45.057880676758685,Biomedical and Clinical Sciences,Clinical Sciences,University of Exeter,United Kingdom,1.8530554472319714,45.807877291043816,Clinical Sciences (29%); Genetics (23%); Epidemiology (15%),University of Exeter (13%); University of Manchester (3%); Harvard University (3%)
15,1279,2.5840500390930417,2.0,46.46739130434783,Biomedical and Clinical Sciences,Biological Psychology,Yale University,United States,1.8472781894073977,47.655155480451214,Biological Psychology (38%); Genetics (31%); Clinical Sciences (8%),Yale University (6%); Washington University in St. Louis (5%); Virginia Commonwealth University (4%)
16,1114,2.47935368043088,2.0,50.1779359430605,Biomedical and Clinical Sciences,Epidemiology,Tongji Medical College of Huazhong University of Science and Technology,China,1.608966304143738,49.26412178459495,Epidemiology (27%); Clinical Sciences (26%); Cardiovascular Medicine and Haematology (11%),Tongji Medical College of Huazhong University of Science and Technology (13%); Peking University (9%); Tongji Hospital Affiliated to Tongji Medical College of Huazhong University of Science & Technology (6%)
17,1113,2.499550763701707,2.0,33.75,Biological Sciences,Genetics,Harvard University,United States,1.6075219896875947,50.871643774282546,Genetics (40%); Epidemiology (20%); Bioinformatics and Computational Biology (9%),"Harvard University (7%); University of California, Los Angeles (7%); Google LLC (6%)"
18,1064,1.9849624060150375,2.0,53.2442748091603,Biomedical and Clinical Sciences,Clinical Sciences,Southern Medical University,China,1.5367505813365685,52.408394355619116,Clinical Sciences (27%); Epidemiology (27%); Public Health (9%),Southern Medical University (17%); Zhejiang University (8%); Soochow University (6%)
19,1063,2.2963311382878646,2.0,42.36874236874237,Biomedical and Clinical Sciences,Biological Psychology,University of Pennsylvania,United States,1.5353062668804252,53.94370062249954,Biological Psychology (41%); Genetics (17%); Clinical Sciences (10%),University of Pennsylvania (10%); University of Wisconsin-Madison (5%); University of North Carolina at Chapel Hill (5%)
20,1050,1.5647619047619048,1.0,40.822784810126585,Biomedical and Clinical Sciences,Clinical Sciences,Icahn School of Medicine at Mount Sinai,United States,1.5165301789505612,55.4602308014501,Clinical Sciences (26%); Genetics (22%); Cardiovascular Medicine and Haematology (11%),Icahn School of Medicine at Mount Sinai (9%); Monash University (9%); University of Melbourne (3%)
21,1036,1.7355212355212355,1.0,41.676104190260475,Biomedical and Clinical Sciences,Clinical Sciences,Newcastle University,United Kingdom,1.4963097765645537,56.95654057801465,Clinical Sciences (62%); Medical Biochemistry and Metabolomics (7%); Genetics (5%),"Newcastle University (4%); Fondazione IRCCS Ca' Granda Ospedale Maggiore Policlinico (4%); University of California, Los Angeles (2%)"
22,906,3.056291390728477,1.0,40.19138755980861,Biological Sciences,Genetics,Decode Genetics ehf,Denmark,1.3085488972659127,58.26508947528057,Genetics (43%); Clinical Sciences (18%); Cardiovascular Medicine and Haematology (13%),Decode Genetics ehf (14%); University of Copenhagen (8%); Rigshospitalet (7%)
23,877,2.4982896237172176,2.0,37.870619946091644,Biomedical and Clinical Sciences,Epidemiology,University of Oxford,United Kingdom,1.2666637780377543,59.53175325331832,Epidemiology (27%); Clinical Sciences (24%); Health Services and Systems (10%),University of Oxford (33%); University of Edinburgh (6%); UK Biobank (3%)
24,818,2.056234718826406,1.0,52.07373271889401,Biomedical and Clinical Sciences,Epidemiology,Nanjing Medical University,China,1.1814492251252944,60.71320247844361,Epidemiology (28%); Oncology and Carcinogenesis (18%); Clinical Sciences (17%),Nanjing Medical University (27%); West China Hospital of Sichuan University (9%); Tongji Medical College of Huazhong University of Science and Technology (6%)
25,775,2.3548387096774195,1.0,47.60076775431862,Biomedical and Clinical Sciences,Clinical Sciences,Zhejiang University,China,1.1193437035111284,61.83254618195474,Clinical Sciences (29%); Epidemiology (24%); Nutrition and Dietetics (11%),Zhejiang University (11%); First Affiliated Hospital of Chongqing Medical University (7%); University of Helsinki (4%)
26,679,2.5949926362297497,2.0,38.38709677419355,Biological Sciences,Genetics,Regeneron Pharmaceuticals Inc,United States,0.9806895157213629,62.813235697676106,Genetics (58%); Biochemistry and Cell Biology (7%); Epidemiology (6%),Regeneron Pharmaceuticals Inc (40%); European Bioinformatics Institute (3%); Geisinger Health System (3%)
27,678,2.1548672566371683,1.0,45.060658578856156,Biomedical and Clinical Sciences,Clinical Sciences,The University of Sydney,United Kingdom,0.9792452012652194,63.79248089894133,Clinical Sciences (29%); Epidemiology (19%); Public Health (11%),The University of Sydney (13%); University College London (8%); University of Helsinki (4%)
28,671,1.8032786885245902,1.0,40.298507462686565,Biomedical and Clinical Sciences,Cardiovascular Medicine and Haematology,Institut Universitaire de Cardiologie et de Pneumologie de Québec,Canada,0.9691350000722158,64.76161589901355,Cardiovascular Medicine and Haematology (25%); Genetics (24%); Clinical Sciences (19%),Institut Universitaire de Cardiologie et de Pneumologie de Québec (7%); McMaster University (6%); Centre Hospitalier Universitaire de Nantes (5%)
29,650,1.9415384615384614,1.0,45.45454545454545,Biomedical and Clinical Sciences,Clinical Sciences,Zhengzhou University,China,0.9388043964932045,65.70042029550676,Clinical Sciences (33%); Epidemiology (22%); Genetics (12%),Zhengzhou University (6%); Tongji Medical College of Huazhong University of Science and Technology (6%); Shanghai Jiao Tong University (5%)
30,593,1.6661045531197303,1.0,49.65034965034965,Biomedical and Clinical Sciences,Epidemiology,Shandong University,China,0.8564784724930312,66.5568987679998,Epidemiology (36%); Clinical Sciences (19%); Genetics (18%),Shandong University (27%); Xuzhou Medical College (6%); Shandong Provincial Hospital (5%)
31,581,1.721170395869191,1.0,40.150093808630395,Biomedical and Clinical Sciences,Clinical Sciences,Yale University,United States,0.8391466990193105,67.3960454670191,Clinical Sciences (38%); Epidemiology (30%); Genetics (21%),Yale University (14%); Massachusetts General Hospital (6%); Leiden University Medical Center (3%)
32,572,2.1013986013986012,2.0,57.704918032786885,Biomedical and Clinical Sciences,Clinical Sciences,West China Hospital of Sichuan University,China,0.8261478689140199,68.22219333593313,Clinical Sciences (26%); Epidemiology (23%); Cardiovascular Medicine and Haematology (13%),West China Hospital of Sichuan University (20%); Fujian Medical University (16%); Fudan University (9%)
33,540,1.9055555555555554,2.0,52.41935483870968,Biomedical and Clinical Sciences,Ophthalmology and Optometry,Southern Medical University,China,0.7799298063174315,69.00212314225055,Ophthalmology and Optometry (25%); Clinical Sciences (19%); Epidemiology (16%),Southern Medical University (28%); Shanghai Jiao Tong University (9%); Sun Yat-sen University (9%)
34,534,2.284644194756554,2.0,52.41635687732342,Biomedical and Clinical Sciences,Clinical Sciences,Tianjin Medical University,China,0.7712639195805711,69.77338706183113,Clinical Sciences (28%); Epidemiology (13%); Cardiovascular Medicine and Haematology (13%),Tianjin Medical University (15%); Tianjin Medical University Cancer Institute and Hospital (8%); First Affiliated Hospital of Xi'an Jiaotong University (4%)
35,461,1.9284164859002169,1.0,39.83516483516483,Biological Sciences,Genetics,Xi'an Jiaotong University,United States,0.6658289642821035,70.43921602611323,Genetics (31%); Cardiovascular Medicine and Haematology (18%); Clinical Sciences (13%),"Xi'an Jiaotong University (10%); École Polytechnique Fédérale de Lausanne (7%); University of Maryland, Baltimore (7%)"
36,459,1.9934640522875817,2.0,47.160493827160494,Biomedical and Clinical Sciences,Biological Psychology,McGill University,Canada,0.6629403353698167,71.10215636148304,Biological Psychology (56%); Clinical Sciences (13%); Epidemiology (6%),McGill University (28%); Monash University (4%); Heinrich Heine University Düsseldorf (4%)
37,454,2.1762114537444934,2.0,42.361111111111114,Biomedical and Clinical Sciences,Epidemiology,Yonsei University,South Korea,0.6557187630890997,71.75787512457214,Epidemiology (28%); Cardiovascular Medicine and Haematology (27%); Clinical Sciences (23%),Yonsei University (13%); Sun Yat-sen University (11%); Seoul National University Hospital (6%)
38,440,1.5227272727272727,1.0,40.406976744186046,Biomedical and Clinical Sciences,Genetics,Vanderbilt University,United States,0.6354983607030923,72.39337348527523,Genetics (24%); Clinical Sciences (16%); Epidemiology (14%),Vanderbilt University (13%); Vanderbilt University Medical Center (12%); University of Chicago (9%)
39,430,1.9744186046511627,2.0,41.77215189873418,Biomedical and Clinical Sciences,Epidemiology,Zhejiang Chinese Medical University,China,0.6210552161416584,73.01442870141689,Epidemiology (30%); Genetics (26%); Clinical Sciences (13%),Zhejiang Chinese Medical University (17%); Zhejiang University (12%); Adelaide University (10%)
40,429,1.710955710955711,1.0,49.78165938864629,Biomedical and Clinical Sciences,Clinical Sciences,Capital Medical University,China,0.619610901685515,73.63403960310241,Clinical Sciences (36%); Epidemiology (26%); Genetics (10%),Capital Medical University (11%); Shanxi Medical University (5%); Yangzhou University (5%)
41,418,2.8373205741626792,2.0,45.87155963302752,Biomedical and Clinical Sciences,Biological Psychology,Fudan University,China,0.6037234426679376,74.23776304577035,Biological Psychology (26%); Clinical Sciences (18%); Epidemiology (16%),Fudan University (18%); Huashan Hospital (16%); First Affiliated Hospital of Zhengzhou University (11%)
42,336,2.8541666666666665,2.0,52.71739130434783,Biomedical and Clinical Sciences,Clinical Sciences,Xi'an Jiaotong University,China,0.48528965726417955,74.72305270303453,Clinical Sciences (27%); Epidemiology (21%); Genetics (19%),Xi'an Jiaotong University (32%); Soochow University (8%); Michigan Technological University (5%)
43,333,1.6456456456456456,1.0,52.06349206349206,Biological Sciences,Genetics,University of Lille,United States,0.4809567138957494,75.20400941693028,Genetics (65%); Epidemiology (9%); Biochemistry and Cell Biology (6%),University of Lille (10%); Helix Corp (7%); Erasmus MC (4%)
44,319,1.4952978056426331,1.0,40.20979020979021,Biomedical and Clinical Sciences,Genetics,University of Bonn,Germany,0.4607363115097419,75.66474572844002,Genetics (36%); Clinical Sciences (32%); Health Services and Systems (6%),University of Bonn (11%); University Hospital Leipzig (3%); University of Luxembourg (3%)
45,317,2.176656151419558,1.0,46.540880503144656,Biomedical and Clinical Sciences,Clinical Sciences,Xiangya Hospital Central South University,China,0.4578476825974551,76.12259341103749,Clinical Sciences (29%); Epidemiology (21%); Cardiovascular Medicine and Haematology (13%),Xiangya Hospital Central South University (46%); Central South University (16%); Renmin Hospital of Wuhan University (6%)
46,304,1.4967105263157894,1.0,52.0,Biomedical and Clinical Sciences,Epidemiology,Harbin Medical University,China,0.43907159466759105,76.56166500570508,Epidemiology (38%); Clinical Sciences (19%); Cardiovascular Medicine and Haematology (15%),Harbin Medical University (24%); First Affiliated Hospital of Jinan University (10%); Second Affiliated Hospital of Harbin Medical University (8%)
47,296,1.7533783783783783,2.0,38.52813852813853,Biomedical and Clinical Sciences,Oncology and Carcinogenesis,Endeavor Health Clinical Operations,United States,0.4275170790184439,76.98918208472352,Oncology and Carcinogenesis (29%); Clinical Sciences (26%); Biochemistry and Cell Biology (10%),Endeavor Health Clinical Operations (17%); Duke University (10%); University of Surrey (6%)
48,292,1.6883561643835616,2.0,36.96498054474708,Biological Sciences,Genetics,The University of Texas at Austin,United States,0.4217398211938703,77.41092190591739,Genetics (52%); Clinical Sciences (13%); Epidemiology (12%),The University of Texas at Austin (12%); KU Leuven (6%); Stanford University (5%)
49,281,1.2419928825622777,1.0,48.091603053435115,Biomedical and Clinical Sciences,Biological Psychology,Tianjin Medical University General Hospital,China,0.405852362176293,77.81677426809368,Biological Psychology (57%); Genetics (13%); Epidemiology (11%),Tianjin Medical University General Hospital (17%); State Key Laboratory of Cognitive Neuroscience and Learning (15%); Beijing Normal University (9%)
50,273,1.8021978021978022,1.0,50.3875968992248,Biomedical and Clinical Sciences,Epidemiology,Soochow University,China,0.3942978465271459,78.21107211462083,Epidemiology (18%); Clinical Sciences (17%); Nutrition and Dietetics (14%),Soochow University (19%); Guangxi Medical University (6%); Ningbo No. 2 Hospital (6%)
51,269,1.9144981412639406,1.0,36.18421052631579,Biomedical and Clinical Sciences,Clinical Sciences,The Seventh Affiliated Hospital of Sun Yat-sen University,China,0.38852058870257233,78.59959270332341,Clinical Sciences (25%); Epidemiology (21%); Oncology and Carcinogenesis (16%),The Seventh Affiliated Hospital of Sun Yat-sen University (27%); University of Birmingham (13%); Lanzhou University (9%)
52,267,1.756554307116105,2.0,36.8,Biological Sciences,Epidemiology,Rady Children's Hospital-San Diego,Taiwan,0.38563195979028553,78.9852246631137,Epidemiology (52%); Genetics (40%); Bioinformatics and Computational Biology (3%),Rady Children's Hospital-San Diego (12%); University of Calgary (8%); Michigan State University (7%)
53,258,1.3604651162790697,1.0,37.387387387387385,Biological Sciences,Biochemistry and Cell Biology,Uppsala University,Sweden,0.372633129684995,79.3578577927987,Biochemistry and Cell Biology (36%); Epidemiology (27%); Clinical Sciences (14%),Uppsala University (22%); State Key Laboratory of Cardiovascular Disease (12%); KTH Royal Institute of Technology (11%)
54,256,1.83203125,2.0,41.735537190082646,Biomedical and Clinical Sciences,Clinical Sciences,Genomics England Ltd,United Kingdom,0.3697445007727082,79.72760229357141,Clinical Sciences (56%); Genetics (25%); Epidemiology (11%),Genomics England Ltd (13%); Mayo Clinic (10%); Semmelweis University (7%)
55,220,2.022727272727273,1.0,45.91836734693877,Biomedical and Clinical Sciences,Clinical Sciences,McGill University,Canada,0.31774918035154615,80.04535147392295,Clinical Sciences (56%); Genetics (23%); Epidemiology (14%),McGill University (45%); University of Montreal (9%); Montreal Heart Institute (7%)
56,176,2.590909090909091,2.0,48.19277108433735,Biomedical and Clinical Sciences,Epidemiology,Seoul National University,South Korea,0.2541993442812369,80.29955081820418,Epidemiology (38%); Clinical Sciences (25%); Genetics (9%),Seoul National University (20%); Guangzhou Medical University (18%); Seoul National University Hospital (10%)
57,160,2.5375,1.0,51.388888888888886,Biomedical and Clinical Sciences,Clinical Sciences,Southern Medical University,China,0.23109031298294264,80.53064113118712,Clinical Sciences (59%); Biomedical Engineering (11%); Cardiovascular Medicine and Haematology (11%),Southern Medical University (32%); Peking Union Medical College Hospital (14%); Tianjin Medical University (12%)
58,146,1.8287671232876712,2.0,55.55555555555556,Biomedical and Clinical Sciences,Epidemiology,Shanghai Jiao Tong University,China,0.21086991059693516,80.74151104178407,Epidemiology (27%); Clinical Sciences (23%); Cardiovascular Medicine and Haematology (17%),Shanghai Jiao Tong University (37%); Jinan University (10%); Beijing Friendship Hospital (5%)
59,141,1.4184397163120568,1.0,48.148148148148145,Biological Sciences,Genetics,Genentech Inc,China,0.2036483383162182,80.94515938010028,Genetics (36%); Biochemistry and Cell Biology (23%); Epidemiology (16%),Genentech Inc (17%); West China Hospital of Sichuan University (15%); Chinese University of Hong Kong (11%)
60,137,1.532846715328467,2.0,51.515151515151516,Biomedical and Clinical Sciences,Cardiovascular Medicine and Haematology,Central South University,China,0.19787108049164465,81.14303046059193,Cardiovascular Medicine and Haematology (29%); Clinical Sciences (27%); Epidemiology (18%),Central South University (18%); First Affiliated Hospital of Shantou University Medical College (14%); Second Xiangya Hospital of Central South University (12%)
61,136,1.2205882352941178,1.0,37.03703703703704,Biomedical and Clinical Sciences,Oncology and Carcinogenesis,Sun Yat-sen University,China,0.19642676603550124,81.33945722662743,Oncology and Carcinogenesis (45%); Clinical Sciences (22%); Cardiovascular Medicine and Haematology (11%),Sun Yat-sen University (49%); Sun Yat-sen University Cancer Center (21%); State Key Laboratory of Oncology in South China (16%)
62,131,1.8015267175572518,2.0,40.17094017094017,Biomedical and Clinical Sciences,Oncology and Carcinogenesis,Queen's University Belfast,United Kingdom,0.18920519375478428,81.52866242038222,Oncology and Carcinogenesis (52%); Cardiovascular Medicine and Haematology (15%); Clinical Sciences (12%),Queen's University Belfast (22%); Columbia University (8%); Spanish National Cancer Research Centre (7%)
63,130,1.7307692307692308,2.0,32.773109243697476,Biomedical and Clinical Sciences,Clinical Sciences,University of Oxford,United Kingdom,0.1877608792986409,81.71642329968086,Clinical Sciences (49%); Biomedical Engineering (15%); Genetics (12%),University of Oxford (38%); Cold Spring Harbor Laboratory (9%); Cayetano Heredia University (5%)
64,117,1.3675213675213675,2.0,34.61538461538461,Biomedical and Clinical Sciences,Cardiovascular Medicine and Haematology,State Key Laboratory of Cardiovascular Disease,China,0.1689847913687768,81.88540809104963,Cardiovascular Medicine and Haematology (39%); Epidemiology (26%); Nutrition and Dietetics (14%),"State Key Laboratory of Cardiovascular Disease (24%); Fuwai Hospital, CAMS&PUMC (16%); Sun Yat-sen University (15%)"
65,113,3.0,2.0,67.6923076923077,Biomedical and Clinical Sciences,Clinical Sciences,Sichuan University,China,0.16320753354420325,82.04861562459384,Clinical Sciences (41%); Epidemiology (35%); Nutrition and Dietetics (7%),Sichuan University (70%); Harvard University (4%); Karolinska Institutet (4%)
66,111,1.5585585585585586,1.0,62.7906976744186,Biomedical and Clinical Sciences,Clinical Sciences,Soochow University,China,0.16031890463191645,82.20893452922576,Clinical Sciences (38%); Epidemiology (33%); Genetics (18%),Soochow University (35%); Anhui Medical University (32%); Second Hospital of Anhui Medical University (10%)
67,104,1.0192307692307692,1.0,35.57692307692308,"History, Heritage and Archaeology",Archaeology,University of Bristol,United Kingdom,0.1502087034389127,82.35914323266466,Archaeology (93%); Genetics (7%),"University of Bristol (11%); Institute of Archaeology (5%); Landesamt für Archaeologie, Dresden, Germany (5%)"
68,98,1.816326530612245,2.0,53.94736842105263,Biomedical and Clinical Sciences,Clinical Sciences,Harbin Medical University,United Kingdom,0.14154281670205238,82.50068604936672,Clinical Sciences (27%); Epidemiology (23%); Dentistry (18%),Harbin Medical University (23%); University of East Anglia (12%); University of York (11%)
69,98,1.4795918367346939,1.0,48.83720930232558,Biomedical and Clinical Sciences,Epidemiology,West China Hospital of Sichuan University,China,0.14154281670205238,82.64222886606878,Epidemiology (30%); Clinical Sciences (28%); Public Health (18%),West China Hospital of Sichuan University (34%); Sichuan University (33%); Tibet University (6%)
70,92,1.608695652173913,2.0,34.146341463414636,Biomedical and Clinical Sciences,Oncology and Carcinogenesis,The Francis Crick Institute Ltd,United Kingdom,0.13287692996519201,82.77510579603397,Oncology and Carcinogenesis (68%); Immunology (26%); Biochemistry and Cell Biology (3%),The Francis Crick Institute Ltd (24%); University of Colorado Anschutz Medical Campus (22%); University College London (16%)
71,92,2.3152173913043477,2.0,63.41463414634146,Biomedical and Clinical Sciences,Nutrition and Dietetics,Zhejiang University,China,0.13287692996519201,82.90798272599916,Nutrition and Dietetics (32%); Clinical Sciences (23%); Epidemiology (17%),Zhejiang University (58%); Shanghai Jiao Tong University (16%); First Affiliated Hospital of Zhejiang University School of Medicine (10%)
72,85,2.4352941176470586,2.0,45.333333333333336,Health Sciences,Public Health,University of Arizona,United States,0.12276672877218828,83.03074945477135,Public Health (40%); Cardiovascular Medicine and Haematology (13%); Health Services and Systems (13%),University of Arizona (41%); University of Pennsylvania (8%); University of Southern California (7%)
73,85,1.7058823529411764,1.0,48.10126582278481,Biomedical and Clinical Sciences,Clinical Sciences,University of Oxford,United Kingdom,0.12276672877218828,83.15351618354354,"Clinical Sciences (54%); Cardiovascular Medicine and Haematology (21%); Graphics, Augmented Reality and Games (11%)",University of Oxford (28%); Novo Nordisk Research Centre Oxford Ltd (22%); University of Ulster (13%)
74,84,1.75,1.0,23.18840579710145,Biomedical and Clinical Sciences,Clinical Sciences,University of Southern California,United States,0.12132241431604489,83.27483859785958,Clinical Sciences (33%); Epidemiology (27%); Cardiovascular Medicine and Haematology (24%),"University of Southern California (30%); University of California, Los Angeles (26%); University of Oslo (7%)"
75,79,2.7341772151898733,1.0,51.351351351351354,Biomedical and Clinical Sciences,Genetics,Uppsala University,Sweden,0.11410084203532793,83.38893943989491,Genetics (29%); Clinical Sciences (20%); Biological Psychology (18%),Uppsala University (76%); Karolinska Institutet (3%); Stockholm University (3%)
76,77,1.6493506493506493,1.0,34.285714285714285,Biomedical and Clinical Sciences,Cardiovascular Medicine and Haematology,Zhejiang University,China,0.11121221312304115,83.50015165301795,Cardiovascular Medicine and Haematology (36%); Epidemiology (21%); Clinical Sciences (12%),Zhejiang University (62%); Taizhou Central Hospital (8%); Ningbo University (6%)
77,72,1.8472222222222223,2.0,43.10344827586207,Biological Sciences,Clinical Sciences,MRC Human Genetics Unit,United Kingdom,0.10399064084232419,83.60414229386028,Clinical Sciences (31%); Genetics (22%); Epidemiology (18%),"MRC Human Genetics Unit (25%); PrecisionLife Ltd, Long Hanborough, Oxford, UK (14%); University of Edinburgh (10%)"
78,72,1.5416666666666667,1.0,52.94117647058823,Biological Sciences,Genetics,Wenzhou Medical University,China,0.10399064084232419,83.7081329347026,Genetics (36%); Biomedical Engineering (17%); Machine Learning (14%),"Wenzhou Medical University (75%); Joint Institute of Tobacco and Health, Kunming, Yunnan, China (8%); Collaborative Innovation Center for Diagnosis and Treatment of Infectious Diseases (7%)"
79,70,1.8714285714285714,1.0,40.54054054054054,Biomedical and Clinical Sciences,Clinical Sciences,First Hospital of Jilin University,China,0.10110201193003741,83.80923494663264,Clinical Sciences (59%); Cardiovascular Medicine and Haematology (20%); Biological Psychology (7%),First Hospital of Jilin University (24%); Jilin University (23%); Peking Union Medical College Hospital (23%)
80,64,1.03125,1.0,40.0,Biomedical and Clinical Sciences,Clinical Sciences,University Hospital of Zurich,Switzerland,0.09243612519317705,83.90167107182582,Clinical Sciences (80%); Epidemiology (12%); Public Health (6%),University Hospital of Zurich (24%); University of Zurich (16%); ETH Zurich (13%)
81,62,1.3548387096774193,1.0,41.935483870967744,Biomedical and Clinical Sciences,Clinical Sciences,First Affiliated Hospital of Zhengzhou University,China,0.08954749628089027,83.9912185681067,Clinical Sciences (28%); Epidemiology (20%); Oncology and Carcinogenesis (20%),First Affiliated Hospital of Zhengzhou University (31%); Xiangya Hospital Central South University (13%); Lancaster University (11%)
82,58,2.396551724137931,2.0,30.232558139534884,Biological Sciences,Genetics,The University of Texas Health Science Center at Houston,United States,0.0837702384563167,84.07498880656301,Genetics (53%); Ophthalmology and Optometry (28%); Machine Learning (12%),The University of Texas Health Science Center at Houston (31%); Baylor College of Medicine (14%); University of Central Florida (10%)
83,55,1.6727272727272726,1.0,66.66666666666667,Biomedical and Clinical Sciences,Clinical Sciences,Beijing University of Chinese Medicine,China,0.07943729508788654,84.1544261016509,Clinical Sciences (33%); Cardiovascular Medicine and Haematology (15%); Genetics (15%),Beijing University of Chinese Medicine (53%); Changsha Medical University (15%); China Academy of Chinese Medical Sciences (15%)
84,54,2.2037037037037037,1.0,62.06896551724138,Health Sciences,Epidemiology,Fujian Medical University,China,0.07799298063174315,84.23241908228265,Epidemiology (22%); Public Health (20%); Biological Psychology (16%),Fujian Medical University (65%); Xiamen University (9%); Union Hospital (7%)
85,54,1.7222222222222223,1.0,55.172413793103445,Biomedical and Clinical Sciences,Clinical Sciences,Gannan Medical University,China,0.07799298063174315,84.3104120629144,Clinical Sciences (38%); Epidemiology (25%); Public Health (15%),Gannan Medical University (28%); Zhongnan Hospital of Wuhan University (20%); Renmin Hospital of Wuhan University (17%)
86,53,2.849056603773585,3.0,33.333333333333336,Biomedical and Clinical Sciences,Cardiovascular Medicine and Haematology,Sun Yat-sen University,China,0.07654866617559976,84.38696072908999,Cardiovascular Medicine and Haematology (53%); Clinical Sciences (28%); Epidemiology (15%),Sun Yat-sen University (57%); Sun Yat-sen Memorial Hospital (19%); First Affiliated Hospital of Jinan University (15%)
87,49,1.0816326530612246,1.0,33.333333333333336,Biomedical and Clinical Sciences,Cardiovascular Medicine and Haematology,University Hospital Münster,Germany,0.07077140835102619,84.45773213744101,Cardiovascular Medicine and Haematology (49%); Clinical Sciences (29%); Immunology (10%),University Hospital Münster (35%); University of Münster (20%); Rockefeller University (14%)
88,49,1.2448979591836735,1.0,57.69230769230769,Biomedical and Clinical Sciences,Oncology and Carcinogenesis,First Affiliated Hospital of Guangzhou Medical University,China,0.07077140835102619,84.52850354579203,Oncology and Carcinogenesis (63%); Clinical Sciences (16%); Genetics (16%),First Affiliated Hospital of Guangzhou Medical University (49%); Guangzhou Medical University (41%); Chinese Academy of Medical Sciences & Peking Union Medical College (2%)
89,49,1.4081632653061225,1.0,2.380952380952381,Biomedical and Clinical Sciences,Clinical Sciences,Cornell University,United States,0.07077140835102619,84.59927495414306,Clinical Sciences (33%); Cardiovascular Medicine and Haematology (14%); Oncology and Carcinogenesis (10%),Cornell University (57%); Hospital for Special Surgery (29%); Weill Medical College of Cornell University (6%)
90,48,2.5625,2.0,37.5,Biomedical and Clinical Sciences,Clinical Sciences,Southern Medical University,China,0.0693270938948828,84.66860204803794,Clinical Sciences (52%); Oncology and Carcinogenesis (40%); Health Services and Systems (4%),Southern Medical University (85%); Nanfang Hospital (6%); First Affiliated Hospital of Sun Yat-sen University (2%)
91,48,1.6041666666666667,2.0,38.888888888888886,Biomedical and Clinical Sciences,Clinical Sciences,West China Hospital of Sichuan University,China,0.0693270938948828,84.73792914193282,Clinical Sciences (50%); Immunology (17%); Cardiovascular Medicine and Haematology (12%),West China Hospital of Sichuan University (42%); Sichuan University (19%); Chinese People's Liberation Army (8%)
92,43,1.6046511627906976,1.0,23.80952380952381,Biomedical and Clinical Sciences,Clinical Sciences,Xiangya Hospital Central South University,China,0.06210552161416583,84.800034663547,Clinical Sciences (56%); Epidemiology (23%); Oncology and Carcinogenesis (9%),Xiangya Hospital Central South University (58%); Tianjin Medical University (9%); University of South China (7%)
93,43,2.046511627906977,2.0,59.09090909090909,Biomedical and Clinical Sciences,Clinical Sciences,West China Hospital of Sichuan University,China,0.06210552161416583,84.86214018516117,Clinical Sciences (58%); Biological Psychology (19%); Epidemiology (14%),West China Hospital of Sichuan University (84%); Sichuan University (7%); Union Hospital Tongji Medical College Huazhong University of Science and Technology (5%)
94,41,0.6585365853658537,2.0,38.46153846153846,Biomedical and Clinical Sciences,Oncology and Carcinogenesis,Fox Chase Cancer Center,United States,0.059216892701879055,84.92135707786305,Oncology and Carcinogenesis (88%); Clinical Sciences (12%),Fox Chase Cancer Center (32%); Cleveland Clinic (20%); University Hospitals Cleveland Medical Center (17%)
95,39,1.564102564102564,1.0,47.36842105263158,Biomedical and Clinical Sciences,Oncology and Carcinogenesis,Zhongnan Hospital of Wuhan University,China,0.05632826378959227,84.97768534165264,Oncology and Carcinogenesis (54%); Clinical Sciences (18%); Genetics (15%),Zhongnan Hospital of Wuhan University (72%); Wuhan Central Hospital Affiliated to Tongji Medical College of Huazhong University of Science and Technology (8%); Yuhuangding Hospital (8%)
96,38,0.6578947368421053,1.0,40.0,Health Sciences,Epidemiology,Second Affiliated Hospital of Fujian Medical University,China,0.05488394933344888,85.03256929098609,Epidemiology (45%); Clinical Sciences (32%); Oncology and Carcinogenesis (24%),Second Affiliated Hospital of Fujian Medical University (37%); Fujian Medical University (29%); Beijing Tian Tan Hospital (18%)
97,37,0.8918918918918919,1.0,20.0,Biomedical and Clinical Sciences,Epidemiology,Shanxi Medical University,China,0.053439634877305485,85.0860089258634,Epidemiology (32%); Clinical Sciences (26%); Biochemistry and Cell Biology (18%),Shanxi Medical University (73%); Second Hospital of Shanxi Medical University (22%); First Hospital of Shanxi Medical University (3%)
98,36,2.6666666666666665,2.0,47.36842105263158,Biomedical and Clinical Sciences,Clinical Sciences,Yonsei University,South Korea,0.051995320421162096,85.13800424628455,Clinical Sciences (42%); Nutrition and Dietetics (31%); Epidemiology (19%),Yonsei University (58%); Seoul National University (8%); Asan Medical Center (3%)
99,36,1.4444444444444444,1.0,40.90909090909091,Biomedical and Clinical Sciences,Biological Psychology,Jilin University,China,0.051995320421162096,85.18999956670571,Biological Psychology (28%); Clinical Sciences (28%); Epidemiology (22%),Jilin University (33%); Shandong Provincial Hospital (22%); Rechts der Isar Hospital (19%)
100,35,2.057142857142857,2.0,80.0,Health Sciences,Epidemiology,Ningxia Medical University,China,0.05055100596501871,85.24055057267073,Epidemiology (83%); Health Services and Systems (14%); Cardiovascular Medicine and Haematology (3%),Ningxia Medical University (91%); Ningxia Medical University General Hospital (6%); Peking University First Hospital (3%)
101,34,1.3235294117647058,1.5,50.0,Biomedical and Clinical Sciences,Cardiovascular Medicine and Haematology,Beijing Anzhen Hospital,China,0.04910669150887531,85.28965726417961,Cardiovascular Medicine and Haematology (65%); Epidemiology (18%); Clinical Sciences (12%),Beijing Anzhen Hospital (100%)
102,34,1.5294117647058822,2.0,80.0,Biomedical and Clinical Sciences,Ophthalmology and Optometry,Sun Yat-sen University,China,0.04910669150887531,85.33876395568849,Ophthalmology and Optometry (97%); Clinical Sciences (3%),Sun Yat-sen University (79%); Guangzhou Medical University (15%); Capital Medical University (3%)
103,33,1.2424242424242424,1.0,43.75,Biomedical and Clinical Sciences,Clinical Sciences,Second Xiangya Hospital of Central South University,China,0.04766237705273192,85.38642633274122,Clinical Sciences (88%); Genetics (6%); Medical Biochemistry and Metabolomics (6%),Second Xiangya Hospital of Central South University (58%); Xiangya Hospital Central South University (39%); Wuhan No.1 Hospital (3%)
104,33,1.6666666666666667,1.0,62.5,Biomedical and Clinical Sciences,Epidemiology,University of Science and Technology of China,China,0.04766237705273192,85.43408870979395,Epidemiology (45%); Cardiovascular Medicine and Haematology (21%); Biological Psychology (15%),University of Science and Technology of China (39%); Nanjing University (24%); Nanjing University of Chinese Medicine (9%)
105,32,1.625,1.0,38.70967741935484,Biological Sciences,Genetics,City Hospital No. 40,Russia,0.046218062596588526,85.48030677239055,Genetics (97%); Bioinformatics and Computational Biology (3%),"City Hospital No. 40 (28%); St Petersburg University (22%); Department of Genomic Medicine, D.O. Ott Research Institute of Obstetrics, Gynaecology, and Reproductology, 199034 St. Petersburg, Russia. (12%)"
106,32,1.25,1.0,51.61290322580645,Biomedical and Clinical Sciences,Oncology and Carcinogenesis,University of Chicago,United States,0.046218062596588526,85.52652483498714,Oncology and Carcinogenesis (100%),University of Chicago (41%); Robert H. Lurie Comprehensive Cancer Center (28%); Canada's Michael Smith Genome Sciences Centre (6%)
107,31,0.7419354838709677,1.0,61.53846153846154,Biomedical and Clinical Sciences,Cardiovascular Medicine and Haematology,Peking Union Medical College Hospital,China,0.04477374814044514,85.57129858312759,Cardiovascular Medicine and Haematology (29%); Clinical Sciences (29%); Epidemiology (26%),Peking Union Medical College Hospital (71%); Hong Kong University of Science and Technology (10%); Capital Institute of Pediatrics (6%)
108,31,1.7096774193548387,1.0,28.571428571428573,Biomedical and Clinical Sciences,Nutrition and Dietetics,Fatty Acid Research Institute,United States,0.04477374814044514,85.61607233126803,Nutrition and Dietetics (68%); Epidemiology (18%); Clinical Sciences (11%),Fatty Acid Research Institute (32%); Saint Luke's Health System Inc (13%); Pharmavite LLC (10%)
109,31,1.096774193548387,1.0,70.58823529411765,Biomedical and Clinical Sciences,Epidemiology,Zhejiang University,China,0.04477374814044514,85.66084607940847,Epidemiology (55%); Cardiovascular Medicine and Haematology (45%),Zhejiang University (87%); Second Affiliated Hospital of Zhejiang University School of Medicine (13%)
110,30,1.1666666666666667,1.0,50.0,Biomedical and Clinical Sciences,Cardiovascular Medicine and Haematology,Sapienza University of Rome,Italy,0.04332943368430175,85.70417551309278,Cardiovascular Medicine and Haematology (50%); Clinical Sciences (50%),Sapienza University of Rome (63%); Washington University in St. Louis (17%); Center for Outcomes Research and Clinical Epidemiology (7%)
111,29,1.1379310344827587,1.0,14.285714285714286,Health Sciences,Epidemiology,First Affiliated Hospital of Guangzhou Medical University,China,0.04188511922815835,85.74606063232093,Epidemiology (62%); Cardiovascular Medicine and Haematology (24%); Biochemistry and Cell Biology (14%),First Affiliated Hospital of Guangzhou Medical University (55%); Yunnan Cancer Hospital (14%); Second Affiliated Hospital of Guangzhou Medical University (10%)
112,29,0.9310344827586207,1.0,42.857142857142854,Health Sciences,Epidemiology,Anhui Medical University,China,0.04188511922815835,85.78794575154909,Epidemiology (62%); Nutrition and Dietetics (31%); Genetics (7%),Anhui Medical University (52%); First Affiliated Hospital of Xiamen University (17%); First Affiliated Hospital of Anhui Medical University (10%)
113,29,1.7586206896551724,3.0,62.5,Biomedical and Clinical Sciences,Biological Psychology,Beijing Friendship Hospital,China,0.04188511922815835,85.82983087077724,Biological Psychology (45%); Clinical Sciences (28%); Biochemistry and Cell Biology (14%),Beijing Friendship Hospital (69%); Beijing Anding Hospital (7%); University of Lübeck (7%)
114,29,1.5862068965517242,2.0,66.66666666666667,Biomedical and Clinical Sciences,Clinical Sciences,Xiangyang Central Hospital,China,0.04188511922815835,85.8717159900054,Clinical Sciences (41%); Epidemiology (31%); Nutrition and Dietetics (14%),Xiangyang Central Hospital (55%); Wuhan University of Science and Technology (17%); Chinese Academy of Medical Sciences & Peking Union Medical College (7%)
115,28,0.5714285714285714,2.0,36.36363636363637,Biomedical and Clinical Sciences,Epidemiology,Union Hospital Tongji Medical College Huazhong University of Science and Technology,China,0.04044080477201496,85.91215679477742,Epidemiology (61%); Medical Biochemistry and Metabolomics (21%); Cardiovascular Medicine and Haematology (11%),Union Hospital Tongji Medical College Huazhong University of Science and Technology (68%); Chinese Academy of Medical Sciences (18%); Fuwai Yunnan Cardiovascular Hospital (7%)
116,27,1.0,1.0,36.36363636363637,Health Sciences,Epidemiology,Anhui Medical University,China,0.038996490315871574,85.95115328509328,Epidemiology (50%); Public Health (50%),Anhui Medical University (78%); First Affiliated Hospital of Anhui Medical University (19%); Second Hospital of Anhui Medical University (4%)
117,26,1.1538461538461537,1.0,45.45454545454545,Biomedical and Clinical Sciences,Clinical Sciences,Second Hospital of Anhui Medical University,China,0.03755217585972818,85.98870546095301,Clinical Sciences (35%); Cardiovascular Medicine and Haematology (23%); Epidemiology (19%),"Second Hospital of Anhui Medical University (81%); Anhui Medical University (12%); Department of Neurology, Shucheng People's Hospital, Lu'an, China. (4%)"
118,25,1.08,1.0,38.46153846153846,Biomedical and Clinical Sciences,Ophthalmology and Optometry,Sun Yat-sen University,China,0.03610786140358479,86.0248133223566,Ophthalmology and Optometry (48%); Cardiovascular Medicine and Haematology (28%); Health Services and Systems (24%),Sun Yat-sen University (80%); First Affiliated Hospital of Sun Yat-sen University (20%)
119,25,1.08,1.0,36.36363636363637,Biological Sciences,Biochemistry and Cell Biology,Oklahoma State University,United States,0.03610786140358479,86.06092118376017,Biochemistry and Cell Biology (40%); Epidemiology (28%); Genetics (16%),Oklahoma State University (96%); University of Tennessee Knoxville (4%)
120,25,1.44,2.0,37.5,Biomedical and Clinical Sciences,Machine Learning,University of Florida,United States,0.03610786140358479,86.09702904516375,Machine Learning (28%); Biomedical Engineering (24%); Health Services and Systems (24%),University of Florida (92%); East China Normal University (4%); Nvidia Corp (4%)
121,24,1.4166666666666667,2.0,30.0,Biological Sciences,Biological Psychology,German Center for Neurodegenerative Diseases,Germany,0.0346635469474414,86.1316925921112,Biological Psychology (92%); Epidemiology (8%),German Center for Neurodegenerative Diseases (75%); University of Bonn (21%); Massachusetts General Hospital (4%)
122,24,1.4166666666666667,1.0,62.5,Biological Sciences,Genetics,Khalifa University of Science and Technology,United Arab Emirates,0.0346635469474414,86.16635613905864,Genetics (38%); Clinical Sciences (29%); Epidemiology (21%),Khalifa University of Science and Technology (75%); Aristotle University of Thessaloniki (4%); Harvard University (4%)
123,24,1.125,1.0,70.0,Biomedical and Clinical Sciences,Reproductive Medicine,Chinese PLA General Hospital,China,0.0346635469474414,86.20101968600608,Reproductive Medicine (79%); Epidemiology (21%),"Chinese PLA General Hospital (38%); Department of Clinical Research, Yikon Genomics Co., Ltd, Suzhou, Jiangsu, China (17%); Affiliated Hospital of Youjiang Medical University for Nationalities (8%)"
124,24,1.25,1.0,58.333333333333336,Biological Sciences,Biochemistry and Cell Biology,Zhejiang University,China,0.0346635469474414,86.23568323295352,Biochemistry and Cell Biology (75%); Epidemiology (17%); Clinical Sciences (8%),Zhejiang University (92%); Second Affiliated Hospital of Zhejiang University School of Medicine (4%); Zhejiang Chinese Medical University (4%)
125,23,1.173913043478261,1.0,60.0,Biomedical and Clinical Sciences,Medical Physiology,Tongji Hospital Affiliated to Tongji Medical College of Huazhong University of Science & Technology,China,0.033219232491298004,86.26890246544481,Medical Physiology (52%); Epidemiology (26%); Clinical Sciences (22%),Tongji Hospital Affiliated to Tongji Medical College of Huazhong University of Science & Technology (52%); East China Normal University (35%); Dalian Medical University (13%)
126,23,0.30434782608695654,1.0,41.666666666666664,Biomedical and Clinical Sciences,Immunology,Harbin Medical University,China,0.033219232491298004,86.3021216979361,Immunology (100%),Harbin Medical University (87%); Kunming University of Science and Technology (4%); Second Affiliated Hospital of Harbin Medical University (4%)
127,23,0.8695652173913043,1.0,33.333333333333336,Biomedical and Clinical Sciences,Cardiovascular Medicine and Haematology,Wenzhou Medical University,China,0.033219232491298004,86.33534093042739,Cardiovascular Medicine and Haematology (48%); Biomedical Engineering (35%); Nutrition and Dietetics (13%),Wenzhou Medical University (52%); Second Affiliated Hospital & Yuying Children's Hospital of Wenzhou Medical University (35%); First Affiliated Hospital of Wenzhou Medical University (4%)
128,22,1.7272727272727273,1.5,25.0,Biomedical and Clinical Sciences,Clinical Sciences,Catholic University of Korea,South Korea,0.031774918035154615,86.36711584846255,Clinical Sciences (95%); Biochemistry and Cell Biology (5%),Catholic University of Korea (41%); Soonchunhyang University (41%); Korea Advanced Institute of Science and Technology (9%)
129,22,1.3181818181818181,1.0,36.36363636363637,Biomedical and Clinical Sciences,Neurosciences,biotx.ai GmbH,Germany,0.031774918035154615,86.3988907664977,Neurosciences (36%); Clinical Sciences (32%); Epidemiology (32%),"biotx.ai GmbH (32%); 3Z, Menntavegur 1, Reykjavík, Iceland (18%); University of Maryland, Baltimore (9%)"
130,21,1.5714285714285714,1.0,31.25,Biological Sciences,Bioinformatics and Computational Biology,National Heart Lung and Blood Institute,United States,0.030330603579011222,86.42922137007672,Bioinformatics and Computational Biology (67%); Genetics (29%); Clinical Sciences (5%),National Heart Lung and Blood Institute (57%); University College London (24%); Johns Hopkins University (14%)
131,21,0.47619047619047616,1.0,44.44444444444444,Biomedical and Clinical Sciences,Cardiovascular Medicine and Haematology,Yale New Haven Health System,United States,0.030330603579011222,86.45955197365573,Cardiovascular Medicine and Haematology (52%); Genetics (48%),Yale New Haven Health System (48%); Yale University (38%); Cornell University (5%)
132,21,1.2857142857142858,1.0,63.63636363636363,Biomedical and Clinical Sciences,Clinical Sciences,Beijing Hospital,China,0.030330603579011222,86.48988257723475,Clinical Sciences (86%); Cardiovascular Medicine and Haematology (14%),"Beijing Hospital (43%); Fuwai Hospital, CAMS&PUMC (19%); Beijing Anzhen Hospital (10%)"
133,21,0.7142857142857143,1.0,33.333333333333336,Biomedical and Clinical Sciences,Dentistry,Southwest Medical University,China,0.030330603579011222,86.52021318081377,Dentistry (57%); Immunology (29%); Genetics (14%),"Southwest Medical University (57%); Chengdu Integrated TCM and Western Medicine Hospital, (5%); Chengdu Medical College (5%)"
134,21,1.5714285714285714,1.0,77.77777777777777,Biomedical and Clinical Sciences,Clinical Sciences,Huashan Hospital,China,0.030330603579011222,86.55054378439279,Clinical Sciences (62%); Epidemiology (38%),Huashan Hospital (52%); Fudan University (24%); Shanghai University of Sport (19%)
135,21,1.0,1.0,50.0,Biological Sciences,Pharmacology and Pharmaceutical Sciences,University of Copenhagen,Denmark,0.030330603579011222,86.5808743879718,Pharmacology and Pharmaceutical Sciences (100%),University of Copenhagen (86%); Gubra ApS (10%); Novo Nordisk AS (5%)
136,21,1.2380952380952381,1.0,50.0,Biomedical and Clinical Sciences,Biological Psychology,Second Xiangya Hospital of Central South University,China,0.030330603579011222,86.61120499155082,Biological Psychology (53%); Epidemiology (26%); Clinical Sciences (21%),Second Xiangya Hospital of Central South University (95%); Karolinska Institutet (5%)
137,21,1.9523809523809523,2.0,75.0,Health Sciences,Health Services and Systems,Sun Yat-sen University,China,0.030330603579011222,86.64153559512984,Health Services and Systems (62%); Epidemiology (19%); Nutrition and Dietetics (19%),Sun Yat-sen University (90%); Eighth Affiliated Hospital of Sun Yat-sen University (5%); Marche Polytechnic University (5%)
138,21,0.19047619047619047,1.0,42.857142857142854,Biomedical and Clinical Sciences,Clinical Sciences,First Medical Center of PLA General Hospital,China,0.030330603579011222,86.67186619870886,Clinical Sciences (62%); Epidemiology (38%),First Medical Center of PLA General Hospital (48%); Chinese PLA General Hospital (33%); Second Medical Center of PLA General Hospital (10%)
139,20,1.3,1.0,55.0,Biomedical and Clinical Sciences,Clinical Sciences,Instituto de Investigación Biomédica de A Coruña,Spain,0.02888628912286783,86.70075248783172,Clinical Sciences (100%),Instituto de Investigación Biomédica de A Coruña (30%); University of A Coruña (25%); IRCCS Ospedale San Raffaele (20%)
140,20,1.6,1.5,30.76923076923077,Health Sciences,Epidemiology,First Affiliated Hospital of Anhui Medical University,China,0.02888628912286783,86.72963877695459,Epidemiology (65%); Oncology and Carcinogenesis (20%); Clinical Sciences (15%),First Affiliated Hospital of Anhui Medical University (25%); First Affiliated Hospital of Soochow University (25%); Hainan Modern Women and Children's Hospital (20%)
141,20,1.2,1.5,70.0,Biomedical and Clinical Sciences,Epidemiology,Chongqing Medical University,China,0.02888628912286783,86.75852506607745,Epidemiology (40%); Oncology and Carcinogenesis (30%); Biochemistry and Cell Biology (20%),"Chongqing Medical University (65%); Second Affiliated Hospital of Chongqing Medical University (25%); Chongqing Center for Disease Control and Prevention, 400707, Chongqing, China (5%)"
142,20,2.3,2.0,47.36842105263158,Biological Sciences,Genetics,National Institute on Minority Health and Health Disparities,United States,0.02888628912286783,86.78741135520032,Genetics (35%); Cardiovascular Medicine and Haematology (30%); Epidemiology (20%),National Institute on Minority Health and Health Disparities (50%); Georgia Institute of Technology (25%); IHRC (United States) (15%)
143,20,2.15,3.0,62.5,Health Sciences,Epidemiology,Second Affiliated Hospital of Xi'an Jiaotong University,China,0.02888628912286783,86.81629764432319,Epidemiology (90%); Clinical Sciences (10%),Second Affiliated Hospital of Xi'an Jiaotong University (90%); Henan University of Science and Technology (5%); Xi'an Jiaotong University (5%)
144,19,0.7368421052631579,1.0,54.54545454545455,Biological Sciences,Genetics,Sichuan University,China,0.02744197466672444,86.84373961898991,Genetics (68%); Reproductive Medicine (32%),Sichuan University (63%); West China Second University Hospital of Sichuan University (32%); State Key Laboratory of Polymer Materials Engineering (5%)
145,19,1.368421052631579,1.0,60.0,Biomedical and Clinical Sciences,Epidemiology,Anhui Medical University,China,0.02744197466672444,86.87118159365664,Epidemiology (84%); Reproductive Medicine (11%); Clinical Sciences (5%),Anhui Medical University (84%); First Affiliated Hospital of Anhui Medical University (5%); Johns Hopkins University (5%)
146,19,1.105263157894737,2.0,22.22222222222222,Psychology,Biological Psychology,Gifu University,Japan,0.02744197466672444,86.89862356832337,Biological Psychology (63%); Clinical Sciences (37%),Gifu University (63%); The University of Tokyo (11%); Mie University (5%)
147,19,1.5263157894736843,2.0,35.294117647058826,Biomedical and Clinical Sciences,Genetics,University of Oklahoma Health Sciences Center,United States,0.02744197466672444,86.9260655429901,Genetics (67%); Clinical Sciences (17%); Epidemiology (11%),University of Oklahoma Health Sciences Center (84%); Central University of Punjab (5%); Dayanand Medical College & Hospital (5%)
148,19,1.368421052631579,1.0,33.333333333333336,Biomedical and Clinical Sciences,Cardiovascular Medicine and Haematology,Shenzhen Maternity and Child Healthcare Hospital,China,0.02744197466672444,86.95350751765683,Cardiovascular Medicine and Haematology (58%); Epidemiology (37%); Reproductive Medicine (5%),Shenzhen Maternity and Child Healthcare Hospital (63%); Obstetrics and Gynecology Hospital of Fudan University (26%); Fudan University (11%)
149,19,1.1578947368421053,1.0,54.54545454545455,Biomedical and Clinical Sciences,Clinical Sciences,Lanzhou University Second Hospital,China,0.02744197466672444,86.98094949232356,Clinical Sciences (74%); Genetics (21%); Nutrition and Dietetics (5%),Lanzhou University Second Hospital (53%); Affiliated Hospital of North Sichuan Medical College (47%)
150,19,0.3684210526315789,1.0,12.5,Information and Computing Sciences,Clinical and Health Psychology,Juntendo University School of Medicine,Japan,0.02744197466672444,87.00839146699029,Clinical and Health Psychology (53%); Data Management and Data Science (42%); Machine Learning (5%),Juntendo University School of Medicine (37%); Juntendo University (32%); The University of Tokyo (16%)
151,19,1.5789473684210527,2.0,55.55555555555556,Biomedical and Clinical Sciences,Medical Biochemistry and Metabolomics,First Hospital of Jilin University,China,0.02744197466672444,87.03583344165702,Medical Biochemistry and Metabolomics (42%); Genetics (26%); Clinical Sciences (21%),First Hospital of Jilin University (95%); Second Affiliated Hospital of Jilin University (5%)
152,19,0.0,1.0,56.25,Biomedical and Clinical Sciences,Cardiovascular Medicine and Haematology,Washington University in St. Louis,United States,0.02744197466672444,87.06327541632375,Cardiovascular Medicine and Haematology (100%),Washington University in St. Louis (21%); New York University (11%); The University of Texas Southwestern Medical Center (11%)
153,18,1.3333333333333333,1.5,25.0,Biomedical and Clinical Sciences,Clinical Sciences,Macao Polytechnic University,China,0.025997660210581048,87.08927307653433,Clinical Sciences (67%); Medical Biochemistry and Metabolomics (33%),Macao Polytechnic University (53%); Peking Union Medical College Hospital (35%); North China University of Science and Technology (6%)
154,18,0.5555555555555556,1.5,60.0,Biomedical and Clinical Sciences,Clinical Sciences,Southern Medical University,China,0.025997660210581048,87.1152707367449,Clinical Sciences (44%); Epidemiology (33%); Medical Biochemistry and Metabolomics (22%),Southern Medical University (50%); Guangdong Medical College (22%); Maoming People's Hospital (11%)
155,18,1.8333333333333333,4.0,0.0,Biomedical and Clinical Sciences,Clinical Sciences,Sun Yat-sen Memorial Hospital,China,0.025997660210581048,87.14126839695548,Clinical Sciences (89%); Epidemiology (11%),Sun Yat-sen Memorial Hospital (67%); Sun Yat-sen University (17%); First Affiliated Hospital of Sun Yat-sen University (6%)
156,18,1.0,1.0,42.857142857142854,Biomedical and Clinical Sciences,Clinical Sciences,Peking Union Medical College Hospital,China,0.025997660210581048,87.16726605716606,Clinical Sciences (100%),"Peking Union Medical College Hospital (28%); Second Xiangya Hospital of Central South University (28%); Beijing ClouDNA Technology Co Ltd, Beijing, China (17%)"
157,17,1.0,1.0,35.714285714285715,Biomedical and Clinical Sciences,Clinical Sciences,Indian Institute of Science Bangalore,India,0.024553345754437655,87.1918194029205,Clinical Sciences (100%),Indian Institute of Science Bangalore (100%)
158,17,1.7058823529411764,4.0,57.142857142857146,Biomedical and Clinical Sciences,Clinical Sciences,First Hospital of Jilin University,China,0.024553345754437655,87.21637274867494,Clinical Sciences (100%),First Hospital of Jilin University (100%)
159,17,0.7058823529411765,1.0,28.571428571428573,Biomedical and Clinical Sciences,Biochemistry and Cell Biology,Xiangya Hospital Central South University,China,0.024553345754437655,87.24092609442938,Biochemistry and Cell Biology (65%); Clinical Sciences (35%),Xiangya Hospital Central South University (76%); Central South University (12%); The University of Texas Health Science Center at Houston (6%)
160,17,0.0,1.0,56.25,Biological Sciences,Genetics,University of Modena and Reggio Emilia,Italy,0.024553345754437655,87.26547944018382,Genetics (100%),University of Modena and Reggio Emilia (82%); University of Padua (18%)
161,17,1.0588235294117647,1.0,50.0,Biomedical and Clinical Sciences,Clinical Sciences,First Affiliated Hospital of Harbin Medical University,China,0.024553345754437655,87.29003278593827,Clinical Sciences (100%),"First Affiliated Hospital of Harbin Medical University (82%); Second Affiliated Hospital of Harbin Medical University (12%); Department of Orthopedics, 2nd Hospital of Mudanjiang People, Heilongjiang Province, China (6%)"
162,17,1.2941176470588236,1.0,20.0,Biomedical and Clinical Sciences,Oncology and Carcinogenesis,Peking University Cancer Hospital,China,0.024553345754437655,87.3145861316927,Oncology and Carcinogenesis (71%); Medical Biochemistry and Metabolomics (18%); Health Services and Systems (12%),Peking University Cancer Hospital (94%); Zhejiang Cancer Hospital (6%)
163,17,1.0,1.0,60.0,Biological Sciences,Genetics,University of Wisconsin-Madison,United States,0.024553345754437655,87.33913947744715,Genetics (100%),University of Wisconsin-Madison (76%); Medical College of Wisconsin (12%); Baylor College of Medicine (6%)
164,17,1.1764705882352942,1.0,37.5,Biomedical and Clinical Sciences,Clinical Sciences,University of Hong Kong,China,0.024553345754437655,87.36369282320159,Clinical Sciences (65%); Genetics (24%); Biochemistry and Cell Biology (12%),"University of Hong Kong (76%); Snowhill Science Limited, Hong Kong, Hong Kong SAR, China (12%); Chinese University of Hong Kong (6%)"
165,17,0.8823529411764706,1.0,80.0,Biomedical and Clinical Sciences,Nutrition and Dietetics,Yonsei University,South Korea,0.024553345754437655,87.38824616895603,Nutrition and Dietetics (57%); Clinical Sciences (43%),"Yonsei University (82%); Korea Armed Forces Nursing Academy, Daejeon, Taejon-jikhalsi, Republic of Korea (12%); Korea Food Research Institute (6%)"
166,17,1.6470588235294117,1.0,23.529411764705884,Biomedical and Clinical Sciences,Medical and Biological Physics,HUN-REN Research Centre for Natural Sciences,Hungary,0.024553345754437655,87.41279951471047,Medical and Biological Physics (70%); Applied Computing (30%),"HUN-REN Research Centre for Natural Sciences (29%); Brain Imaging Centre, Research Centre for Natural Sciences, Budapest 1117, Hungary. (24%); Brain Imaging Centre, Research Centre for Natural Sciences, 1117, Budapest, Hungary (18%)"
167,17,1.4705882352941178,1.0,33.333333333333336,Biomedical and Clinical Sciences,Epidemiology,Seoul National University,South Korea,0.024553345754437655,87.43735286046491,Epidemiology (47%); Public Health (29%); Medical Biochemistry and Metabolomics (12%),"Seoul National University (47%); Vietnam National University, Ho Chi Minh City (18%); Hanoi Medical University (12%)"
168,17,1.5294117647058822,1.0,28.571428571428573,Biomedical and Clinical Sciences,Clinical Sciences,Second Xiangya Hospital of Central South University,China,0.024553345754437655,87.46190620621935,Clinical Sciences (94%); Epidemiology (6%),Second Xiangya Hospital of Central South University (29%); Affiliated Hospital of Southwest Medical University (24%); Monash University (12%)
169,16,1.0,1.0,31.25,Biomedical and Clinical Sciences,Clinical Sciences,AstraZeneca UK Ltd,United Kingdom,0.023109031298294263,87.48501523751764,Clinical Sciences (100%),AstraZeneca UK Ltd (88%); AstraZeneca AB (6%); University of Cambridge (6%)
170,16,0.875,1.0,66.66666666666667,Biomedical and Clinical Sciences,Pharmacology and Pharmaceutical Sciences,University of South China,China,0.023109031298294263,87.50812426881593,Pharmacology and Pharmaceutical Sciences (69%); Medical Biotechnology (31%),University of South China (69%); First Affiliated Hospital of Kunming Medical University (12%); Second Affiliated Hospital of Kunming Medical College (12%)
171,16,1.3125,1.0,71.42857142857143,"Agricultural, Veterinary and Food Sciences",Animal Production,Chengdu University of Traditional Chinese Medicine,China,0.023109031298294263,87.53123330011422,Animal Production (50%); Pharmacology and Pharmaceutical Sciences (38%); Clinical Sciences (12%),Chengdu University of Traditional Chinese Medicine (62%); Hospital of Chengdu University of Traditional Chinese (25%); Guiyang Medical University (6%)
172,16,1.0,1.0,70.0,Health Sciences,Epidemiology,Tongji Hospital Affiliated to Tongji Medical College of Huazhong University of Science & Technology,China,0.023109031298294263,87.55434233141251,Epidemiology (100%),Tongji Hospital Affiliated to Tongji Medical College of Huazhong University of Science & Technology (94%); Zhongnan Hospital of Wuhan University (6%)
173,16,0.9375,1.5,37.5,Biomedical and Clinical Sciences,Cardiovascular Medicine and Haematology,Beijing Anzhen Hospital,China,0.023109031298294263,87.5774513627108,Cardiovascular Medicine and Haematology (50%); Biochemistry and Cell Biology (25%); Nutrition and Dietetics (19%),Beijing Anzhen Hospital (81%); Army Medical University (6%); Tongji Medical College of Huazhong University of Science and Technology (6%)
174,16,3.0,3.5,62.5,Psychology,Biological Psychology,Beijing University of Technology,China,0.023109031298294263,87.6005603940091,Biological Psychology (69%); Biomedical Engineering (25%); Medical Physiology (6%),Beijing University of Technology (94%); Central China Normal University (6%)
175,16,1.625,2.5,80.0,Biomedical and Clinical Sciences,Clinical Sciences,Xiangya Hospital Central South University,China,0.023109031298294263,87.62366942530738,Clinical Sciences (73%); Cardiovascular Medicine and Haematology (27%),Xiangya Hospital Central South University (94%); Central South University (6%)
176,16,0.6875,1.5,37.5,Information and Computing Sciences,Data Management and Data Science,University of Technology Sydney,Australia,0.023109031298294263,87.64677845660567,Data Management and Data Science (56%); Genetics (38%); Machine Learning (6%),"University of Technology Sydney (75%); 23Strands, Pyrmont, Australia (12%); Liverpool Hospital (6%)"
177,16,1.0,1.0,0.0,Biological Sciences,Genetics,Institute for Stem Cell Biology and Regenerative Medicine,India,0.023109031298294263,87.66988748790396,Genetics (100%),Institute for Stem Cell Biology and Regenerative Medicine (50%); Government Medical College (19%); Centre for Cellular and Molecular Biology (6%)
178,16,1.0,2.0,56.25,Biomedical and Clinical Sciences,Oncology and Carcinogenesis,The James Cancer Hospital,United States,0.023109031298294263,87.69299651920225,Oncology and Carcinogenesis (100%),"The James Cancer Hospital (44%); Primary Endpoint Solutions, Watertown, MA; (12%); The Ohio State University Wexner Medical Center (12%)"
179,16,0.5,1.0,50.0,Biomedical and Clinical Sciences,Nutrition and Dietetics,Southern Medical University,China,0.023109031298294263,87.71610555050054,Nutrition and Dietetics (75%); Epidemiology (25%),Southern Medical University (88%); Guangdong Medical College (6%); Jiangnan University (6%)
180,16,1.1875,1.0,33.333333333333336,Biomedical and Clinical Sciences,Biological Psychology,West China Hospital of Sichuan University,China,0.023109031298294263,87.73921458179883,Biological Psychology (31%); Epidemiology (31%); Clinical Sciences (25%),West China Hospital of Sichuan University (44%); China Academy of Chinese Medical Sciences (38%); Chengdu University of Traditional Chinese Medicine (12%)
181,16,1.0,1.0,36.36363636363637,Biological Sciences,Clinical Sciences,Quadram Institute,South Africa,0.023109031298294263,87.76232361309712,Clinical Sciences (100%),Quadram Institute (19%); Harare Central Hospital (12%); National Health Laboratory Service (12%)
182,16,1.375,1.0,50.0,Biomedical and Clinical Sciences,Oncology and Carcinogenesis,University of Washington,Spain,0.023109031298294263,87.78543264439541,Oncology and Carcinogenesis (56%); Bioinformatics and Computational Biology (44%),University of Washington (38%); Centro de Investigación Biomédica en Red de Cáncer (31%); Institute for Research in Biomedicine (25%)
183,16,1.0,1.0,31.25,Biomedical and Clinical Sciences,Cardiovascular Medicine and Haematology,University of Naples Federico II,Italy,0.023109031298294263,87.8085416756937,Cardiovascular Medicine and Haematology (100%),"University of Naples Federico II (75%); Albert Einstein College of Medicine (12%); COMEGEN Primary Care Physician Cooperative, ASL Napoli 1 Centro, Italian Society of General Medicine (SIMG), Naples, Italy (6%)"
184,16,1.0,1.0,53.84615384615385,Biological Sciences,Epidemiology,Institute of Genomics and Integrative Biology,India,0.023109031298294263,87.831650706992,Epidemiology (100%),Institute of Genomics and Integrative Biology (81%); King Edward Memorial Hospital Research Centre (19%)
185,15,1.0,1.0,50.0,Biological Sciences,Biochemistry and Cell Biology,Duke University,United States,0.021664716842150874,87.85331542383415,Biochemistry and Cell Biology (100%),"Duke University (53%); University of California, Irvine (20%); North Carolina State University (13%)"
186,15,1.8,3.0,12.5,Biomedical and Clinical Sciences,Cardiovascular Medicine and Haematology,"Fuwai Hospital, CAMS&PUMC",China,0.021664716842150874,87.8749801406763,Cardiovascular Medicine and Haematology (100%),"Fuwai Hospital, CAMS&PUMC (100%)"
187,15,1.0,1.0,83.33333333333333,Biomedical and Clinical Sciences,Nutrition and Dietetics,Fujian Medical University,China,0.021664716842150874,87.89664485751845,Nutrition and Dietetics (40%); Oncology and Carcinogenesis (40%); Clinical Sciences (20%),Fujian Medical University (40%); Fujian University of Traditional Chinese Medicine (20%); Zhongshan Hospital of Xiamen University (20%)
188,15,1.0,1.0,25.0,Biomedical and Clinical Sciences,Oncology and Carcinogenesis,Second Xiangya Hospital of Central South University,China,0.021664716842150874,87.9183095743606,Oncology and Carcinogenesis (100%),Second Xiangya Hospital of Central South University (100%)
189,15,1.0,1.0,33.333333333333336,Biomedical and Clinical Sciences,Nutrition and Dietetics,Huashan Hospital,China,0.021664716842150874,87.93997429120276,Nutrition and Dietetics (100%),Huashan Hospital (100%)
190,15,0.6666666666666666,1.0,0.0,Biomedical and Clinical Sciences,Clinical Sciences,Zhejiang Chinese Medical University,China,0.021664716842150874,87.96163900804491,Clinical Sciences (100%),"Zhejiang Chinese Medical University (87%); Hangzhou Hospital of Traditional Chinese Medicine, Zhejiang Chinese Medical University, Hangzhou, Zhejiang, China (7%); The Third Affiliated Hospital of Zhejiang Chinese Medical University (7%)"
191,15,1.6666666666666667,2.0,28.571428571428573,Biomedical and Clinical Sciences,Epidemiology,National Health Research Institutes,Taiwan,0.021664716842150874,87.98330372488707,Epidemiology (40%); Clinical Sciences (33%); Information Systems (27%),National Health Research Institutes (87%); Kaohsiung Medical University (7%); Tamkang University (7%)
192,15,1.0,2.0,83.33333333333333,Biomedical and Clinical Sciences,Nutrition and Dietetics,Xinjiang Medical University,China,0.021664716842150874,88.00496844172922,Nutrition and Dietetics (60%); Clinical Sciences (40%),Xinjiang Medical University (53%); Xinjiang University (47%)
193,15,1.0666666666666667,1.0,0.0,Engineering,Pollution and Contamination,Nanjing Medical University,China,0.021664716842150874,88.02663315857137,Pollution and Contamination (78%); Reproductive Medicine (22%),Nanjing Medical University (53%); Lawrence Berkeley National Laboratory (13%); State Key Laboratory of Reproductive Medicine (13%)
194,15,1.0666666666666667,1.0,25.0,Biomedical and Clinical Sciences,Cardiovascular Medicine and Haematology,First Affiliated Hospital of Harbin Medical University,China,0.021664716842150874,88.04829787541352,Cardiovascular Medicine and Haematology (67%); Epidemiology (33%),First Affiliated Hospital of Harbin Medical University (100%)
195,15,1.0,1.0,13.333333333333334,Biomedical and Clinical Sciences,Clinical Sciences,Center for Infection and Molecular Medicine and,Netherlands,0.021664716842150874,88.06996259225568,Clinical Sciences (100%),"Center for Infection and Molecular Medicine and (60%); Amsterdam University Medical Centers (20%); Department of Internal Medicine, BovenIJ Hospital, Amsterdam, the Netherlands (7%)"
196,15,0.5333333333333333,1.0,25.0,Biomedical and Clinical Sciences,Cardiovascular Medicine and Haematology,National and Kapodistrian University of Athens,Greece,0.021664716842150874,88.09162730909783,Cardiovascular Medicine and Haematology (100%),National and Kapodistrian University of Athens (93%); King's College London (7%)
197,15,1.0,2.0,40.0,Biomedical and Clinical Sciences,Clinical Sciences,Hunan University of Traditional Chinese Medicine,China,0.021664716842150874,88.11329202593998,Clinical Sciences (60%); Cardiovascular Medicine and Haematology (40%),Hunan University of Traditional Chinese Medicine (93%); Vrije Universiteit Amsterdam (7%)
198,15,0.0,1.0,54.54545454545455,Biological Sciences,Biochemistry and Cell Biology,"Jawaharlal Nehru Medical College, Belgaum",United States,0.021664716842150874,88.13495674278214,Biochemistry and Cell Biology (67%); Epidemiology (33%),"Jawaharlal Nehru Medical College, Belgaum (13%); 10Independent Researcher, Outcomes Research, Atlanta, United States (7%); 6St Francis Hospital, Internal Medicine, Wilmington, United States (7%)"
199,15,0.4,1.0,16.666666666666668,Biomedical and Clinical Sciences,Clinical Sciences,First Affiliated Hospital of Chongqing Medical University,China,0.021664716842150874,88.15662145962429,Clinical Sciences (60%); Oncology and Carcinogenesis (40%),First Affiliated Hospital of Chongqing Medical University (60%); Second Affiliated Hospital of Fujian Medical University (13%); Union Hospital Tongji Medical College Huazhong University of Science and Technology (13%)
200,14,1.2857142857142858,1.0,57.142857142857146,Biomedical and Clinical Sciences,Health Services and Systems,West China Hospital of Sichuan University,China,0.02022040238600748,88.17684186201029,Health Services and Systems (56%); Immunology (44%),West China Hospital of Sichuan University (100%)
201,14,0.5,1.0,60.0,Biological Sciences,Clinical Sciences,Guangzhou University of Chinese Medicine,China,0.02022040238600748,88.1970622643963,Clinical Sciences (57%); Genetics (43%),"Guangzhou University of Chinese Medicine (50%); Anhui University of Traditional Chinese Medicine (29%); Anhui Province Key Laboratory of Meridian Viscera Correlation Ship, Hefei, Anhui Province, China (7%)"
202,14,1.3571428571428572,1.0,80.0,Health Sciences,Epidemiology,Southern Medical University,China,0.02022040238600748,88.2172826667823,Epidemiology (79%); Genetics (14%); Clinical Sciences (7%),Southern Medical University (100%)
203,14,1.0,1.0,16.666666666666668,Psychology,Biological Psychology,The University of Tokyo,Japan,0.02022040238600748,88.2375030691683,Biological Psychology (100%),The University of Tokyo (71%); Tokyo Metropolitan Institute of Medical Science (21%); Advanced Telecommunications Research Institute International (7%)
204,14,0.0,1.0,0.0,Health Sciences,Statistics,Affiliated Hospital of Xuzhou Medical College,China,0.02022040238600748,88.2577234715543,Statistics (100%),Affiliated Hospital of Xuzhou Medical College (50%); Eighth Affiliated Hospital of Sun Yat-sen University (50%)
205,14,1.0,1.0,37.5,Biomedical and Clinical Sciences,,"Changping Laboratory, Beijing, China.",China,0.02022040238600748,88.2779438739403,,"Changping Laboratory, Beijing, China. (57%); Massachusetts General Hospital (14%); Peking University (14%)"
206,14,1.0,1.0,36.36363636363637,Biomedical and Clinical Sciences,Cardiovascular Medicine and Haematology,Michigan State University,United States,0.02022040238600748,88.2981642763263,Cardiovascular Medicine and Haematology (100%),Michigan State University (100%)
207,14,0.7142857142857143,1.0,87.5,Biomedical and Clinical Sciences,Nutrition and Dietetics,Beijing University of Chinese Medicine,China,0.02022040238600748,88.3183846787123,Nutrition and Dietetics (50%); Epidemiology (43%); Clinical Sciences (7%),Beijing University of Chinese Medicine (100%)
208,14,1.4285714285714286,1.0,16.666666666666668,Biomedical and Clinical Sciences,Clinical Sciences,Central South University,China,0.02022040238600748,88.33860508109831,Clinical Sciences (57%); Cardiovascular Medicine and Haematology (21%); Epidemiology (21%),Central South University (50%); Second Xiangya Hospital of Central South University (43%); Xiangya Hospital Central South University (7%)
209,14,1.1428571428571428,1.0,14.285714285714286,Biomedical and Clinical Sciences,Clinical Sciences,Xi'an Jiaotong University,China,0.02022040238600748,88.35882548348431,Clinical Sciences (57%); Epidemiology (29%); Ophthalmology and Optometry (14%),Xi'an Jiaotong University (50%); First Hospital of Jilin University (43%); Guangzhou Medical University (7%)
210,14,1.0,1.0,100.0,Biological Sciences,Epidemiology,Central South University,China,0.02022040238600748,88.37904588587031,Epidemiology (100%),Central South University (93%); Hunan Provincial People's Hospital (7%)
211,14,1.0714285714285714,1.0,20.0,Health Sciences,Epidemiology,Heilongjiang University of Chinese Medicine,China,0.02022040238600748,88.39926628825631,Epidemiology (71%); Clinical Sciences (29%),Heilongjiang University of Chinese Medicine (86%); First Affiliated Hospital of Heilongjiang University of Chinese Medicine (14%)
212,14,0.5714285714285714,1.0,60.0,Biomedical and Clinical Sciences,Cardiovascular Medicine and Haematology,Xiamen University,China,0.02022040238600748,88.41948669064232,Cardiovascular Medicine and Haematology (57%); Clinical Sciences (43%),Xiamen University (57%); Xiamen Medical College (36%); Fujian Medical University (7%)
213,13,1.1538461538461537,1.0,42.857142857142854,Biological Sciences,Bioinformatics and Computational Biology,Harbin Medical University,China,0.01877608792986409,88.43826277857218,Bioinformatics and Computational Biology (54%); Immunology (46%),Harbin Medical University (92%); Fred Hutchinson Cancer Center (8%)
214,13,0.8461538461538461,1.0,0.0,Biomedical and Clinical Sciences,Health Services and Systems,Southern Medical University,China,0.01877608792986409,88.45703886650205,Health Services and Systems (69%); Oncology and Carcinogenesis (31%),Southern Medical University (77%); Changsha Medical University (8%); Jinan University (8%)
215,13,1.0,1.0,40.0,Biomedical and Clinical Sciences,Immunology,Tongji Hospital Affiliated to Tongji Medical College of Huazhong University of Science & Technology,China,0.01877608792986409,88.47581495443191,Immunology (100%),Tongji Hospital Affiliated to Tongji Medical College of Huazhong University of Science & Technology (77%); Tongji Medical College of Huazhong University of Science and Technology (15%); Johns Hopkins University (8%)
216,13,1.0,1.0,40.0,Biomedical and Clinical Sciences,Clinical Sciences,Huashan Hospital,China,0.01877608792986409,88.49459104236178,Clinical Sciences (100%),Huashan Hospital (100%)
217,13,1.0,1.0,53.84615384615385,Biomedical and Clinical Sciences,Immunology,German Center for Lung Research,Germany,0.01877608792986409,88.51336713029164,Immunology (100%),German Center for Lung Research (31%); Helmholtz Zentrum München (31%); Hans Knöll Institute (15%)
218,13,1.6153846153846154,1.0,50.0,Biomedical and Clinical Sciences,Clinical Sciences,Second Affiliated Hospital of Soochow University,China,0.01877608792986409,88.5321432182215,Clinical Sciences (50%); Cardiovascular Medicine and Haematology (30%); Epidemiology (20%),Second Affiliated Hospital of Soochow University (54%); The Second Affiliated Hospital of Nanjing Medical University (23%); First People's Hospital of Kunshan (8%)
219,13,1.3846153846153846,1.0,57.142857142857146,Biomedical and Clinical Sciences,Clinical Sciences,Jiangsu University,China,0.01877608792986409,88.55091930615137,Clinical Sciences (46%); Genetics (46%); Medical Biochemistry and Metabolomics (8%),Jiangsu University (100%)
220,13,1.0,1.0,80.0,Health Sciences,Epidemiology,Shanxi Medical University,China,0.01877608792986409,88.56969539408124,Epidemiology (100%),Shanxi Medical University (69%); First Hospital of Shanxi Medical University (23%); Peking University People's Hospital (8%)
221,13,1.0,1.0,25.0,Biomedical and Clinical Sciences,Applied and Developmental Psychology,First Affiliated Hospital of Chongqing Medical University,China,0.01877608792986409,88.5884714820111,Applied and Developmental Psychology (54%); Nutrition and Dietetics (46%),First Affiliated Hospital of Chongqing Medical University (77%); Children's Hospital of Chongqing Medical University (8%); Chongqing Medical University (8%)
222,13,1.0,1.0,50.0,Biomedical and Clinical Sciences,Clinical Sciences,Moffitt Cancer Center,United States,0.01877608792986409,88.60724756994097,Clinical Sciences (100%),Moffitt Cancer Center (77%); Emmes (United States) (8%); Sidney Kimmel Comprehensive Cancer Center (8%)
223,13,1.0,1.0,50.0,Biomedical and Clinical Sciences,Biological Psychology,University of Cambridge,United Kingdom,0.01877608792986409,88.62602365787083,Biological Psychology (100%),University of Cambridge (31%); King's College London (15%); MRC Unit the Gambia (15%)
224,13,1.5384615384615385,2.0,33.333333333333336,Biomedical and Clinical Sciences,Epidemiology,Shaanxi Provincial People's Hospital,China,0.01877608792986409,88.6447997458007,Epidemiology (54%); Clinical Sciences (46%),Shaanxi Provincial People's Hospital (85%); Chengdu First Peoples Hospital (8%); First Affiliated Hospital of Xi'an Jiaotong University (8%)
225,13,1.0769230769230769,1.0,66.66666666666667,Biological Sciences,Genetics,Central South University,China,0.01877608792986409,88.66357583373056,Genetics (62%); Nutrition and Dietetics (38%),Central South University (38%); Third Affiliated Hospital of Guangzhou Medical University (31%); Guangdong Medical College (15%)
226,13,1.0,1.0,23.076923076923077,Biomedical and Clinical Sciences,Clinical Sciences,"Molecular Immunity Unit, Department of Medicine, University of Cambridge, MRC Laboratory of Molecular Biology, Cambridge Biomedical Campus, Cambridge, CB2 0QH, UK.",United Kingdom,0.01877608792986409,88.68235192166043,Clinical Sciences (100%),"Molecular Immunity Unit, Department of Medicine, University of Cambridge, MRC Laboratory of Molecular Biology, Cambridge Biomedical Campus, Cambridge, CB2 0QH, UK. (77%); University of Cambridge (15%); Addenbrooke's Hospital (8%)"
227,13,1.0,1.0,0.0,Biological Sciences,Genetics,Shanghai Jiao Tong University,China,0.01877608792986409,88.70112800959029,Genetics (100%),Shanghai Jiao Tong University (54%); Longhua Hospital Shanghai University of Traditional Chinese Medicine (23%); Chinese Center For Disease Control and Prevention (8%)
228,13,1.0,1.0,45.45454545454545,Biomedical and Clinical Sciences,Ophthalmology and Optometry,Vanderbilt University Medical Center,United States,0.01877608792986409,88.71990409752016,Ophthalmology and Optometry (100%),Vanderbilt University Medical Center (92%); Vanderbilt University (8%)
229,13,1.0,1.0,75.0,Biomedical and Clinical Sciences,Epidemiology,Guangxi Medical University,China,0.01877608792986409,88.73868018545002,Epidemiology (100%),Guangxi Medical University (100%)
230,13,1.0,1.0,33.333333333333336,Biomedical and Clinical Sciences,Oncology and Carcinogenesis,Tongji Hospital Affiliated to Tongji Medical College of Huazhong University of Science & Technology,China,0.01877608792986409,88.75745627337989,Oncology and Carcinogenesis (100%),Tongji Hospital Affiliated to Tongji Medical College of Huazhong University of Science & Technology (54%); Tongji Medical College of Huazhong University of Science and Technology (15%); Shanxi Academy of Medical Sciences (8%)
231,13,1.6153846153846154,2.0,42.857142857142854,Biological Sciences,Genetics,Hong Kong Baptist University,China,0.01877608792986409,88.77623236130975,Genetics (46%); Epidemiology (38%); Applied Computing (15%),Hong Kong Baptist University (69%); Chinese Academy of Sciences (8%); Eye & ENT Hospital of Fudan University (8%)
232,12,1.1666666666666667,1.5,54.54545454545455,Biomedical and Clinical Sciences,Clinical Sciences,Dascena Inc,United States,0.0173317734737207,88.79356413478347,Clinical Sciences (100%),"Dascena Inc (50%); Montera, Inc. dba Forta, 548 Market St, PMB 89605, San Francisco, CA 94104-5401, USA. (50%)"
233,12,1.4166666666666667,1.0,40.0,Biomedical and Clinical Sciences,Ophthalmology and Optometry,Eye & ENT Hospital of Fudan University,China,0.0173317734737207,88.81089590825718,Ophthalmology and Optometry (100%),Eye & ENT Hospital of Fudan University (83%); Fudan University (17%)
234,12,0.5833333333333334,1.0,28.571428571428573,Information and Computing Sciences,Biological Psychology,Shanghai Jiao Tong University,China,0.0173317734737207,88.8282276817309,Biological Psychology (58%); Computer Vision and Multimedia Computation (42%),Shanghai Jiao Tong University (83%); University of Illinois at Urbana-Champaign (17%)
235,12,1.25,1.0,66.66666666666667,Biomedical and Clinical Sciences,Reproductive Medicine,Zhongda Hospital Southeast University,China,0.0173317734737207,88.84555945520461,Reproductive Medicine (100%),Zhongda Hospital Southeast University (58%); Nanjing Medical University (42%)
236,12,1.0,1.0,62.5,Biomedical and Clinical Sciences,Clinical Sciences,Sichuan University,China,0.0173317734737207,88.86289122867832,Clinical Sciences (83%); Epidemiology (17%),Sichuan University (75%); West China Second University Hospital of Sichuan University (25%)
237,12,0.0,1.0,9.090909090909092,Biomedical and Clinical Sciences,Clinical Sciences,Washington University in St. Louis,United States,0.0173317734737207,88.88022300215204,Clinical Sciences (100%),Washington University in St. Louis (75%); Johns Hopkins University (8%); Medical College of Wisconsin (8%)
238,12,1.0,1.0,25.0,Biomedical and Clinical Sciences,Clinical Sciences,University of South China,China,0.0173317734737207,88.89755477562575,Clinical Sciences (100%),University of South China (50%); Second Xiangya Hospital of Central South University (17%); Guangzhou Medical University (8%)
239,12,1.0,1.0,77.77777777777777,Biomedical and Clinical Sciences,Nutrition and Dietetics,Shanghai Jiao Tong University,China,0.0173317734737207,88.91488654909946,Nutrition and Dietetics (100%),Shanghai Jiao Tong University (100%)
240,12,0.5833333333333334,1.0,75.0,Biomedical and Clinical Sciences,Cardiovascular Medicine and Haematology,Chongqing Medical University,China,0.0173317734737207,88.93221832257318,Cardiovascular Medicine and Haematology (58%); Biological Psychology (42%),Chongqing Medical University (92%); First Affiliated Hospital of Chongqing Medical University (8%)
241,12,0.6666666666666666,1.0,50.0,Biomedical and Clinical Sciences,Clinical Sciences,First Affiliated Hospital of Anhui Medical University,China,0.0173317734737207,88.94955009604689,Clinical Sciences (67%); Epidemiology (33%),First Affiliated Hospital of Anhui Medical University (67%); The First People's Hospital of Changzhou (33%)
242,12,1.0833333333333333,1.0,33.333333333333336,Biomedical and Clinical Sciences,Clinical Sciences,West China Hospital of Sichuan University,China,0.0173317734737207,88.9668818695206,Clinical Sciences (58%); Epidemiology (42%),West China Hospital of Sichuan University (50%); First Affiliated Hospital of Sun Yat-sen University (33%); Second Xiangya Hospital of Central South University (8%)
243,12,1.3333333333333333,1.0,42.857142857142854,Health Sciences,Epidemiology,Shanghai Jiao Tong University,China,0.0173317734737207,88.98421364299432,Epidemiology (83%); Clinical Sciences (17%),Shanghai Jiao Tong University (83%); Fudan University (17%)
244,12,0.8333333333333334,2.0,66.66666666666667,Biomedical and Clinical Sciences,Immunology,Second Affiliated Hospital of Xi'an Jiaotong University,China,0.0173317734737207,89.00154541646803,Immunology (83%); Nutrition and Dietetics (17%),Second Affiliated Hospital of Xi'an Jiaotong University (100%)
245,12,0.5,1.0,83.33333333333333,Biomedical and Clinical Sciences,Clinical Sciences,Tongji Medical College of Huazhong University of Science and Technology,China,0.0173317734737207,89.01887718994175,Clinical Sciences (56%); Genetics (44%),Tongji Medical College of Huazhong University of Science and Technology (92%); Wuhan Central Hospital Affiliated to Tongji Medical College of Huazhong University of Science and Technology (8%)
246,12,1.1666666666666667,3.0,33.333333333333336,Biomedical and Clinical Sciences,Clinical Sciences,Third Xiangya Hospital,China,0.0173317734737207,89.03620896341546,Clinical Sciences (82%); Epidemiology (18%),Third Xiangya Hospital (75%); Central South University (8%); Hunan University of Traditional Chinese Medicine (8%)
247,12,1.0,1.0,100.0,Biomedical and Clinical Sciences,Cardiovascular Medicine and Haematology,Southern Medical University,China,0.0173317734737207,89.05354073688918,Cardiovascular Medicine and Haematology (50%); Neurosciences (50%),Southern Medical University (92%); Hong Kong Polytechnic University (8%)
248,12,1.5833333333333333,1.5,50.0,Biomedical and Clinical Sciences,Clinical Sciences,Renmin Hospital of Wuhan University,China,0.0173317734737207,89.07087251036289,Clinical Sciences (67%); Nutrition and Dietetics (33%),Renmin Hospital of Wuhan University (100%)
249,12,1.0,1.0,37.5,Biomedical and Clinical Sciences,Cardiovascular Medicine and Haematology,Affiliated Hospital of Guangdong Medical University,China,0.0173317734737207,89.0882042838366,Cardiovascular Medicine and Haematology (100%),Affiliated Hospital of Guangdong Medical University (100%)
250,12,1.0,1.0,18.181818181818183,Biological Sciences,Bioinformatics and Computational Biology,Tohoku University,Japan,0.0173317734737207,89.10553605731032,Bioinformatics and Computational Biology (100%),Tohoku University (67%); National Center for Global Health and Medicine (25%); Kyoto University (8%)
251,12,0.4166666666666667,1.0,50.0,Psychology,Biological Psychology,Jiangnan University,China,0.0173317734737207,89.12286783078403,Biological Psychology (67%); Epidemiology (33%),Jiangnan University (67%); Nanjing Medical University (17%); Southeast University (8%)
252,12,2.0,2.0,100.0,Biological Sciences,Genetics,First Affiliated Hospital of Xi'an Jiaotong University,China,0.0173317734737207,89.14019960425775,Genetics (75%); Bioinformatics and Computational Biology (25%),First Affiliated Hospital of Xi'an Jiaotong University (83%); Xi'an Jiaotong University (17%)
253,12,0.0,1.0,66.66666666666667,Biomedical and Clinical Sciences,Epidemiology,Asan Medical Center,South Korea,0.0173317734737207,89.15753137773146,Epidemiology (100%),Asan Medical Center (67%); Seoul National University (17%); Gwangju Institute of Science and Technology (8%)
254,12,1.3333333333333333,2.0,28.571428571428573,Biomedical and Clinical Sciences,Clinical Sciences,Second Affiliated Hospital of Xi'an Jiaotong University,China,0.0173317734737207,89.17486315120517,Clinical Sciences (67%); Cardiovascular Medicine and Haematology (25%); Medical Physiology (8%),Second Affiliated Hospital of Xi'an Jiaotong University (58%); Xi'an Jiaotong University (17%); Northwest University (8%)
255,12,0.8333333333333334,2.0,66.66666666666667,Biomedical and Clinical Sciences,Clinical Sciences,Second Xiangya Hospital of Central South University,China,0.0173317734737207,89.19219492467889,Clinical Sciences (83%); Epidemiology (17%),Second Xiangya Hospital of Central South University (92%); Third Xiangya Hospital (8%)
256,12,1.0,1.0,40.0,Biological Sciences,Genetics,Wenzhou Medical University,China,0.0173317734737207,89.2095266981526,Genetics (100%),Wenzhou Medical University (58%); Tongde Hospital of Zhejiang Province (42%)
257,12,1.75,2.0,11.11111111111111,Biomedical and Clinical Sciences,Clinical Sciences,Eighth Affiliated Hospital of Sun Yat-sen University,China,0.0173317734737207,89.22685847162631,Clinical Sciences (83%); Biological Psychology (17%),Eighth Affiliated Hospital of Sun Yat-sen University (92%); Shantou Central Hospital (8%)
258,12,1.0,1.0,45.45454545454545,Biomedical and Clinical Sciences,Ecological Applications,The Wallace H. Coulter Department of Biomedical Engineering at Georgia Tech and Emory University,United States,0.0173317734737207,89.24419024510003,Ecological Applications (100%),The Wallace H. Coulter Department of Biomedical Engineering at Georgia Tech and Emory University (75%); University of Alabama at Birmingham (17%); Emory University (8%)
259,12,1.0833333333333333,1.0,60.0,Biological Sciences,Cardiovascular Medicine and Haematology,Shandong First Medical University & Shandong Academy of Medical Sciences,China,0.0173317734737207,89.26152201857374,Cardiovascular Medicine and Haematology (50%); Genetics (50%),Shandong First Medical University & Shandong Academy of Medical Sciences (75%); Affiliated Hospital of Shandong University of Traditional Chinese Medicine (8%); Macau University of Science and Technology (8%)
260,11,2.090909090909091,3.0,40.0,Information and Computing Sciences,Machine Learning,University of Calgary,Canada,0.015887459017577307,89.27740947759132,Machine Learning (64%); Biological Psychology (36%),University of Calgary (82%); Alberta Children's Hospital Research Institute (18%)
261,11,1.3636363636363635,1.0,33.333333333333336,Biomedical and Clinical Sciences,Ophthalmology and Optometry,Tianjin Medical University Eye Hospital,China,0.015887459017577307,89.2932969366089,Ophthalmology and Optometry (100%),Tianjin Medical University Eye Hospital (55%); University of Minnesota Twin Cities (18%); Central Hospital of Zibo (9%)
262,11,1.0909090909090908,1.0,25.0,Biomedical and Clinical Sciences,Immunology,Tsinghua University,China,0.015887459017577307,89.30918439562647,Immunology (60%); Clinical Sciences (40%),Tsinghua University (91%); East China University of Science and Technology (9%)
263,11,0.7272727272727273,2.0,66.66666666666667,Biomedical and Clinical Sciences,Biological Psychology,Shandong University of Traditional Chinese Medicine,China,0.015887459017577307,89.32507185464405,Biological Psychology (100%),Shandong University of Traditional Chinese Medicine (82%); Affiliated Hospital of Shandong University of Traditional Chinese Medicine (9%); Weifang Chinese Medicine Hospital (9%)
264,11,1.0909090909090908,2.0,60.0,Biological Sciences,Bioinformatics and Computational Biology,Stanford University,United States,0.015887459017577307,89.34095931366163,Bioinformatics and Computational Biology (64%); Epidemiology (27%); Genetics (9%),Stanford University (45%); Clemson University (18%); Kunming Institute of Zoology (18%)
265,11,0.7272727272727273,2.0,60.0,Biological Sciences,Epidemiology,Baoji Gaoxin Hospital,China,0.015887459017577307,89.3568467726792,Epidemiology (100%),"Baoji Gaoxin Hospital (91%); Department of Oncology, Baoji Gaoxin Hospital, No.19, Gaoxin 4 Road, Gaoxin District, 721000, Baoji, Shaanxi Province, China (9%)"
266,11,1.9090909090909092,3.0,50.0,Biomedical and Clinical Sciences,Clinical Sciences,Southern Medical University,China,0.015887459017577307,89.37273423169678,Clinical Sciences (91%); Cardiovascular Medicine and Haematology (9%),Southern Medical University (100%)
267,11,1.0,1.0,83.33333333333333,Biomedical and Clinical Sciences,Cardiovascular Medicine and Haematology,Shaoxing People's Hospital,China,0.015887459017577307,89.38862169071436,Cardiovascular Medicine and Haematology (100%),Shaoxing People's Hospital (100%)
268,11,1.6363636363636365,2.0,40.0,Biomedical and Clinical Sciences,Machine Learning,Technical University of Munich,Germany,0.015887459017577307,89.40450914973194,"Machine Learning (80%); Clinical Sciences (10%); Graphics, Augmented Reality and Games (10%)",Technical University of Munich (64%); Ludwig-Maximilians-Universität München (18%); LMU Klinikum (9%)
269,11,1.0,1.0,60.0,Biomedical and Clinical Sciences,Nutrition and Dietetics,Chengdu University of Traditional Chinese Medicine,China,0.015887459017577307,89.42039660874951,Nutrition and Dietetics (100%),Chengdu University of Traditional Chinese Medicine (64%); Hospital of Chengdu University of Traditional Chinese (27%); West China Hospital of Sichuan University (9%)
270,11,1.4545454545454546,1.0,20.0,Biomedical and Clinical Sciences,Epidemiology,Chongqing Medical University,China,0.015887459017577307,89.43628406776709,Epidemiology (91%); Clinical Sciences (9%),Chongqing Medical University (100%)
271,11,1.0909090909090908,1.0,50.0,Biological Sciences,Genetics,First Affiliated Hospital of Guangzhou Medical University,China,0.015887459017577307,89.45217152678467,Genetics (55%); Cardiovascular Medicine and Haematology (45%),First Affiliated Hospital of Guangzhou Medical University (91%); Guangzhou Medical University (9%)
272,11,1.1818181818181819,1.0,75.0,Biological Sciences,Genetics,Central South University,China,0.015887459017577307,89.46805898580224,Genetics (82%); Reproductive Medicine (18%),Central South University (27%); Chongqing University (27%); Guangdong Medical College (27%)
273,11,1.0,1.0,66.66666666666667,Biomedical and Clinical Sciences,Pharmacology and Pharmaceutical Sciences,The People's Hospital of Guangxi Zhuang Autonomous Region,China,0.015887459017577307,89.48394644481982,Pharmacology and Pharmaceutical Sciences (64%); Oncology and Carcinogenesis (36%),"The People's Hospital of Guangxi Zhuang Autonomous Region (55%); Guangxi Medical University (36%); Department of Radiation, Jiangbin Hospital of Guangxi Zhuang Autonomous Region, Nanning, China (9%)"
274,11,1.0,1.0,27.272727272727273,Biological Sciences,Microbiology,Wellcome Sanger Institute,United Kingdom,0.015887459017577307,89.4998339038374,Microbiology (100%),Wellcome Sanger Institute (45%); University College London (36%); Monash University (9%)
275,11,0.0,1.0,33.333333333333336,Biomedical and Clinical Sciences,Clinical Sciences,Southern Medical University,China,0.015887459017577307,89.51572136285498,Clinical Sciences (100%),Southern Medical University (100%)
276,11,1.0,1.0,50.0,Biomedical and Clinical Sciences,Cardiovascular Medicine and Haematology,Tongji Hospital Affiliated to Tongji Medical College of Huazhong University of Science & Technology,China,0.015887459017577307,89.53160882187255,Cardiovascular Medicine and Haematology (100%),Tongji Hospital Affiliated to Tongji Medical College of Huazhong University of Science & Technology (100%)
277,11,1.0,1.0,20.0,Biomedical and Clinical Sciences,Medical Biochemistry and Metabolomics,First Hospital of Jilin University,China,0.015887459017577307,89.54749628089013,Medical Biochemistry and Metabolomics (55%); Cardiovascular Medicine and Haematology (45%),First Hospital of Jilin University (100%)
278,11,1.0,1.0,50.0,Health Sciences,Epidemiology,Jiangsu Province Hospital,China,0.015887459017577307,89.5633837399077,Epidemiology (100%),Jiangsu Province Hospital (100%)
279,11,1.0,1.0,27.272727272727273,Biological Sciences,Immunology,Institute of Biochemistry,Hungary,0.015887459017577307,89.57927119892528,Immunology (100%),Institute of Biochemistry (64%); Biological Research Centre (27%); University of Szeged (9%)
280,11,2.5454545454545454,1.0,45.45454545454545,Health Sciences,Public Health,UNSW Sydney,Australia,0.015887459017577307,89.59515865794286,Public Health (45%); Applied and Developmental Psychology (18%); Epidemiology (18%),UNSW Sydney (45%); Neuroscience Research Australia (27%); Caritas Institute of Higher Education (9%)
281,11,1.0,1.0,0.0,Biological Sciences,Genetics,China Medical University Hospital,Taiwan,0.015887459017577307,89.61104611696044,Genetics (100%),China Medical University Hospital (82%); Asia University (18%)
282,11,0.0,1.0,0.0,Biomedical and Clinical Sciences,Clinical Sciences,Peking University First Hospital,China,0.015887459017577307,89.62693357597801,Clinical Sciences (100%),Peking University First Hospital (100%)
283,10,1.2,1.0,57.142857142857146,Biomedical and Clinical Sciences,Clinical Sciences,Jeonbuk National University,South Korea,0.014443144561433915,89.64137672053945,Clinical Sciences (80%); Epidemiology (20%),"Jeonbuk National University (40%); Basgenbio Inc., Seoul, Republic of Korea (30%); Basgenbio, Seoul, South Korea. (20%)"
284,10,2.8,2.5,100.0,Biomedical and Clinical Sciences,Epidemiology,Hangzhou Normal University,China,0.014443144561433915,89.6558198651009,Epidemiology (90%); Clinical Sciences (10%),Hangzhou Normal University (50%); Women's Hospital Zhejiang University School of Medicine (40%); Hangzhou Vocational and Technical College (10%)
285,10,0.0,2.0,0.0,Biomedical and Clinical Sciences,Cardiovascular Medicine and Haematology,Yonsei University,South Korea,0.014443144561433915,89.67026300966234,Cardiovascular Medicine and Haematology (100%),Yonsei University (80%); CHA Bundang Medical Center (20%)
286,10,1.2,1.5,20.0,Biomedical and Clinical Sciences,Clinical Sciences,Longhua District Central Hospital,China,0.014443144561433915,89.68470615422378,Clinical Sciences (100%),Longhua District Central Hospital (80%); Nanjing University (20%)
287,10,1.0,1.0,0.0,Biomedical and Clinical Sciences,Medical Biochemistry and Metabolomics,Sir Run Run Shaw Hospital of Zhejiang University School of Medicine,China,0.014443144561433915,89.69914929878522,Medical Biochemistry and Metabolomics (100%),"Sir Run Run Shaw Hospital of Zhejiang University School of Medicine (50%); Second Affiliated Hospital of Zhejiang University School of Medicine (30%); Department of Rehabilitation, Wenzhou Hospital of Integrated Traditional Chinese and Western Medicine, 325000, Wenzhou, China (10%)"
288,10,1.0,1.0,44.44444444444444,Health Sciences,Epidemiology,"NMC Genetics India Pvt. Ltd. Gurugram, 122001, Haryana, India",India,0.014443144561433915,89.71359244334666,Epidemiology (100%),"NMC Genetics India Pvt. Ltd. Gurugram, 122001, Haryana, India (40%); Lovely Professional University (30%); Army Hospital Research and Referral (10%)"
289,10,0.6,1.0,66.66666666666667,Biomedical and Clinical Sciences,Clinical Sciences,Obstetrics and Gynecology Hospital of Fudan University,China,0.014443144561433915,89.7280355879081,Clinical Sciences (100%),Obstetrics and Gynecology Hospital of Fudan University (60%); Jiangsu Province Hospital (20%); Affiliated Hospital of Zunyi Medical College (10%)
290,10,1.1,1.0,0.0,Biomedical and Clinical Sciences,Nutrition and Dietetics,Chinese Academy of Medical Sciences,China,0.014443144561433915,89.74247873246954,Nutrition and Dietetics (70%); Clinical Sciences (30%),Chinese Academy of Medical Sciences (60%); West China Hospital of Sichuan University (30%); Peking Union Medical College Hospital (10%)
291,10,1.3,1.0,25.0,Biomedical and Clinical Sciences,Biological Psychology,University of Pittsburgh,United States,0.014443144561433915,89.75692187703098,Biological Psychology (50%); Statistics (30%); Artificial Intelligence (10%),University of Pittsburgh (80%); University of Strasbourg (10%); University of Wisconsin-Madison (10%)
292,10,1.0,1.0,0.0,Biomedical and Clinical Sciences,Immunology,Third Affiliated Hospital of Harbin Medical University,China,0.014443144561433915,89.77136502159242,Immunology (100%),Third Affiliated Hospital of Harbin Medical University (50%); First Affiliated Hospital of GuangXi Medical University (40%); University of Otago (10%)
293,10,1.0,1.0,75.0,Biomedical and Clinical Sciences,Clinical Sciences,State Key Laboratory of Kidney Diseases,China,0.014443144561433915,89.78580816615386,Clinical Sciences (100%),State Key Laboratory of Kidney Diseases (80%); Chinese People's Liberation Army (10%); Nankai University (10%)
294,10,2.0,5.0,14.285714285714286,Biomedical and Clinical Sciences,Genetics,Karolinska Institutet,Sweden,0.014443144561433915,89.8002513107153,Genetics (80%); Medical Biochemistry and Metabolomics (10%); Oncology and Carcinogenesis (10%),Karolinska Institutet (70%); Karolinska Institute Department of Clinical Sciences Danderyd Hospital: Karolinska Institutet Institutionen for kliniska vetenskaper Danderyds sjukhus (10%); Linköping University (10%)
295,10,0.0,1.0,50.0,Biomedical and Clinical Sciences,Clinical Sciences,Wuhan No.1 Hospital,China,0.014443144561433915,89.81469445527674,Clinical Sciences (100%),Wuhan No.1 Hospital (100%)
296,10,1.0,1.0,16.666666666666668,Biomedical and Clinical Sciences,Nutrition and Dietetics,Air Force Medical University,China,0.014443144561433915,89.82913759983818,Nutrition and Dietetics (100%),Air Force Medical University (100%)
297,10,1.0,1.0,25.0,Biological Sciences,Epidemiology,Tianjin University of Traditional Chinese Medicine,China,0.014443144561433915,89.84358074439962,Epidemiology (100%),Tianjin University of Traditional Chinese Medicine (80%); Chiba Cancer Center (10%); Guangzhou University of Chinese Medicine (10%)
298,10,1.0,1.0,20.0,Health Sciences,Epidemiology,Peking University Shenzhen Hospital,China,0.014443144561433915,89.85802388896106,Epidemiology (100%),Peking University Shenzhen Hospital (90%); Capital Medical University (10%)
299,10,2.1,3.5,0.0,Biological Sciences,Genetics,Genoplan Korea Inc,South Korea,0.014443144561433915,89.8724670335225,Genetics (60%); Epidemiology (20%); Machine Learning (20%),Genoplan Korea Inc (100%)
300,10,1.0,1.0,55.55555555555556,Biomedical and Clinical Sciences,Oncology and Carcinogenesis,Wythenshawe Hospital,United Kingdom,0.014443144561433915,89.88691017808394,Oncology and Carcinogenesis (100%),"Wythenshawe Hospital (30%); Manchester Cancer Research Centre (20%); Cancer Research UK Liverpool Cancer Trials Unit, L69 3GL, Liverpool, UK (10%)"
301,10,1.0,2.0,0.0,Biological Sciences,Epidemiology,Qilu Hospital of Shandong University,China,0.014443144561433915,89.90135332264538,Epidemiology (100%),Qilu Hospital of Shandong University (100%)
302,10,1.0,1.0,20.0,Biomedical and Clinical Sciences,Clinical Sciences,Zhejiang University,China,0.014443144561433915,89.91579646720682,Clinical Sciences (100%),Zhejiang University (80%); University of Technology Malaysia (10%); Zhejiang Chinese Medical University (10%)
303,10,1.4,2.0,44.44444444444444,Biological Sciences,Cybersecurity and Privacy,Columbia University,United States,0.014443144561433915,89.93023961176826,Cybersecurity and Privacy (50%); Epidemiology (50%),Columbia University (70%); New York Genome Center (20%); KU Leuven (10%)
304,10,1.0,1.0,60.0,Biological Sciences,Biochemistry and Cell Biology,Central South University,China,0.014443144561433915,89.9446827563297,Biochemistry and Cell Biology (40%); Epidemiology (30%); Genetics (30%),Central South University (50%); Xiangya Hospital Central South University (40%); The First Hospital of Changsha (10%)
305,10,1.0,3.0,50.0,Health Sciences,Epidemiology,Shenzhen Second People's Hospital,China,0.014443144561433915,89.95912590089114,Epidemiology (60%); Clinical Sciences (40%),Shenzhen Second People's Hospital (100%)
306,10,1.4,1.5,100.0,Biomedical and Clinical Sciences,Clinical Sciences,University of Toronto,Canada,0.014443144561433915,89.97356904545258,Clinical Sciences (50%); Epidemiology (30%); Health Services and Systems (10%),University of Toronto (100%)
307,10,1.0,1.0,66.66666666666667,Biomedical and Clinical Sciences,Clinical Sciences,Changhai Hospital,China,0.014443144561433915,89.98801219001402,Clinical Sciences (100%),Changhai Hospital (80%); Shanghai Jiao Tong University (20%)
308,10,1.2,1.0,28.571428571428573,Health Sciences,Epidemiology,Central South University,China,0.014443144561433915,90.00245533457546,Epidemiology (100%),Central South University (40%); Xiangya Hospital Central South University (30%); University of Missouri-Columbia (20%)
309,10,0.7,1.0,0.0,Biomedical and Clinical Sciences,Clinical Sciences,Shandong Provincial Hospital,China,0.014443144561433915,90.0168984791369,Clinical Sciences (70%); Nutrition and Dietetics (30%),"Shandong Provincial Hospital (70%); Department of Orthopedics, Cangzhou hospital of integrated TCM-WM, Cangzhou, Hebei, China (10%); Shandong Tumor Hospital (10%)"
310,10,1.1,1.0,66.66666666666667,Health Sciences,Epidemiology,Xiangya Hospital Central South University,China,0.014443144561433915,90.03134162369834,Epidemiology (100%),Xiangya Hospital Central South University (80%); Shanghai East Hospital (10%); The First Hospital of Changsha (10%)
311,10,1.0,2.0,44.44444444444444,Biomedical and Clinical Sciences,Cardiovascular Medicine and Haematology,Riga Stradiņš University,Latvia,0.014443144561433915,90.04578476825978,Cardiovascular Medicine and Haematology (60%); Epidemiology (20%); Genetics (20%),Riga Stradiņš University (100%)
312,10,1.0,1.0,50.0,Psychology,Biological Psychology,Xiangya Hospital Central South University,China,0.014443144561433915,90.06022791282122,Biological Psychology (100%),Xiangya Hospital Central South University (70%); Central South University (30%)
313,10,1.5,1.5,60.0,Biological Sciences,Genetics,University of Palermo,Italy,0.014443144561433915,90.07467105738266,Genetics (100%),University of Palermo (100%)
314,10,0.5,1.0,83.33333333333333,Biological Sciences,Genetics,The People's Hospital of Guangxi Zhuang Autonomous Region,China,0.014443144561433915,90.0891142019441,Genetics (50%); Clinical Sciences (40%); Epidemiology (10%),The People's Hospital of Guangxi Zhuang Autonomous Region (100%)
315,10,1.0,1.0,0.0,Biomedical and Clinical Sciences,Clinical Sciences,First Affiliated Hospital of Harbin Medical University,China,0.014443144561433915,90.10355734650554,Clinical Sciences (100%),First Affiliated Hospital of Harbin Medical University (100%)
316,10,0.0,1.0,40.0,Biological Sciences,Epidemiology,Fourth Affiliated Hospital of Harbin Medical University,China,0.014443144561433915,90.11800049106698,Epidemiology (100%),Fourth Affiliated Hospital of Harbin Medical University (100%)
317,10,1.8,2.0,71.42857142857143,Biomedical and Clinical Sciences,Neurosciences,Second Hospital of Hebei Medical University,China,0.014443144561433915,90.13244363562842,Neurosciences (90%); Biochemistry and Cell Biology (10%),Second Hospital of Hebei Medical University (80%); Hebei Medical University (10%); Xingtai Medical College (10%)
318,10,1.0,1.0,40.0,Biomedical and Clinical Sciences,Immunology,Southern Medical University,China,0.014443144561433915,90.14688678018986,Immunology (100%),Southern Medical University (100%)
319,10,1.0,1.0,80.0,Biological Sciences,Genetics,Peking University First Hospital,China,0.014443144561433915,90.1613299247513,Genetics (100%),Peking University First Hospital (90%); Peking University (10%)
320,10,1.0,1.0,66.66666666666667,Biomedical and Clinical Sciences,Cardiovascular Medicine and Haematology,Guangxi Medical University,China,0.014443144561433915,90.17577306931274,Cardiovascular Medicine and Haematology (100%),Guangxi Medical University (100%)
321,10,0.0,1.0,0.0,Health Sciences,Epidemiology,Nazareth Hospital,United States,0.014443144561433915,90.19021621387418,Epidemiology (100%),Nazareth Hospital (30%); St. Mary Medical Center (20%); West Virginia University (20%)
322,10,1.0,1.0,90.0,Biomedical and Clinical Sciences,Cardiovascular Medicine and Haematology,University of Liverpool,United Kingdom,0.014443144561433915,90.20465935843562,Cardiovascular Medicine and Haematology (100%),University of Liverpool (70%); National Maternity Hospital (20%); Queen's University Belfast (10%)
323,10,1.1,2.0,25.0,Biomedical and Clinical Sciences,Clinical Sciences,Imperial College London,United Kingdom,0.014443144561433915,90.21910250299706,Clinical Sciences (100%),Imperial College London (60%); Charing Cross Hospital (40%)
324,10,0.9,2.0,14.285714285714286,Biomedical and Clinical Sciences,Clinical Sciences,Simon Fraser University,Canada,0.014443144561433915,90.2335456475585,Clinical Sciences (100%),Simon Fraser University (67%); Memorial University of Newfoundland (22%); University of British Columbia (11%)
325,10,0.3,1.0,60.0,Biomedical and Clinical Sciences,Clinical Sciences,Zhejiang University,China,0.014443144561433915,90.24798879211994,Clinical Sciences (100%),Zhejiang University (70%); Zhejiang Chinese Medical University (30%)
326,10,1.1,1.0,85.71428571428571,Biomedical and Clinical Sciences,Clinical Sciences,Chongqing Medical University,China,0.014443144561433915,90.26243193668138,Clinical Sciences (100%),"Chongqing Medical University (80%); Department of Ophthalmology, The People's Hospital of Tongliang District, Chongqing, China. (20%)"
327,10,0.5,1.5,33.333333333333336,Biomedical and Clinical Sciences,Clinical Sciences,Air Force Medical University,China,0.014443144561433915,90.27687508124282,Clinical Sciences (100%),Air Force Medical University (100%)
328,10,1.0,1.0,50.0,Biomedical and Clinical Sciences,Clinical Sciences,University of Sassari,China,0.014443144561433915,90.29131822580426,Clinical Sciences (100%),University of Sassari (50%); Cancer Hospital of Shantou University Medical College (40%); Second Affiliated Hospital of Shantou University Medical College (10%)
329,10,1.0,1.0,40.0,Biomedical and Clinical Sciences,Clinical Sciences,Chinese Academy of Medical Sciences & Peking Union Medical College,China,0.014443144561433915,90.3057613703657,Clinical Sciences (100%),Chinese Academy of Medical Sciences & Peking Union Medical College (90%); Capital Medical University (10%)
330,10,1.7,3.0,42.857142857142854,Health Sciences,Epidemiology,Zhejiang Chinese Medical University,China,0.014443144561433915,90.32020451492714,Epidemiology (100%),Zhejiang Chinese Medical University (90%); Anji County Hospital of Chinese Medicine (10%)
331,10,1.0,1.0,100.0,Psychology,Biological Psychology,Nanjing Medical University,China,0.014443144561433915,90.33464765948858,Biological Psychology (100%),Nanjing Medical University (80%); Nanjing Normal University (20%)
332,10,1.8,2.0,71.42857142857143,Biomedical and Clinical Sciences,Clinical Sciences,Southern Medical University,China,0.014443144561433915,90.34909080405002,Clinical Sciences (80%); Epidemiology (20%),Southern Medical University (100%)
333,10,1.0,3.0,0.0,Biomedical and Clinical Sciences,Clinical Sciences,北京大学公共卫生学院流行病与卫生统计学系，北京 100191,,0.014443144561433915,90.36353394861146,Clinical Sciences (100%),北京大学公共卫生学院流行病与卫生统计学系，北京 100191 (100%)
334,10,0.7,1.0,0.0,Health Sciences,Public Health,Deakin University,Australia,0.014443144561433915,90.3779770931729,Public Health (100%),Deakin University (80%); Nottingham Trent University (20%)
335,9,0.0,1.0,100.0,Biomedical and Clinical Sciences,Clinical Sciences,National Taiwan University,Taiwan,0.012998830105290524,90.39097592327819,Clinical Sciences (100%),National Taiwan University (44%); Taipei Medical University (33%); Chang Gung Memorial Hospital (11%)
336,9,1.0,1.0,25.0,Biomedical and Clinical Sciences,Oncology and Carcinogenesis,Suzhou Municipal Hospital,China,0.012998830105290524,90.40397475338348,Oncology and Carcinogenesis (100%),Suzhou Municipal Hospital (67%); Jiangsu Province Hospital (11%); Nanjing University (11%)
337,9,1.0,1.0,50.0,Biomedical and Clinical Sciences,Medical Biochemistry and Metabolomics,Xi'an Jiaotong University,China,0.012998830105290524,90.41697358348877,Medical Biochemistry and Metabolomics (100%),Xi'an Jiaotong University (78%); Second Affiliated Hospital of Xi'an Jiaotong University (22%)
338,9,0.7777777777777778,1.0,44.44444444444444,Biological Sciences,Genetics,Biomedical Research Foundation of the Academy of Athens,Greece,0.012998830105290524,90.42997241359406,Genetics (100%),"Biomedical Research Foundation of the Academy of Athens (33%); National and Kapodistrian University of Athens (33%); ANTISEL S.A., Athens, Greece (11%)"
339,9,0.0,2.0,100.0,Biomedical and Clinical Sciences,Clinical Sciences,Shenyang Medical College,China,0.012998830105290524,90.44297124369935,Clinical Sciences (100%),Shenyang Medical College (89%); Shenyang Center for Disease Control and Prevention (11%)
340,9,1.1111111111111112,1.0,100.0,Biomedical and Clinical Sciences,Clinical Sciences,South China University of Technology,China,0.012998830105290524,90.45597007380464,Clinical Sciences (100%),South China University of Technology (67%); Cleveland Clinic (11%); Guangzhou Medical University (11%)
341,9,0.0,1.0,100.0,Biological Sciences,Bioinformatics and Computational Biology,First Affiliated Hospital of Zhengzhou University,China,0.012998830105290524,90.46896890390992,Bioinformatics and Computational Biology (100%),First Affiliated Hospital of Zhengzhou University (78%); Nanjing Medical University (11%); Sixth Medical Center of PLA General Hospital (11%)
342,9,1.0,1.0,11.11111111111111,Biomedical and Clinical Sciences,Clinical Sciences,Université de Sherbrooke,Canada,0.012998830105290524,90.48196773401521,Clinical Sciences (100%),"Université de Sherbrooke (44%); Université Côte d'Azur (33%); Imeka Solutions Inc., Sherbrooke, QC, Canada (22%)"
343,9,1.0,1.0,66.66666666666667,Health Sciences,Epidemiology,Jilin University,China,0.012998830105290524,90.4949665641205,Epidemiology (100%),Jilin University (56%); First Hospital of Jilin University (44%)
344,9,1.0,1.0,60.0,Biomedical and Clinical Sciences,Clinical Sciences,Southern Medical University,China,0.012998830105290524,90.50796539422579,Clinical Sciences (100%),Southern Medical University (89%); Chinese University of Hong Kong (11%)
345,9,1.0,1.0,75.0,Biomedical and Clinical Sciences,Clinical Sciences,Chengdu University of Traditional Chinese Medicine,China,0.012998830105290524,90.52096422433108,Clinical Sciences (100%),Chengdu University of Traditional Chinese Medicine (89%); Guangxi University (11%)
346,9,1.0,1.0,11.11111111111111,Biomedical and Clinical Sciences,,Al al-Bayt University,Jordan,0.012998830105290524,90.53396305443637,,"Al al-Bayt University (11%); Al-Ahliyya Amman University (11%); CSMIS Department, Oman College of Management and Technology, 320, Barka, Oman (11%)"
347,9,1.0,1.0,100.0,Biomedical and Clinical Sciences,Ophthalmology and Optometry,Shanghai Jiao Tong University,China,0.012998830105290524,90.54696188454166,Ophthalmology and Optometry (100%),Shanghai Jiao Tong University (89%); Eye & ENT Hospital of Fudan University (11%)
348,9,1.4444444444444444,2.0,25.0,Biomedical and Clinical Sciences,Allied Health and Rehabilitation Science,Nankai University,China,0.012998830105290524,90.55996071464695,Allied Health and Rehabilitation Science (44%); Epidemiology (33%); Medical Biochemistry and Metabolomics (22%),Nankai University (67%); Tianjin Medical University (33%)
349,9,1.0,1.0,25.0,Health Sciences,Epidemiology,Beijing University of Chinese Medicine,China,0.012998830105290524,90.57295954475224,Epidemiology (100%),"Beijing University of Chinese Medicine (89%); Rutgers, The State University of New Jersey (11%)"
350,9,0.6666666666666666,1.0,14.285714285714286,Health Sciences,Ophthalmology and Optometry,The University of Osaka,Japan,0.012998830105290524,90.58595837485753,Ophthalmology and Optometry (67%); Public Health (33%),The University of Osaka (100%)
351,9,1.0,1.0,0.0,Biomedical and Clinical Sciences,Cardiovascular Medicine and Haematology,First Hospital of China Medical University,China,0.012998830105290524,90.59895720496282,Cardiovascular Medicine and Haematology (100%),First Hospital of China Medical University (100%)
352,9,1.3333333333333333,2.0,33.333333333333336,Biomedical and Clinical Sciences,Clinical Sciences,First Affiliated Hospital of Guangzhou University of Chinese Medicine,China,0.012998830105290524,90.6119560350681,Clinical Sciences (89%); Genetics (11%),"First Affiliated Hospital of Guangzhou University of Chinese Medicine (33%); Guangzhou University of Chinese Medicine (33%); Hongdu traditional Chinese Medicine Hospital, Nanchang, Jiangxi, China (11%)"
353,9,0.7777777777777778,1.0,66.66666666666667,Biomedical and Clinical Sciences,Pharmacology and Pharmaceutical Sciences,Hospital of Chengdu University of Traditional Chinese,China,0.012998830105290524,90.6249548651734,Pharmacology and Pharmaceutical Sciences (78%); Epidemiology (22%),Hospital of Chengdu University of Traditional Chinese (56%); Chengdu University of Traditional Chinese Medicine (22%); Fuling District Hospital of Traditional Chinese Medicine (11%)
354,9,1.3333333333333333,1.0,77.77777777777777,Biomedical and Clinical Sciences,Pharmacology and Pharmaceutical Sciences,Kursk State Medical University,Russia,0.012998830105290524,90.63795369527868,Pharmacology and Pharmaceutical Sciences (67%); Genetics (33%),"Kursk State Medical University (78%); Belgorod National Research University (11%); Department of General Hygiene, 3 Karl Marx Street, Kursk 305041, Russian Federation. (11%)"
355,9,1.0,1.0,33.333333333333336,Health Sciences,Epidemiology,Shaoxing University,China,0.012998830105290524,90.65095252538397,Epidemiology (100%),Shaoxing University (33%); Zhejiang University (33%); Shaoxing People's Hospital (22%)
356,9,2.0,2.0,66.66666666666667,Biomedical and Clinical Sciences,Cardiovascular Medicine and Haematology,Hunan University of Traditional Chinese Medicine,China,0.012998830105290524,90.66395135548926,Cardiovascular Medicine and Haematology (67%); Clinical Sciences (22%); Immunology (11%),Hunan University of Traditional Chinese Medicine (89%); Zhejiang Chinese Medical University (11%)
357,9,1.0,1.0,60.0,Biomedical and Clinical Sciences,Cardiovascular Medicine and Haematology,First Hospital of Jilin University,China,0.012998830105290524,90.67695018559455,Cardiovascular Medicine and Haematology (100%),First Hospital of Jilin University (100%)
358,9,1.0,2.0,50.0,Biomedical and Clinical Sciences,Medical Physiology,"University of California, Los Angeles",United States,0.012998830105290524,90.68994901569984,Medical Physiology (100%),"University of California, Los Angeles (44%); Duke University (33%); Medical University of South Carolina (22%)"
359,9,1.0,1.0,0.0,Biological Sciences,,Anhui Medical University,China,0.012998830105290524,90.70294784580513,,Anhui Medical University (44%); Chaohu Hospital of Anhui Medical University (33%); First Affiliated Hospital of Anhui Medical University (11%)
360,9,1.7777777777777777,2.0,33.333333333333336,Information and Computing Sciences,Biological Psychology,Baycrest Centre for Geriatric Care,Canada,0.012998830105290524,90.71594667591042,Biological Psychology (89%); Applied Computing (11%),Baycrest Centre for Geriatric Care (100%)
361,9,1.0,2.0,0.0,Biomedical and Clinical Sciences,Cardiovascular Medicine and Haematology,First Affiliated Hospital of Anhui Medical University,China,0.012998830105290524,90.7289455060157,Cardiovascular Medicine and Haematology (78%); Clinical Sciences (22%),First Affiliated Hospital of Anhui Medical University (89%); Second Hospital of Anhui Medical University (11%)
362,9,1.0,1.0,66.66666666666667,Biological Sciences,Epidemiology,First Hospital of Jilin University,China,0.012998830105290524,90.741944336121,Epidemiology (100%),First Hospital of Jilin University (100%)
363,9,1.0,2.0,33.333333333333336,Biomedical and Clinical Sciences,Clinical Sciences,Affiliated Hospital of North Sichuan Medical College,China,0.012998830105290524,90.75494316622628,Clinical Sciences (100%),"Affiliated Hospital of North Sichuan Medical College (89%); Department of Urology, Langzhong People’s Hospital, Langzhong, China, ; (11%)"
364,9,1.2222222222222223,1.0,50.0,Biomedical and Clinical Sciences,Clinical Sciences,Fujian Provincial Hospital,China,0.012998830105290524,90.76794199633157,Clinical Sciences (100%),Fujian Provincial Hospital (44%); Union Hospital (44%); Fujian Medical University (11%)
365,9,0.2222222222222222,1.0,80.0,Biological Sciences,Epidemiology,First Affiliated Hospital of Anhui Medical University,China,0.012998830105290524,90.78094082643686,Epidemiology (100%),First Affiliated Hospital of Anhui Medical University (100%)
366,9,1.0,1.0,66.66666666666667,Biological Sciences,Biochemistry and Cell Biology,Central South University,China,0.012998830105290524,90.79393965654215,Biochemistry and Cell Biology (100%),Central South University (100%)
367,9,1.0,2.0,0.0,Health Sciences,Health Services and Systems,Ada Health GmbH,Germany,0.012998830105290524,90.80693848664744,Health Services and Systems (100%),Ada Health GmbH (89%); University Hospital Carl Gustav Carus (11%)
368,9,0.0,1.0,25.0,Biological Sciences,Genetics,Cleveland Clinic,United States,0.012998830105290524,90.81993731675273,Genetics (100%),Cleveland Clinic (78%); Herbert Irving Comprehensive Cancer Center (22%)
369,9,1.0,1.0,80.0,Biological Sciences,Genetics,Guangzhou University of Chinese Medicine,China,0.012998830105290524,90.83293614685802,Genetics (100%),"Guangzhou University of Chinese Medicine (78%); Chongqing Traditional Chinese Medicine Hospital (11%); College of Traditional Chinese Medicine, Zhanjiang University of Science and Technology, Zhanjiang, Guangdong, China (11%)"
370,9,0.0,2.0,60.0,Biological Sciences,Genetics,Peking University First Hospital,China,0.012998830105290524,90.8459349769633,Genetics (67%); Oncology and Carcinogenesis (33%),Peking University First Hospital (78%); Peking University (22%)
371,9,1.0,1.0,80.0,Health Sciences,Epidemiology,"Maternal and Child Healthcare Hospital of Longhua District, Shenzhen, China",China,0.012998830105290524,90.8589338070686,Epidemiology (100%),"Maternal and Child Healthcare Hospital of Longhua District, Shenzhen, China (67%); Sun Yat-sen University (33%)"
372,9,1.0,1.0,60.0,Biomedical and Clinical Sciences,Clinical Sciences,Peking University,China,0.012998830105290524,90.87193263717388,Clinical Sciences (100%),Peking University (67%); Guangzhou Medical University (11%); Suzhou Guangji Hospital (11%)
373,9,1.0,1.0,55.55555555555556,Biological Sciences,Genetics,Amsterdam Neuroscience,Netherlands,0.012998830105290524,90.88493146727917,Genetics (100%),Amsterdam Neuroscience (56%); Murdoch Children's Research Institute (22%); Amsterdam University Medical Centers (11%)
374,9,0.0,1.0,66.66666666666667,Biomedical and Clinical Sciences,Clinical Sciences,Ningbo University,China,0.012998830105290524,90.89793029738446,Clinical Sciences (100%),Ningbo University (100%)
375,9,0.0,1.0,0.0,Biomedical and Clinical Sciences,Clinical Sciences,Sun Yat-sen University,China,0.012998830105290524,90.91092912748975,Clinical Sciences (100%),Sun Yat-sen University (89%); Des Moines University (11%)
376,9,1.0,1.0,50.0,Biomedical and Clinical Sciences,Medical Biochemistry and Metabolomics,University of Oxford,United Kingdom,0.012998830105290524,90.92392795759504,Medical Biochemistry and Metabolomics (67%); Clinical Sciences (33%),University of Oxford (33%); Leiden University Medical Center (22%); NIHR Oxford Musculoskeletal Biomedical Research Centre (11%)
377,9,0.0,1.0,0.0,Biological Sciences,Genetics,Xi'an Jiaotong University,China,0.012998830105290524,90.93692678770033,Genetics (100%),Xi'an Jiaotong University (100%)
378,9,1.2222222222222223,2.0,11.11111111111111,Biomedical and Clinical Sciences,Biological Psychology,Colgate University,United States,0.012998830105290524,90.94992561780562,Biological Psychology (56%); Clinical Sciences (33%); Pharmacology and Pharmaceutical Sciences (11%),Colgate University (100%)
379,9,0.0,1.0,50.0,Health Sciences,Epidemiology,First Hospital of China Medical University,China,0.012998830105290524,90.96292444791091,Epidemiology (100%),First Hospital of China Medical University (100%)
380,9,1.0,1.0,0.0,Biomedical and Clinical Sciences,Oncology and Carcinogenesis,Southern Medical University,China,0.012998830105290524,90.9759232780162,Oncology and Carcinogenesis (100%),"Southern Medical University (89%); Department of Radiation Oncology, Yunfu People's Hospital, Yunfu, China (11%)"
381,9,0.4444444444444444,1.0,33.333333333333336,Health Sciences,Epidemiology,Sichuan Peoples Hospital of Sichuan Academy of Medical Sciences,China,0.012998830105290524,90.98892210812149,Epidemiology (67%); Cardiovascular Medicine and Haematology (33%),Sichuan Peoples Hospital of Sichuan Academy of Medical Sciences (56%); University of Electronic Science and Technology of China (33%); Sichuan Academy of Medical Sciences & Sichuan Provincial People's Hospital (11%)
382,9,1.0,1.0,40.0,Biomedical and Clinical Sciences,Oncology and Carcinogenesis,Zhejiang University,China,0.012998830105290524,91.00192093822677,Oncology and Carcinogenesis (100%),Zhejiang University (100%)
383,9,1.0,1.0,44.44444444444444,Biomedical and Clinical Sciences,Clinical Sciences,Newcastle University,United Kingdom,0.012998830105290524,91.01491976833206,Clinical Sciences (100%),Newcastle University (44%); Royal Victoria Infirmary (22%); Harvard University (11%)
384,9,1.0,2.0,50.0,Biomedical and Clinical Sciences,Oncology and Carcinogenesis,University of Arizona,United States,0.012998830105290524,91.02791859843735,Oncology and Carcinogenesis (100%),University of Arizona (78%); University of Kansas Medical Center (11%); University of South Carolina (11%)
385,9,0.5555555555555556,1.0,33.333333333333336,Biological Sciences,Genetics,Queen Mary University of London,United Kingdom,0.012998830105290524,91.04091742854264,Genetics (100%),Queen Mary University of London (100%)
386,9,1.0,1.0,50.0,Biomedical and Clinical Sciences,Neurosciences,Capital Medical University,China,0.012998830105290524,91.05391625864793,Neurosciences (100%),Capital Medical University (100%)
387,9,0.0,1.0,80.0,Biomedical and Clinical Sciences,Clinical Sciences,China Academy of Chinese Medical Sciences,China,0.012998830105290524,91.06691508875322,Clinical Sciences (56%); Epidemiology (44%),China Academy of Chinese Medical Sciences (100%)
388,9,1.0,1.0,14.285714285714286,Biomedical and Clinical Sciences,Oncology and Carcinogenesis,Second Affiliated Hospital of Kunming Medical College,China,0.012998830105290524,91.07991391885851,Oncology and Carcinogenesis (100%),"Second Affiliated Hospital of Kunming Medical College (67%); Department of Urology, 920th Hospital of Joint Logistics Support Force of Chinese People's Liberation Army, Kunming, Yunnan Province, China. (11%); Kunming Medical University (11%)"
389,9,1.5555555555555556,2.0,100.0,Health Sciences,Epidemiology,Shanghai East Hospital,China,0.012998830105290524,91.0929127489638,Epidemiology (100%),Shanghai East Hospital (100%)
390,9,1.5555555555555556,3.0,50.0,Health Sciences,Epidemiology,First Affiliated Hospital of Guangzhou Medical University,China,0.012998830105290524,91.10591157906909,Epidemiology (78%); Cardiovascular Medicine and Haematology (22%),First Affiliated Hospital of Guangzhou Medical University (78%); Guangzhou Medical University (22%)
391,9,1.0,1.0,0.0,Biomedical and Clinical Sciences,Clinical Sciences,Southeast University,China,0.012998830105290524,91.11891040917438,Clinical Sciences (100%),Southeast University (89%); Zhongda Hospital Southeast University (11%)
392,9,0.0,1.0,16.666666666666668,Biomedical and Clinical Sciences,Cardiovascular Medicine and Haematology,Peking Union Medical College Hospital,China,0.012998830105290524,91.13190923927966,Cardiovascular Medicine and Haematology (100%),Peking Union Medical College Hospital (100%)
393,9,1.0,1.0,25.0,Information and Computing Sciences,Data Management and Data Science,Thomas J Watson Research Center,United States,0.012998830105290524,91.14490806938495,Data Management and Data Science (100%),Thomas J Watson Research Center (89%); IBM Argentina SA (11%)
394,9,1.0,1.0,50.0,Psychology,Biological Psychology,University of Arkansas for Medical Sciences,United States,0.012998830105290524,91.15790689949024,Biological Psychology (100%),University of Arkansas for Medical Sciences (88%); Universidade de São Paulo (12%)
395,9,0.7777777777777778,1.0,33.333333333333336,Biomedical and Clinical Sciences,Medical Biochemistry and Metabolomics,Zhejiang Chinese Medical University,China,0.012998830105290524,91.17090572959553,Medical Biochemistry and Metabolomics (100%),Zhejiang Chinese Medical University (89%); Sun Yat-sen University (11%)
396,9,1.0,1.0,42.857142857142854,Biomedical and Clinical Sciences,Design,University of Toronto,Canada,0.012998830105290524,91.18390455970082,Design (100%),University of Toronto (100%)
397,9,0.7777777777777778,1.0,60.0,Biomedical and Clinical Sciences,Medical Biochemistry and Metabolomics,Zhejiang University,China,0.012998830105290524,91.19690338980611,Medical Biochemistry and Metabolomics (67%); Ophthalmology and Optometry (33%),Zhejiang University (100%)
398,9,1.0,1.0,28.571428571428573,Biomedical and Clinical Sciences,Cardiovascular Medicine and Haematology,Union Hospital Tongji Medical College Huazhong University of Science and Technology,China,0.012998830105290524,91.2099022199114,Cardiovascular Medicine and Haematology (100%),Union Hospital Tongji Medical College Huazhong University of Science and Technology (100%)
399,9,0.0,1.0,50.0,Biomedical and Clinical Sciences,Clinical Sciences,"Etiome Inc, Cambridge, MA;",United States,0.012998830105290524,91.22290105001669,Clinical Sciences (100%),"Etiome Inc, Cambridge, MA; (33%); Flagship Pioneering Inc (33%); Vanderbilt University Medical Center (33%)"
400,9,1.0,1.0,40.0,Biological Sciences,Genetics,University of Massachusetts Chan Medical School,United States,0.012998830105290524,91.23589988012198,Genetics (100%),University of Massachusetts Chan Medical School (56%); Nationwide Children's Hospital (33%); Washington University in St. Louis (11%)
401,9,0.5555555555555556,1.0,0.0,Biomedical and Clinical Sciences,Clinical Sciences,Huadong Hospital,China,0.012998830105290524,91.24889871022727,Clinical Sciences (67%); Biochemistry and Cell Biology (33%),Huadong Hospital (89%); Shanghai Jiao Tong University (11%)
402,9,1.0,1.0,75.0,Biomedical and Clinical Sciences,Cardiovascular Medicine and Haematology,China Academy of Chinese Medical Sciences,China,0.012998830105290524,91.26189754033255,Cardiovascular Medicine and Haematology (100%),China Academy of Chinese Medical Sciences (56%); Beijing University of Chinese Medicine (44%)
403,9,1.0,1.0,40.0,Health Sciences,Epidemiology,First Affiliated Hospital of Anhui Medical University,China,0.012998830105290524,91.27489637043784,Epidemiology (100%),First Affiliated Hospital of Anhui Medical University (89%); Peking University First Hospital (11%)
404,9,0.4444444444444444,1.0,66.66666666666667,Biomedical and Clinical Sciences,Clinical Sciences,Second Hospital of Anhui Medical University,China,0.012998830105290524,91.28789520054313,Clinical Sciences (56%); Nutrition and Dietetics (44%),Second Hospital of Anhui Medical University (100%)
405,9,1.7777777777777777,2.0,33.333333333333336,Biomedical and Clinical Sciences,Clinical Sciences,"Fuwai Hospital, CAMS&PUMC",China,0.012998830105290524,91.30089403064842,Clinical Sciences (67%); Epidemiology (33%),"Fuwai Hospital, CAMS&PUMC (89%); Southern Medical University (11%)"
406,9,1.1111111111111112,1.0,50.0,Biomedical and Clinical Sciences,Epidemiology,Peking University,China,0.012998830105290524,91.31389286075371,Epidemiology (89%); Pharmacology and Pharmaceutical Sciences (11%),Peking University (89%); Peking University First Hospital (11%)
407,9,1.2222222222222223,1.0,60.0,Biomedical and Clinical Sciences,Pharmacology and Pharmaceutical Sciences,Xiyuan Hospital,China,0.012998830105290524,91.326891690859,Pharmacology and Pharmaceutical Sciences (56%); Epidemiology (33%); Nutrition and Dietetics (11%),Xiyuan Hospital (67%); China Academy of Chinese Medical Sciences (22%); China-Japan Friendship Hospital (11%)
408,9,1.0,1.0,42.857142857142854,Health Sciences,Biological Psychology,Chengdu University of Traditional Chinese Medicine,China,0.012998830105290524,91.33989052096429,Biological Psychology (100%),Chengdu University of Traditional Chinese Medicine (67%); Sichuan University (22%); Chengdu Second People's Hospital (11%)
409,9,1.0,1.0,12.5,Biomedical and Clinical Sciences,Biomedical Engineering,University of Southampton,United Kingdom,0.012998830105290524,91.35288935106958,Biomedical Engineering (100%),University of Southampton (78%); AIT Austrian Institute of Technology GmbH (11%); Nikon X Tek Systems Ltd (11%)
410,9,1.0,2.0,33.333333333333336,Biomedical and Clinical Sciences,Clinical Sciences,Stanford University,United States,0.012998830105290524,91.36588818117487,Clinical Sciences (100%),Stanford University (100%)
411,9,1.4444444444444444,1.0,50.0,Biomedical and Clinical Sciences,Clinical Sciences,Lanzhou University Second Hospital,China,0.012998830105290524,91.37888701128016,Clinical Sciences (67%); Genetics (33%),"Lanzhou University Second Hospital (67%); Lanzhou University (22%); Department of Gastrointestinal Surgery, Jiangxi Province Hospital of Integrated Chinese and Western Medicine, Nanchang, Jiangxi, China (11%)"
412,9,0.0,1.0,50.0,Biomedical and Clinical Sciences,Medical Biochemistry and Metabolomics,Evotec SE,Germany,0.012998830105290524,91.39188584138545,Medical Biochemistry and Metabolomics (100%),Evotec SE (100%)
413,9,0.0,1.0,77.77777777777777,Biomedical and Clinical Sciences,Medical Biochemistry and Metabolomics,King Abdulaziz University,Saudi Arabia,0.012998830105290524,91.40488467149073,Medical Biochemistry and Metabolomics (100%),King Abdulaziz University (33%); Shaqra University (22%); Taibah University (22%)
414,9,0.5555555555555556,1.0,60.0,Biomedical and Clinical Sciences,Cardiovascular Medicine and Haematology,Beijing Chao-Yang Hospital,China,0.012998830105290524,91.41788350159602,Cardiovascular Medicine and Haematology (67%); Clinical Sciences (33%),Beijing Chao-Yang Hospital (100%)
415,9,1.0,1.0,60.0,Biological Sciences,Epidemiology,Guangzhou University of Chinese Medicine,China,0.012998830105290524,91.43088233170131,Epidemiology (100%),Guangzhou University of Chinese Medicine (100%)
416,9,1.0,1.0,50.0,Biological Sciences,Genetics,Nanchang University,China,0.012998830105290524,91.4438811618066,Genetics (100%),Nanchang University (67%); Central South University (22%); First Affiliated Hospital of Nanchang University (11%)
417,9,0.8888888888888888,1.0,0.0,Biomedical and Clinical Sciences,Clinical Sciences,Norfolk and Norwich University Hospital,United Kingdom,0.012998830105290524,91.45687999191189,Clinical Sciences (100%),Norfolk and Norwich University Hospital (56%); University of East Anglia (33%); Quadram Institute (11%)
418,9,1.0,1.0,33.333333333333336,Biomedical and Clinical Sciences,,Shaoxing University,China,0.012998830105290524,91.46987882201718,,Shaoxing University (100%)
419,9,1.8888888888888888,2.0,25.0,Biological Sciences,Bioinformatics and Computational Biology,University of Pittsburgh,United States,0.012998830105290524,91.48287765212247,Bioinformatics and Computational Biology (100%),"University of Pittsburgh (78%); Paradigm4, Inc., Suite 360, 281 Winter Street, Waltham, MA, 02451, USA (22%)"
420,9,0.0,1.0,0.0,Biological Sciences,Epidemiology,中山大学附属第三医院耳鼻咽喉-头颈外科，广州 510630,,0.012998830105290524,91.49587648222776,Epidemiology (100%),中山大学附属第三医院耳鼻咽喉-头颈外科，广州 510630 (100%)
421,9,0.0,1.0,40.0,Biomedical and Clinical Sciences,Clinical Sciences,Chinese Academy of Medical Sciences & Peking Union Medical College,China,0.012998830105290524,91.50887531233305,Clinical Sciences (78%); Health Services and Systems (22%),Chinese Academy of Medical Sciences & Peking Union Medical College (78%); Beijing Tongren Hospital (11%); Peking University Cancer Hospital (11%)
422,9,1.0,1.0,33.333333333333336,Biological Sciences,Genetics,Yonsei University,South Korea,0.012998830105290524,91.52187414243834,Genetics (100%),Yonsei University (78%); Korea Institute of Radiological and Medical Sciences (22%)
423,9,1.0,1.0,25.0,Biological Sciences,Genetics,Tongji Hospital Affiliated to Tongji Medical College of Huazhong University of Science & Technology,China,0.012998830105290524,91.53487297254362,Genetics (100%),Tongji Hospital Affiliated to Tongji Medical College of Huazhong University of Science & Technology (100%)
424,9,0.0,1.0,50.0,Biomedical and Clinical Sciences,Pharmacology and Pharmaceutical Sciences,University of Edinburgh,United Kingdom,0.012998830105290524,91.54787180264891,Pharmacology and Pharmaceutical Sciences (100%),University of Edinburgh (100%)
425,9,0.0,1.0,22.22222222222222,Biomedical and Clinical Sciences,Clinical Sciences,"University of California, San Diego",United States,0.012998830105290524,91.5608706327542,Clinical Sciences (100%),"University of California, San Diego (100%)"
426,9,1.0,1.0,33.333333333333336,Biomedical and Clinical Sciences,Clinical Sciences,University of Ottawa,Canada,0.012998830105290524,91.57386946285949,Clinical Sciences (100%),University of Ottawa (67%); Ottawa Hospital (22%); Seven Oaks General Hospital (11%)
427,9,1.3333333333333333,1.0,66.66666666666667,Biomedical and Clinical Sciences,Clinical Sciences,Second Affiliated Hospital of Nanchang University,China,0.012998830105290524,91.58686829296478,Clinical Sciences (78%); Genetics (22%),Second Affiliated Hospital of Nanchang University (100%)
428,9,1.3333333333333333,1.0,80.0,Biological Sciences,Genetics,Huazhong Agricultural University,China,0.012998830105290524,91.59986712307007,Genetics (100%),"Huazhong Agricultural University (89%); LongPing HighTech Maize Innovation Center, Zhengzhou 450041, China (11%)"
429,8,1.0,2.0,100.0,Biomedical and Clinical Sciences,Biological Psychology,Dali University,China,0.011554515649147131,91.61142163871922,Biological Psychology (100%),"Dali University (75%); Princess Margaret Cancer Centre (12%); Yunnan Key Laboratory of Screening and Research on Anti-pathogenic Plant Resources from West Yunnan (Cultivation), Dali, Yunnan, China (12%)"
430,8,0.0,1.0,66.66666666666667,"Agricultural, Veterinary and Food Sciences",Chemical Engineering,Xuan Wu Hospital of the Capital Medical University,China,0.011554515649147131,91.62297615436837,Chemical Engineering (100%),Xuan Wu Hospital of the Capital Medical University (100%)
431,8,0.0,1.0,85.71428571428571,Biomedical and Clinical Sciences,Epidemiology,"NNEdPro Global Institute For Food Nutrition and Health, Cambridge, United Kingdom",United Kingdom,0.011554515649147131,91.63453067001753,Epidemiology (100%),"NNEdPro Global Institute For Food Nutrition and Health, Cambridge, United Kingdom (100%)"
432,8,1.5,1.5,12.5,Biomedical and Clinical Sciences,Clinical Sciences,West Virginia University,United States,0.011554515649147131,91.64608518566668,Clinical Sciences (88%); Allied Health and Rehabilitation Science (12%),West Virginia University (100%)
433,8,1.5,3.0,28.571428571428573,Information and Computing Sciences,Clinical Sciences,University of Oxford,United Kingdom,0.011554515649147131,91.65763970131583,"Clinical Sciences (38%); Medical and Biological Physics (38%); Graphics, Augmented Reality and Games (25%)",University of Oxford (88%); University of Bristol (12%)
434,8,0.0,1.0,0.0,Biomedical and Clinical Sciences,Cardiovascular Medicine and Haematology,Novartis Pharmaceuticals UK Ltd,United Kingdom,0.011554515649147131,91.66919421696498,Cardiovascular Medicine and Haematology (100%),"Novartis Pharmaceuticals UK Ltd (38%); Novartis, Global RWE , Hyderabad , (25%); Novartis, Global RWE , Selangor , (12%)"
435,8,1.0,1.0,60.0,Biological Sciences,Epidemiology,Tongji Medical College of Huazhong University of Science and Technology,China,0.011554515649147131,91.68074873261413,Epidemiology (100%),Tongji Medical College of Huazhong University of Science and Technology (88%); Zhongnan Hospital of Wuhan University (12%)
436,8,0.75,1.0,100.0,Biological Sciences,Genetics,China Pharmaceutical University,China,0.011554515649147131,91.69230324826329,Genetics (75%); Medical Biochemistry and Metabolomics (25%),China Pharmaceutical University (88%); Institute of Genetics and Molecular and Cellular Biology (12%)
437,8,1.0,1.0,100.0,Health Sciences,Epidemiology,China Academy of Chinese Medical Sciences,China,0.011554515649147131,91.70385776391244,Epidemiology (100%),China Academy of Chinese Medical Sciences (88%); Guangdong Pharmaceutical University (12%)
438,8,1.0,1.0,100.0,Health Sciences,Epidemiology,Chinese University of Hong Kong,China,0.011554515649147131,91.71541227956159,Epidemiology (100%),Chinese University of Hong Kong (62%); Tongji University (25%); Chengdu University of Traditional Chinese Medicine (12%)
439,8,1.0,1.0,20.0,Biomedical and Clinical Sciences,Cardiovascular Medicine and Haematology,Beijing Hospital,China,0.011554515649147131,91.72696679521074,Cardiovascular Medicine and Haematology (100%),Beijing Hospital (100%)
440,8,1.0,1.0,33.333333333333336,Health Sciences,Epidemiology,Second Hospital of Tianjin Medical University,China,0.011554515649147131,91.7385213108599,Epidemiology (100%),Second Hospital of Tianjin Medical University (75%); State Key Laboratory of Experimental Hematology (12%); Tianjin Medical University (12%)
441,8,0.0,1.0,100.0,Biomedical and Clinical Sciences,Epidemiology,First Affiliated Hospital of GuangXi Medical University,China,0.011554515649147131,91.75007582650905,Epidemiology (100%),First Affiliated Hospital of GuangXi Medical University (88%); Guangxi Minzu University (12%)
442,8,0.0,2.5,0.0,Health Sciences,Epidemiology,Zhejiang University,China,0.011554515649147131,91.7616303421582,Epidemiology (100%),Zhejiang University (100%)
443,8,2.25,3.0,60.0,Biological Sciences,Genetics,Hunan University of Traditional Chinese Medicine,China,0.011554515649147131,91.77318485780735,Genetics (62%); Clinical Sciences (25%); Biochemistry and Cell Biology (12%),"Hunan University of Traditional Chinese Medicine (75%); Department of Oncology, Doumen Qiaoli Hospital of Traditional Chinese Medicine, Zhuhai, China (12%); Fangchenggang Hospital of Traditional Chinese Medicine, Fangchenggang, Guangxi, China. (12%)"
444,8,1.0,1.0,33.333333333333336,Health Sciences,Epidemiology,Beijing Hospital,China,0.011554515649147131,91.7847393734565,Epidemiology (100%),Beijing Hospital (100%)
445,8,1.0,1.0,33.333333333333336,Biological Sciences,Zoology,University of Bath,United Kingdom,0.011554515649147131,91.79629388910566,Zoology (100%),University of Bath (50%); Bristol Royal Infirmary (38%); Royal United Hospital Bath NHS Trust (12%)
446,8,0.0,1.0,33.333333333333336,Biological Sciences,Biochemistry and Cell Biology,First Affiliated Hospital of Xinjiang Medical University,China,0.011554515649147131,91.80784840475481,Biochemistry and Cell Biology (100%),First Affiliated Hospital of Xinjiang Medical University (88%); Shanghai Jiao Tong University (12%)
447,8,1.0,1.0,66.66666666666667,Health Sciences,Biological Psychology,Nanjing Medical University,China,0.011554515649147131,91.81940292040396,Biological Psychology (100%),Nanjing Medical University (100%)
448,8,0.0,1.0,80.0,Biomedical and Clinical Sciences,Clinical Sciences,Shanghai Jiao Tong University,China,0.011554515649147131,91.83095743605311,Clinical Sciences (100%),Shanghai Jiao Tong University (50%); Children's Hospital of Fudan University (12%); Nagasaki University (12%)
449,8,0.875,2.0,0.0,Biomedical and Clinical Sciences,Clinical Sciences,Chinese Academy of Medical Sciences & Peking Union Medical College,China,0.011554515649147131,91.84251195170226,Clinical Sciences (100%),Chinese Academy of Medical Sciences & Peking Union Medical College (100%)
450,8,0.0,1.0,100.0,Biomedical and Clinical Sciences,Oncology and Carcinogenesis,West China Hospital of Sichuan University,China,0.011554515649147131,91.85406646735142,Oncology and Carcinogenesis (100%),West China Hospital of Sichuan University (88%); Sichuan University (12%)
451,8,0.0,2.0,33.333333333333336,"Agricultural, Veterinary and Food Sciences",Epidemiology,Zhejiang Chinese Medical University,China,0.011554515649147131,91.86562098300057,Epidemiology (100%),Zhejiang Chinese Medical University (88%); Zhejiang Provincial People's Hospital (12%)
452,8,1.0,1.0,50.0,Biomedical and Clinical Sciences,Clinical Sciences,First People's Hospital of Kunshan,China,0.011554515649147131,91.87717549864972,Clinical Sciences (100%),First People's Hospital of Kunshan (88%); Peking University People's Hospital (12%)
453,8,1.0,1.0,50.0,Biomedical and Clinical Sciences,Cardiovascular Medicine and Haematology,Jiangsu Province Hospital,China,0.011554515649147131,91.88873001429887,Cardiovascular Medicine and Haematology (100%),Jiangsu Province Hospital (88%); Montefiore Medical Center (12%)
454,8,1.0,1.0,0.0,Biomedical and Clinical Sciences,Biological Psychology,Bekhterev National Medical Research Center for Psychiatry and Neurology,Russia,0.011554515649147131,91.90028452994802,Biological Psychology (100%),Bekhterev National Medical Research Center for Psychiatry and Neurology (62%); First Pavlov State Medical University of St. Petersburg (25%); Genotek (Russia) (12%)
455,8,1.625,1.5,16.666666666666668,Biomedical and Clinical Sciences,Biochemistry and Cell Biology,First Affiliated Hospital of GuangXi Medical University,China,0.011554515649147131,91.91183904559718,Biochemistry and Cell Biology (50%); Pharmacology and Pharmaceutical Sciences (38%); Clinical Sciences (12%),First Affiliated Hospital of GuangXi Medical University (88%); Guangxi Medical University (12%)
456,8,1.0,2.0,40.0,Biomedical and Clinical Sciences,Cardiovascular Medicine and Haematology,Union Hospital,China,0.011554515649147131,91.92339356124633,Cardiovascular Medicine and Haematology (88%); Clinical Sciences (12%),Union Hospital (100%)
457,8,1.0,1.0,40.0,Health Sciences,Epidemiology,Affiliated Hospital of Qingdao University,China,0.011554515649147131,91.93494807689548,Epidemiology (100%),Affiliated Hospital of Qingdao University (100%)
458,8,1.75,1.5,50.0,Biomedical and Clinical Sciences,Clinical Sciences,First Hospital of Lanzhou University,China,0.011554515649147131,91.94650259254463,Clinical Sciences (62%); Cardiovascular Medicine and Haematology (12%); Epidemiology (12%),"First Hospital of Lanzhou University (38%); Chengdu University (12%); Department of Obstetrics and Gynecology, Enshi Tujia and Miao Autonomous Prefecture Central Hospital, Enshi, Hubei, China (12%)"
459,8,1.0,1.0,50.0,Biomedical and Clinical Sciences,Cardiovascular Medicine and Haematology,First Affiliated Hospital of Chongqing Medical University,China,0.011554515649147131,91.95805710819378,Cardiovascular Medicine and Haematology (100%),First Affiliated Hospital of Chongqing Medical University (100%)
460,8,1.0,1.0,100.0,Biomedical and Clinical Sciences,Epidemiology,Fujian Medical University,China,0.011554515649147131,91.96961162384294,Epidemiology (100%),Fujian Medical University (100%)
461,8,1.0,1.0,60.0,Biomedical and Clinical Sciences,,Soochow University,China,0.011554515649147131,91.98116613949209,,Soochow University (75%); First Affiliated Hospital of Anhui Medical University (12%); Nanjing General Hospital of Nanjing Military Command (12%)
462,8,0.0,1.0,66.66666666666667,Biomedical and Clinical Sciences,Clinical Sciences,Second Hospital of Hebei Medical University,China,0.011554515649147131,91.99272065514124,Clinical Sciences (100%),Second Hospital of Hebei Medical University (100%)
463,8,1.0,1.0,0.0,Biomedical and Clinical Sciences,Medical Biochemistry and Metabolomics,University of Science and Technology of China,China,0.011554515649147131,92.0042751707904,Medical Biochemistry and Metabolomics (100%),University of Science and Technology of China (75%); Hefei University of Technology (12%); Tongji Hospital Affiliated to Tongji Medical College of Huazhong University of Science & Technology (12%)
464,8,1.0,1.0,28.571428571428573,Health Sciences,Epidemiology,Xi'an Jiaotong University,China,0.011554515649147131,92.01582968643955,Epidemiology (100%),Xi'an Jiaotong University (88%); Fifth Affiliated Hospital of Sun Yat-sen University (12%)
465,8,1.0,1.0,75.0,Biomedical and Clinical Sciences,Biological Psychology,First Hospital of Jilin University,China,0.011554515649147131,92.0273842020887,Biological Psychology (100%),First Hospital of Jilin University (88%); Soochow University (12%)
466,8,1.0,1.0,80.0,Biomedical and Clinical Sciences,Cardiovascular Medicine and Haematology,First Affiliated Hospital of Sun Yat-sen University,China,0.011554515649147131,92.03893871773785,Cardiovascular Medicine and Haematology (100%),First Affiliated Hospital of Sun Yat-sen University (100%)
467,8,1.0,1.5,33.333333333333336,Health Sciences,Epidemiology,Second Xiangya Hospital of Central South University,China,0.011554515649147131,92.050493233387,Epidemiology (62%); Biological Psychology (38%),Second Xiangya Hospital of Central South University (100%)
468,8,1.0,1.5,50.0,Biomedical and Clinical Sciences,Clinical Sciences,Shanghai Sixth People's Hospital,China,0.011554515649147131,92.06204774903615,Clinical Sciences (50%); Epidemiology (38%); Cardiovascular Medicine and Haematology (12%),Shanghai Sixth People's Hospital (62%); Shanghai Eighth People Hospital (25%); Harbin Medical University (12%)
469,8,1.0,1.0,0.0,Health Sciences,Epidemiology,Shanghai University of Traditional Chinese Medicine,China,0.011554515649147131,92.0736022646853,Epidemiology (100%),"Shanghai University of Traditional Chinese Medicine (62%); Second Department of Vascular Anomalies Disease, Shanghai TCM-Integrated Hospital, Shanghai, China (38%)"
470,8,1.0,1.0,0.0,Biomedical and Clinical Sciences,Clinical Sciences,University of Western Australia,Australia,0.011554515649147131,92.08515678033446,Clinical Sciences (100%),University of Western Australia (62%); Perron Institute for Neurological and Translational Science (25%); The University of Notre Dame Australia (12%)
471,8,1.125,1.0,75.0,Biomedical and Clinical Sciences,Cardiovascular Medicine and Haematology,Shandong University of Traditional Chinese Medicine,China,0.011554515649147131,92.09671129598361,Cardiovascular Medicine and Haematology (62%); Biochemistry and Cell Biology (38%),"Shandong University of Traditional Chinese Medicine (50%); Affiliated Hospital of Shandong University of Traditional Chinese Medicine (25%); Department of Cardiology, Dongying People’s Hospital (Dongying Hospital of Shandong Provincial Hospital Group), Dongying, Shandong Province, China (25%)"
472,8,1.25,1.0,20.0,Biomedical and Clinical Sciences,Clinical Sciences,Tongji Hospital Affiliated to Tongji Medical College of Huazhong University of Science & Technology,China,0.011554515649147131,92.10826581163276,Clinical Sciences (88%); Biochemistry and Cell Biology (12%),Tongji Hospital Affiliated to Tongji Medical College of Huazhong University of Science & Technology (62%); Chengdu University of Traditional Chinese Medicine (12%); Southern Medical University (12%)
473,8,1.0,1.0,50.0,Biomedical and Clinical Sciences,Health Services and Systems,Nanfang Hospital,China,0.011554515649147131,92.11982032728191,Health Services and Systems (100%),"Nanfang Hospital (88%); Hospital of Stomatology, Sun Yat-sen University (12%)"
474,8,1.0,1.0,33.333333333333336,Health Sciences,Epidemiology,Henan University,China,0.011554515649147131,92.13137484293107,Epidemiology (100%),Henan University (62%); Henan Provincial People's Hospital (38%)
475,8,1.0,1.0,0.0,Biomedical and Clinical Sciences,Immunology,Wuxi People's Hospital,China,0.011554515649147131,92.14292935858022,Immunology (100%),Wuxi People's Hospital (100%)
476,8,1.0,1.0,0.0,Health Sciences,Epidemiology,Yue Bei People's Hospital,China,0.011554515649147131,92.15448387422937,Epidemiology (100%),Yue Bei People's Hospital (100%)
477,8,0.0,1.0,25.0,Biomedical and Clinical Sciences,Oncology and Carcinogenesis,Second Hospital of Hebei Medical University,China,0.011554515649147131,92.16603838987852,Oncology and Carcinogenesis (100%),Second Hospital of Hebei Medical University (100%)
478,8,1.125,1.0,50.0,Biomedical and Clinical Sciences,Nutrition and Dietetics,Southern Medical University,China,0.011554515649147131,92.17759290552767,Nutrition and Dietetics (62%); Medical Biochemistry and Metabolomics (38%),"Southern Medical University (88%); Fuwai Hospital, CAMS&PUMC (12%)"
479,8,1.0,1.0,62.5,Biomedical and Clinical Sciences,Clinical Sciences,Istituto Ortopedico Rizzoli,Italy,0.011554515649147131,92.18914742117683,Clinical Sciences (100%),Istituto Ortopedico Rizzoli (88%); Azienda Ospedaliera Carlo Poma (12%)
480,8,1.375,2.0,33.333333333333336,Biological Sciences,Epidemiology,Guangzhou University of Chinese Medicine,China,0.011554515649147131,92.20070193682598,Epidemiology (88%); Microbiology (12%),Guangzhou University of Chinese Medicine (88%); First Affiliated Hospital of Guangzhou University of Chinese Medicine (12%)
481,8,1.0,1.0,25.0,Biomedical and Clinical Sciences,Dentistry,Anhui Medical University,China,0.011554515649147131,92.21225645247513,Dentistry (100%),Anhui Medical University (62%); Second Hospital of Anhui Medical University (25%); First Affiliated Hospital of Anhui Medical University (12%)
482,8,2.0,3.0,50.0,Biological Sciences,Epidemiology,Union Hospital Tongji Medical College Huazhong University of Science and Technology,China,0.011554515649147131,92.22381096812428,Epidemiology (100%),Union Hospital Tongji Medical College Huazhong University of Science and Technology (88%); Wuhan Central Hospital Affiliated to Tongji Medical College of Huazhong University of Science and Technology (12%)
483,8,1.0,2.0,33.333333333333336,Health Sciences,Epidemiology,Jiangsu Province Hospital,China,0.011554515649147131,92.23536548377344,Epidemiology (100%),Jiangsu Province Hospital (100%)
484,8,0.0,1.0,0.0,Biomedical and Clinical Sciences,Oncology and Carcinogenesis,University Medical Center Hamburg-Eppendorf,Germany,0.011554515649147131,92.24691999942259,Oncology and Carcinogenesis (100%),"University Medical Center Hamburg-Eppendorf (62%); Department of Implantology, Guiyang Hospital of Stomatology, Guiyang, P.R. China; cnliyuan.xiao@hotmail.com. (12%); Guiyang Medical University (12%)"
485,8,1.5,1.5,16.666666666666668,Biomedical and Clinical Sciences,Cardiovascular Medicine and Haematology,University of Basel,Switzerland,0.011554515649147131,92.25847451507174,Cardiovascular Medicine and Haematology (75%); Epidemiology (25%),University of Basel (38%); University Hospital of Basel (25%); Duke University Medical Center (12%)
486,8,1.0,1.0,100.0,Engineering,Ecological Applications,Southern Medical University,China,0.011554515649147131,92.27002903072089,Ecological Applications (100%),Southern Medical University (88%); Jiangmen Central Hospital (12%)
487,8,0.5,2.0,50.0,Biological Sciences,Epidemiology,Maj Institute of Pharmacology,Poland,0.011554515649147131,92.28158354637004,Epidemiology (50%); Genetics (38%); Biological Psychology (12%),Maj Institute of Pharmacology (62%); Institute of Science and Technology Austria (38%)
488,8,0.0,1.0,50.0,Biomedical and Clinical Sciences,Clinical Sciences,Fox Chase Cancer Center,United States,0.011554515649147131,92.2931380620192,Clinical Sciences (100%),Fox Chase Cancer Center (100%)
489,8,0.75,1.0,75.0,Biomedical and Clinical Sciences,Clinical Sciences,Zhongshan People's Hospital,China,0.011554515649147131,92.30469257766835,Clinical Sciences (75%); Cardiovascular Medicine and Haematology (25%),Zhongshan People's Hospital (100%)
490,8,1.0,1.0,0.0,Biomedical and Clinical Sciences,Dentistry,Sichuan University,China,0.011554515649147131,92.3162470933175,Dentistry (100%),Sichuan University (100%)
491,8,0.75,1.5,40.0,Biomedical and Clinical Sciences,Nutrition and Dietetics,Guangzhou University of Chinese Medicine,China,0.011554515649147131,92.32780160896665,Nutrition and Dietetics (50%); Epidemiology (38%); Biochemistry and Cell Biology (12%),Guangzhou University of Chinese Medicine (50%); Shenzhen Traditional Chinese Medicine Hospital (38%); Ruikang Affiliated Hospital of Guangxi Medical University (12%)
492,8,1.0,1.0,100.0,Biomedical and Clinical Sciences,Clinical Sciences,Huazhong University of Science and Technology,China,0.011554515649147131,92.3393561246158,Clinical Sciences (100%),Huazhong University of Science and Technology (50%); Tongji Hospital Affiliated to Tongji Medical College of Huazhong University of Science & Technology (38%); Wuhan Central Hospital Affiliated to Tongji Medical College of Huazhong University of Science and Technology (12%)
493,8,1.0,1.5,33.333333333333336,Biological Sciences,Genetics,Zhejiang University,China,0.011554515649147131,92.35091064026496,Genetics (100%),Zhejiang University (62%); Zhejiang Center for Disease Control and Prevention (38%)
494,8,1.0,1.0,14.285714285714286,Biomedical and Clinical Sciences,Cardiovascular Medicine and Haematology,Renmin Hospital of Wuhan University,China,0.011554515649147131,92.36246515591411,Cardiovascular Medicine and Haematology (100%),Renmin Hospital of Wuhan University (100%)
495,8,1.0,1.5,33.333333333333336,Biomedical and Clinical Sciences,Epidemiology,Nanchang University,China,0.011554515649147131,92.37401967156326,Epidemiology (88%); Clinical Sciences (12%),Nanchang University (62%); First Affiliated Hospital of Nanchang University (38%)
496,8,0.0,1.0,25.0,Health Sciences,Epidemiology,Tongji University,China,0.011554515649147131,92.38557418721241,Epidemiology (100%),Tongji University (50%); First Affiliated Hospital of Chongqing Medical University (12%); Independent Researcher (12%)
497,8,1.0,1.0,50.0,Biomedical and Clinical Sciences,Clinical Sciences,Fourth Affiliated Hospital of Zhejiang University School of Medicine,China,0.011554515649147131,92.39712870286156,Clinical Sciences (100%),Fourth Affiliated Hospital of Zhejiang University School of Medicine (88%); Second Affiliated Hospital of Zhejiang University School of Medicine (12%)
498,8,0.0,1.0,80.0,Biomedical and Clinical Sciences,Clinical Sciences,Zhejiang Shuren University,China,0.011554515649147131,92.40868321851072,Clinical Sciences (100%),Zhejiang Shuren University (100%)
499,8,1.0,1.0,33.333333333333336,Biomedical and Clinical Sciences,Oncology and Carcinogenesis,Pusan National University,South Korea,0.011554515649147131,92.42023773415987,Oncology and Carcinogenesis (100%),Pusan National University (50%); Pusan National University Yangsan Hospital (25%); Gachon University Gil Medical Center (12%)
500,8,1.625,2.0,50.0,Biomedical and Clinical Sciences,Oncology and Carcinogenesis,Chinese PLA General Hospital,China,0.011554515649147131,92.43179224980902,Oncology and Carcinogenesis (100%),Chinese PLA General Hospital (75%); Hebei North University (12%); Peking University (12%)
501,8,0.625,1.0,25.0,Biomedical and Clinical Sciences,Clinical Sciences,Nanjing Normal University,China,0.011554515649147131,92.44334676545817,Clinical Sciences (38%); Medical Biochemistry and Metabolomics (38%); Epidemiology (25%),"Nanjing Normal University (38%); Department of Hepatology, The Fourth Hospital of Huai’an, Huai’an, Jiangsu, P. R. China (25%); Nanjing University of Chinese Medicine (25%)"
502,8,1.0,2.0,0.0,Biomedical and Clinical Sciences,Clinical Sciences,Fudan University,China,0.011554515649147131,92.45490128110733,Clinical Sciences (100%),Fudan University (100%)
503,8,1.0,1.0,50.0,Biological Sciences,Biochemistry and Cell Biology,China-Japan Friendship Hospital,China,0.011554515649147131,92.46645579675648,Biochemistry and Cell Biology (100%),China-Japan Friendship Hospital (100%)
504,8,1.0,1.0,0.0,Biological Sciences,Genetics,Shanghai University of Traditional Chinese Medicine,China,0.011554515649147131,92.47801031240563,Genetics (100%),Shanghai University of Traditional Chinese Medicine (100%)
505,8,1.0,1.0,25.0,Biomedical and Clinical Sciences,Cardiovascular Medicine and Haematology,Peking University First Hospital,China,0.011554515649147131,92.48956482805478,Cardiovascular Medicine and Haematology (100%),Peking University First Hospital (100%)
506,8,1.0,1.0,57.142857142857146,Biomedical and Clinical Sciences,Epidemiology,Huadong Hospital,China,0.011554515649147131,92.50111934370393,Epidemiology (100%),Huadong Hospital (75%); Huashan Hospital (12%); People’s Hospital of Wenshan Prefecture (12%)
507,8,1.0,1.0,66.66666666666667,Biomedical and Clinical Sciences,Cardiovascular Medicine and Haematology,Second Affiliated Hospital of Kunming Medical College,China,0.011554515649147131,92.51267385935309,Cardiovascular Medicine and Haematology (100%),"Second Affiliated Hospital of Kunming Medical College (62%); Yunnan Cancer Hospital (25%); Department of Respiratory and Critical Care, Yunnan Second People’s Hospital, Kunming, Yunnan Province, China (12%)"
508,8,1.0,1.0,16.666666666666668,Biomedical and Clinical Sciences,Clinical Sciences,Peking University People's Hospital,China,0.011554515649147131,92.52422837500224,Clinical Sciences (100%),Peking University People's Hospital (50%); Nanchang University (25%); Chinese PLA General Hospital (12%)
509,8,1.0,1.5,60.0,Biomedical and Clinical Sciences,Clinical Sciences,First Hospital of Jilin University,China,0.011554515649147131,92.53578289065139,Clinical Sciences (100%),"First Hospital of Jilin University (75%); Department of Neurosurgery, Qilu Hospital of Shandong University Dezhou Hospital, Dezhou, China (12%); Second Affiliated Hospital of Jilin University (12%)"
510,8,1.375,1.5,28.571428571428573,Biomedical and Clinical Sciences,Clinical Sciences,Tongji Hospital Affiliated to Tongji Medical College of Huazhong University of Science & Technology,China,0.011554515649147131,92.54733740630054,Clinical Sciences (50%); Epidemiology (50%),Tongji Hospital Affiliated to Tongji Medical College of Huazhong University of Science & Technology (88%); Renmin Hospital of Wuhan University (12%)
511,8,1.0,1.0,60.0,Biomedical and Clinical Sciences,Clinical Sciences,Peking University Third Hospital,China,0.011554515649147131,92.5588919219497,Clinical Sciences (100%),Peking University Third Hospital (100%)
512,8,1.0,1.0,25.0,Biomedical and Clinical Sciences,Immunology,Yonsei University,South Korea,0.011554515649147131,92.57044643759885,Immunology (100%),Yonsei University (100%)
513,8,1.0,1.0,66.66666666666667,Health Sciences,Epidemiology,Chengdu University of Traditional Chinese Medicine,China,0.011554515649147131,92.582000953248,Epidemiology (88%); Immunology (12%),Chengdu University of Traditional Chinese Medicine (75%); Hospital of Chengdu University of Traditional Chinese (25%)
514,8,1.0,1.0,33.333333333333336,Biomedical and Clinical Sciences,Clinical Sciences,Shanghai Jiao Tong University,China,0.011554515649147131,92.59355546889715,Clinical Sciences (100%),Shanghai Jiao Tong University (100%)
515,8,1.0,1.0,0.0,Biomedical and Clinical Sciences,Cardiovascular Medicine and Haematology,Nanjing University,China,0.011554515649147131,92.6051099845463,Cardiovascular Medicine and Haematology (100%),Nanjing University (62%); Nanjing Medical University (12%); Nanjing University of Chinese Medicine (12%)
516,8,1.0,1.0,71.42857142857143,Health Sciences,Epidemiology,The University of Sydney,Australia,0.011554515649147131,92.61666450019545,Epidemiology (100%),The University of Sydney (88%); University of Edinburgh (12%)
517,8,0.0,1.0,50.0,Biomedical and Clinical Sciences,Clinical Sciences,First Affiliated Hospital of Wenzhou Medical University,China,0.011554515649147131,92.6282190158446,Clinical Sciences (100%),"First Affiliated Hospital of Wenzhou Medical University (38%); Ospedale Sandro Pertini (25%); Medicine Department, Internal Medicine Unit, Budrio Hospital Azienda USL, Budrio, 40054, Bologna, Italy. Electronic address: sirio.fiorino@ausl.bologna.it. (12%)"
518,8,1.0,1.0,75.0,Biomedical and Clinical Sciences,Epidemiology,Southern Medical University,China,0.011554515649147131,92.63977353149376,Epidemiology (100%),Southern Medical University (88%); Shanghai Cancer Institute (12%)
519,8,1.0,1.0,50.0,Biomedical and Clinical Sciences,Epidemiology,First Hospital of Jilin University,China,0.011554515649147131,92.65132804714291,Epidemiology (100%),First Hospital of Jilin University (88%); Jilin University (12%)
520,8,0.125,1.0,0.0,Biomedical and Clinical Sciences,Biological Psychology,Boston University,United States,0.011554515649147131,92.66288256279206,Biological Psychology (88%); Clinical Sciences (12%),"Boston University (50%); Chosun University (25%); University of Maryland, College Park (25%)"
521,8,1.0,1.0,100.0,Biological Sciences,Genetics,Southern Medical University,China,0.011554515649147131,92.67443707844122,Genetics (100%),Southern Medical University (100%)
522,8,1.0,1.0,75.0,Biomedical and Clinical Sciences,Clinical Sciences,Kunming University of Science and Technology,China,0.011554515649147131,92.68599159409037,Clinical Sciences (100%),Kunming University of Science and Technology (100%)
523,7,0.0,1.0,100.0,Health Sciences,Epidemiology,National Cancer Center,South Korea,0.01011020119300374,92.69610179528337,Epidemiology (100%),National Cancer Center (100%)
524,7,1.0,1.0,50.0,Biomedical and Clinical Sciences,Epidemiology,Zhongshan Hospital,China,0.01011020119300374,92.70621199647637,Epidemiology (100%),Zhongshan Hospital (57%); University of Galway (29%); Huashan Hospital (14%)
525,7,1.0,1.0,40.0,Biomedical and Clinical Sciences,Clinical Sciences,First Hospital of China Medical University,China,0.01011020119300374,92.71632219766937,Clinical Sciences (100%),First Hospital of China Medical University (86%); Dalian University of Technology (14%)
526,7,1.0,1.0,14.285714285714286,Information and Computing Sciences,Biological Psychology,Stanford University,United States,0.01011020119300374,92.72643239886237,Biological Psychology (100%),Stanford University (100%)
527,7,1.0,1.0,66.66666666666667,Health Sciences,Epidemiology,Tongji University,China,0.01011020119300374,92.73654260005537,Epidemiology (100%),Tongji University (86%); Shanghai Jiao Tong University (14%)
528,7,0.0,1.0,0.0,Biomedical and Clinical Sciences,Public Health,Bumrungrad International Hospital,Switzerland,0.01011020119300374,92.74665280124837,Public Health (100%),"Bumrungrad International Hospital (43%); Keyoniq Technologies AG, CH-6340, Baar, Switzerland (29%); ETH Zurich (14%)"
529,7,0.0,1.0,0.0,Health Sciences,Public Health,New Cross Hospital,United Kingdom,0.01011020119300374,92.75676300244137,Public Health (100%),New Cross Hospital (57%); University of Wolverhampton (29%); Birmingham City University (14%)
530,7,1.0,1.0,14.285714285714286,Biomedical and Clinical Sciences,Ophthalmology and Optometry,Kagoshima University,Japan,0.01011020119300374,92.76687320363438,Ophthalmology and Optometry (100%),Kagoshima University (71%); The University of Tokyo (29%)
531,7,1.1428571428571428,1.0,100.0,Biological Sciences,Epidemiology,Chengdu University of Traditional Chinese Medicine,China,0.01011020119300374,92.77698340482738,Epidemiology (57%); Genetics (43%),Chengdu University of Traditional Chinese Medicine (57%); Public Health Clinical Center of Chengdu (29%); University of Electronic Science and Technology of China (14%)
532,7,1.0,1.0,0.0,Biomedical and Clinical Sciences,Ophthalmology and Optometry,"NEC Israeli Research Center, Herzliya, Israel.",Israel,0.01011020119300374,92.78709360602038,Ophthalmology and Optometry (100%),"NEC Israeli Research Center, Herzliya, Israel. (57%); NEC Israeli Research Center, Herzliya, Israel. Electronic address: shvatm@post.bgu.ac.il. (14%); Soroka Medical Center (14%)"
533,7,1.0,1.0,16.666666666666668,Biomedical and Clinical Sciences,Medical Biochemistry and Metabolomics,Zhongshan Hospital,China,0.01011020119300374,92.79720380721338,Medical Biochemistry and Metabolomics (100%),Zhongshan Hospital (86%); Eighth Affiliated Hospital of Sun Yat-sen University (14%)
534,7,1.7142857142857142,2.0,50.0,Biological Sciences,Biochemistry and Cell Biology,Shanghai Tenth People's Hospital,China,0.01011020119300374,92.80731400840638,Biochemistry and Cell Biology (100%),Shanghai Tenth People's Hospital (100%)
535,7,2.0,5.0,42.857142857142854,Biomedical and Clinical Sciences,Oncology and Carcinogenesis,"Antegenes, Tartu, Estonia",Estonia,0.01011020119300374,92.81742420959938,Oncology and Carcinogenesis (71%); Genetics (29%),"Antegenes, Tartu, Estonia (43%); OÜ Antegenes, Tartu, Estonia (29%); Tartu University Hospital (14%)"
536,7,1.0,1.0,0.0,Biomedical and Clinical Sciences,Nutrition and Dietetics,Nanchang University,China,0.01011020119300374,92.82753441079238,Nutrition and Dietetics (43%); Clinical Sciences (29%); Food Sciences (29%),Nanchang University (57%); First Affiliated Hospital of Nanchang University (43%)
537,7,1.2857142857142858,1.0,40.0,Health Sciences,Epidemiology,Beijing Tian Tan Hospital,China,0.01011020119300374,92.83764461198538,Epidemiology (71%); Biological Psychology (29%),Beijing Tian Tan Hospital (71%); Capital Medical University (29%)
538,7,1.0,1.0,50.0,Biological Sciences,Epidemiology,Hunan Normal University,China,0.01011020119300374,92.84775481317838,Epidemiology (100%),Hunan Normal University (71%); Central South University (14%); Hunan Provincial People's Hospital (14%)
539,7,1.0,1.0,100.0,Biomedical and Clinical Sciences,Oncology and Carcinogenesis,Anhui Medical University,China,0.01011020119300374,92.85786501437138,Oncology and Carcinogenesis (100%),Anhui Medical University (100%)
540,7,1.0,1.0,66.66666666666667,Biological Sciences,Biochemistry and Cell Biology,Chengdu Third People's Hospital,China,0.01011020119300374,92.86797521556439,Biochemistry and Cell Biology (100%),Chengdu Third People's Hospital (71%); North Sichuan Medical University (14%); Southwest Jiaotong University (14%)
541,7,1.0,1.0,100.0,Environmental Sciences,Epidemiology,Sun Yat-sen University,China,0.01011020119300374,92.87808541675739,Epidemiology (100%),Sun Yat-sen University (100%)
542,7,1.0,1.0,33.333333333333336,Biomedical and Clinical Sciences,Cardiovascular Medicine and Haematology,Guangzhou Medical University,China,0.01011020119300374,92.88819561795039,Cardiovascular Medicine and Haematology (100%),"Guangzhou Medical University (86%); Department of Ultrasound Medicine, Liwan Central Hospital of Guangzhou, Guangzhou, China (14%)"
543,7,1.0,1.0,0.0,Biomedical and Clinical Sciences,Nutrition and Dietetics,Shanghai University of Medicine and Health Sciences,China,0.01011020119300374,92.89830581914339,Nutrition and Dietetics (57%); Clinical Sciences (43%),Shanghai University of Medicine and Health Sciences (71%); Shanghai Jiao Tong University (29%)
544,7,1.0,1.0,100.0,Psychology,Biological Psychology,Shanghai University of Traditional Chinese Medicine,China,0.01011020119300374,92.90841602033639,Biological Psychology (100%),Shanghai University of Traditional Chinese Medicine (86%); Liaoning University of Traditional Chinese Medicine (14%)
545,7,1.0,2.0,33.333333333333336,Biomedical and Clinical Sciences,Epidemiology,Zhejiang University,China,0.01011020119300374,92.91852622152939,Epidemiology (100%),Zhejiang University (86%); Soochow University (14%)
546,7,1.0,1.0,57.142857142857146,Biomedical and Clinical Sciences,Public Health,University of Freiburg,Germany,0.01011020119300374,92.92863642272239,Public Health (100%),University of Freiburg (71%); University of Pecs (14%); Universitäts-Herzzentrum Freiburg-Bad Krozingen (14%)
547,7,1.0,1.0,100.0,Biomedical and Clinical Sciences,Immunology,Beijing Tongren Hospital,China,0.01011020119300374,92.93874662391539,Immunology (100%),Beijing Tongren Hospital (100%)
548,7,1.5714285714285714,2.0,75.0,Health Sciences,Epidemiology,Shandong Provincial QianFoShan Hospital,China,0.01011020119300374,92.9488568251084,Epidemiology (71%); Medical Microbiology (29%),Shandong Provincial QianFoShan Hospital (86%); Shandong First Medical University & Shandong Academy of Medical Sciences (14%)
549,7,1.0,1.0,40.0,Biological Sciences,Microbiology,Northern Jiangsu People's Hospital,China,0.01011020119300374,92.9589670263014,Microbiology (100%),Northern Jiangsu People's Hospital (57%); Yangzhou University (43%)
550,7,1.0,1.0,100.0,Health Sciences,Epidemiology,Southern Medical University,China,0.01011020119300374,92.9690772274944,Epidemiology (100%),Southern Medical University (86%); Jinan University (14%)
551,7,1.0,1.0,66.66666666666667,Biomedical and Clinical Sciences,Clinical Sciences,Hunan University of Traditional Chinese Medicine,China,0.01011020119300374,92.9791874286874,Clinical Sciences (100%),Hunan University of Traditional Chinese Medicine (100%)
552,7,1.0,2.0,50.0,Biological Sciences,Epidemiology,Guangzhou University of Chinese Medicine,China,0.01011020119300374,92.9892976298804,Epidemiology (86%); Genetics (14%),Guangzhou University of Chinese Medicine (100%)
553,7,1.5714285714285714,2.0,75.0,Biological Sciences,Clinical Sciences,Ningbo University,China,0.01011020119300374,92.9994078310734,Clinical Sciences (100%),Ningbo University (86%); Wenzhou Medical University (14%)
554,7,1.0,1.0,20.0,Health Sciences,Epidemiology,"Plastic Surgery Hospital, CAMS&PUMC",China,0.01011020119300374,93.0095180322664,Epidemiology (100%),"Plastic Surgery Hospital, CAMS&PUMC (100%)"
555,7,1.0,1.0,0.0,Health Sciences,Epidemiology,Hospital of Chengdu University of Traditional Chinese,China,0.01011020119300374,93.0196282334594,Epidemiology (100%),Hospital of Chengdu University of Traditional Chinese (100%)
556,7,1.0,1.0,40.0,Biological Sciences,Genetics,Beijing Anzhen Hospital,China,0.01011020119300374,93.0297384346524,Genetics (100%),"Beijing Anzhen Hospital (86%); Mass Spectrometry Research Institute, Beijing Gobroad Healthcare Group, 100071, Beijing, China (14%)"
557,7,1.0,1.0,28.571428571428573,Biological Sciences,Biochemistry and Cell Biology,GlaxoSmithKline Research and Development Ltd,United Kingdom,0.01011020119300374,93.0398486358454,Biochemistry and Cell Biology (100%),"GlaxoSmithKline Research and Development Ltd (57%); National Centre of Scientific Research ""Demokritos"" (14%); National and Kapodistrian University of Athens (14%)"
558,7,0.0,1.0,66.66666666666667,Biomedical and Clinical Sciences,Clinical Sciences,Fujian Provincial Cancer Hospital,China,0.01011020119300374,93.0499588370384,Clinical Sciences (100%),"Fujian Provincial Cancer Hospital (57%); Department of Critical Care Medicine, Fuzhou Second General Hospital, Fuzhou, Fujian, China (14%); Fujian Medical University (14%)"
559,7,1.0,1.0,50.0,Biomedical and Clinical Sciences,Clinical Sciences,Tianjin Medical University General Hospital,China,0.01011020119300374,93.0600690382314,Clinical Sciences (100%),Tianjin Medical University General Hospital (100%)
560,7,0.0,1.0,75.0,Biomedical and Clinical Sciences,Clinical Sciences,Northwest University,China,0.01011020119300374,93.0701792394244,Clinical Sciences (100%),Northwest University (71%); First Affiliated Hospital of Xi'an Jiaotong University (29%)
561,7,0.0,1.0,100.0,Biomedical and Clinical Sciences,Clinical Sciences,Jiangsu Province Hospital,China,0.01011020119300374,93.0802894406174,Clinical Sciences (100%),Jiangsu Province Hospital (100%)
562,7,1.4285714285714286,1.0,0.0,Biomedical and Clinical Sciences,Clinical Sciences,Nanjing Medical University,China,0.01011020119300374,93.09039964181041,Clinical Sciences (100%),Nanjing Medical University (43%); George Mason University (29%); Howard University (14%)
563,7,1.0,1.0,28.571428571428573,Biomedical and Clinical Sciences,Clinical Sciences,Imperial College London,United Kingdom,0.01011020119300374,93.10050984300341,Clinical Sciences (100%),Imperial College London (86%); Queen Mary University of London (14%)
564,7,1.0,1.0,0.0,Biomedical and Clinical Sciences,Biological Psychology,First Affiliated Hospital of GuangXi Medical University,China,0.01011020119300374,93.11062004419641,Biological Psychology (100%),First Affiliated Hospital of GuangXi Medical University (86%); Guangxi Medical University (14%)
565,7,1.0,1.0,28.571428571428573,Biological Sciences,Genetics,"University of California, Irvine",United States,0.01011020119300374,93.12073024538941,Genetics (100%),"University of California, Irvine (71%); University of California, Los Angeles (14%); University of California, Riverside (14%)"
566,7,1.1428571428571428,2.0,16.666666666666668,Health Sciences,Epidemiology,"Centre for Health Economics, Monash Business School, 900 Dandenong Rd, 3145, Caulfield East, VIC, Australia",Australia,0.01011020119300374,93.13084044658241,Epidemiology (71%); Public Health (29%),"Centre for Health Economics, Monash Business School, 900 Dandenong Rd, 3145, Caulfield East, VIC, Australia (29%); Monash Business School Centre for Health Economics (29%); Monash University (29%)"
567,7,1.0,1.0,33.333333333333336,Biomedical and Clinical Sciences,,First Affiliated Hospital of Dalian Medical University,China,0.01011020119300374,93.14095064777541,,First Affiliated Hospital of Dalian Medical University (100%)
568,7,1.0,1.0,83.33333333333333,Biomedical and Clinical Sciences,Oncology and Carcinogenesis,University of Toronto,Canada,0.01011020119300374,93.15106084896841,Oncology and Carcinogenesis (86%); Biological Psychology (14%),University of Toronto (71%); University of Alberta (29%)
569,7,0.7142857142857143,2.0,0.0,Biological Sciences,Epidemiology,Taipei Medical University,Taiwan,0.01011020119300374,93.16117105016141,Epidemiology (100%),Taipei Medical University (71%); Taipei Medical University Hospital (14%); Yuan Ze University (14%)
570,7,1.0,1.0,33.333333333333336,Biomedical and Clinical Sciences,Clinical Sciences,McGill University,Canada,0.01011020119300374,93.17128125135442,Clinical Sciences (100%),McGill University (43%); Harvard University (14%); Jewish General Hospital (14%)
571,7,0.0,1.0,33.333333333333336,Biological Sciences,Epidemiology,Shanghai Jiao Tong University,China,0.01011020119300374,93.18139145254742,Epidemiology (100%),Shanghai Jiao Tong University (100%)
572,7,0.0,2.0,40.0,Biomedical and Clinical Sciences,Epidemiology,Wuhan Central Hospital Affiliated to Tongji Medical College of Huazhong University of Science and Technology,China,0.01011020119300374,93.19150165374042,Epidemiology (86%); Oncology and Carcinogenesis (14%),Wuhan Central Hospital Affiliated to Tongji Medical College of Huazhong University of Science and Technology (86%); Sichuan University (14%)
573,7,1.0,1.0,75.0,Biomedical and Clinical Sciences,Clinical Sciences,Fujian Medical University,China,0.01011020119300374,93.20161185493342,Clinical Sciences (100%),Fujian Medical University (86%); First Affiliated Hospital of Fujian Medical University (14%)
574,7,0.0,1.0,33.333333333333336,Biomedical and Clinical Sciences,Clinical Sciences,Southern Medical University,China,0.01011020119300374,93.21172205612642,Clinical Sciences (100%),Southern Medical University (57%); China Tibetology Research Center (14%); Leipzig University (14%)
575,7,1.0,1.0,0.0,Biomedical and Clinical Sciences,Clinical Sciences,First Affiliated Hospital of Xiamen University,China,0.01011020119300374,93.22183225731942,Clinical Sciences (100%),First Affiliated Hospital of Xiamen University (57%); Fujian Medical University (43%)
576,7,0.0,2.0,60.0,Biomedical and Clinical Sciences,Clinical Sciences,Hebei University of Engineering,China,0.01011020119300374,93.23194245851242,Clinical Sciences (100%),Hebei University of Engineering (71%); Affiliated Hospital of Hebei University (14%); Army Medical University (14%)
577,7,1.0,1.0,0.0,Biomedical and Clinical Sciences,Nutrition and Dietetics,Affiliated Hospital of Jiangsu University,China,0.01011020119300374,93.24205265970542,Nutrition and Dietetics (100%),Affiliated Hospital of Jiangsu University (57%); Chinese Academy of Medical Sciences (29%); University Medical Center Groningen (14%)
578,7,1.0,1.0,0.0,Biomedical and Clinical Sciences,Clinical Sciences,First Affiliated Hospital of GuangXi Medical University,China,0.01011020119300374,93.25216286089842,Clinical Sciences (100%),First Affiliated Hospital of GuangXi Medical University (100%)
579,7,0.0,1.0,50.0,Biomedical and Clinical Sciences,Clinical Sciences,Medical University of South Carolina,United States,0.01011020119300374,93.26227306209142,Clinical Sciences (100%),Medical University of South Carolina (86%); The University of Texas Health Science Center at Houston (14%)
580,7,1.0,1.0,0.0,Biological Sciences,Microbiology,Tianjin Medical University General Hospital,China,0.01011020119300374,93.27238326328442,Microbiology (100%),Tianjin Medical University General Hospital (71%); Federal Research Center of Fundamental and Translational Medicine (29%)
581,7,1.1428571428571428,1.0,80.0,Biomedical and Clinical Sciences,Medicinal and Biomolecular Chemistry,Nanjing Medical University,China,0.01011020119300374,93.28249346447743,Medicinal and Biomolecular Chemistry (57%); Pharmacology and Pharmaceutical Sciences (43%),Nanjing Medical University (86%); Jiangsu University (14%)
582,7,1.0,1.0,28.571428571428573,Biological Sciences,Bioinformatics and Computational Biology,University College London,United Kingdom,0.01011020119300374,93.29260366567043,Bioinformatics and Computational Biology (100%),University College London (71%); University of Nottingham (29%)
583,7,1.0,1.0,40.0,Biological Sciences,Microbiology,First Affiliated Hospital of Chongqing Medical University,China,0.01011020119300374,93.30271386686343,Microbiology (100%),First Affiliated Hospital of Chongqing Medical University (100%)
584,7,1.4285714285714286,2.0,50.0,Biomedical and Clinical Sciences,Epidemiology,Sun Yat-sen University Cancer Center,China,0.01011020119300374,93.31282406805643,Epidemiology (71%); Biological Psychology (29%),Sun Yat-sen University Cancer Center (100%)
585,7,1.0,1.0,50.0,Biomedical and Clinical Sciences,Clinical Sciences,Zhongshan Hospital,China,0.01011020119300374,93.32293426924943,Clinical Sciences (100%),Zhongshan Hospital (100%)
586,7,1.0,1.0,100.0,Biomedical and Clinical Sciences,Oncology and Carcinogenesis,First Affiliated Hospital of Xi'an Jiaotong University,China,0.01011020119300374,93.33304447044243,Oncology and Carcinogenesis (100%),First Affiliated Hospital of Xi'an Jiaotong University (71%); Qingdao University (14%); Second Affiliated Hospital of Xi'an Jiaotong University (14%)
587,7,0.5714285714285714,1.0,33.333333333333336,Biomedical and Clinical Sciences,Clinical Sciences,Affiliated Hospital of North Sichuan Medical College,China,0.01011020119300374,93.34315467163543,Clinical Sciences (71%); Applied and Developmental Psychology (29%),Affiliated Hospital of North Sichuan Medical College (57%); Düsseldorf University Hospital (43%)
588,7,1.0,1.0,50.0,Biomedical and Clinical Sciences,Oncology and Carcinogenesis,Tongji University,China,0.01011020119300374,93.35326487282843,Oncology and Carcinogenesis (100%),Tongji University (71%); Huashan Hospital (14%); Hunan Normal University (14%)
589,7,1.0,1.0,50.0,Biomedical and Clinical Sciences,Clinical Sciences,Xiangya Hospital Central South University,China,0.01011020119300374,93.36337507402143,Clinical Sciences (100%),Xiangya Hospital Central South University (57%); Central South University (29%); University of Washington (14%)
590,7,1.0,1.0,71.42857142857143,Biomedical and Clinical Sciences,Public Health,Tyumen State Medical University,Russia,0.01011020119300374,93.37348527521443,Public Health (100%),"Tyumen State Medical University (71%); Tomsk National Research Medical Center (14%); Tyumen State Medical University; Industrial University of Tyumen, Tyumen, Russia (14%)"
591,7,1.0,1.0,33.333333333333336,Biological Sciences,Oncology and Carcinogenesis,China Medical University,China,0.01011020119300374,93.38359547640744,Oncology and Carcinogenesis (100%),China Medical University (43%); Sheng Jing Hospital (43%); Chongqing University (14%)
592,7,1.2857142857142858,1.0,16.666666666666668,Information and Computing Sciences,Machine Learning,Yale University,United States,0.01011020119300374,93.39370567760044,Machine Learning (100%),Yale University (43%); Florida Atlantic University (14%); Gates Foundation (14%)
593,7,1.0,1.0,0.0,Biological Sciences,Microbiology,Youjiang Medical College for Nationalities,China,0.01011020119300374,93.40381587879344,Microbiology (100%),Youjiang Medical College for Nationalities (57%); Jinan University (29%); Affiliated Hospital of Youjiang Medical University for Nationalities (14%)
594,7,1.0,1.0,0.0,Biomedical and Clinical Sciences,Clinical Sciences,Beijing University of Chinese Medicine,China,0.01011020119300374,93.41392607998644,Clinical Sciences (100%),Beijing University of Chinese Medicine (43%); Wangjing Hospital of China Academy of Chinese Medical Sciences (43%); Guangzhou Medical University (14%)
595,7,1.5714285714285714,2.0,57.142857142857146,Biomedical and Clinical Sciences,Nutrition and Dietetics,University of Eastern Piedmont Amadeo Avogadro,Italy,0.01011020119300374,93.42403628117944,Nutrition and Dietetics (100%),University of Eastern Piedmont Amadeo Avogadro (100%)
596,7,0.8571428571428571,2.0,33.333333333333336,Biomedical and Clinical Sciences,Clinical Sciences,Jilin University,China,0.01011020119300374,93.43414648237244,Clinical Sciences (86%); Pharmacology and Pharmaceutical Sciences (14%),Jilin University (100%)
597,7,1.0,1.0,50.0,Biological Sciences,Genetics,Nanjing Children's Hospital of Nanjing Medical University,China,0.01011020119300374,93.44425668356544,Genetics (100%),Nanjing Children's Hospital of Nanjing Medical University (43%); Nanjing University (43%); Stomatological Hospital of Guangzhou Medical University (14%)
598,7,1.0,1.0,60.0,Biomedical and Clinical Sciences,Cardiovascular Medicine and Haematology,Heilongjiang University of Chinese Medicine,China,0.01011020119300374,93.45436688475844,Cardiovascular Medicine and Haematology (100%),Heilongjiang University of Chinese Medicine (100%)
599,7,1.0,1.0,100.0,Biomedical and Clinical Sciences,Allied Health and Rehabilitation Science,Sun Yat-sen University,China,0.01011020119300374,93.46447708595144,Allied Health and Rehabilitation Science (100%),Sun Yat-sen University (100%)
600,7,2.857142857142857,1.0,0.0,Biomedical and Clinical Sciences,Ophthalmology and Optometry,Icahn School of Medicine at Mount Sinai,United States,0.01011020119300374,93.47458728714444,Ophthalmology and Optometry (43%); Clinical Sciences (29%); Biological Psychology (14%),Icahn School of Medicine at Mount Sinai (29%); State University of New York Downstate Health Sciences University (29%); New York University (14%)
601,7,1.0,1.0,50.0,Biomedical and Clinical Sciences,Epidemiology,China Academy of Chinese Medical Sciences,China,0.01011020119300374,93.48469748833745,Epidemiology (100%),China Academy of Chinese Medical Sciences (71%); Beijing University of Chinese Medicine (29%)
602,7,0.0,1.0,28.571428571428573,Biological Sciences,Genetics,Imperial College London,United Kingdom,0.01011020119300374,93.49480768953045,Genetics (100%),Imperial College London (57%); King's College London (43%)
603,7,4.428571428571429,4.0,50.0,Biological Sciences,Genetics,University of Washington,United States,0.01011020119300374,93.50491789072345,Genetics (86%); Epidemiology (14%),University of Washington (71%); AstraZeneca Pharmaceuticals LP (14%); University of Michigan-Ann Arbor (14%)
604,7,1.1428571428571428,1.0,80.0,Biomedical and Clinical Sciences,Clinical Sciences,Affiliated Hospital of Qingdao University,China,0.01011020119300374,93.51502809191645,Clinical Sciences (57%); Epidemiology (43%),Affiliated Hospital of Qingdao University (71%); Qingdao University (14%); Yuhuangding Hospital (14%)
605,7,1.0,1.0,66.66666666666667,Biomedical and Clinical Sciences,Clinical Sciences,Beijing Friendship Hospital,China,0.01011020119300374,93.52513829310945,Clinical Sciences (100%),Beijing Friendship Hospital (100%)
606,7,1.0,1.0,100.0,Biomedical and Clinical Sciences,Clinical Sciences,Tianjin Medical University,China,0.01011020119300374,93.53524849430245,Clinical Sciences (100%),Tianjin Medical University (100%)
607,7,1.0,1.0,28.571428571428573,Biological Sciences,Genetics,"University of California, San Francisco",United States,0.01011020119300374,93.54535869549545,Genetics (100%),"University of California, San Francisco (86%); Stanford University (14%)"
608,7,0.0,1.0,75.0,Biomedical and Clinical Sciences,Epidemiology,Hunan University of Traditional Chinese Medicine,China,0.01011020119300374,93.55546889668845,Epidemiology (100%),Hunan University of Traditional Chinese Medicine (86%); Hunan Academy of Traditional Chinese Medicine (14%)
609,7,1.0,1.0,50.0,Biological Sciences,Genetics,Shanghai East Hospital,China,0.01011020119300374,93.56557909788145,Genetics (100%),Shanghai East Hospital (86%); Huadong Hospital (14%)
610,7,1.0,2.0,60.0,Biomedical and Clinical Sciences,Epidemiology,Second Affiliated Hospital of Harbin Medical University,China,0.01011020119300374,93.57568929907445,Epidemiology (100%),"Second Affiliated Hospital of Harbin Medical University (71%); China-Japan Friendship Hospital (14%); Department of Respiratory Medicine, The Second Hospital of Heilongjiang Province, 150001, Harbin, China (14%)"
611,7,1.0,1.0,100.0,Biomedical and Clinical Sciences,Epidemiology,Chongqing Medical University,China,0.01011020119300374,93.58579950026746,Epidemiology (100%),Chongqing Medical University (71%); Army Medical University (14%); First Affiliated Hospital of Chongqing Medical University (14%)
612,7,1.5714285714285714,2.0,0.0,Biomedical and Clinical Sciences,Clinical Sciences,The University of Tokyo,Japan,0.01011020119300374,93.59590970146046,Clinical Sciences (100%),The University of Tokyo (29%); Jichi Medical University Saitama Medical Center (14%); King's College London (14%)
613,7,1.0,1.0,66.66666666666667,Biological Sciences,Biochemistry and Cell Biology,Zhejiang University,China,0.01011020119300374,93.60601990265346,Biochemistry and Cell Biology (100%),Zhejiang University (86%); Yiwu Central Hospital (14%)
614,7,1.0,1.0,25.0,Biomedical and Clinical Sciences,Oncology and Carcinogenesis,Hebei Medical University,China,0.01011020119300374,93.61613010384646,Oncology and Carcinogenesis (100%),Hebei Medical University (100%)
615,7,0.0,1.0,42.857142857142854,Information and Computing Sciences,"Graphics, Augmented Reality and Games",Altınbaş University,Iraq,0.01011020119300374,93.62624030503946,"Graphics, Augmented Reality and Games (100%)","Altınbaş University (29%); Al-Ayen University (14%); College of Medicine, University of Al-Ameed, Karbala PO Box 198, Iraq (14%)"
616,7,0.0,1.0,66.66666666666667,Health Sciences,Epidemiology,Affiliated Hospital of Southwest Medical University,China,0.01011020119300374,93.63635050623246,Epidemiology (100%),Affiliated Hospital of Southwest Medical University (71%); Fudan University (29%)
617,7,1.0,1.0,80.0,Health Sciences,Epidemiology,West China Hospital of Sichuan University,China,0.01011020119300374,93.64646070742546,Epidemiology (100%),West China Hospital of Sichuan University (86%); Chengdu Fifth People's Hospital (14%)
618,7,0.0,1.0,0.0,Health Sciences,Allied Health and Rehabilitation Science,北京医院 国家老年医学中心 国家卫生健康委北京老年医学研究所 国家卫生健康委老年医学重点实验室 中国医学科学院老年医学研究院，北京 100730,,0.01011020119300374,93.65657090861846,Allied Health and Rehabilitation Science (71%); Public Health (29%),北京医院 国家老年医学中心 国家卫生健康委北京老年医学研究所 国家卫生健康委老年医学重点实验室 中国医学科学院老年医学研究院，北京 100730 (100%)
619,7,1.0,1.0,50.0,Biological Sciences,Genetics,Chengdu University of Traditional Chinese Medicine,China,0.01011020119300374,93.66668110981146,Genetics (100%),"Chengdu University of Traditional Chinese Medicine (43%); Department of Gynecology, Guangan Hospital of Traditional Chinese Medicine, Guangan, Sichuan, China. Electronic address: yutong941003@163.com. (14%); Shaanxi University of Chinese Medicine (14%)"
620,7,0.0,1.0,100.0,Biomedical and Clinical Sciences,Clinical Sciences,Ningbo University,China,0.01011020119300374,93.67679131100446,Clinical Sciences (100%),Ningbo University (100%)
621,7,0.2857142857142857,1.0,40.0,Biomedical and Clinical Sciences,Clinical Sciences,Nanchang University,China,0.01011020119300374,93.68690151219747,"Clinical Sciences (86%); Atomic, Molecular and Optical Physics (14%)",Nanchang University (86%); Tongji Hospital Affiliated to Tongji Medical College of Huazhong University of Science & Technology (14%)
622,7,1.0,1.0,66.66666666666667,Biomedical and Clinical Sciences,Clinical Sciences,First Hospital of Jilin University,China,0.01011020119300374,93.69701171339047,Clinical Sciences (100%),First Hospital of Jilin University (86%); Yanbian University (14%)
623,7,0.0,1.0,33.333333333333336,Biological Sciences,Epidemiology,First Affiliated Hospital of Guangdong Pharmaceutical University,China,0.01011020119300374,93.70712191458347,Epidemiology (100%),First Affiliated Hospital of Guangdong Pharmaceutical University (71%); Chinese Academy of Sciences (14%); Chinese University of Hong Kong (14%)
624,7,1.0,1.0,66.66666666666667,Health Sciences,Epidemiology,Peking University,China,0.01011020119300374,93.71723211577647,Epidemiology (100%),Peking University (86%); State Key Laboratory of Cardiovascular Disease (14%)
625,7,0.8571428571428571,1.0,33.333333333333336,Biomedical and Clinical Sciences,Cardiovascular Medicine and Haematology,University of Florida,United States,0.01011020119300374,93.72734231696947,Cardiovascular Medicine and Haematology (57%); Genetics (43%),University of Florida (100%)
626,7,1.0,1.0,42.857142857142854,Biological Sciences,Ecology,Uppsala University,Sweden,0.01011020119300374,93.73745251816247,Ecology (100%),Uppsala University (57%); Princeton University (29%); Texas A&M University (14%)
627,7,1.0,1.0,50.0,Biological Sciences,Genetics,First Affiliated Hospital of Xinjiang Medical University,China,0.01011020119300374,93.74756271935547,Genetics (100%),"First Affiliated Hospital of Xinjiang Medical University (57%); Department of Disinfection and Vector-Borne Pathogen Control, Urumqi City Center for Disease Prevention and Control, Urumqi, China (14%); Department of General Surgery, Children’s Hospital of Xinjiang Uygur Autonomous Region, Urumqi, China (14%)"
628,7,0.8571428571428571,1.0,0.0,Health Sciences,Epidemiology,First Hospital of China Medical University,China,0.01011020119300374,93.75767292054847,Epidemiology (100%),First Hospital of China Medical University (71%); China Medical University (29%)
629,7,1.0,1.0,50.0,Biomedical and Clinical Sciences,Clinical Sciences,Wuxi No.2 People's Hospital,China,0.01011020119300374,93.76778312174147,Clinical Sciences (100%),Wuxi No.2 People's Hospital (71%); Wuxi Maternal and Child Health Hospital (14%); Yuncheng Central Hospital (14%)
630,7,0.0,1.0,14.285714285714286,Biomedical and Clinical Sciences,Biological Psychology,Capital University of Physical Education and Sports,China,0.01011020119300374,93.77789332293447,Biological Psychology (57%); Health Services and Systems (43%),Capital University of Physical Education and Sports (71%); Fujian Normal University (14%); Henan University (14%)
631,7,1.0,1.0,0.0,Biological Sciences,Biochemistry and Cell Biology,"Department of Hepatobiliary Surgery, Dongguan Kanghua Hospital, Dongguan, China",China,0.01011020119300374,93.78800352412748,Biochemistry and Cell Biology (100%),"Department of Hepatobiliary Surgery, Dongguan Kanghua Hospital, Dongguan, China (71%); Department of General Surgery, Guangzhou Red Cross Hospital, Guangzhou, China (29%)"
632,7,0.0,2.0,80.0,Biomedical and Clinical Sciences,Genetics,Ewha Womans University,South Korea,0.01011020119300374,93.79811372532048,Genetics (100%),Ewha Womans University (71%); Kangwon National University (14%); Sungkyunkwan University (14%)
633,7,1.0,1.0,50.0,Biomedical and Clinical Sciences,Epidemiology,Shanghai Jiao Tong University,China,0.01011020119300374,93.80822392651348,Epidemiology (100%),Shanghai Jiao Tong University (100%)
634,7,0.0,1.0,40.0,Health Sciences,Epidemiology,First Affiliated Hospital of Xi'an Jiaotong University,China,0.01011020119300374,93.81833412770648,Epidemiology (100%),"First Affiliated Hospital of Xi'an Jiaotong University (71%); Shanxi Institute of Science and Technology, Jincheng 048011, Shanxi, China. (14%); Xi'an Jiaotong University (14%)"
635,7,1.0,1.0,50.0,Biomedical and Clinical Sciences,Oncology and Carcinogenesis,The Second Affiliated Hospital of Nanjing Medical University,China,0.01011020119300374,93.82844432889948,Oncology and Carcinogenesis (100%),The Second Affiliated Hospital of Nanjing Medical University (100%)
636,7,0.8571428571428571,2.0,42.857142857142854,Biomedical and Clinical Sciences,Clinical Sciences,Sarawak General Hospital,Malaysia,0.01011020119300374,93.83855453009248,Clinical Sciences (86%); Health Services and Systems (14%),Sarawak General Hospital (86%); Universiti Malaysia Sarawak (14%)
637,7,1.0,1.0,0.0,Biomedical and Clinical Sciences,Clinical Sciences,Jiangnan University,China,0.01011020119300374,93.84866473128548,Clinical Sciences (100%),Jiangnan University (71%); Universiti Putra Malaysia (14%); Zhejiang Provincial People's Hospital (14%)
638,7,1.1428571428571428,2.0,0.0,Biological Sciences,Biochemistry and Cell Biology,Beijing Yanqing Hospital of Traditional Chinese Medicine,China,0.01011020119300374,93.85877493247848,Biochemistry and Cell Biology (71%); Clinical Sciences (29%),Beijing Yanqing Hospital of Traditional Chinese Medicine (57%); Capital Medical University (29%); First Hospital of Shanxi Medical University (14%)
639,7,0.0,2.0,0.0,Biomedical and Clinical Sciences,Epidemiology,Renmin Hospital of Wuhan University,China,0.01011020119300374,93.86888513367148,Epidemiology (100%),Renmin Hospital of Wuhan University (86%); Tongji Medical College of Huazhong University of Science and Technology (14%)
640,7,0.0,3.0,50.0,Health Sciences,Epidemiology,Fujian University of Traditional Chinese Medicine,China,0.01011020119300374,93.87899533486448,Epidemiology (100%),Fujian University of Traditional Chinese Medicine (71%); National Chin-Yi University of Technology (14%); Xiamen University (14%)
641,7,1.8571428571428572,2.0,33.333333333333336,Health Sciences,Epidemiology,Chengdu Third People's Hospital,China,0.01011020119300374,93.88910553605749,Epidemiology (86%); Oncology and Carcinogenesis (14%),Chengdu Third People's Hospital (29%); Shanghai University (29%); Southwest Jiaotong University (29%)
642,7,0.8571428571428571,3.0,0.0,Biomedical and Clinical Sciences,Ophthalmology and Optometry,Shanghai First People's Hospital,China,0.01011020119300374,93.89921573725049,Ophthalmology and Optometry (86%); Epidemiology (14%),Shanghai First People's Hospital (43%); Chenzhou First People's Hospital (29%); Peking University People's Hospital (14%)
643,7,0.0,3.0,0.0,Biomedical and Clinical Sciences,Ophthalmology and Optometry,Beth Israel Deaconess Medical Center,United States,0.01011020119300374,93.90932593844349,Ophthalmology and Optometry (100%),Beth Israel Deaconess Medical Center (71%); Northeastern University (14%); University of Rochester Medical Center (14%)
644,7,1.0,1.0,0.0,"Agricultural, Veterinary and Food Sciences",Food Sciences,Zhongnan Hospital of Wuhan University,China,0.01011020119300374,93.91943613963649,Food Sciences (100%),Zhongnan Hospital of Wuhan University (100%)
645,7,1.1428571428571428,1.0,33.333333333333336,Biomedical and Clinical Sciences,Epidemiology,Wenzhou Medical University,China,0.01011020119300374,93.92954634082949,Epidemiology (57%); Ophthalmology and Optometry (43%),Wenzhou Medical University (100%)
646,7,0.5714285714285714,2.0,20.0,Health Sciences,Epidemiology,Westlake University,China,0.01011020119300374,93.93965654202249,Epidemiology (100%),Westlake University (57%); Zhejiang Chinese Medical University (43%)
647,7,0.0,1.0,33.333333333333336,Biomedical and Clinical Sciences,Medical Biochemistry and Metabolomics,Beijing Obstetrics and Gynecology Hospital,China,0.01011020119300374,93.94976674321549,Medical Biochemistry and Metabolomics (100%),Beijing Obstetrics and Gynecology Hospital (86%); Capital Medical University (14%)
648,7,1.0,1.0,50.0,Biomedical and Clinical Sciences,Oncology and Carcinogenesis,West China Hospital of Sichuan University,China,0.01011020119300374,93.95987694440849,Oncology and Carcinogenesis (100%),West China Hospital of Sichuan University (100%)
649,7,1.0,1.0,16.666666666666668,Biological Sciences,Epidemiology,Xi'an Jiaotong University,China,0.01011020119300374,93.9699871456015,Epidemiology (100%),Xi'an Jiaotong University (100%)
650,7,1.0,1.0,33.333333333333336,Biomedical and Clinical Sciences,Clinical Sciences,University of Toronto,Canada,0.01011020119300374,93.9800973467945,Clinical Sciences (100%),University of Toronto (100%)
651,7,0.0,1.0,0.0,Biomedical and Clinical Sciences,Clinical Sciences,Sun Yat-sen University,China,0.01011020119300374,93.9902075479875,Clinical Sciences (100%),Sun Yat-sen University (86%); South China University of Technology (14%)
652,7,0.5714285714285714,1.0,50.0,Biomedical and Clinical Sciences,Ophthalmology and Optometry,Wenzhou Medical University,China,0.01011020119300374,94.0003177491805,Ophthalmology and Optometry (100%),Wenzhou Medical University (100%)
653,7,1.0,1.0,50.0,Health Sciences,Epidemiology,Fujian Medical University,China,0.01011020119300374,94.0104279503735,Epidemiology (100%),Fujian Medical University (100%)
654,6,0.0,1.0,50.0,Biomedical and Clinical Sciences,Clinical Sciences,Royal Free London NHS Foundation Trust,United Kingdom,0.00866588673686035,94.01909383711036,Clinical Sciences (100%),Royal Free London NHS Foundation Trust (67%); University College London (33%)
655,6,1.1666666666666667,1.0,0.0,Health Sciences,Epidemiology,Second Xiangya Hospital of Central South University,China,0.00866588673686035,94.02775972384723,Epidemiology (100%),Second Xiangya Hospital of Central South University (50%); Central South University (33%); Yale University (17%)
656,6,1.0,1.0,60.0,Biological Sciences,Epidemiology,Wuhan Puai Hospital,China,0.00866588673686035,94.03642561058409,Epidemiology (100%),Wuhan Puai Hospital (100%)
657,6,1.0,1.0,66.66666666666667,Biomedical and Clinical Sciences,Cardiovascular Medicine and Haematology,Second Affiliated Hospital of Chongqing Medical University,China,0.00866588673686035,94.04509149732095,Cardiovascular Medicine and Haematology (100%),Second Affiliated Hospital of Chongqing Medical University (100%)
658,6,1.8333333333333333,2.0,0.0,Biomedical and Clinical Sciences,Clinical Sciences,Changchun University of Chinese Medicine,China,0.00866588673686035,94.05375738405782,Clinical Sciences (100%),Changchun University of Chinese Medicine (67%); The Affiliated Hospital to Changchun University of Chinese Medicine (33%)
659,6,0.0,1.0,60.0,Biomedical and Clinical Sciences,Biological Psychology,First Affiliated Hospital of Harbin Medical University,China,0.00866588673686035,94.06242327079468,Biological Psychology (100%),First Affiliated Hospital of Harbin Medical University (67%); Chifeng Municipal Hospital (33%)
660,6,1.0,1.0,50.0,Biomedical and Clinical Sciences,Nutrition and Dietetics,Fujian Medical University,China,0.00866588673686035,94.07108915753155,Nutrition and Dietetics (100%),Fujian Medical University (100%)
661,6,1.0,2.0,33.333333333333336,Psychology,Biological Psychology,Harbin Institute of Technology,China,0.00866588673686035,94.07975504426841,Biological Psychology (100%),Harbin Institute of Technology (67%); Harbin Institute of Technology Shenzhen (17%); Peng Cheng Laboratory (17%)
662,6,1.0,1.0,25.0,Biomedical and Clinical Sciences,Clinical Sciences,Applied Science Private University,India,0.00866588673686035,94.08842093100527,Clinical Sciences (100%),"Applied Science Private University (17%); Data Governance, Data Analytics: Enterprise Performance Management, AIML, USA (17%); Department of ECE, S.R.K.R. Engineering College, Bhimavaram, A.P., India (17%)"
663,6,0.0,1.0,40.0,Biomedical and Clinical Sciences,Clinical Sciences,Beijing Luhe Hospital Affiliated to Capital Medical University,China,0.00866588673686035,94.09708681774214,Clinical Sciences (100%),Beijing Luhe Hospital Affiliated to Capital Medical University (67%); Peking University People's Hospital (33%)
664,6,1.0,1.0,0.0,Health Sciences,Epidemiology,Army Medical University,China,0.00866588673686035,94.105752704479,Epidemiology (100%),Army Medical University (100%)
665,6,1.0,1.0,50.0,Biomedical and Clinical Sciences,Clinical Sciences,Nanchang University,China,0.00866588673686035,94.11441859121587,Clinical Sciences (100%),"Nanchang University (50%); Department of Neurology, Tangshan Central Hospital, Tangshan, China. (17%); Peking University Third Hospital (17%)"
666,6,0.5,2.5,33.333333333333336,Biomedical and Clinical Sciences,Biological Psychology,University of Haifa,Israel,0.00866588673686035,94.12308447795273,Biological Psychology (100%),University of Haifa (67%); The University of Texas Health Science Center at San Antonio (33%)
667,6,1.0,1.0,33.333333333333336,Biomedical and Clinical Sciences,Epidemiology,Qilu Hospital of Shandong University,China,0.00866588673686035,94.1317503646896,Epidemiology (100%),Qilu Hospital of Shandong University (100%)
668,6,1.0,1.0,0.0,Biomedical and Clinical Sciences,Oncology and Carcinogenesis,Ningbo University,China,0.00866588673686035,94.14041625142646,Oncology and Carcinogenesis (100%),Ningbo University (100%)
669,6,1.0,1.0,100.0,Biomedical and Clinical Sciences,Biological Psychology,Ningxia Medical University,China,0.00866588673686035,94.14908213816332,Biological Psychology (100%),Ningxia Medical University (100%)
670,6,1.0,1.0,25.0,Biomedical and Clinical Sciences,Clinical Sciences,Hunan University of Traditional Chinese Medicine,China,0.00866588673686035,94.15774802490019,Clinical Sciences (67%); Biological Psychology (33%),Hunan University of Traditional Chinese Medicine (83%); First Affiliated Hospital of Hunan University of Traditional Chinese Medicine (17%)
671,6,1.0,1.0,80.0,Biomedical and Clinical Sciences,Clinical Sciences,Guangzhou University of Chinese Medicine,China,0.00866588673686035,94.16641391163705,Clinical Sciences (100%),Guangzhou University of Chinese Medicine (83%); Shenzhen Traditional Chinese Medicine Hospital (17%)
672,6,1.0,1.0,50.0,Biomedical and Clinical Sciences,Pharmacology and Pharmaceutical Sciences,First Affiliated Hospital of GuangXi Medical University,China,0.00866588673686035,94.17507979837391,Pharmacology and Pharmaceutical Sciences (100%),First Affiliated Hospital of GuangXi Medical University (100%)
673,6,1.8333333333333333,2.0,0.0,Biomedical and Clinical Sciences,Clinical Sciences,Juntendo University,Japan,0.00866588673686035,94.18374568511078,Clinical Sciences (100%),Juntendo University (100%)
674,6,1.0,1.0,100.0,Health Sciences,Epidemiology,"Institute of Basic Research in Clinical Medicine, China Academy of Chinese Medical Sciences",China,0.00866588673686035,94.19241157184764,Epidemiology (100%),"Institute of Basic Research in Clinical Medicine, China Academy of Chinese Medical Sciences (33%); First Affiliated Hospital of Henan University of Traditional Chinese Medicine (17%); Lanzhou University (17%)"
675,6,0.0,1.0,80.0,Biological Sciences,Genetics,"Corporate Data Management, PT Kalbe Farma Tbk, 10510 Central Jakarta, Indonesia",Indonesia,0.00866588673686035,94.2010774585845,Genetics (100%),"Corporate Data Management, PT Kalbe Farma Tbk, 10510 Central Jakarta, Indonesia (100%)"
676,6,1.0,1.0,0.0,Biological Sciences,Microbiology,Dalian Medical University,China,0.00866588673686035,94.20974334532137,Microbiology (100%),Dalian Medical University (50%); First Affiliated Hospital of Dalian Medical University (50%)
677,6,1.3333333333333333,1.0,25.0,Biomedical and Clinical Sciences,Pharmacology and Pharmaceutical Sciences,Fourth Affiliated Hospital of China Medical University,China,0.00866588673686035,94.21840923205824,Pharmacology and Pharmaceutical Sciences (67%); Epidemiology (33%),Fourth Affiliated Hospital of China Medical University (83%); China Medical University (17%)
678,6,0.0,1.0,0.0,Health Sciences,Health Services and Systems,"Aditya Institute of Technology and Management,Department of Computer Science and Engineering (Data Science),Tekkali,Andhra Pradesh,India",India,0.00866588673686035,94.2270751187951,Health Services and Systems (100%),"Aditya Institute of Technology and Management,Department of Computer Science and Engineering (Data Science),Tekkali,Andhra Pradesh,India (17%); Anna University, Chennai (17%); D.S. College,Department of Computer Application,Aligarh,India (17%)"
679,6,1.0,1.0,20.0,Biomedical and Clinical Sciences,Biological Psychology,The Pennsylvania State University,United States,0.00866588673686035,94.23574100553196,Biological Psychology (100%),The Pennsylvania State University (67%); Duke University (17%); Texas A&M University (17%)
680,6,1.0,1.0,50.0,Biomedical and Clinical Sciences,Dentistry,Jilin University,China,0.00866588673686035,94.24440689226883,Dentistry (100%),Jilin University (100%)
681,6,1.0,1.0,0.0,Health Sciences,Epidemiology,Tianjin University of Traditional Chinese Medicine,China,0.00866588673686035,94.25307277900569,Epidemiology (100%),Tianjin University of Traditional Chinese Medicine (100%)
682,6,1.6666666666666667,4.0,33.333333333333336,Health Sciences,Public Health,University of Leeds,United Kingdom,0.00866588673686035,94.26173866574256,Public Health (83%); Distributed Computing and Systems Software (17%),University of Leeds (100%)
683,6,0.0,1.0,100.0,Health Sciences,Epidemiology,Nanjing University of Chinese Medicine,China,0.00866588673686035,94.27040455247942,Epidemiology (100%),Nanjing University of Chinese Medicine (100%)
684,6,1.0,1.0,25.0,Biomedical and Clinical Sciences,Nutrition and Dietetics,Henan Provincial People's Hospital,China,0.00866588673686035,94.27907043921628,Nutrition and Dietetics (100%),Henan Provincial People's Hospital (100%)
685,6,1.0,1.0,0.0,Health Sciences,Epidemiology,Zhejiang University,China,0.00866588673686035,94.28773632595315,Epidemiology (100%),Zhejiang University (100%)
686,6,1.0,1.0,50.0,Health Sciences,Health Services and Systems,University of Queensland,Australia,0.00866588673686035,94.29640221269001,Health Services and Systems (100%),University of Queensland (100%)
687,6,0.0,1.0,33.333333333333336,Biomedical and Clinical Sciences,Nutrition and Dietetics,Suining Central Hospital,China,0.00866588673686035,94.30506809942688,Nutrition and Dietetics (100%),Suining Central Hospital (100%)
688,6,1.0,1.0,40.0,Biomedical and Clinical Sciences,Cardiovascular Medicine and Haematology,Queen Mary University of London,United Kingdom,0.00866588673686035,94.31373398616374,Cardiovascular Medicine and Haematology (100%),Queen Mary University of London (83%); University of Calgary (17%)
689,6,1.0,1.0,16.666666666666668,Biomedical and Clinical Sciences,Reproductive Medicine,Miguel Hernandez University,Spain,0.00866588673686035,94.3223998729006,Reproductive Medicine (100%),Miguel Hernandez University (100%)
690,6,1.0,1.0,100.0,Biomedical and Clinical Sciences,,"Department of Immunity, Quzhou Center for Disease Control and Prevention, 324000, Quzhou, Zhejiang, China",China,0.00866588673686035,94.33106575963747,,"Department of Immunity, Quzhou Center for Disease Control and Prevention, 324000, Quzhou, Zhejiang, China (50%); Zhejiang Chinese Medical University (33%); Chinese Center For Disease Control and Prevention (17%)"
691,6,0.0,1.0,0.0,Biomedical and Clinical Sciences,Pharmacology and Pharmaceutical Sciences,Southern Medical University,China,0.00866588673686035,94.33973164637433,Pharmacology and Pharmaceutical Sciences (100%),Southern Medical University (83%); Guiyang Medical University (17%)
692,6,0.0,1.0,100.0,Biomedical and Clinical Sciences,Nutrition and Dietetics,Affiliated Hospital of Southwest Medical University,China,0.00866588673686035,94.3483975331112,Nutrition and Dietetics (67%); Epidemiology (33%),Affiliated Hospital of Southwest Medical University (67%); Southwest Medical University (33%)
693,6,1.0,1.0,100.0,Biomedical and Clinical Sciences,Clinical Sciences,Tianjin First Center Hospital,China,0.00866588673686035,94.35706341984806,Clinical Sciences (100%),Tianjin First Center Hospital (83%); Second Hospital of Tianjin Medical University (17%)
694,6,1.0,1.0,50.0,Biomedical and Clinical Sciences,Clinical Sciences,Tianjin University,China,0.00866588673686035,94.36572930658492,Clinical Sciences (100%),Tianjin University (50%); Qilu Hospital of Shandong University (17%); Tianjin Medical University (17%)
695,6,1.0,1.0,100.0,Biomedical and Clinical Sciences,Clinical Sciences,"AIage Life Science Corporation Ltd., Guangxi Free Trade Zone Aisheng Biotechnology Corporation Ltd., Nanning, China",China,0.00866588673686035,94.37439519332179,Clinical Sciences (100%),"AIage Life Science Corporation Ltd., Guangxi Free Trade Zone Aisheng Biotechnology Corporation Ltd., Nanning, China (83%); Guangxi University (17%)"
696,6,1.0,1.0,0.0,Biomedical and Clinical Sciences,Clinical Sciences,Jiaxing University,China,0.00866588673686035,94.38306108005865,Clinical Sciences (100%),Jiaxing University (50%); Zhejiang Chinese Medical University (50%)
697,6,6.333333333333333,6.5,66.66666666666667,Biomedical and Clinical Sciences,Nutrition and Dietetics,University of Giessen,Germany,0.00866588673686035,94.39172696679552,Nutrition and Dietetics (100%),University of Giessen (100%)
698,6,1.0,1.0,33.333333333333336,Health Sciences,Epidemiology,"Fuwai Hospital, CAMS&PUMC",China,0.00866588673686035,94.40039285353238,Epidemiology (100%),"Fuwai Hospital, CAMS&PUMC (83%); Shenzhen University (17%)"
699,6,1.0,1.0,100.0,Biological Sciences,Biochemistry and Cell Biology,Chengdu University of Traditional Chinese Medicine,China,0.00866588673686035,94.40905874026924,Biochemistry and Cell Biology (100%),Chengdu University of Traditional Chinese Medicine (100%)
700,6,1.0,1.0,33.333333333333336,Health Sciences,Epidemiology,Ruijin Hospital,China,0.00866588673686035,94.41772462700611,Epidemiology (100%),Ruijin Hospital (100%)
701,6,1.0,1.0,33.333333333333336,Biomedical and Clinical Sciences,Clinical Sciences,Hangzhou Medical College,China,0.00866588673686035,94.42639051374297,Clinical Sciences (100%),Hangzhou Medical College (50%); Zhejiang Hospital (33%); Zhejiang Provincial People's Hospital (17%)
702,6,0.0,1.0,60.0,Biomedical and Clinical Sciences,Medical Biotechnology,Vor Biopharma Inc,United States,0.00866588673686035,94.43505640047984,Medical Biotechnology (100%),Vor Biopharma Inc (100%)
703,6,1.0,1.0,75.0,Biomedical and Clinical Sciences,Biological Psychology,Ministry of Health,Canada,0.00866588673686035,94.4437222872167,Biological Psychology (100%),Ministry of Health (50%); Public Health Agency of Canada (17%); University of British Columbia (17%)
704,6,1.0,1.0,100.0,Health Sciences,Epidemiology,Southern Medical University,China,0.00866588673686035,94.45238817395357,Epidemiology (100%),Southern Medical University (100%)
705,6,1.0,1.0,75.0,Biomedical and Clinical Sciences,Clinical Sciences,West China Second University Hospital of Sichuan University,China,0.00866588673686035,94.46105406069043,Clinical Sciences (100%),West China Second University Hospital of Sichuan University (100%)
706,6,1.0,1.0,50.0,Biological Sciences,Biochemistry and Cell Biology,Ningbo No. 2 Hospital,China,0.00866588673686035,94.4697199474273,Biochemistry and Cell Biology (100%),Ningbo No. 2 Hospital (100%)
707,6,1.0,1.0,66.66666666666667,Biomedical and Clinical Sciences,Clinical Sciences,Ningbo University,China,0.00866588673686035,94.47838583416416,Clinical Sciences (100%),Ningbo University (100%)
708,6,0.0,1.0,50.0,Biomedical and Clinical Sciences,Epidemiology,"Institute of Basic Research in Clinical Medicine, China Academy of Chinese Medical Sciences",China,0.00866588673686035,94.48705172090102,Epidemiology (100%),"Institute of Basic Research in Clinical Medicine, China Academy of Chinese Medical Sciences (50%); Academy of Mathematics and Systems Science (17%); China Academy of Chinese Medical Sciences (17%)"
709,6,1.0,2.0,83.33333333333333,Biomedical and Clinical Sciences,Reproductive Medicine,New York University,United States,0.00866588673686035,94.49571760763789,Reproductive Medicine (100%),New York University (83%); Aarhus University (17%)
710,6,1.0,1.0,50.0,Biological Sciences,Biochemistry and Cell Biology,Nanchang University,China,0.00866588673686035,94.50438349437475,Biochemistry and Cell Biology (100%),Nanchang University (83%); City University of Hong Kong (17%)
711,6,1.0,1.0,33.333333333333336,Biological Sciences,Biological Psychology,Guangxi University of Chinese Medicine,China,0.00866588673686035,94.51304938111161,Biological Psychology (100%),Guangxi University of Chinese Medicine (100%)
712,6,0.0,1.0,50.0,Health Sciences,Epidemiology,Affiliated Hospital of Liaoning University of Traditional Chinese Medicine,China,0.00866588673686035,94.52171526784848,Epidemiology (100%),Affiliated Hospital of Liaoning University of Traditional Chinese Medicine (67%); Liaoning University of Traditional Chinese Medicine (33%)
713,6,0.0,1.0,66.66666666666667,Biomedical and Clinical Sciences,Allied Health and Rehabilitation Science,Hospital Nacional de Parapléjicos de Toledo,Spain,0.00866588673686035,94.53038115458534,Allied Health and Rehabilitation Science (100%),"Hospital Nacional de Parapléjicos de Toledo (67%); Fundación Investigaciones Biomédicas, Madrid, Spain (17%); Hospital Infantil Universitario Niño Jesús (17%)"
714,6,1.0,1.0,0.0,Biomedical and Clinical Sciences,Oncology and Carcinogenesis,Jiangxi Provincial Cancer Hospital,China,0.00866588673686035,94.5390470413222,Oncology and Carcinogenesis (100%),Jiangxi Provincial Cancer Hospital (100%)
715,6,3.8333333333333335,4.0,40.0,Environmental Sciences,Pollution and Contamination,MRC Toxicology Unit,United Kingdom,0.00866588673686035,94.54771292805907,Pollution and Contamination (100%),MRC Toxicology Unit (100%)
716,6,1.0,1.0,50.0,Biomedical and Clinical Sciences,Clinical Sciences,Zhejiang University,China,0.00866588673686035,94.55637881479593,Clinical Sciences (100%),Zhejiang University (83%); UCL Eastman Dental Institute (17%)
717,6,1.0,1.0,25.0,Biomedical and Clinical Sciences,Clinical Sciences,First Hospital of Jilin University,China,0.00866588673686035,94.5650447015328,Clinical Sciences (100%),"First Hospital of Jilin University (83%); Department of Laboratory Medicine, Meihekou Central Hospital, Meihekou, 135000, People’s Republic of China (17%)"
718,6,1.0,1.0,50.0,Biomedical and Clinical Sciences,Clinical Sciences,The First Affiliated Hospital of Guangxi University of Traditional Chinese Medicine,China,0.00866588673686035,94.57371058826966,Clinical Sciences (100%),The First Affiliated Hospital of Guangxi University of Traditional Chinese Medicine (100%)
719,6,1.0,1.0,50.0,Biomedical and Clinical Sciences,Immunology,Tongji University,China,0.00866588673686035,94.58237647500653,Immunology (100%),Tongji University (100%)
720,6,0.0,1.0,0.0,Biomedical and Clinical Sciences,Oncology and Carcinogenesis,Affiliated Hospital of Guangdong Medical University,China,0.00866588673686035,94.59104236174339,Oncology and Carcinogenesis (100%),Affiliated Hospital of Guangdong Medical University (50%); State Key Laboratory of Quality Research in Chinese Medicine (50%)
721,6,1.0,1.0,0.0,Biomedical and Clinical Sciences,Clinical Sciences,Second Affiliated Hospital of Xi'an Jiaotong University,China,0.00866588673686035,94.59970824848025,Clinical Sciences (100%),Second Affiliated Hospital of Xi'an Jiaotong University (83%); Xi'an Jiaotong University (17%)
722,6,1.0,1.0,33.333333333333336,Biomedical and Clinical Sciences,Clinical Sciences,Massachusetts General Hospital,United States,0.00866588673686035,94.60837413521712,Clinical Sciences (100%),Massachusetts General Hospital (50%); Harvard University (33%); The Brigham and Women's Hospital Inc (17%)
723,6,1.0,1.0,50.0,Biological Sciences,Epidemiology,Northwest Women's and Children's Hospital,China,0.00866588673686035,94.61704002195398,Epidemiology (100%),Northwest Women's and Children's Hospital (100%)
724,6,1.0,1.0,100.0,Biomedical and Clinical Sciences,Cardiovascular Medicine and Haematology,Korea Food Research Institute,South Korea,0.00866588673686035,94.62570590869085,Cardiovascular Medicine and Haematology (100%),Korea Food Research Institute (83%); Hoseo University (17%)
725,6,1.0,1.0,0.0,Health Sciences,Epidemiology,Second Affiliated Hospital of Chongqing Medical University,China,0.00866588673686035,94.63437179542771,Epidemiology (100%),Second Affiliated Hospital of Chongqing Medical University (83%); First Affiliated Hospital of Chongqing Medical University (17%)
726,6,1.0,1.0,50.0,Biomedical and Clinical Sciences,Biological Psychology,West China Hospital of Sichuan University,China,0.00866588673686035,94.64303768216458,Biological Psychology (100%),West China Hospital of Sichuan University (67%); Chengdu Medical College (17%); Hainan General Hospital (17%)
727,6,1.0,1.0,0.0,Health Sciences,Epidemiology,Anhui Medical University,China,0.00866588673686035,94.65170356890144,Epidemiology (100%),Anhui Medical University (100%)
728,6,0.0,1.0,50.0,Biomedical and Clinical Sciences,Oncology and Carcinogenesis,Guangzhou University of Chinese Medicine,China,0.00866588673686035,94.6603694556383,Oncology and Carcinogenesis (100%),Guangzhou University of Chinese Medicine (100%)
729,6,1.0,1.0,16.666666666666668,Health Sciences,Sports Science and Exercise,Anglia Ruskin University,United Kingdom,0.00866588673686035,94.66903534237517,Sports Science and Exercise (100%),Anglia Ruskin University (50%); University of Essex (50%)
730,6,0.0,1.0,66.66666666666667,Health Sciences,Epidemiology,Fuyang People's Hospital,,0.00866588673686035,94.67770122911203,Epidemiology (100%),Fuyang People's Hospital (100%)
731,6,1.0,1.0,50.0,Biomedical and Clinical Sciences,Nutrition and Dietetics,Ningbo University,China,0.00866588673686035,94.6863671158489,Nutrition and Dietetics (100%),Ningbo University (100%)
732,6,0.0,1.0,50.0,Biomedical and Clinical Sciences,Medical Biochemistry and Metabolomics,Jilin University,China,0.00866588673686035,94.69503300258576,Medical Biochemistry and Metabolomics (100%),Jilin University (67%); First Hospital of Jilin University (17%); University of Toronto (17%)
733,6,1.0,1.0,0.0,Biomedical and Clinical Sciences,Nutrition and Dietetics,Lanzhou University,China,0.00866588673686035,94.70369888932262,Nutrition and Dietetics (100%),Lanzhou University (100%)
734,6,1.0,1.0,16.666666666666668,Biomedical and Clinical Sciences,Reproductive Medicine,Université de Sherbrooke,Canada,0.00866588673686035,94.71236477605949,Reproductive Medicine (100%),Université de Sherbrooke (100%)
735,6,1.0,1.0,100.0,Health Sciences,Health Services and Systems,University of York,United Kingdom,0.00866588673686035,94.72103066279635,Health Services and Systems (100%),University of York (67%); University of Bath (17%); University of Newcastle Australia (17%)
736,6,1.0,1.0,100.0,Biomedical and Clinical Sciences,Epidemiology,Foshan First Peoples Hospital Foshan Hospital Sun Yat Sen University,China,0.00866588673686035,94.72969654953322,Epidemiology (100%),Foshan First Peoples Hospital Foshan Hospital Sun Yat Sen University (100%)
737,6,0.0,1.0,50.0,Biomedical and Clinical Sciences,Cardiovascular Medicine and Haematology,Panzhihua Central Hospital,China,0.00866588673686035,94.73836243627008,Cardiovascular Medicine and Haematology (100%),Panzhihua Central Hospital (67%); Dali University (33%)
738,6,1.0,1.0,0.0,Health Sciences,Health Services and Systems,Beijing University of Chinese Medicine,China,0.00866588673686035,94.74702832300694,Health Services and Systems (100%),Beijing University of Chinese Medicine (100%)
739,6,1.0,1.0,66.66666666666667,Biomedical and Clinical Sciences,Ophthalmology and Optometry,Wenzhou Medical University,China,0.00866588673686035,94.75569420974381,Ophthalmology and Optometry (100%),Wenzhou Medical University (83%); Shanxi Cardiovascular Hospital (17%)
740,6,0.0,1.0,66.66666666666667,"Agricultural, Veterinary and Food Sciences",Chemical Engineering,Wenzhou Medical University,China,0.00866588673686035,94.76436009648067,Chemical Engineering (100%),Wenzhou Medical University (83%); Hangzhou Medical College (17%)
741,6,1.0,1.0,33.333333333333336,Biomedical and Clinical Sciences,Clinical Sciences,First Affiliated Hospital of GuangXi Medical University,China,0.00866588673686035,94.77302598321754,Clinical Sciences (100%),First Affiliated Hospital of GuangXi Medical University (83%); The Central Hospital of Shaoyang (17%)
742,6,1.0,1.0,83.33333333333333,Biomedical and Clinical Sciences,Cardiovascular Medicine and Haematology,King Saud University,Saudi Arabia,0.00866588673686035,94.7816918699544,Cardiovascular Medicine and Haematology (100%),King Saud University (83%); Princess Nourah bint Abdulrahman University (17%)
743,6,1.0,2.0,0.0,Biomedical and Clinical Sciences,Clinical Sciences,Kunming Medical University,China,0.00866588673686035,94.79035775669126,Clinical Sciences (100%),Kunming Medical University (100%)
744,6,1.0,1.0,33.333333333333336,Biomedical and Clinical Sciences,Epidemiology,Second Affiliated Hospital of Guangzhou Medical University,China,0.00866588673686035,94.79902364342813,Epidemiology (100%),Second Affiliated Hospital of Guangzhou Medical University (100%)
745,6,0.0,1.0,25.0,Biological Sciences,Epidemiology,West China Hospital of Sichuan University,China,0.00866588673686035,94.80768953016499,Epidemiology (100%),West China Hospital of Sichuan University (100%)
746,6,1.6666666666666667,2.0,16.666666666666668,Biomedical and Clinical Sciences,Clinical Sciences,University of Cologne,Germany,0.00866588673686035,94.81635541690186,Clinical Sciences (83%); Reproductive Medicine (17%),University of Cologne (83%); Northwestern University (17%)
747,6,0.0,1.0,33.333333333333336,Biomedical and Clinical Sciences,Clinical Sciences,Second Military Medical University,China,0.00866588673686035,94.82502130363872,Clinical Sciences (100%),Second Military Medical University (100%)
748,6,1.0,1.0,66.66666666666667,Biomedical and Clinical Sciences,Applied and Developmental Psychology,Chinese Academy of Medical Sciences & Peking Union Medical College,China,0.00866588673686035,94.83368719037558,Applied and Developmental Psychology (100%),Chinese Academy of Medical Sciences & Peking Union Medical College (33%); Peking University (33%); State Key Laboratory of Cognitive Neuroscience and Learning (33%)
749,6,0.0,1.0,33.333333333333336,Biomedical and Clinical Sciences,Immunology,Third Affiliated Hospital of Harbin Medical University,China,0.00866588673686035,94.84235307711245,Immunology (100%),Third Affiliated Hospital of Harbin Medical University (67%); First Affiliated Hospital of Harbin Medical University (17%); Xiangya Hospital Central South University (17%)
750,6,0.0,1.0,0.0,Biomedical and Clinical Sciences,Clinical Sciences,Yiwu Central Hospital,China,0.00866588673686035,94.85101896384931,Clinical Sciences (100%),Yiwu Central Hospital (83%); Changhai Hospital (17%)
751,6,1.0,1.0,66.66666666666667,Biomedical and Clinical Sciences,Medical Biochemistry and Metabolomics,First Affiliated Hospital of Dalian Medical University,China,0.00866588673686035,94.85968485058618,Medical Biochemistry and Metabolomics (100%),First Affiliated Hospital of Dalian Medical University (100%)
752,6,1.0,1.0,50.0,Biological Sciences,Genetics,"ADNTRO Genetics, Carretera Betlem, s/n, Colonia de Sant Pere, 07579 Arta, Spain;, darwin@adntro.com, (S.F.L.);, fireblom@adntro.com, (J.B.-D.);, nettie.stevens@adntro.com, (M.A.-B.);, watson@adntro.com, (A.G.);, morgan.monzon@adntro.com, (G.P.-S.)",Spain,0.00866588673686035,94.86835073732304,Genetics (100%),"ADNTRO Genetics, Carretera Betlem, s/n, Colonia de Sant Pere, 07579 Arta, Spain;, darwin@adntro.com, (S.F.L.);, fireblom@adntro.com, (J.B.-D.);, nettie.stevens@adntro.com, (M.A.-B.);, watson@adntro.com, (A.G.);, morgan.monzon@adntro.com, (G.P.-S.) (67%); Instituto de Salud Carlos III (17%); Pontificia Universidad Católica de Chile (17%)"
753,6,1.0,1.0,100.0,Biomedical and Clinical Sciences,Clinical Sciences,China-Japan Friendship Hospital,China,0.00866588673686035,94.8770166240599,Clinical Sciences (100%),China-Japan Friendship Hospital (83%); People 's Hospital of Jilin Province (17%)
754,6,1.0,1.0,33.333333333333336,Biological Sciences,Genetics,Zhejiang Chinese Medical University,China,0.00866588673686035,94.88568251079677,Genetics (100%),Zhejiang Chinese Medical University (100%)
755,6,1.0,1.0,50.0,Health Sciences,Epidemiology,Southeast University,China,0.00866588673686035,94.89434839753363,Epidemiology (100%),Southeast University (100%)
756,6,0.0,1.0,33.333333333333336,Biomedical and Clinical Sciences,Clinical Sciences,Capital Medical University,China,0.00866588673686035,94.9030142842705,Clinical Sciences (100%),Capital Medical University (83%); Second Affiliated Hospital & Yuying Children's Hospital of Wenzhou Medical University (17%)
757,6,1.0,1.0,0.0,Biomedical and Clinical Sciences,Pharmacology and Pharmaceutical Sciences,Trinity College Dublin,Ireland,0.00866588673686035,94.91168017100736,Pharmacology and Pharmaceutical Sciences (100%),Trinity College Dublin (33%); University College Dublin (33%); Kingston University (17%)
758,6,1.3333333333333333,1.0,33.333333333333336,Biomedical and Clinical Sciences,Health Services and Systems,Chinese Academy of Medical Sciences & Peking Union Medical College,China,0.00866588673686035,94.92034605774423,Health Services and Systems (67%); Oncology and Carcinogenesis (33%),Chinese Academy of Medical Sciences & Peking Union Medical College (33%); First Hospital of China Medical University (33%); First Affiliated Hospital of Sun Yat-sen University (17%)
759,6,2.0,2.0,60.0,Biomedical and Clinical Sciences,Reproductive Medicine,University of Zagreb,Croatia,0.00866588673686035,94.92901194448109,Reproductive Medicine (100%),"University of Zagreb (50%); LifeNome Inc., New York, NY 10018, USA (33%); Memorial Sloan Kettering Cancer Center (17%)"
760,6,1.0,1.0,40.0,Biomedical and Clinical Sciences,Ophthalmology and Optometry,Central South University,China,0.00866588673686035,94.93767783121795,Ophthalmology and Optometry (100%),Central South University (100%)
761,6,0.0,1.0,75.0,Health Sciences,Epidemiology,XinHua Hospital,China,0.00866588673686035,94.94634371795482,Epidemiology (100%),XinHua Hospital (83%); Fudan University (17%)
762,6,1.0,1.0,66.66666666666667,Biological Sciences,Biochemistry and Cell Biology,Tongji University,China,0.00866588673686035,94.95500960469168,Biochemistry and Cell Biology (100%),Tongji University (83%); Shanghai Ninth People's Hospital (17%)
763,6,1.0,1.0,66.66666666666667,Biomedical and Clinical Sciences,Cardiovascular Medicine and Haematology,Jiangnan University,China,0.00866588673686035,94.96367549142855,Cardiovascular Medicine and Haematology (100%),Jiangnan University (100%)
764,6,1.0,1.0,66.66666666666667,Biomedical and Clinical Sciences,Immunology,Tel Aviv University,Israel,0.00866588673686035,94.97234137816541,Immunology (100%),Tel Aviv University (100%)
765,6,0.8333333333333334,1.5,60.0,Health Sciences,Public Health,Johannes Gutenberg University Mainz,Germany,0.00866588673686035,94.98100726490227,Public Health (100%),Johannes Gutenberg University Mainz (50%); Stanford University (33%); Charité - University Medicine Berlin (17%)
766,6,1.0,1.0,0.0,Biological Sciences,Epidemiology,North China University of Science and Technology,China,0.00866588673686035,94.98967315163914,Epidemiology (100%),North China University of Science and Technology (100%)
767,6,1.0,1.0,66.66666666666667,Biomedical and Clinical Sciences,Clinical Sciences,First Hospital of Jilin University,China,0.00866588673686035,94.998339038376,Clinical Sciences (100%),First Hospital of Jilin University (100%)
768,6,1.0,3.0,0.0,Health Sciences,Epidemiology,Beijing University of Chinese Medicine,China,0.00866588673686035,95.00700492511287,Epidemiology (100%),Beijing University of Chinese Medicine (50%); Beijing Hospital of Traditional Chinese Medicine (33%); Changchun Normal University (17%)
769,6,1.0,1.0,100.0,Health Sciences,,First Affiliated Hospital of Chongqing Medical University,China,0.00866588673686035,95.01567081184973,,First Affiliated Hospital of Chongqing Medical University (100%)
770,6,1.0,1.0,0.0,Health Sciences,Epidemiology,First Hospital of China Medical University,China,0.00866588673686035,95.0243366985866,Epidemiology (100%),First Hospital of China Medical University (83%); China Medical University (17%)
771,6,0.0,1.0,0.0,Health Sciences,,Tianjin Medical University General Hospital,China,0.00866588673686035,95.03300258532346,,Tianjin Medical University General Hospital (83%); Tianjin Huanhu Hospital (17%)
772,6,1.0,1.0,66.66666666666667,Biomedical and Clinical Sciences,Biological Psychology,Xuan Wu Hospital of the Capital Medical University,China,0.00866588673686035,95.04166847206032,Biological Psychology (83%); Nutrition and Dietetics (17%),Xuan Wu Hospital of the Capital Medical University (100%)
773,6,1.0,1.0,0.0,Biological Sciences,Cardiovascular Medicine and Haematology,Guangzhou Medical University,China,0.00866588673686035,95.05033435879719,Cardiovascular Medicine and Haematology (83%); Genetics (17%),Guangzhou Medical University (67%); Children's Hospital of Chongqing Medical University (33%)
774,6,1.0,1.0,50.0,Biological Sciences,Microbiology,Northeast Normal University,China,0.00866588673686035,95.05900024553405,Microbiology (100%),Northeast Normal University (100%)
775,6,0.0,1.0,33.333333333333336,Biomedical and Clinical Sciences,Neurosciences,University of Pennsylvania,United States,0.00866588673686035,95.06766613227092,Neurosciences (100%),University of Pennsylvania (83%); University of Rhode Island (17%)
776,6,1.0,1.0,25.0,Health Sciences,Epidemiology,Shandong Provincial Hospital,China,0.00866588673686035,95.07633201900778,Epidemiology (100%),Shandong Provincial Hospital (100%)
777,6,1.0,1.0,0.0,Biomedical and Clinical Sciences,Clinical Sciences,Dali University,China,0.00866588673686035,95.08499790574464,Clinical Sciences (100%),Dali University (83%); Shaanxi Normal University (17%)
778,6,1.0,1.0,0.0,Biomedical and Clinical Sciences,Pharmacology and Pharmaceutical Sciences,Shenzhen University,China,0.00866588673686035,95.09366379248151,Pharmacology and Pharmaceutical Sciences (100%),Shenzhen University (100%)
779,6,0.0,1.0,0.0,Biomedical and Clinical Sciences,Epidemiology,State Key Laboratory of Respiratory Diseases,China,0.00866588673686035,95.10232967921837,Epidemiology (100%),State Key Laboratory of Respiratory Diseases (50%); First Affiliated Hospital of Jinan University (17%); Guangzhou National Laboratory (17%)
780,6,0.0,1.0,33.333333333333336,Biological Sciences,Epidemiology,Shanghai Ninth People's Hospital,China,0.00866588673686035,95.11099556595524,Epidemiology (100%),Shanghai Ninth People's Hospital (83%); Xuzhou Medical College (17%)
781,6,1.0,1.0,0.0,Health Sciences,Epidemiology,First Affiliated Hospital of Henan University of Traditional Chinese Medicine,China,0.00866588673686035,95.1196614526921,Epidemiology (100%),First Affiliated Hospital of Henan University of Traditional Chinese Medicine (50%); Henan University of Traditional Chinese Medicine (50%)
782,6,0.0,1.0,50.0,Biomedical and Clinical Sciences,Immunology,"1Nomic, Montreal, QC, Canada.",Canada,0.00866588673686035,95.12832733942896,Immunology (100%),"1Nomic, Montreal, QC, Canada. (100%)"
783,6,0.0,1.0,66.66666666666667,Biomedical and Clinical Sciences,Cardiovascular Medicine and Haematology,First Affiliated Hospital of Soochow University,China,0.00866588673686035,95.13699322616583,Cardiovascular Medicine and Haematology (100%),First Affiliated Hospital of Soochow University (100%)
784,6,1.0,1.0,100.0,Biomedical and Clinical Sciences,Clinical Sciences,Children's Hospital of Suzhou University,China,0.00866588673686035,95.14565911290269,Clinical Sciences (100%),"Children's Hospital of Suzhou University (67%); Capital Medical University (17%); Fuwai Hospital, CAMS&PUMC (17%)"
785,6,0.0,1.0,40.0,Biomedical and Clinical Sciences,Immunology,"Traditional Chinese Medicine Department of Immunology, Women and Children Health Institute Futian Shenzhen, Guangdong, China",China,0.00866588673686035,95.15432499963956,Immunology (100%),"Traditional Chinese Medicine Department of Immunology, Women and Children Health Institute Futian Shenzhen, Guangdong, China (50%); Beijing Sport University (17%); Department of Rheumatology and Immunology, Women and Children Health Institute Futian Shenzhen, Guangdong, China (17%)"
786,6,0.0,1.0,25.0,Biomedical and Clinical Sciences,Clinical Sciences,First Affiliated Hospital of Wannan Medical College,China,0.00866588673686035,95.16299088637642,Clinical Sciences (100%),First Affiliated Hospital of Wannan Medical College (100%)
787,6,0.0,1.0,50.0,Biomedical and Clinical Sciences,Clinical Sciences,Beijing Friendship Hospital,China,0.00866588673686035,95.17165677311328,Clinical Sciences (100%),Beijing Friendship Hospital (100%)
788,6,1.0,1.0,50.0,Health Sciences,Epidemiology,Affiliated Hospital of Southwest Medical University,China,0.00866588673686035,95.18032265985015,Epidemiology (100%),Affiliated Hospital of Southwest Medical University (100%)
789,6,1.0,1.0,33.333333333333336,Health Sciences,Epidemiology,First Affiliated Hospital of Kunming Medical University,China,0.00866588673686035,95.18898854658701,Epidemiology (100%),First Affiliated Hospital of Kunming Medical University (100%)
790,6,0.0,2.0,100.0,Biomedical and Clinical Sciences,Clinical Sciences,Guangdong Provincial People’s Hospital,China,0.00866588673686035,95.19765443332388,Clinical Sciences (100%),Guangdong Provincial People’s Hospital (100%)
791,6,3.3333333333333335,4.5,33.333333333333336,Biomedical and Clinical Sciences,Allied Health and Rehabilitation Science,Linköping University,Australia,0.00866588673686035,95.20632032006074,Allied Health and Rehabilitation Science (100%),Linköping University (33%); National Acoustic Laboratories (33%); Macquarie University (17%)
792,6,1.0,1.0,0.0,Biomedical and Clinical Sciences,Biological Psychology,Guangzhou Medical University,China,0.00866588673686035,95.2149862067976,Biological Psychology (100%),Guangzhou Medical University (50%); Second Affiliated Hospital of Guangzhou Medical University (33%); Shandong University (17%)
793,6,1.0,1.0,50.0,Biomedical and Clinical Sciences,Cardiovascular Medicine and Haematology,Peking University Third Hospital,China,0.00866588673686035,95.22365209353447,Cardiovascular Medicine and Haematology (100%),"Peking University Third Hospital (67%); Chongqing Medical University (17%); Department of Thoracic Surgery, China-Japan Friendship Institute of Clinical Medicine, No.2 Yinghua East Street, Chaoyang District, 100029, Beijing, China (17%)"
794,6,0.0,1.0,0.0,Psychology,Biological Psychology,Second Affiliated Hospital of Harbin Medical University,China,0.00866588673686035,95.23231798027133,Biological Psychology (100%),Second Affiliated Hospital of Harbin Medical University (100%)
795,6,1.0,1.0,66.66666666666667,Biomedical and Clinical Sciences,Nutrition and Dietetics,University of South China,China,0.00866588673686035,95.2409838670082,Nutrition and Dietetics (100%),University of South China (100%)
796,6,0.8333333333333334,2.0,50.0,Biomedical and Clinical Sciences,Epidemiology,Nanjing University,China,0.00866588673686035,95.24964975374506,Epidemiology (100%),Nanjing University (100%)
797,6,0.0,1.0,100.0,Health Sciences,Epidemiology,Nanjing University,China,0.00866588673686035,95.25831564048192,Epidemiology (100%),Nanjing University (83%); Affiliated Hospital of Nantong University (17%)
798,6,0.0,1.0,0.0,Biomedical and Clinical Sciences,Cardiovascular Medicine and Haematology,Zhejiang University,China,0.00866588673686035,95.26698152721879,Cardiovascular Medicine and Haematology (100%),Zhejiang University (100%)
799,6,1.0,1.0,0.0,Biomedical and Clinical Sciences,Clinical Sciences,Air Force Medical University,China,0.00866588673686035,95.27564741395565,Clinical Sciences (100%),Air Force Medical University (100%)
800,6,0.0,1.0,0.0,Biomedical and Clinical Sciences,Reproductive Medicine,International Peace Maternity & Child Health Hospital,China,0.00866588673686035,95.28431330069252,Reproductive Medicine (100%),International Peace Maternity & Child Health Hospital (83%); Wenzhou Medical University (17%)
801,6,1.0,1.0,0.0,Biological Sciences,Genetics,Tianjin Fourth Central Hospital,China,0.00866588673686035,95.29297918742938,Genetics (100%),"Tianjin Fourth Central Hospital (67%); Second Affiliated Hospital, Brain Science Institute, Key Laboratory of Cerebral Microcirculation in Universities of Shandong, Shandong First Medical University and Shandong Academy of Medical Sciences, Taian, China (17%); Taian City Central Hospital (17%)"
802,6,1.0,1.0,100.0,Biological Sciences,Genetics,Union Hospital Tongji Medical College Huazhong University of Science and Technology,China,0.00866588673686035,95.30164507416625,Genetics (100%),Union Hospital Tongji Medical College Huazhong University of Science and Technology (100%)
803,6,1.0,1.0,25.0,Biomedical and Clinical Sciences,Nutrition and Dietetics,Peking University People's Hospital,China,0.00866588673686035,95.31031096090311,Nutrition and Dietetics (100%),Peking University People's Hospital (83%); University of Technology Sydney (17%)
804,6,1.0,2.0,16.666666666666668,Biomedical and Clinical Sciences,Clinical and Health Psychology,University Hospital of Zurich,Switzerland,0.00866588673686035,95.31897684763997,Clinical and Health Psychology (100%),University Hospital of Zurich (67%); University Hospital of Psychiatry Zurich (17%); University of Zurich (17%)
805,6,1.5,1.5,50.0,Biomedical and Clinical Sciences,Clinical Sciences,Zhejiang University,China,0.00866588673686035,95.32764273437684,Clinical Sciences (50%); Nutrition and Dietetics (50%),Zhejiang University (67%); Second Affiliated Hospital of Zhejiang University School of Medicine (33%)
806,6,0.0,1.0,25.0,Biomedical and Clinical Sciences,Epidemiology,Shaoxing People's Hospital,China,0.00866588673686035,95.3363086211137,Epidemiology (100%),Shaoxing People's Hospital (100%)
807,6,1.0,1.0,50.0,Environmental Sciences,Epidemiology,Xinjiang Medical University,China,0.00866588673686035,95.34497450785057,Epidemiology (100%),Xinjiang Medical University (100%)
808,6,0.0,2.0,0.0,Biomedical and Clinical Sciences,Clinical Sciences,Imperial College London,United Kingdom,0.00866588673686035,95.35364039458743,Clinical Sciences (100%),Imperial College London (67%); Chelsea and Westminster Hospital (17%); University of Oxford (17%)
809,5,1.0,2.0,0.0,Psychology,Biological Psychology,Imperial College London,United Kingdom,0.007221572280716957,95.36086196686814,Biological Psychology (100%),Imperial College London (100%)
810,5,1.0,1.0,75.0,Biological Sciences,Biochemistry and Cell Biology,General Hospital of Northern Theater Command of PLA,China,0.007221572280716957,95.36808353914886,Biochemistry and Cell Biology (100%),General Hospital of Northern Theater Command of PLA (60%); First Hospital of China Medical University (40%)
811,5,1.6,3.0,80.0,Biomedical and Clinical Sciences,Clinical Sciences,Hubei University of Medicine,China,0.007221572280716957,95.37530511142957,Clinical Sciences (80%); Epidemiology (20%),Hubei University of Medicine (80%); Fujian Provincial Hospital (20%)
812,5,1.0,1.0,100.0,Biomedical and Clinical Sciences,Clinical Sciences,Anhui University of Traditional Chinese Medicine,China,0.007221572280716957,95.38252668371028,Clinical Sciences (100%),Anhui University of Traditional Chinese Medicine (80%); Second Affiliated Hospital of Shandong First Medical University (20%)
813,5,1.0,1.0,60.0,Biomedical and Clinical Sciences,Epidemiology,German Diabetes Center,Germany,0.007221572280716957,95.389748255991,Epidemiology (100%),German Diabetes Center (60%); Heinrich Heine University Düsseldorf (40%)
814,5,0.8,4.0,100.0,Biomedical and Clinical Sciences,Cardiovascular Medicine and Haematology,Nanjing University of Chinese Medicine,China,0.007221572280716957,95.39696982827171,Cardiovascular Medicine and Haematology (60%); Epidemiology (40%),Nanjing University of Chinese Medicine (80%); Jiangsu Provincial Hospital of Chinese Medicine (20%)
815,5,1.0,1.0,33.333333333333336,Mathematical Sciences,Statistics,Eunice Kennedy Shriver National Institute of Child Health and Human Development,United States,0.007221572280716957,95.40419140055242,Statistics (100%),Eunice Kennedy Shriver National Institute of Child Health and Human Development (60%); Academy of Mathematics and Systems Science (20%); National Cancer Institute (20%)
816,5,0.0,1.0,33.333333333333336,Biomedical and Clinical Sciences,Reproductive Medicine,Northwest Women's and Children's Hospital,China,0.007221572280716957,95.41141297283313,Reproductive Medicine (100%),Northwest Women's and Children's Hospital (100%)
817,5,1.0,1.0,0.0,Health Sciences,Epidemiology,Chinese Academy of Medical Sciences,China,0.007221572280716957,95.41863454511385,Epidemiology (100%),Chinese Academy of Medical Sciences (100%)
818,5,0.0,1.0,33.333333333333336,Biological Sciences,Bioinformatics and Computational Biology,Beijing Tongren Hospital,China,0.007221572280716957,95.42585611739456,Bioinformatics and Computational Biology (100%),"Beijing Tongren Hospital (80%); Key Laboratory of Chinese National Health Commission for Male Reproductive Health / Science and Technology Research Institute of Chinese National Health Commission, Beijing 10081, China. (20%)"
819,5,0.0,1.0,0.0,Biomedical and Clinical Sciences,Nutrition and Dietetics,University of Westminster,United Kingdom,0.007221572280716957,95.43307768967527,Nutrition and Dietetics (100%),University of Westminster (60%); Anglia Ruskin University (20%); Southampton Solent University (20%)
820,5,1.0,1.0,80.0,Biomedical and Clinical Sciences,Nutrition and Dietetics,Swansea University,United Kingdom,0.007221572280716957,95.44029926195599,Nutrition and Dietetics (100%),Swansea University (100%)
821,5,1.0,2.0,33.333333333333336,Biological Sciences,Genetics,Sichuan Police College,China,0.007221572280716957,95.4475208342367,Genetics (100%),Sichuan Police College (60%); Hospital of Chengdu University of Traditional Chinese (20%); Southwest Medical University (20%)
822,5,0.0,1.0,100.0,Biomedical and Clinical Sciences,Clinical Sciences,Second Military Medical University,China,0.007221572280716957,95.45474240651741,Clinical Sciences (100%),Second Military Medical University (60%); Bengbu Medical College (20%); University of Shanghai for Science and Technology (20%)
823,5,1.0,1.0,60.0,Biomedical and Clinical Sciences,Health Services and Systems,Jewish General Hospital,Canada,0.007221572280716957,95.46196397879812,Health Services and Systems (100%),Jewish General Hospital (80%); Harvard University (20%)
824,5,1.0,1.0,50.0,Health Sciences,Epidemiology,Fifth Affiliated Hospital of Sun Yat-sen University,China,0.007221572280716957,95.46918555107884,Epidemiology (100%),Fifth Affiliated Hospital of Sun Yat-sen University (100%)
825,5,0.0,1.0,50.0,Information and Computing Sciences,,ShanghaiTech University,China,0.007221572280716957,95.47640712335955,,ShanghaiTech University (80%); Shanghai Jiao Tong University (20%)
826,5,1.0,1.0,50.0,Health Sciences,Epidemiology,Shaanxi University of Chinese Medicine,China,0.007221572280716957,95.48362869564026,Epidemiology (100%),Shaanxi University of Chinese Medicine (100%)
827,5,1.0,1.0,50.0,Biomedical and Clinical Sciences,Cardiovascular Medicine and Haematology,Affiliated Hospital of Jining Medical University,China,0.007221572280716957,95.49085026792098,Cardiovascular Medicine and Haematology (100%),Affiliated Hospital of Jining Medical University (100%)
828,5,0.0,1.0,25.0,Health Sciences,Epidemiology,Affiliated Hospital of Shandong University of Traditional Chinese Medicine,China,0.007221572280716957,95.49807184020169,Epidemiology (100%),Affiliated Hospital of Shandong University of Traditional Chinese Medicine (60%); Shandong University of Traditional Chinese Medicine (40%)
829,5,1.0,1.0,66.66666666666667,Biomedical and Clinical Sciences,Nutrition and Dietetics,Chinese People's Liberation Army,China,0.007221572280716957,95.5052934124824,Nutrition and Dietetics (100%),"Chinese People's Liberation Army (60%); Chinese PLA General Hospital (20%); Department of Neurosurgery, 920th Hospital of Joint Logistics Support Force, Kunming, China. Electronic address: liuneuro2017@foxmail.com. (20%)"
830,5,1.0,1.0,33.333333333333336,Biomedical and Clinical Sciences,Epidemiology,Shanghai East Hospital,China,0.007221572280716957,95.51251498476311,Epidemiology (100%),Shanghai East Hospital (60%); Tongji University (20%); Zhongshan Hospital (20%)
831,5,1.0,1.0,100.0,Biomedical and Clinical Sciences,Biological Psychology,Fujian Medical University,China,0.007221572280716957,95.51973655704383,Biological Psychology (100%),Fujian Medical University (100%)
832,5,0.0,1.0,33.333333333333336,Biomedical and Clinical Sciences,Pharmacology and Pharmaceutical Sciences,First Hospital of Jilin University,China,0.007221572280716957,95.52695812932454,Pharmacology and Pharmaceutical Sciences (100%),First Hospital of Jilin University (80%); Second Hospital of Tianjin Medical University (20%)
833,5,0.0,2.0,40.0,Biomedical and Clinical Sciences,Clinical Sciences,Keele University,United Kingdom,0.007221572280716957,95.53417970160525,Clinical Sciences (100%),Keele University (40%); Queen Elizabeth Hospital Birmingham (40%); University Hospitals of North Midlands NHS Trust (20%)
834,5,0.0,1.0,100.0,Biomedical and Clinical Sciences,,"Shanghai, China",China,0.007221572280716957,95.54140127388597,,"Shanghai, China (100%)"
835,5,1.0,1.0,100.0,Biological Sciences,Genetics,Chinese PLA General Hospital,China,0.007221572280716957,95.54862284616668,Genetics (100%),Chinese PLA General Hospital (100%)
836,5,1.0,1.0,0.0,Biological Sciences,Microbiology,First Affiliated Hospital of Guangzhou University of Chinese Medicine,China,0.007221572280716957,95.55584441844739,Microbiology (100%),First Affiliated Hospital of Guangzhou University of Chinese Medicine (60%); Guangzhou University of Chinese Medicine (40%)
837,5,0.0,1.0,75.0,Biological Sciences,Epidemiology,Second Xiangya Hospital of Central South University,China,0.007221572280716957,95.5630659907281,Epidemiology (100%),Second Xiangya Hospital of Central South University (80%); Chinese Academy of Medical Sciences Dermatology Hospital (20%)
838,5,1.0,2.0,0.0,Health Sciences,Epidemiology,Ningbo University,China,0.007221572280716957,95.57028756300882,Epidemiology (100%),Ningbo University (100%)
839,5,0.0,1.0,0.0,Biomedical and Clinical Sciences,Pharmacology and Pharmaceutical Sciences,Fujian Medical University,China,0.007221572280716957,95.57750913528953,Pharmacology and Pharmaceutical Sciences (100%),Fujian Medical University (100%)
840,5,1.0,1.0,33.333333333333336,Biological Sciences,Biochemistry and Cell Biology,Xuan Wu Hospital of the Capital Medical University,China,0.007221572280716957,95.58473070757024,Biochemistry and Cell Biology (100%),Xuan Wu Hospital of the Capital Medical University (80%); Capital Medical University (20%)
841,5,1.0,1.0,25.0,Health Sciences,Epidemiology,University of Cambridge,Germany,0.007221572280716957,95.59195227985096,Epidemiology (100%),University of Cambridge (40%); University of Hohenheim (40%); Copenhagen Business School (20%)
842,5,1.0,1.0,0.0,Biomedical and Clinical Sciences,Medical Biochemistry and Metabolomics,Capital Medical University,China,0.007221572280716957,95.59917385213167,Medical Biochemistry and Metabolomics (100%),Capital Medical University (60%); Beijing Tian Tan Hospital (40%)
843,5,1.0,1.0,50.0,Health Sciences,Epidemiology,Second Affiliated Hospital of Chongqing Medical University,China,0.007221572280716957,95.60639542441238,Epidemiology (100%),Second Affiliated Hospital of Chongqing Medical University (100%)
844,5,1.0,1.0,0.0,Health Sciences,Epidemiology,Peking University Third Hospital,China,0.007221572280716957,95.6136169966931,Epidemiology (100%),Peking University Third Hospital (80%); The First Hospital of Changsha (20%)
845,5,2.0,2.0,20.0,Health Sciences,Epidemiology,"University of California, Berkeley",United States,0.007221572280716957,95.62083856897381,Epidemiology (100%),"University of California, Berkeley (60%); Analysis Group (United States) (20%); Stanford University (20%)"
846,5,1.0,1.0,40.0,Biomedical and Clinical Sciences,Clinical Sciences,Chengdu Third People's Hospital,China,0.007221572280716957,95.62806014125452,Clinical Sciences (100%),Chengdu Third People's Hospital (80%); University of Electronic Science and Technology of China (20%)
847,5,0.0,1.0,50.0,Biomedical and Clinical Sciences,Clinical Sciences,Second Hospital of Hebei Medical University,China,0.007221572280716957,95.63528171353524,Clinical Sciences (100%),Second Hospital of Hebei Medical University (100%)
848,5,0.0,1.0,50.0,Health Sciences,Epidemiology,Changchun University of Chinese Medicine,China,0.007221572280716957,95.64250328581595,Epidemiology (80%); Clinical Sciences (20%),Changchun University of Chinese Medicine (80%); Jiangsu Provincial Hospital of Traditional Chinese Medicine (20%)
849,5,0.0,1.0,100.0,Biomedical and Clinical Sciences,Clinical Sciences,Zhejiang Chinese Medical University,China,0.007221572280716957,95.64972485809666,Clinical Sciences (100%),Zhejiang Chinese Medical University (100%)
850,5,2.4,1.0,0.0,Biomedical and Clinical Sciences,Ophthalmology and Optometry,Versailles Saint-Quentin-en-Yvelines University,France,0.007221572280716957,95.65694643037737,Ophthalmology and Optometry (80%); Epidemiology (20%),Versailles Saint-Quentin-en-Yvelines University (60%); Hôpital Foch (20%); Tel Aviv University (20%)
851,5,1.2,2.0,60.0,Biological Sciences,Genetics,Karolinska Institutet,Sweden,0.007221572280716957,95.66416800265809,Genetics (100%),Karolinska Institutet (60%); Karolinska University Hospital (20%); Stockholm University (20%)
852,5,1.0,1.0,33.333333333333336,Biomedical and Clinical Sciences,Nutrition and Dietetics,Guizhou University of Traditional Chinese Medicine,China,0.007221572280716957,95.6713895749388,Nutrition and Dietetics (100%),Guizhou University of Traditional Chinese Medicine (100%)
853,5,1.0,1.0,50.0,Biomedical and Clinical Sciences,Clinical Sciences,Ganzhou People's Hospital,China,0.007221572280716957,95.67861114721951,Clinical Sciences (100%),Ganzhou People's Hospital (100%)
854,5,1.0,1.0,50.0,Biomedical and Clinical Sciences,Clinical Sciences,Hunan University of Traditional Chinese Medicine,China,0.007221572280716957,95.68583271950023,Clinical Sciences (100%),Hunan University of Traditional Chinese Medicine (100%)
855,5,0.0,1.0,40.0,Health Sciences,Health Services and Systems,University of Montenegro,Montenegro,0.007221572280716957,95.69305429178094,Health Services and Systems (100%),University of Montenegro (60%); University of Donja Gorica (40%)
856,5,1.0,1.0,50.0,Biomedical and Clinical Sciences,Clinical Sciences,Tongji Medical College of Huazhong University of Science and Technology,China,0.007221572280716957,95.70027586406165,Clinical Sciences (100%),Tongji Medical College of Huazhong University of Science and Technology (100%)
857,5,1.0,1.0,20.0,Biological Sciences,Microbiology,Biomerieux SA,France,0.007221572280716957,95.70749743634236,Microbiology (100%),Biomerieux SA (40%); Université Libre de Bruxelles (40%); International Agency for Research on Cancer (20%)
858,5,1.0,1.0,100.0,Biomedical and Clinical Sciences,Biological Psychology,Affiliated Hospital of Guizhou Medical University,China,0.007221572280716957,95.71471900862308,Biological Psychology (100%),Affiliated Hospital of Guizhou Medical University (100%)
859,5,1.0,1.0,66.66666666666667,Biomedical and Clinical Sciences,Clinical Sciences,Nanchang University,China,0.007221572280716957,95.72194058090379,Clinical Sciences (100%),Nanchang University (100%)
860,5,2.0,2.0,0.0,Biological Sciences,Biochemistry and Cell Biology,"Insilico Medicine AI Ltd., Abu Dhabi, UAE.",United Arab Emirates,0.007221572280716957,95.7291621531845,Biochemistry and Cell Biology (100%),"Insilico Medicine AI Ltd., Abu Dhabi, UAE. (40%); Insilico Medicine Shanghai, Ltd., Shanghai, China (40%); InSilico Medicine Inc (20%)"
861,5,1.0,1.0,60.0,Biomedical and Clinical Sciences,,First Affiliated Hospital of Sun Yat-sen University,China,0.007221572280716957,95.73638372546522,,First Affiliated Hospital of Sun Yat-sen University (80%); Guangzhou Medical University (20%)
862,5,0.0,1.0,50.0,Biomedical and Clinical Sciences,Clinical Sciences,Zhejiang Chinese Medical University,China,0.007221572280716957,95.74360529774593,Clinical Sciences (100%),Zhejiang Chinese Medical University (60%); Zhejiang University (40%)
863,5,1.4,1.0,33.333333333333336,Biomedical and Clinical Sciences,Epidemiology,Shandong University,China,0.007221572280716957,95.75082687002664,Epidemiology (80%); Neurosciences (20%),Shandong University (60%); Second Hospital of Shandong University (20%); Shandong Provincial Hospital (20%)
864,5,1.0,1.0,60.0,Health Sciences,Epidemiology,Zhengzhou Children's Hospital,China,0.007221572280716957,95.75804844230736,Epidemiology (100%),Zhengzhou Children's Hospital (100%)
865,5,1.0,1.0,33.333333333333336,Biomedical and Clinical Sciences,Oncology and Carcinogenesis,Capital Medical University,China,0.007221572280716957,95.76527001458807,Oncology and Carcinogenesis (100%),Capital Medical University (60%); Beijing University of Chinese Medicine (40%)
866,5,0.0,1.0,50.0,Biomedical and Clinical Sciences,Pharmacology and Pharmaceutical Sciences,Juntendo University School of Medicine,Japan,0.007221572280716957,95.77249158686878,Pharmacology and Pharmaceutical Sciences (100%),Juntendo University School of Medicine (60%); University of Electronic Science and Technology of China (20%); University of Rhode Island (20%)
867,5,1.0,2.0,0.0,Biomedical and Clinical Sciences,Clinical Sciences,"Medical college, Hubei Minzu University",China,0.007221572280716957,95.7797131591495,Clinical Sciences (100%),"Medical college, Hubei Minzu University (60%); Hubei University of Chinese Medicine (40%)"
868,5,1.0,1.0,100.0,Biomedical and Clinical Sciences,Clinical Sciences,Shantou University Medical College,China,0.007221572280716957,95.78693473143021,Clinical Sciences (100%),Shantou University Medical College (60%); First Affiliated Hospital of Shantou University Medical College (20%); Shantou University (20%)
869,5,1.0,2.0,40.0,Information and Computing Sciences,Machine Learning,Massachusetts General Hospital,Denmark,0.007221572280716957,95.79415630371092,Machine Learning (100%),Massachusetts General Hospital (40%); Hvidovre Hospital (20%); Technical University of Denmark (20%)
870,5,1.0,1.0,33.333333333333336,Biomedical and Clinical Sciences,Cardiovascular Medicine and Haematology,First Affiliated Hospital of Zhengzhou University,China,0.007221572280716957,95.80137787599163,Cardiovascular Medicine and Haematology (100%),First Affiliated Hospital of Zhengzhou University (100%)
871,5,1.0,1.0,100.0,Health Sciences,Epidemiology,Seoul National University Bundang Hospital,South Korea,0.007221572280716957,95.80859944827235,Epidemiology (100%),Seoul National University Bundang Hospital (60%); Boramae Medical Center (20%); Seoul National University (20%)
872,5,1.0,1.0,80.0,Biomedical and Clinical Sciences,Nutrition and Dietetics,University of Sheffield,United Kingdom,0.007221572280716957,95.81582102055306,Nutrition and Dietetics (100%),University of Sheffield (40%); Newcastle University (20%); Sheffield Hallam University (20%)
873,5,0.0,1.0,33.333333333333336,Biological Sciences,Epidemiology,Korea University,South Korea,0.007221572280716957,95.82304259283377,Epidemiology (100%),Korea University (40%); Hankuk University of Foreign Studies (20%); Korea University Anam Hospital (20%)
874,5,1.0,1.0,25.0,Information and Computing Sciences,Machine Learning,Google LLC,United States,0.007221572280716957,95.83026416511449,Machine Learning (100%),Google LLC (100%)
875,5,1.0,1.0,100.0,Biomedical and Clinical Sciences,Cardiovascular Medicine and Haematology,Shandong University,China,0.007221572280716957,95.8374857373952,Cardiovascular Medicine and Haematology (100%),Shandong University (80%); Shandong Provincial Hospital (20%)
876,5,1.6,2.0,0.0,Biological Sciences,Bioinformatics and Computational Biology,Chengdu University of Traditional Chinese Medicine,China,0.007221572280716957,95.84470730967591,Bioinformatics and Computational Biology (80%); Biomedical Engineering (20%),Chengdu University of Traditional Chinese Medicine (60%); Hospital of Chengdu University of Traditional Chinese (40%)
877,5,1.0,1.0,33.333333333333336,Biomedical and Clinical Sciences,Reproductive Medicine,Xiangya Hospital Central South University,China,0.007221572280716957,95.85192888195662,Reproductive Medicine (100%),Xiangya Hospital Central South University (40%); Hunan Normal University (20%); Hunan University of Traditional Chinese Medicine (20%)
878,5,1.0,1.0,0.0,Health Sciences,Epidemiology,Southern Medical University,China,0.007221572280716957,95.85915045423734,Epidemiology (100%),Southern Medical University (60%); Southern Medical University Shenzhen Hospital (40%)
879,5,1.0,1.0,0.0,Biological Sciences,Biochemistry and Cell Biology,Quzhou City People's Hospital,China,0.007221572280716957,95.86637202651805,Biochemistry and Cell Biology (60%); Pharmacology and Pharmaceutical Sciences (40%),Quzhou City People's Hospital (60%); First Affiliated Hospital of Wenzhou Medical University (20%); Zhejiang University (20%)
880,5,1.0,1.0,33.333333333333336,Biomedical and Clinical Sciences,Immunology,Sheng Jing Hospital,China,0.007221572280716957,95.87359359879876,Immunology (100%),Sheng Jing Hospital (80%); China Medical University (20%)
881,5,1.0,1.0,0.0,Biomedical and Clinical Sciences,Ophthalmology and Optometry,Wenzhou Medical University,China,0.007221572280716957,95.88081517107948,Ophthalmology and Optometry (100%),Wenzhou Medical University (40%); Zhejiang Provincial People's Hospital (40%); Hangzhou Medical College (20%)
882,5,1.0,1.0,100.0,Biological Sciences,Genetics,Vavilov Institute of General Genetics,Russia,0.007221572280716957,95.88803674336019,Genetics (100%),Vavilov Institute of General Genetics (100%)
883,5,1.0,1.0,50.0,Biomedical and Clinical Sciences,Oncology and Carcinogenesis,Southern Medical University,China,0.007221572280716957,95.8952583156409,Oncology and Carcinogenesis (100%),Southern Medical University (80%); Southwest Hospital (20%)
884,5,1.0,1.0,50.0,Biomedical and Clinical Sciences,Clinical Sciences,Chifeng University,China,0.007221572280716957,95.90247988792161,Clinical Sciences (100%),Chifeng University (80%); Affiliated Hospital of Chifeng University (20%)
885,5,1.0,2.0,50.0,Health Sciences,Epidemiology,Ganzhou People's Hospital,China,0.007221572280716957,95.90970146020233,Epidemiology (100%),Ganzhou People's Hospital (80%); First Affiliated Hospital of University of South China (20%)
886,5,1.0,1.0,66.66666666666667,Biomedical and Clinical Sciences,Cardiovascular Medicine and Haematology,Guangzhou Medical University,China,0.007221572280716957,95.91692303248304,Cardiovascular Medicine and Haematology (100%),Guangzhou Medical University (80%); Kingmed Diagnostics (20%)
887,5,1.0,1.0,0.0,Biomedical and Clinical Sciences,Oncology and Carcinogenesis,Macau University of Science and Technology,China,0.007221572280716957,95.92414460476375,Oncology and Carcinogenesis (100%),Macau University of Science and Technology (40%); Weifang Chinese Medicine Hospital (40%); Shandong University of Traditional Chinese Medicine (20%)
888,5,1.0,1.0,60.0,Biomedical and Clinical Sciences,Immunology,Bar-Ilan University,Israel,0.007221572280716957,95.93136617704447,Immunology (100%),Bar-Ilan University (100%)
889,5,0.0,1.0,75.0,Biomedical and Clinical Sciences,Medical Biochemistry and Metabolomics,Akershus University Hospital,Norway,0.007221572280716957,95.93858774932518,Medical Biochemistry and Metabolomics (60%); Statistics (40%),Akershus University Hospital (60%); Centro San Giovanni di Dio Fatebenefratelli (20%); University of Oslo (20%)
890,5,1.0,1.0,0.0,Biomedical and Clinical Sciences,Clinical Sciences,Zhuhai Hospital of Integrated Traditional Chinese and Western Medicine,China,0.007221572280716957,95.94580932160589,Clinical Sciences (100%),Zhuhai Hospital of Integrated Traditional Chinese and Western Medicine (100%)
891,5,0.0,2.0,0.0,Biological Sciences,Epidemiology,First Affiliated Hospital of Kunming Medical University,China,0.007221572280716957,95.9530308938866,Epidemiology (60%); Biochemistry and Cell Biology (40%),First Affiliated Hospital of Kunming Medical University (60%); Kunming Medical University (40%)
892,5,1.0,1.0,66.66666666666667,Biological Sciences,Epidemiology,Chengdu University of Traditional Chinese Medicine,China,0.007221572280716957,95.96025246616732,Epidemiology (100%),Chengdu University of Traditional Chinese Medicine (100%)
893,5,1.0,1.0,0.0,Biomedical and Clinical Sciences,Ophthalmology and Optometry,Peking University Third Hospital,China,0.007221572280716957,95.96747403844803,Ophthalmology and Optometry (100%),Peking University Third Hospital (80%); Peking University (20%)
894,5,0.0,1.0,0.0,Biomedical and Clinical Sciences,Cardiovascular Medicine and Haematology,Seoul National University,South Korea,0.007221572280716957,95.97469561072874,Cardiovascular Medicine and Haematology (100%),Seoul National University (60%); Seoul National University Hospital (40%)
895,5,0.0,1.0,0.0,Biomedical and Clinical Sciences,Epidemiology,First Affiliated Hospital of Zhejiang University School of Medicine,China,0.007221572280716957,95.98191718300946,Epidemiology (100%),First Affiliated Hospital of Zhejiang University School of Medicine (60%); Zhejiang University (40%)
896,5,1.0,1.0,100.0,Biological Sciences,Genetics,Tongji Hospital Affiliated to Tongji Medical College of Huazhong University of Science & Technology,China,0.007221572280716957,95.98913875529017,Genetics (100%),Tongji Hospital Affiliated to Tongji Medical College of Huazhong University of Science & Technology (100%)
897,5,1.0,1.0,20.0,Biomedical and Clinical Sciences,,University of Paris-Saclay,France,0.007221572280716957,95.99636032757088,,University of Paris-Saclay (80%); Heriot-Watt University (20%)
898,5,0.0,1.0,100.0,Biomedical and Clinical Sciences,Nutrition and Dietetics,First Affiliated Hospital of Wenzhou Medical University,China,0.007221572280716957,96.0035818998516,Nutrition and Dietetics (100%),First Affiliated Hospital of Wenzhou Medical University (100%)
899,5,1.0,1.0,0.0,Health Sciences,Epidemiology,Zhejiang Chinese Medical University,China,0.007221572280716957,96.01080347213231,Epidemiology (100%),Zhejiang Chinese Medical University (80%); Zhejiang University (20%)
900,5,0.4,1.0,100.0,Biomedical and Clinical Sciences,Biological Psychology,Shantou Central Hospital,China,0.007221572280716957,96.01802504441302,Biological Psychology (60%); Clinical Sciences (40%),Shantou Central Hospital (40%); Cancer Hospital of Shantou University Medical College (20%); First Affiliated Hospital of Shantou University Medical College (20%)
901,5,1.0,1.0,100.0,Health Sciences,Epidemiology,Zhejiang University,China,0.007221572280716957,96.02524661669374,Epidemiology (100%),Zhejiang University (60%); Hangzhou Women’s Hospital (40%)
902,5,1.0,1.0,60.0,Biomedical and Clinical Sciences,Nutrition and Dietetics,Hôpital Européen Georges-Pompidou,France,0.007221572280716957,96.03246818897445,Nutrition and Dietetics (100%),Hôpital Européen Georges-Pompidou (100%)
903,5,0.0,1.0,0.0,Biomedical and Clinical Sciences,Clinical Sciences,University Hospitals Coventry and Warwickshire NHS Trust,United Kingdom,0.007221572280716957,96.03968976125516,Clinical Sciences (100%),University Hospitals Coventry and Warwickshire NHS Trust (40%); Agricultural University of Athens (20%); Aston University (20%)
904,5,1.0,1.0,66.66666666666667,Biological Sciences,Biochemistry and Cell Biology,Zhejiang University,China,0.007221572280716957,96.04691133353587,Biochemistry and Cell Biology (100%),Zhejiang University (100%)
905,5,1.0,1.0,60.0,Health Sciences,Midwifery,University of Luxembourg,Luxembourg,0.007221572280716957,96.05413290581659,Midwifery (100%),University of Luxembourg (60%); Bocconi University (20%); Paris School of Economics (20%)
906,5,0.0,1.0,66.66666666666667,Psychology,Biological Psychology,Ho Technical University,Indonesia,0.007221572280716957,96.0613544780973,Biological Psychology (100%),Ho Technical University (20%); Mulawarman University (20%); State University of Semarang (20%)
907,5,0.0,1.0,100.0,Biological Sciences,Epidemiology,Guangdong Province Women and Children Hospital,China,0.007221572280716957,96.06857605037801,Epidemiology (100%),Guangdong Province Women and Children Hospital (100%)
908,5,1.0,1.0,50.0,Biomedical and Clinical Sciences,Oncology and Carcinogenesis,Jiangnan University,China,0.007221572280716957,96.07579762265873,Oncology and Carcinogenesis (100%),Jiangnan University (40%); Wuxi Fourth People's Hospital (40%); Nanjing Medical University (20%)
909,5,1.0,1.0,0.0,Biological Sciences,Bioinformatics and Computational Biology,First Affiliated Hospital of Anhui Medical University,China,0.007221572280716957,96.08301919493944,Bioinformatics and Computational Biology (100%),First Affiliated Hospital of Anhui Medical University (100%)
910,5,1.0,1.0,100.0,Biomedical and Clinical Sciences,Ophthalmology and Optometry,Beijing University of Chinese Medicine,China,0.007221572280716957,96.09024076722015,Ophthalmology and Optometry (100%),Beijing University of Chinese Medicine (100%)
911,5,1.0,1.0,66.66666666666667,Biomedical and Clinical Sciences,Cardiovascular Medicine and Haematology,Nanjing Medical University,China,0.007221572280716957,96.09746233950086,Cardiovascular Medicine and Haematology (100%),Nanjing Medical University (80%); Jiangsu Province Hospital (20%)
912,5,0.0,1.0,25.0,Biological Sciences,Epidemiology,Institute Curie,France,0.007221572280716957,96.10468391178158,Epidemiology (100%),Institute Curie (80%); Janssen Pharmaceuticals Inc (20%)
913,5,1.0,1.0,100.0,Biological Sciences,Epidemiology,Shaanxi Normal University,China,0.007221572280716957,96.11190548406229,Epidemiology (100%),Shaanxi Normal University (100%)
914,5,0.0,1.0,0.0,Biomedical and Clinical Sciences,Cardiovascular Medicine and Haematology,West China Hospital of Sichuan University,China,0.007221572280716957,96.119127056343,Cardiovascular Medicine and Haematology (100%),West China Hospital of Sichuan University (100%)
915,5,0.0,1.0,20.0,Biomedical and Clinical Sciences,Biological Psychology,New York University,United States,0.007221572280716957,96.12634862862372,Biological Psychology (100%),New York University (100%)
916,5,1.0,1.0,100.0,Biomedical and Clinical Sciences,Epidemiology,Second Affiliated Hospital of Xi'an Jiaotong University,China,0.007221572280716957,96.13357020090443,Epidemiology (100%),Second Affiliated Hospital of Xi'an Jiaotong University (100%)
917,5,0.0,1.0,25.0,Biomedical and Clinical Sciences,Clinical Sciences,Beijing Chao-Yang Hospital,China,0.007221572280716957,96.14079177318514,Clinical Sciences (100%),Beijing Chao-Yang Hospital (100%)
918,5,1.0,1.0,20.0,Biomedical and Clinical Sciences,,"Oxcitas Limited, 28 Chesterton Road, Cambridge CB4 3AZ, United Kingdom",United Kingdom,0.007221572280716957,96.14801334546586,,"Oxcitas Limited, 28 Chesterton Road, Cambridge CB4 3AZ, United Kingdom (80%); ElectronRX Limited, 28 Chesterton Road, Cambridge CB4 3AZ, United Kingdom (20%)"
919,5,1.0,2.0,33.333333333333336,Biomedical and Clinical Sciences,Cardiovascular Medicine and Haematology,First Affiliated Hospital of Dalian Medical University,China,0.007221572280716957,96.15523491774657,Cardiovascular Medicine and Haematology (100%),"First Affiliated Hospital of Dalian Medical University (80%); Department of Cardiology, Tieling Central Hospital, Tieling, Liaoning, China (20%)"
920,5,1.0,1.0,100.0,Biological Sciences,Genetics,Guang’anmen Hospital,China,0.007221572280716957,96.16245649002728,Genetics (100%),Guang’anmen Hospital (100%)
921,5,1.0,1.0,50.0,Biomedical and Clinical Sciences,Clinical Sciences,Air Force Medical University,China,0.007221572280716957,96.169678062308,Clinical Sciences (100%),Air Force Medical University (40%); Chinese PLA General Hospital (40%); First Affiliated Hospital of Chongqing Medical University (20%)
922,5,0.0,1.0,0.0,Information and Computing Sciences,Machine Learning,"ITM Gwalior,Department of Computer Science and Engineering,Gwalior,Madhya Pradesh,India",Uzbekistan,0.007221572280716957,96.17689963458871,Machine Learning (100%),"ITM Gwalior,Department of Computer Science and Engineering,Gwalior,Madhya Pradesh,India (20%); Mamun University (20%); Mohamed Sathak College of Arts and Science Sholinganallur,Department of Computer Applications,Chennai,Tamil Nadu,India,600119 (20%)"
923,5,2.0,5.0,20.0,Biomedical and Clinical Sciences,Clinical Sciences,Mayo Clinic,United States,0.007221572280716957,96.18412120686942,Clinical Sciences (100%),Mayo Clinic (80%); Mayo Clinic in Arizona (20%)
924,5,1.0,1.0,0.0,Biomedical and Clinical Sciences,Clinical Sciences,Zhejiang Chinese Medical University,China,0.007221572280716957,96.19134277915013,Clinical Sciences (100%),"Zhejiang Chinese Medical University (40%); Department of Orthopaedics, the First People’s Hospital of Chun’an County, Hangzhou, Zhejiang, China (20%); Hunan University of Traditional Chinese Medicine (20%)"
925,5,1.0,1.0,25.0,Biological Sciences,Bioinformatics and Computational Biology,Centre for Genomic Regulation,Spain,0.007221572280716957,96.19856435143085,Bioinformatics and Computational Biology (100%),Centre for Genomic Regulation (80%); Harvard University (20%)
926,5,1.0,1.0,66.66666666666667,Biological Sciences,Epidemiology,Guangdong Medical College,China,0.007221572280716957,96.20578592371156,Epidemiology (100%),Guangdong Medical College (80%); Zhongshan People's Hospital (20%)
927,5,1.0,1.0,66.66666666666667,Biological Sciences,Genetics,Wangjing Hospital of China Academy of Chinese Medical Sciences,China,0.007221572280716957,96.21300749599227,Genetics (100%),Wangjing Hospital of China Academy of Chinese Medical Sciences (60%); China Academy of Chinese Medical Sciences (20%); Nanjing University of Chinese Medicine (20%)
928,5,1.0,1.0,25.0,Biomedical and Clinical Sciences,Cardiovascular Medicine and Haematology,The University of Tokyo,Japan,0.007221572280716957,96.22022906827299,Cardiovascular Medicine and Haematology (100%),The University of Tokyo (100%)
929,5,1.0,1.0,100.0,Biomedical and Clinical Sciences,Oncology and Carcinogenesis,"Pulmonology Department, Fengdu General Hospital, No.33, Lutang Street, Sanhe Street, Fengdu County, Chongqing, China",China,0.007221572280716957,96.2274506405537,Oncology and Carcinogenesis (100%),"Pulmonology Department, Fengdu General Hospital, No.33, Lutang Street, Sanhe Street, Fengdu County, Chongqing, China (100%)"
930,5,1.0,1.0,0.0,Biomedical and Clinical Sciences,Cardiovascular Medicine and Haematology,First Affiliated Hospital of Soochow University,China,0.007221572280716957,96.23467221283441,Cardiovascular Medicine and Haematology (100%),First Affiliated Hospital of Soochow University (100%)
931,5,1.0,1.0,100.0,Biomedical and Clinical Sciences,Clinical Sciences,The Seventh Affiliated Hospital of Sun Yat-sen University,China,0.007221572280716957,96.24189378511512,Clinical Sciences (100%),The Seventh Affiliated Hospital of Sun Yat-sen University (100%)
932,5,1.0,1.0,0.0,Biomedical and Clinical Sciences,Cardiovascular Medicine and Haematology,Chengdu Medical College,China,0.007221572280716957,96.24911535739584,Cardiovascular Medicine and Haematology (100%),Chengdu Medical College (60%); Guangyuan Central Hospital (20%); Southern Medical University (20%)
933,5,1.0,1.0,80.0,Biomedical and Clinical Sciences,Medical Biochemistry and Metabolomics,Hospital de Sant Pau,Spain,0.007221572280716957,96.25633692967655,Medical Biochemistry and Metabolomics (100%),"Hospital de Sant Pau (80%); University of Campania ""Luigi Vanvitelli"" (20%)"
934,5,0.0,2.0,60.0,Biological Sciences,Genetics,"STALICLA Discovery and Data Science Unit, World Trade Center, Moll de Barcelona, Edif Este, 08039 Barcelona, Spain;, sara.azidane@stalicla.com, (S.A.);, 01eizaguerrisandra@gmail.com, (S.E.);, xavier.gallego@stalicla.com, (X.G.);, lynn.durham@stalicla.com, (L.D.);, emre.guney@stalicla.com, (E.G.)",Spain,0.007221572280716957,96.26355850195726,Genetics (100%),"STALICLA Discovery and Data Science Unit, World Trade Center, Moll de Barcelona, Edif Este, 08039 Barcelona, Spain;, sara.azidane@stalicla.com, (S.A.);, 01eizaguerrisandra@gmail.com, (S.E.);, xavier.gallego@stalicla.com, (X.G.);, lynn.durham@stalicla.com, (L.D.);, emre.guney@stalicla.com, (E.G.) (80%); Autonomous University of Barcelona (20%)"
935,5,1.0,1.0,0.0,Biomedical and Clinical Sciences,Nutrition and Dietetics,Renmin Hospital of Wuhan University,China,0.007221572280716957,96.27078007423798,Nutrition and Dietetics (100%),Renmin Hospital of Wuhan University (100%)
936,5,3.2,3.0,66.66666666666667,Biomedical and Clinical Sciences,Clinical Sciences,Tongji University,China,0.007221572280716957,96.27800164651869,Clinical Sciences (80%); Cardiovascular Medicine and Haematology (20%),Tongji University (40%); Yangtze University (40%); First People's Hospital of Jingzhou (20%)
937,5,0.6,2.0,20.0,Biomedical and Clinical Sciences,Clinical Sciences,University of Cambridge,United Kingdom,0.007221572280716957,96.2852232187994,Clinical Sciences (100%),University of Cambridge (60%); Addenbrooke's Hospital (20%); West Suffolk NHS Foundation Trust (20%)
938,5,1.0,1.0,50.0,Biomedical and Clinical Sciences,Nutrition and Dietetics,Guizhou University of Traditional Chinese Medicine,China,0.007221572280716957,96.29244479108011,Nutrition and Dietetics (100%),Guizhou University of Traditional Chinese Medicine (100%)
939,5,0.0,1.0,50.0,Information and Computing Sciences,Biological Psychology,University of Science and Technology of China,China,0.007221572280716957,96.29966636336083,Biological Psychology (80%); Machine Learning (20%),University of Science and Technology of China (100%)
940,5,1.0,3.0,40.0,Biological Sciences,Genetics,"Department of Biotechnology, Jerusalem Multidisciplinary College, Jerusalem 9101001, Israel",Israel,0.007221572280716957,96.30688793564154,Genetics (100%),"Department of Biotechnology, Jerusalem Multidisciplinary College, Jerusalem 9101001, Israel (100%)"
941,5,1.0,1.0,0.0,Health Sciences,Epidemiology,Inha University Hospital,South Korea,0.007221572280716957,96.31410950792225,Epidemiology (100%),Inha University Hospital (100%)
942,5,0.8,3.0,25.0,Biomedical and Clinical Sciences,Clinical Sciences,Xuzhou Medical College,China,0.007221572280716957,96.32133108020297,Clinical Sciences (100%),Xuzhou Medical College (80%); Children's Hospital of Suzhou University (20%)
943,5,0.8,1.0,80.0,Information and Computing Sciences,"Graphics, Augmented Reality and Games",University of Southampton,United Kingdom,0.007221572280716957,96.32855265248368,"Graphics, Augmented Reality and Games (80%); Information Systems (20%)",University of Southampton (100%)
944,5,1.0,1.0,0.0,Biomedical and Clinical Sciences,Clinical Sciences,Nanjing University of Chinese Medicine,China,0.007221572280716957,96.33577422476439,Clinical Sciences (100%),Nanjing University of Chinese Medicine (100%)
945,5,1.0,1.0,60.0,Health Sciences,Biological Psychology,Ruhr University Bochum,Germany,0.007221572280716957,96.3429957970451,Biological Psychology (100%),Ruhr University Bochum (60%); Medical School Hamburg (20%); University of Göttingen (20%)
946,5,0.0,1.0,50.0,Biological Sciences,Genetics,Capital Medical University,China,0.007221572280716957,96.35021736932582,Genetics (100%),Capital Medical University (100%)
947,5,1.0,1.0,0.0,Health Sciences,Epidemiology,Hubei University of Medicine,China,0.007221572280716957,96.35743894160653,Epidemiology (100%),Hubei University of Medicine (100%)
948,5,1.0,1.0,50.0,Biological Sciences,Genetics,Shanghai Jiao Tong University,China,0.007221572280716957,96.36466051388724,Genetics (100%),Shanghai Jiao Tong University (60%); Adelaide University (20%); University of Hawaiʻi at Mānoa (20%)
949,5,1.0,1.0,0.0,Biomedical and Clinical Sciences,Nutrition and Dietetics,Jinan University,China,0.007221572280716957,96.37188208616796,Nutrition and Dietetics (100%),Jinan University (60%); Southern Medical University (20%); Third Affiliated Hospital of Sun Yat-sen University (20%)
950,5,1.0,2.0,33.333333333333336,Biomedical and Clinical Sciences,Biological Psychology,The Pennsylvania State University,United States,0.007221572280716957,96.37910365844867,Biological Psychology (100%),The Pennsylvania State University (100%)
951,5,0.0,1.0,50.0,Biological Sciences,Epidemiology,Shenzhen University,China,0.007221572280716957,96.38632523072938,Epidemiology (100%),Shenzhen University (80%); Shenzhen Pingle Orthopedic Hospital (20%)
952,5,1.0,1.0,50.0,Biomedical and Clinical Sciences,Reproductive Medicine,First Affiliated Hospital of Nanchang University,China,0.007221572280716957,96.3935468030101,Reproductive Medicine (100%),First Affiliated Hospital of Nanchang University (100%)
953,5,1.0,1.0,100.0,Biological Sciences,Genetics,Chongqing Medical University,China,0.007221572280716957,96.40076837529081,Genetics (100%),Chongqing Medical University (40%); West China Hospital of Sichuan University (40%); Hainan Medical University (20%)
954,5,1.0,1.0,50.0,Health Sciences,Epidemiology,Beijing Friendship Hospital,China,0.007221572280716957,96.40798994757152,Epidemiology (100%),Beijing Friendship Hospital (100%)
955,5,0.0,1.0,50.0,Biomedical and Clinical Sciences,Clinical Sciences,Guangzhou University of Chinese Medicine,China,0.007221572280716957,96.41521151985224,Clinical Sciences (100%),"Guangzhou University of Chinese Medicine (80%); Department of Endocrinology and Metabolism, Shantou Hospital of Traditional Chinese Medicine, Shantou, Guangdong, China. (20%)"
956,5,1.0,1.0,50.0,Health Sciences,Epidemiology,Qilu Hospital of Shandong University,China,0.007221572280716957,96.42243309213295,Epidemiology (100%),Qilu Hospital of Shandong University (100%)
957,5,1.0,3.0,66.66666666666667,Biomedical and Clinical Sciences,Clinical Sciences,Second Affiliated Hospital of Fujian Medical University,China,0.007221572280716957,96.42965466441366,Clinical Sciences (100%),Second Affiliated Hospital of Fujian Medical University (100%)
958,5,0.0,1.0,50.0,Health Sciences,Epidemiology,Peking Union Medical College Hospital,China,0.007221572280716957,96.43687623669437,Epidemiology (100%),Peking Union Medical College Hospital (80%); West China Hospital of Sichuan University (20%)
959,5,1.0,1.0,0.0,Biomedical and Clinical Sciences,Ophthalmology and Optometry,Simon Fraser University,Canada,0.007221572280716957,96.44409780897509,Ophthalmology and Optometry (100%),Simon Fraser University (60%); University College London (20%); Wake Forest University (20%)
960,5,1.0,1.0,80.0,Biomedical and Clinical Sciences,Clinical Sciences,Nanjing Medical University,China,0.007221572280716957,96.4513193812558,Clinical Sciences (100%),Nanjing Medical University (100%)
961,5,0.0,2.0,40.0,Biomedical and Clinical Sciences,Clinical Sciences,Rush University,United States,0.007221572280716957,96.45854095353651,Clinical Sciences (100%),Rush University (60%); Rush University Medical Center (40%)
962,5,0.0,1.0,50.0,Biomedical and Clinical Sciences,Clinical Sciences,Peking Union Medical College Hospital,China,0.007221572280716957,96.46576252581723,Clinical Sciences (100%),Peking Union Medical College Hospital (100%)
963,5,1.0,1.0,33.333333333333336,Biological Sciences,Biochemistry and Cell Biology,Dongzhimen Hospital Affiliated to Beijing University of Chinese Medicine,China,0.007221572280716957,96.47298409809794,Biochemistry and Cell Biology (100%),Dongzhimen Hospital Affiliated to Beijing University of Chinese Medicine (60%); Beijing University of Chinese Medicine (40%)
964,5,1.0,1.0,100.0,Health Sciences,Health Services and Systems,Xuzhou Medical College,China,0.007221572280716957,96.48020567037865,Health Services and Systems (100%),Xuzhou Medical College (40%); Jiangsu Province Hospital (20%); Northern Jiangsu People's Hospital (20%)
965,5,0.0,1.0,50.0,Biomedical and Clinical Sciences,Dentistry,Affiliated Hospital of Guizhou Medical University,China,0.007221572280716957,96.48742724265936,Dentistry (100%),Affiliated Hospital of Guizhou Medical University (100%)
966,5,0.0,1.0,0.0,Health Sciences,Epidemiology,Bengbu Medical College,China,0.007221572280716957,96.49464881494008,Epidemiology (100%),Bengbu Medical College (60%); First Hospital of Jiaxing (40%)
967,5,1.0,2.0,0.0,Biomedical and Clinical Sciences,Clinical Sciences,Tianjin Medical University General Hospital,China,0.007221572280716957,96.50187038722079,Clinical Sciences (100%),Tianjin Medical University General Hospital (100%)
968,5,0.0,1.0,50.0,Biomedical and Clinical Sciences,Clinical Sciences,Tianjin Medical University General Hospital,China,0.007221572280716957,96.5090919595015,Clinical Sciences (100%),Tianjin Medical University General Hospital (80%); Nanjing University of Chinese Medicine (20%)
969,5,2.6,3.0,0.0,Biomedical and Clinical Sciences,Health Services and Systems,Southern Medical University,China,0.007221572280716957,96.51631353178222,Health Services and Systems (80%); Epidemiology (20%),Southern Medical University (100%)
970,5,0.0,1.0,0.0,Biological Sciences,Epidemiology,University of Electronic Science and Technology of China,China,0.007221572280716957,96.52353510406293,Epidemiology (100%),University of Electronic Science and Technology of China (80%); Chinese Academy of Medical Sciences & Peking Union Medical College (20%)
971,5,1.0,1.0,0.0,Biological Sciences,Microbiology,Xiamen University,China,0.007221572280716957,96.53075667634364,Microbiology (100%),Xiamen University (100%)
972,5,1.0,1.0,0.0,Biomedical and Clinical Sciences,Epidemiology,McGill University,Canada,0.007221572280716957,96.53797824862436,Epidemiology (100%),McGill University (100%)
973,5,1.0,1.0,0.0,Biomedical and Clinical Sciences,Pharmacology and Pharmaceutical Sciences,Nankai University,China,0.007221572280716957,96.54519982090507,Pharmacology and Pharmaceutical Sciences (100%),Nankai University (100%)
974,5,1.0,1.0,66.66666666666667,Biomedical and Clinical Sciences,Clinical Sciences,Central South University,China,0.007221572280716957,96.55242139318578,Clinical Sciences (100%),Central South University (100%)
975,5,0.0,3.0,0.0,Biomedical and Clinical Sciences,Clinical Sciences,Hadassah University Hospital,Israel,0.007221572280716957,96.5596429654665,Clinical Sciences (100%),Hadassah University Hospital (100%)
976,5,0.0,1.0,75.0,Health Sciences,Epidemiology,Cornell University,United States,0.007221572280716957,96.56686453774721,Epidemiology (100%),Cornell University (80%); University of Rochester Medical Center (20%)
977,5,1.0,1.0,0.0,Biomedical and Clinical Sciences,Oncology and Carcinogenesis,Ruian People's Hospital,China,0.007221572280716957,96.57408611002792,Oncology and Carcinogenesis (100%),Ruian People's Hospital (100%)
978,5,1.0,1.0,20.0,Biomedical and Clinical Sciences,Biological Psychology,University of Tehran,Iran,0.007221572280716957,96.58130768230863,Biological Psychology (100%),University of Tehran (60%); Royan Institute (20%); Shahid Beheshti University (20%)
979,5,1.4,1.0,0.0,Biomedical and Clinical Sciences,Clinical Sciences,"Department of General Surgery, Yan'an People's Hospital, Yan'an, China",China,0.007221572280716957,96.58852925458935,Clinical Sciences (100%),"Department of General Surgery, Yan'an People's Hospital, Yan'an, China (60%); Xi'an Medical University (20%); Yan'an People's Hospital, Shanxi Province, 716000, PR China. Electronic address: zhqnbh@163.com. (20%)"
980,5,1.0,1.0,100.0,Environmental Sciences,Epidemiology,Collaborative Innovation Center for Diagnosis and Treatment of Infectious Diseases,China,0.007221572280716957,96.59575082687006,Epidemiology (100%),Collaborative Innovation Center for Diagnosis and Treatment of Infectious Diseases (100%)
981,5,1.0,2.0,0.0,Biomedical and Clinical Sciences,Immunology,Guangzhou University of Chinese Medicine,China,0.007221572280716957,96.60297239915077,Immunology (100%),Guangzhou University of Chinese Medicine (60%); Shenzhen Second People's Hospital (20%); Shenzhen Traditional Chinese Medicine Hospital (20%)
982,5,0.0,1.0,50.0,Biological Sciences,Genetics,Beijing University of Chinese Medicine,China,0.007221572280716957,96.61019397143149,Genetics (100%),Beijing University of Chinese Medicine (100%)
983,5,1.0,1.0,0.0,Biological Sciences,Medical Microbiology,Nanjing University of Chinese Medicine,China,0.007221572280716957,96.6174155437122,Medical Microbiology (100%),Nanjing University of Chinese Medicine (100%)
984,5,1.0,1.0,50.0,Biological Sciences,Genetics,Guangzhou Medical University,China,0.007221572280716957,96.62463711599291,Genetics (100%),Guangzhou Medical University (100%)
985,5,0.0,2.0,0.0,Biomedical and Clinical Sciences,Medical Biochemistry and Metabolomics,The Second Affiliated Hospital of Bengbu Medical College,China,0.007221572280716957,96.63185868827362,Medical Biochemistry and Metabolomics (80%); Epidemiology (20%),"The Second Affiliated Hospital of Bengbu Medical College (80%); Bengbu Medical University, Bengbu, China (20%)"
986,5,1.0,1.0,66.66666666666667,Biomedical and Clinical Sciences,Clinical Sciences,"Xiangshan Hospital of TCM Medical and Health Group, Ningbo City, Zhejiang Province, China",China,0.007221572280716957,96.63908026055434,Clinical Sciences (100%),"Xiangshan Hospital of TCM Medical and Health Group, Ningbo City, Zhejiang Province, China (40%); Tongji University (20%); Wenzhou Medical University (20%)"
987,5,1.0,1.0,25.0,Biomedical and Clinical Sciences,Epidemiology,Guangzhou University,China,0.007221572280716957,96.64630183283505,Epidemiology (100%),Guangzhou University (100%)
988,5,0.0,2.0,33.333333333333336,Biomedical and Clinical Sciences,Clinical Sciences,Huashan Hospital,China,0.007221572280716957,96.65352340511576,Clinical Sciences (100%),Huashan Hospital (80%); Shanghai University of Finance and Economics (20%)
989,5,0.0,1.0,50.0,Health Sciences,Epidemiology,Ningbo Medical Center Lihuili Hospital,China,0.007221572280716957,96.66074497739648,Epidemiology (100%),Ningbo Medical Center Lihuili Hospital (100%)
990,5,1.0,1.0,0.0,Engineering,Distributed Computing and Systems Software,"HealthScreen Inc., Richmond Hill, NY 11418, USA;, arun@ihealthscreen.org, (A.G.);, tbhuiyan02@gmail.com, (T.B.)",United States,0.007221572280716957,96.66796654967719,Distributed Computing and Systems Software (100%),"HealthScreen Inc., Richmond Hill, NY 11418, USA;, arun@ihealthscreen.org, (A.G.);, tbhuiyan02@gmail.com, (T.B.) (60%); Icahn School of Medicine at Mount Sinai (40%)"
991,5,0.8,2.0,0.0,Biomedical and Clinical Sciences,Clinical Sciences,Shandong University of Traditional Chinese Medicine,China,0.007221572280716957,96.6751881219579,Clinical Sciences (60%); Epidemiology (40%),Shandong University of Traditional Chinese Medicine (100%)
992,5,1.0,1.0,50.0,Psychology,Biological Psychology,Shanghai Jiao Tong University,China,0.007221572280716957,96.68240969423861,Biological Psychology (100%),Shanghai Jiao Tong University (100%)
993,5,1.0,1.0,0.0,Biomedical and Clinical Sciences,Immunology,Zhongnan Hospital of Wuhan University,China,0.007221572280716957,96.68963126651933,Immunology (100%),Zhongnan Hospital of Wuhan University (80%); Union Hospital Tongji Medical College Huazhong University of Science and Technology (20%)
994,5,0.0,1.0,50.0,Biomedical and Clinical Sciences,Clinical Sciences,Union Hospital Tongji Medical College Huazhong University of Science and Technology,China,0.007221572280716957,96.69685283880004,Clinical Sciences (100%),Union Hospital Tongji Medical College Huazhong University of Science and Technology (100%)
995,5,1.0,1.0,0.0,Biomedical and Clinical Sciences,Cardiovascular Medicine and Haematology,Beijing Anzhen Hospital,China,0.007221572280716957,96.70407441108075,Cardiovascular Medicine and Haematology (100%),Beijing Anzhen Hospital (100%)
996,5,1.0,1.0,100.0,Biomedical and Clinical Sciences,Medical Biochemistry and Metabolomics,Beijing University of Chinese Medicine,China,0.007221572280716957,96.71129598336147,Medical Biochemistry and Metabolomics (100%),Beijing University of Chinese Medicine (80%); Xiyuan Hospital (20%)
997,5,0.0,2.0,50.0,Health Sciences,Biological Psychology,Beijing University of Chinese Medicine,China,0.007221572280716957,96.71851755564218,Biological Psychology (60%); Epidemiology (40%),Beijing University of Chinese Medicine (40%); Capital Medical University (40%); Beijing Hospital of Traditional Chinese Medicine (20%)
998,5,0.0,1.0,0.0,Biomedical and Clinical Sciences,Clinical Sciences,Xian Yang Central Hospital,China,0.007221572280716957,96.72573912792289,Clinical Sciences (100%),"Xian Yang Central Hospital (80%); Shaoxing Chinese Medicine Hospital, China (20%)"
999,5,1.0,1.0,33.333333333333336,Biomedical and Clinical Sciences,Clinical Sciences,China Academy of Chinese Medical Sciences,China,0.007221572280716957,96.7329607002036,Clinical Sciences (100%),China Academy of Chinese Medical Sciences (80%); Peking University (20%)
1000,5,1.0,1.0,0.0,Health Sciences,Epidemiology,China-Japan Friendship Hospital,China,0.007221572280716957,96.74018227248432,Epidemiology (100%),China-Japan Friendship Hospital (60%); Beijing University of Chinese Medicine (40%)
1001,5,1.0,1.0,100.0,Biomedical and Clinical Sciences,Cardiovascular Medicine and Haematology,Zhongshan Hospital,China,0.007221572280716957,96.74740384476503,Cardiovascular Medicine and Haematology (100%),Zhongshan Hospital (60%); Fudan University (40%)
1002,5,1.0,1.0,50.0,Biomedical and Clinical Sciences,Clinical Sciences,Zhejiang Chinese Medical University,China,0.007221572280716957,96.75462541704574,Clinical Sciences (100%),Zhejiang Chinese Medical University (100%)
1003,5,1.0,1.0,33.333333333333336,Biomedical and Clinical Sciences,Clinical Sciences,Shanghai Jiao Tong University,China,0.007221572280716957,96.76184698932646,Clinical Sciences (100%),Shanghai Jiao Tong University (100%)
1004,5,1.0,2.0,0.0,Biomedical and Clinical Sciences,Epidemiology,Fujian Medical University,China,0.007221572280716957,96.76906856160717,Epidemiology (100%),Fujian Medical University (100%)
1005,5,0.8,1.0,0.0,Biological Sciences,Genetics,First Affiliated Hospital of GuangXi Medical University,China,0.007221572280716957,96.77629013388788,Genetics (100%),First Affiliated Hospital of GuangXi Medical University (40%); Guangxi Medical University (20%); Heze University (20%)
1006,5,1.0,1.0,50.0,Biomedical and Clinical Sciences,Clinical Sciences,Beijing University of Chinese Medicine,China,0.007221572280716957,96.7835117061686,Clinical Sciences (100%),Beijing University of Chinese Medicine (80%); China-Japan Friendship Hospital (20%)
1007,5,0.0,1.0,75.0,Biomedical and Clinical Sciences,Clinical Sciences,Zhengzhou Central Hospital,China,0.007221572280716957,96.79073327844931,Clinical Sciences (100%),Zhengzhou Central Hospital (80%); Xinxiang Medical University (20%)
1008,5,1.0,1.0,0.0,Biomedical and Clinical Sciences,Cardiovascular Medicine and Haematology,Central South University,China,0.007221572280716957,96.79795485073002,Cardiovascular Medicine and Haematology (100%),Central South University (100%)
1009,5,1.0,1.0,33.333333333333336,Health Sciences,Epidemiology,Fujian Medical University,China,0.007221572280716957,96.80517642301074,Epidemiology (100%),Fujian Medical University (100%)
1010,5,1.0,1.0,0.0,Biomedical and Clinical Sciences,Nutrition and Dietetics,Fourth Affiliated Hospital of Guangxi Medical University,China,0.007221572280716957,96.81239799529145,Nutrition and Dietetics (100%),Fourth Affiliated Hospital of Guangxi Medical University (100%)
1011,5,1.0,1.0,20.0,Biological Sciences,Genetics,University of British Columbia,Canada,0.007221572280716957,96.81961956757216,Genetics (100%),University of British Columbia (80%); British Columbia Children's Hospital (20%)
1012,5,1.0,1.0,0.0,Biomedical and Clinical Sciences,Nutrition and Dietetics,Fuzhou Second Hospital,China,0.007221572280716957,96.82684113985287,Nutrition and Dietetics (100%),Fuzhou Second Hospital (80%); Fujian Medical University (20%)
1013,5,1.0,1.0,50.0,Biomedical and Clinical Sciences,Clinical Sciences,University of Birmingham,United Kingdom,0.007221572280716957,96.83406271213359,Clinical Sciences (100%),University of Birmingham (100%)
1014,5,0.0,1.0,0.0,Biological Sciences,Epidemiology,Xiyuan Hospital,China,0.007221572280716957,96.8412842844143,Epidemiology (100%),Xiyuan Hospital (100%)
1015,5,1.0,1.0,33.333333333333336,Health Sciences,Epidemiology,Sichuan University,China,0.007221572280716957,96.84850585669501,Epidemiology (100%),Sichuan University (100%)
1016,5,1.0,1.0,100.0,Biological Sciences,Epidemiology,Fujian Medical University,China,0.007221572280716957,96.85572742897573,Epidemiology (100%),Fujian Medical University (80%); First Affiliated Hospital of Fujian Medical University (20%)
1017,4,1.0,1.0,50.0,Biomedical and Clinical Sciences,Clinical Sciences,Second Affiliated Hospital of Zhengzhou University,China,0.005777257824573566,96.8615046868003,Clinical Sciences (100%),Second Affiliated Hospital of Zhengzhou University (100%)
1018,4,1.0,1.0,50.0,Biomedical and Clinical Sciences,Ophthalmology and Optometry,Hubei University of Medicine,China,0.005777257824573566,96.86728194462488,Ophthalmology and Optometry (100%),Hubei University of Medicine (75%); Hubei University of Chinese Medicine (25%)
1019,4,1.0,1.0,75.0,Biomedical and Clinical Sciences,Clinical Sciences,Nova Southeastern University,Spain,0.005777257824573566,96.87305920244945,Clinical Sciences (100%),Nova Southeastern University (50%); Valencia Catholic University Saint Vincent Martyr (50%)
1020,4,0.0,1.0,0.0,Biological Sciences,Biochemistry and Cell Biology,Longhua Hospital Shanghai University of Traditional Chinese Medicine,China,0.005777257824573566,96.87883646027403,Biochemistry and Cell Biology (100%),Longhua Hospital Shanghai University of Traditional Chinese Medicine (75%); Shanghai University of Medicine and Health Sciences (25%)
1021,4,1.0,1.0,0.0,Health Sciences,Epidemiology,Third Affiliated Hospital of Sun Yat-sen University,China,0.005777257824573566,96.8846137180986,Epidemiology (100%),Third Affiliated Hospital of Sun Yat-sen University (100%)
1022,4,0.0,1.0,50.0,Biomedical and Clinical Sciences,Epidemiology,Jamaica Hospital,United States,0.005777257824573566,96.89039097592318,Epidemiology (100%),Jamaica Hospital (50%); Mount Sinai Medical Center (25%); San Antonio Regional Hospital (25%)
1023,4,1.0,1.0,0.0,Biological Sciences,Genetics,Chongqing University,China,0.005777257824573566,96.89616823374776,Genetics (100%),Chongqing University (100%)
1024,4,1.25,1.5,50.0,Biomedical and Clinical Sciences,Clinical Sciences,University of Montreal,Canada,0.005777257824573566,96.90194549157233,Clinical Sciences (50%); Neurosciences (50%),University of Montreal (75%); Polytechnique Montréal (25%)
1025,4,1.0,1.0,0.0,Biomedical and Clinical Sciences,Cardiovascular Medicine and Haematology,Nanjing University of Chinese Medicine,China,0.005777257824573566,96.90772274939691,Cardiovascular Medicine and Haematology (100%),Nanjing University of Chinese Medicine (50%); First Affiliated Hospital of Wannan Medical College (25%); Wannan Medical College (25%)
1026,4,1.0,1.0,0.0,Biomedical and Clinical Sciences,Nutrition and Dietetics,Second Affiliated Hospital of Jilin University,China,0.005777257824573566,96.91350000722149,Nutrition and Dietetics (100%),Second Affiliated Hospital of Jilin University (100%)
1027,4,1.5,1.5,0.0,Biological Sciences,Epidemiology,Peking Union Medical College Hospital,China,0.005777257824573566,96.91927726504606,Epidemiology (75%); Genetics (25%),Peking Union Medical College Hospital (100%)
1028,4,1.25,1.5,75.0,Psychology,Biological Psychology,Universidade de São Paulo,Brazil,0.005777257824573566,96.92505452287064,Biological Psychology (75%); Clinical Sciences (25%),Universidade de São Paulo (100%)
1029,4,1.0,1.0,0.0,Biomedical and Clinical Sciences,Reproductive Medicine,West China Second University Hospital of Sichuan University,China,0.005777257824573566,96.93083178069521,Reproductive Medicine (100%),West China Second University Hospital of Sichuan University (100%)
1030,4,1.0,1.0,0.0,Health Sciences,Epidemiology,Renmin Hospital of Wuhan University,China,0.005777257824573566,96.93660903851979,Epidemiology (100%),Renmin Hospital of Wuhan University (100%)
1031,4,1.0,1.0,50.0,Biomedical and Clinical Sciences,Medical Biochemistry and Metabolomics,Zhejiang University,China,0.005777257824573566,96.94238629634437,Medical Biochemistry and Metabolomics (100%),Zhejiang University (100%)
1032,4,1.0,1.0,50.0,Health Sciences,Epidemiology,Shanghai Jiao Tong University,China,0.005777257824573566,96.94816355416894,Epidemiology (100%),Shanghai Jiao Tong University (50%); Tongji University (50%)
1033,4,1.0,1.0,25.0,Psychology,Biological Psychology,University of Colorado Anschutz Medical Campus,United States,0.005777257824573566,96.95394081199352,Biological Psychology (100%),University of Colorado Anschutz Medical Campus (75%); Colorado State University Fort Collins (25%)
1034,4,0.0,1.0,0.0,Biomedical and Clinical Sciences,Nutrition and Dietetics,Chongqing Medical University,China,0.005777257824573566,96.9597180698181,Nutrition and Dietetics (100%),Chongqing Medical University (100%)
1035,4,1.0,1.0,66.66666666666667,Health Sciences,,Renmin Hospital of Wuhan University,China,0.005777257824573566,96.96549532764267,,Renmin Hospital of Wuhan University (100%)
1036,4,1.0,1.0,0.0,Biomedical and Clinical Sciences,Cardiovascular Medicine and Haematology,Chinese People's Liberation Army,China,0.005777257824573566,96.97127258546725,Cardiovascular Medicine and Haematology (100%),Chinese People's Liberation Army (50%); Chinese PLA General Hospital (25%); Hangzhou Normal University (25%)
1037,4,1.0,1.0,50.0,Biomedical and Clinical Sciences,Biological Psychology,Ospedale Policlinico San Martino,Italy,0.005777257824573566,96.97704984329182,Biological Psychology (100%),Ospedale Policlinico San Martino (100%)
1038,4,1.5,3.5,25.0,Health Sciences,Public Health,ETH Zurich,Switzerland,0.005777257824573566,96.9828271011164,Public Health (100%),ETH Zurich (100%)
1039,4,0.0,1.0,0.0,Biomedical and Clinical Sciences,Clinical and Health Psychology,University of Pennsylvania,United States,0.005777257824573566,96.98860435894098,Clinical and Health Psychology (100%),University of Pennsylvania (75%); University of Delaware (25%)
1040,4,1.0,2.0,33.333333333333336,Biomedical and Clinical Sciences,Clinical Sciences,Yonsei University,South Korea,0.005777257824573566,96.99438161676555,Clinical Sciences (100%),Yonsei University (50%); Inha University (25%); Inserm (25%)
1041,4,0.0,1.0,0.0,Biological Sciences,Genetics,Nationwide Children's Hospital,United States,0.005777257824573566,97.00015887459013,Genetics (100%),Nationwide Children's Hospital (100%)
1042,4,1.0,1.0,0.0,Biological Sciences,Biochemistry and Cell Biology,First Affiliated Hospital of Zhengzhou University,China,0.005777257824573566,97.0059361324147,Biochemistry and Cell Biology (100%),First Affiliated Hospital of Zhengzhou University (50%); Third Affiliated Hospital of Sun Yat-sen University (50%)
1043,4,1.0,1.0,33.333333333333336,Biological Sciences,Genetics,University of Victoria,Canada,0.005777257824573566,97.01171339023928,Genetics (100%),University of Victoria (50%); Hebei University of Technology (25%); University of Saskatchewan (25%)
1044,4,0.0,1.0,50.0,Biological Sciences,Genetics,"Department of Gerontology, The First People’s Hospital of Jinzhong, Jinzhong City, China.",China,0.005777257824573566,97.01749064806386,Genetics (100%),"Department of Gerontology, The First People’s Hospital of Jinzhong, Jinzhong City, China. (25%); Department of Neurology, Xiangshui County People’s Hospital, Yancheng, China. (25%); Shanxi Academy of Medical Sciences (25%)"
1045,4,0.0,1.0,0.0,Biological Sciences,Epidemiology,苏州大学附属第一医院妇产科，苏州 215006,,0.005777257824573566,97.02326790588843,Epidemiology (100%),苏州大学附属第一医院妇产科，苏州 215006 (100%)
1046,4,1.0,1.5,25.0,Biomedical and Clinical Sciences,Cardiovascular Medicine and Haematology,Capital Medical University,China,0.005777257824573566,97.02904516371301,Cardiovascular Medicine and Haematology (100%),Capital Medical University (100%)
1047,4,0.0,2.0,0.0,Biomedical and Clinical Sciences,Clinical Sciences,Shanghai Sixth People's Hospital,China,0.005777257824573566,97.03482242153758,Clinical Sciences (100%),Shanghai Sixth People's Hospital (75%); Chinese PLA General Hospital (25%)
1048,4,1.0,1.0,25.0,Biological Sciences,Genetics,University of Manitoba,Canada,0.005777257824573566,97.04059967936216,Genetics (100%),University of Manitoba (100%)
1049,4,1.0,1.0,0.0,Health Sciences,Epidemiology,Zhejiang University,China,0.005777257824573566,97.04637693718674,Epidemiology (100%),Zhejiang University (100%)
1050,4,1.0,1.0,100.0,Biomedical and Clinical Sciences,Cardiovascular Medicine and Haematology,Peking Union Medical College Hospital,China,0.005777257824573566,97.05215419501131,Cardiovascular Medicine and Haematology (100%),Peking Union Medical College Hospital (100%)
1051,4,1.0,1.0,50.0,Biomedical and Clinical Sciences,Oncology and Carcinogenesis,"Madanapalle Institute of Technology &#x0026; Science,Department of CSE - Data Science,Madanapalle,Andhra Pradesh,India",India,0.005777257824573566,97.05793145283589,Oncology and Carcinogenesis (100%),"Madanapalle Institute of Technology &#x0026; Science,Department of CSE - Data Science,Madanapalle,Andhra Pradesh,India (50%); School of Computing, Mohan Babu University,Department of CSE (AIML),Tirupati,Andhra Pradesh,India,517102 (25%); Sri Venkateswara College of Engineering,Department of CSE (Cybersecurity),Tirupati,Andhra Pradesh,India (25%)"
1052,4,1.0,1.0,0.0,Biomedical and Clinical Sciences,Clinical Sciences,Yuhuangding Hospital,China,0.005777257824573566,97.06370871066046,Clinical Sciences (100%),Yuhuangding Hospital (100%)
1053,4,1.0,1.0,50.0,Biomedical and Clinical Sciences,Immunology,Institut Gustave Roussy,France,0.005777257824573566,97.06948596848504,Immunology (100%),Institut Gustave Roussy (100%)
1054,4,1.0,1.0,100.0,Biomedical and Clinical Sciences,Clinical Sciences,Beijing Tongren Hospital,China,0.005777257824573566,97.07526322630962,Clinical Sciences (100%),Beijing Tongren Hospital (100%)
1055,4,0.0,1.0,0.0,Health Sciences,Epidemiology,Qinghai University,China,0.005777257824573566,97.08104048413419,Epidemiology (100%),Qinghai University (100%)
1056,4,1.0,1.0,0.0,Biological Sciences,Epidemiology,Shanghai Jiao Tong University,China,0.005777257824573566,97.08681774195877,Epidemiology (100%),Shanghai Jiao Tong University (75%); West China Hospital of Sichuan University (25%)
1057,4,1.0,1.0,100.0,Biomedical and Clinical Sciences,Epidemiology,Wenzhou Medical University,China,0.005777257824573566,97.09259499978334,Epidemiology (100%),Wenzhou Medical University (100%)
1058,4,1.0,1.0,50.0,Biomedical and Clinical Sciences,Epidemiology,Tilburg University,Netherlands,0.005777257824573566,97.09837225760792,Epidemiology (100%),Tilburg University (100%)
1059,4,1.0,1.0,50.0,Psychology,Biological Psychology,Tianjin University of Commerce,China,0.005777257824573566,97.1041495154325,Biological Psychology (100%),Tianjin University of Commerce (75%); Tianjin Medical University General Hospital (25%)
1060,4,0.0,1.0,0.0,Health Sciences,Epidemiology,Ministry of Education (China Medical University,,0.005777257824573566,97.10992677325707,Epidemiology (100%),Ministry of Education (China Medical University (100%)
1061,4,1.5,1.5,33.333333333333336,Biomedical and Clinical Sciences,Epidemiology,Hubei University of Medicine,China,0.005777257824573566,97.11570403108165,Epidemiology (50%); Nutrition and Dietetics (50%),Hubei University of Medicine (50%); Zhongnan Hospital of Wuhan University (50%)
1062,4,1.0,1.0,100.0,Biomedical and Clinical Sciences,Pharmacology and Pharmaceutical Sciences,Union Hospital Tongji Medical College Huazhong University of Science and Technology,China,0.005777257824573566,97.12148128890622,Pharmacology and Pharmaceutical Sciences (100%),Union Hospital Tongji Medical College Huazhong University of Science and Technology (100%)
1063,4,0.0,1.0,0.0,Biological Sciences,Epidemiology,West China Second University Hospital of Sichuan University,China,0.005777257824573566,97.1272585467308,Epidemiology (100%),West China Second University Hospital of Sichuan University (50%); Hong Kong Baptist University (25%); Pudong New Area People's Hospital (25%)
1064,4,0.5,1.0,0.0,Health Sciences,Epidemiology,南京医科大学公共卫生学院流行病学系，南京 211166,,0.005777257824573566,97.13303580455538,Epidemiology (50%); Machine Learning (50%),南京医科大学公共卫生学院流行病学系，南京 211166 (75%); 宁波大学医学部公共卫生学院，宁波 315211 (25%)
1065,4,1.0,1.0,50.0,Biomedical and Clinical Sciences,Clinical Sciences,University of South China,China,0.005777257824573566,97.13881306237995,Clinical Sciences (100%),University of South China (100%)
1066,4,0.0,1.0,50.0,Health Sciences,Epidemiology,Nanjing University of Chinese Medicine,China,0.005777257824573566,97.14459032020453,Epidemiology (100%),Nanjing University of Chinese Medicine (100%)
1067,4,1.0,1.0,0.0,Biomedical and Clinical Sciences,Cardiovascular Medicine and Haematology,First Hospital of Jilin University,China,0.005777257824573566,97.1503675780291,Cardiovascular Medicine and Haematology (100%),First Hospital of Jilin University (50%); Jilin University (50%)
1068,4,0.0,1.0,50.0,Biomedical and Clinical Sciences,Clinical Sciences,Fudan University,China,0.005777257824573566,97.15614483585368,Clinical Sciences (100%),Fudan University (50%); Children's Hospital of Fudan University (25%); Shanghai Jiao Tong University (25%)
1069,4,1.0,1.0,75.0,Biological Sciences,Biochemistry and Cell Biology,Tongji Hospital Affiliated to Tongji Medical College of Huazhong University of Science & Technology,China,0.005777257824573566,97.16192209367826,Biochemistry and Cell Biology (100%),Tongji Hospital Affiliated to Tongji Medical College of Huazhong University of Science & Technology (75%); First Affiliated Hospital of Anhui Medical University (25%)
1070,4,0.0,1.0,0.0,Biological Sciences,Epidemiology,Peking Union Medical College Hospital,China,0.005777257824573566,97.16769935150283,Epidemiology (100%),Peking Union Medical College Hospital (50%); University of Glasgow (50%)
1071,4,1.0,1.0,33.333333333333336,Biomedical and Clinical Sciences,Medical Biochemistry and Metabolomics,Kangwon National University,South Korea,0.005777257824573566,97.17347660932741,Medical Biochemistry and Metabolomics (100%),Kangwon National University (75%); Hallym University (25%)
1072,4,0.0,1.0,66.66666666666667,Biomedical and Clinical Sciences,Clinical Sciences,Xi'an Jiaotong University,China,0.005777257824573566,97.17925386715198,Clinical Sciences (100%),"Xi'an Jiaotong University (50%); Air Force Medical University (25%); Department of Orthopedic Surgery, Xi’an Fifth Hospital, Xi’an, Shaanxi, China (25%)"
1073,4,1.0,1.0,100.0,Health Sciences,Epidemiology,Shanxi Medical University,China,0.005777257824573566,97.18503112497656,Epidemiology (100%),Shanxi Medical University (100%)
1074,4,0.0,2.0,25.0,Biological Sciences,Epidemiology,University of Pittsburgh,United States,0.005777257824573566,97.19080838280114,Epidemiology (100%),University of Pittsburgh (100%)
1075,4,1.0,1.0,100.0,Biomedical and Clinical Sciences,Clinical Sciences,Capital Medical University,China,0.005777257824573566,97.19658564062571,Clinical Sciences (100%),Capital Medical University (75%); Beijing University of Chinese Medicine (25%)
1076,4,2.0,2.0,0.0,Biomedical and Clinical Sciences,Clinical Sciences,ShenZhen People’s Hospital,China,0.005777257824573566,97.20236289845029,Clinical Sciences (100%),ShenZhen People’s Hospital (100%)
1077,4,0.0,1.0,50.0,Health Sciences,Epidemiology,Yan'an University,China,0.005777257824573566,97.20814015627487,Epidemiology (100%),Yan'an University (75%); Nanchang University (25%)
1078,4,1.0,2.0,100.0,Biomedical and Clinical Sciences,Epidemiology,First Affiliated Hospital of Wenzhou Medical University,China,0.005777257824573566,97.21391741409944,Epidemiology (100%),First Affiliated Hospital of Wenzhou Medical University (100%)
1079,4,1.0,1.0,100.0,Biomedical and Clinical Sciences,Clinical Sciences,Soochow University,China,0.005777257824573566,97.21969467192402,Clinical Sciences (100%),Soochow University (75%); First Affiliated Hospital of Soochow University (25%)
1080,4,1.0,1.0,66.66666666666667,Biomedical and Clinical Sciences,Cardiovascular Medicine and Haematology,Ministry of Education of the People's Republic of China,China,0.005777257824573566,97.2254719297486,Cardiovascular Medicine and Haematology (100%),Ministry of Education of the People's Republic of China (75%); Jilin University (25%)
1081,4,1.0,1.0,0.0,Biomedical and Clinical Sciences,Cardiovascular Medicine and Haematology,Shandong University of Traditional Chinese Medicine,China,0.005777257824573566,97.23124918757317,Cardiovascular Medicine and Haematology (100%),Shandong University of Traditional Chinese Medicine (75%); Affiliated Hospital of Shandong University of Traditional Chinese Medicine (25%)
1082,4,1.0,1.0,0.0,Biological Sciences,Genetics,University of Toronto,Canada,0.005777257824573566,97.23702644539775,Genetics (100%),University of Toronto (100%)
1083,4,0.0,1.0,33.333333333333336,Information and Computing Sciences,Statistics,University of Cambridge,Germany,0.005777257824573566,97.24280370322232,Statistics (100%),University of Cambridge (50%); German Center for Neurodegenerative Diseases (25%); Technical University of Munich (25%)
1084,4,0.0,1.0,50.0,Biological Sciences,Genetics,Ankara University,Turkey,0.005777257824573566,97.2485809610469,Genetics (100%),Ankara University (100%)
1085,4,1.0,1.0,0.0,Health Sciences,Epidemiology,Yancheng Third People's Hospital,China,0.005777257824573566,97.25435821887147,Epidemiology (100%),Yancheng Third People's Hospital (100%)
1086,4,1.0,1.0,0.0,Biomedical and Clinical Sciences,Clinical Sciences,Chongqing Medical University,China,0.005777257824573566,97.26013547669605,Clinical Sciences (100%),Chongqing Medical University (75%); Xi'an Jiaotong University (25%)
1087,4,0.0,1.0,25.0,Biomedical and Clinical Sciences,Oncology and Carcinogenesis,University of Cincinnati,United States,0.005777257824573566,97.26591273452063,Oncology and Carcinogenesis (100%),University of Cincinnati (100%)
1088,4,1.0,1.0,0.0,Psychology,Clinical and Health Psychology,Southern Connecticut State University,United States,0.005777257824573566,97.2716899923452,Clinical and Health Psychology (100%),Southern Connecticut State University (75%); Massachusetts General Hospital (25%)
1089,4,1.0,1.0,0.0,Biomedical and Clinical Sciences,Cardiovascular Medicine and Haematology,First Affiliated Hospital of Shantou University Medical College,China,0.005777257824573566,97.27746725016978,Cardiovascular Medicine and Haematology (100%),First Affiliated Hospital of Shantou University Medical College (75%); Second Affiliated Hospital of Shantou University Medical College (25%)
1090,4,1.0,1.0,100.0,Biomedical and Clinical Sciences,Clinical Sciences,Second Affiliated Hospital of Chongqing Medical University,China,0.005777257824573566,97.28324450799435,Clinical Sciences (100%),Second Affiliated Hospital of Chongqing Medical University (100%)
1091,4,0.0,1.0,66.66666666666667,Biomedical and Clinical Sciences,Ophthalmology and Optometry,Boston University,United States,0.005777257824573566,97.28902176581893,Ophthalmology and Optometry (100%),Boston University (75%); Thomas Jefferson University Hospital (25%)
1092,4,0.0,1.0,50.0,Biological Sciences,Genetics,Queen's University,Canada,0.005777257824573566,97.2947990236435,Genetics (100%),Queen's University (75%); University of Alberta (25%)
1093,4,3.0,3.0,0.0,Biomedical and Clinical Sciences,Clinical Sciences,Xiangya Hospital Central South University,China,0.005777257824573566,97.30057628146808,Clinical Sciences (100%),Xiangya Hospital Central South University (100%)
1094,4,1.0,1.0,0.0,Biomedical and Clinical Sciences,Clinical Sciences,West China Hospital of Sichuan University,China,0.005777257824573566,97.30635353929266,Clinical Sciences (100%),West China Hospital of Sichuan University (100%)
1095,4,1.0,1.0,100.0,Biomedical and Clinical Sciences,Clinical Sciences,Shanxi Medical University,China,0.005777257824573566,97.31213079711723,Clinical Sciences (100%),Shanxi Medical University (100%)
1096,4,0.0,2.0,0.0,Biomedical and Clinical Sciences,Clinical Sciences,County Hospital,United Kingdom,0.005777257824573566,97.31790805494181,Clinical Sciences (75%); Cardiovascular Medicine and Haematology (25%),County Hospital (50%); Luton and Dunstable Hospital (50%)
1097,4,1.0,1.0,25.0,Health Sciences,Epidemiology,German Center for Diabetes Research,Germany,0.005777257824573566,97.32368531276639,Epidemiology (100%),German Center for Diabetes Research (50%); Emory University (25%); Helmholtz Zentrum München (25%)
1098,4,1.0,1.0,25.0,Biomedical and Clinical Sciences,Nutrition and Dietetics,Texas Tech University Health Sciences Center El Paso,United States,0.005777257824573566,97.32946257059096,Nutrition and Dietetics (100%),"Texas Tech University Health Sciences Center El Paso (50%); El Paso, USA (25%); Massachusetts General Hospital (25%)"
1099,4,1.0,1.0,33.333333333333336,Health Sciences,Public Health,Hanyang University,South Korea,0.005777257824573566,97.33523982841554,Public Health (100%),Hanyang University (50%); Sejong University (50%)
1100,4,1.0,1.0,0.0,Biomedical and Clinical Sciences,Epidemiology,Xi'an Jiaotong University,China,0.005777257824573566,97.34101708624011,Epidemiology (100%),Xi'an Jiaotong University (100%)
1101,4,0.0,1.0,66.66666666666667,Health Sciences,Epidemiology,Qilu Hospital of Shandong University,China,0.005777257824573566,97.34679434406469,Epidemiology (100%),Qilu Hospital of Shandong University (100%)
1102,4,0.0,1.0,0.0,Biomedical and Clinical Sciences,Cardiovascular Medicine and Haematology,Affiliated Hospital of Guangdong Medical University,China,0.005777257824573566,97.35257160188927,Cardiovascular Medicine and Haematology (100%),Affiliated Hospital of Guangdong Medical University (100%)
1103,4,1.0,1.0,0.0,Biomedical and Clinical Sciences,Clinical Sciences,First Affiliated Hospital of Anhui Medical University,China,0.005777257824573566,97.35834885971384,Clinical Sciences (100%),First Affiliated Hospital of Anhui Medical University (50%); The People's Hospital Tongling (50%)
1104,4,1.0,2.0,50.0,Information and Computing Sciences,"Graphics, Augmented Reality and Games",Max Planck Institute for Intelligent Systems,Germany,0.005777257824573566,97.36412611753842,"Graphics, Augmented Reality and Games (100%)","Max Planck Institute for Intelligent Systems (50%); IMATI-CNR, Milan, Italy (25%); Laboratoire Jean Kuntzmann (25%)"
1105,4,1.75,2.0,0.0,Biomedical and Clinical Sciences,Epidemiology,Affiliated Hospital of Southwest Medical University,China,0.005777257824573566,97.369903375363,Epidemiology (100%),Affiliated Hospital of Southwest Medical University (75%); Southwest Medical University (25%)
1106,4,1.0,1.0,50.0,Biological Sciences,Epidemiology,Jiangsu Province Hospital,China,0.005777257824573566,97.37568063318757,Epidemiology (100%),Jiangsu Province Hospital (100%)
1107,4,1.5,1.5,75.0,Health Sciences,Epidemiology,Erasmus MC,Netherlands,0.005777257824573566,97.38145789101215,Epidemiology (100%),Erasmus MC (75%); Harvard University (25%)
1108,4,1.0,2.0,100.0,Biomedical and Clinical Sciences,Clinical Sciences,University of Stirling,United Kingdom,0.005777257824573566,97.38723514883672,Clinical Sciences (100%),University of Stirling (100%)
1109,4,1.75,2.0,33.333333333333336,Health Sciences,Public Health,Energy Institute,United Kingdom,0.005777257824573566,97.3930124066613,Public Health (100%),Energy Institute (100%)
1110,4,0.0,1.0,0.0,Biomedical and Clinical Sciences,Health Services and Systems,Xi'an Jiaotong University,China,0.005777257824573566,97.39878966448588,Health Services and Systems (100%),Xi'an Jiaotong University (100%)
1111,4,1.0,2.0,0.0,Biomedical and Clinical Sciences,Cardiovascular Medicine and Haematology,Kunming Medical University,China,0.005777257824573566,97.40456692231045,Cardiovascular Medicine and Haematology (100%),Kunming Medical University (75%); Peking University (25%)
1112,4,1.0,1.0,50.0,Biomedical and Clinical Sciences,Clinical Sciences,Guangzhou University of Chinese Medicine,China,0.005777257824573566,97.41034418013503,Clinical Sciences (100%),Guangzhou University of Chinese Medicine (100%)
1113,4,0.0,1.0,66.66666666666667,Health Sciences,Clinical and Health Psychology,UNSW Sydney,Australia,0.005777257824573566,97.4161214379596,Clinical and Health Psychology (100%),UNSW Sydney (100%)
1114,4,1.0,1.0,0.0,Biological Sciences,Epidemiology,First Hospital of Jilin University,China,0.005777257824573566,97.42189869578418,Epidemiology (100%),First Hospital of Jilin University (75%); Second Affiliated Hospital of Jilin University (25%)
1115,4,1.0,1.0,50.0,Health Sciences,Epidemiology,University of Sheffield,United Kingdom,0.005777257824573566,97.42767595360876,Epidemiology (100%),University of Sheffield (100%)
1116,4,1.0,1.0,0.0,Engineering,Electrical Engineering,KIIT University,India,0.005777257824573566,97.43345321143333,Electrical Engineering (100%),KIIT University (50%); King Faisal University (50%)
1117,4,1.0,1.0,33.333333333333336,Biomedical and Clinical Sciences,Cardiovascular Medicine and Haematology,Fujian Medical University,China,0.005777257824573566,97.43923046925791,Cardiovascular Medicine and Haematology (100%),Fujian Medical University (50%); Hubei University of Medicine (50%)
1118,4,1.0,1.0,66.66666666666667,Information and Computing Sciences,Machine Learning,"Coral Genomics, Inc., 953 Indiana St., San Francisco, CA 94107, USA;, chloe@coralgenomics.com, (C.K.H.);, kasey@coralgenomics.com, (K.N.D.)",United States,0.005777257824573566,97.44500772708248,Machine Learning (100%),"Coral Genomics, Inc., 953 Indiana St., San Francisco, CA 94107, USA;, chloe@coralgenomics.com, (C.K.H.);, kasey@coralgenomics.com, (K.N.D.) (75%); University of California, Santa Cruz (25%)"
1119,4,1.0,1.0,25.0,Biomedical and Clinical Sciences,Cardiovascular Medicine and Haematology,Rowan University,United States,0.005777257824573566,97.45078498490706,Cardiovascular Medicine and Haematology (100%),"Rowan University (75%); Rutgers, The State University of New Jersey (25%)"
1120,4,1.0,1.0,0.0,Biomedical and Clinical Sciences,Clinical Sciences,"Emergency Center, Anxi County Hospital, Quanzhou, Fujian, China",China,0.005777257824573566,97.45656224273164,Clinical Sciences (100%),"Emergency Center, Anxi County Hospital, Quanzhou, Fujian, China (100%)"
1121,4,1.0,1.0,0.0,Biological Sciences,Biochemistry and Cell Biology,Shandong First Medical University & Shandong Academy of Medical Sciences,China,0.005777257824573566,97.46233950055621,Biochemistry and Cell Biology (100%),Shandong First Medical University & Shandong Academy of Medical Sciences (50%); First Affiliated Hospital of Xinjiang Medical University (25%); Shandong Provincial QianFoShan Hospital (25%)
1122,4,1.0,1.0,100.0,Biomedical and Clinical Sciences,Oncology and Carcinogenesis,First Affiliated Hospital of Fujian Medical University,China,0.005777257824573566,97.46811675838079,Oncology and Carcinogenesis (100%),First Affiliated Hospital of Fujian Medical University (75%); Fujian Provincial Cancer Hospital (25%)
1123,4,1.0,1.0,0.0,Biomedical and Clinical Sciences,Clinical Sciences,Suining Central Hospital,China,0.005777257824573566,97.47389401620536,Clinical Sciences (100%),Suining Central Hospital (100%)
1124,4,0.0,1.0,33.333333333333336,Biomedical and Clinical Sciences,Biological Psychology,"Neurowyzr Pte Ltd, Singapore, Singapore, Singapore",Singapore,0.005777257824573566,97.47967127402994,Biological Psychology (100%),"Neurowyzr Pte Ltd, Singapore, Singapore, Singapore (75%); Singapore Brain and Spine Specialist Singapore Brain‐Spine‐Nerves Center, Singapore, Singapore, Singapore (25%)"
1125,4,0.0,1.0,50.0,Biomedical and Clinical Sciences,Clinical Sciences,Chengdu University of Traditional Chinese Medicine,China,0.005777257824573566,97.48544853185452,Clinical Sciences (100%),Chengdu University of Traditional Chinese Medicine (100%)
1126,4,1.0,1.0,0.0,Health Sciences,Epidemiology,Chaohu Hospital of Anhui Medical University,China,0.005777257824573566,97.49122578967909,Epidemiology (100%),Chaohu Hospital of Anhui Medical University (100%)
1127,4,1.0,2.0,0.0,Biomedical and Clinical Sciences,Clinical Sciences,Jiangsu Province Hospital,China,0.005777257824573566,97.49700304750367,Clinical Sciences (100%),Jiangsu Province Hospital (75%); Nanjing Medical University (25%)
1128,4,1.0,1.0,100.0,Biomedical and Clinical Sciences,Clinical Sciences,Zhejiang University,China,0.005777257824573566,97.50278030532824,Clinical Sciences (100%),Zhejiang University (100%)
1129,4,1.0,1.0,25.0,Biomedical and Clinical Sciences,Clinical Sciences,Leiden University Medical Center,Netherlands,0.005777257824573566,97.50855756315282,Clinical Sciences (100%),Leiden University Medical Center (100%)
1130,4,1.0,1.0,0.0,Biomedical and Clinical Sciences,Clinical Sciences,Army Medical University,China,0.005777257824573566,97.5143348209774,Clinical Sciences (100%),Army Medical University (50%); Xinxiang Medical University (50%)
1131,4,1.0,1.0,100.0,Biomedical and Clinical Sciences,Allied Health and Rehabilitation Science,Nanjing Medical University,China,0.005777257824573566,97.52011207880197,Allied Health and Rehabilitation Science (100%),Nanjing Medical University (50%); Children's Hospital of Fudan University (25%); Tongji University (25%)
1132,4,0.0,2.0,50.0,Biomedical and Clinical Sciences,Ophthalmology and Optometry,Istanbul Technical University,Turkey,0.005777257824573566,97.52588933662655,Ophthalmology and Optometry (100%),Istanbul Technical University (67%); Işık University (33%)
1133,4,0.75,2.0,0.0,Biomedical and Clinical Sciences,Epidemiology,Shanghai Jiao Tong University,China,0.005777257824573566,97.53166659445112,Epidemiology (50%); Oncology and Carcinogenesis (50%),Shanghai Jiao Tong University (100%)
1134,4,1.0,1.0,0.0,Biomedical and Clinical Sciences,Cardiovascular Medicine and Haematology,First Affiliated Hospital of GuangXi Medical University,China,0.005777257824573566,97.5374438522757,Cardiovascular Medicine and Haematology (100%),First Affiliated Hospital of GuangXi Medical University (50%); Guangxi Medical University (50%)
1135,4,1.0,2.0,33.333333333333336,Health Sciences,Public Health,University of Illinois at Urbana-Champaign,United States,0.005777257824573566,97.54322111010028,Public Health (100%),University of Illinois at Urbana-Champaign (100%)
1136,4,1.0,1.0,50.0,Biomedical and Clinical Sciences,Oncology and Carcinogenesis,Zhejiang University,China,0.005777257824573566,97.54899836792485,Oncology and Carcinogenesis (100%),Zhejiang University (100%)
1137,4,1.0,1.0,0.0,Health Sciences,Epidemiology,Zhengzhou University,China,0.005777257824573566,97.55477562574943,Epidemiology (100%),Zhengzhou University (100%)
1138,4,1.0,1.0,33.333333333333336,Health Sciences,Applied and Developmental Psychology,University of Otago,New Zealand,0.005777257824573566,97.560552883574,Applied and Developmental Psychology (100%),University of Otago (75%); Universidade Federal do Vale do São Francisco (25%)
1139,4,2.0,2.0,100.0,Biomedical and Clinical Sciences,Dentistry,Peking University School of Stomatology,China,0.005777257824573566,97.56633014139858,Dentistry (100%),Peking University School of Stomatology (100%)
1140,4,1.0,1.0,100.0,Biological Sciences,Genetics,Guangzhou University of Chinese Medicine,China,0.005777257824573566,97.57210739922316,Genetics (100%),Guangzhou University of Chinese Medicine (100%)
1141,4,1.0,1.0,0.0,Biomedical and Clinical Sciences,Clinical Sciences,Chongqing Medical University,China,0.005777257824573566,97.57788465704773,Clinical Sciences (100%),Chongqing Medical University (100%)
1142,4,0.0,1.0,50.0,Health Sciences,Epidemiology,Sichuan University,China,0.005777257824573566,97.58366191487231,Epidemiology (100%),Sichuan University (75%); Chengdu Center for Disease Control and Prevention (25%)
1143,4,0.0,1.0,100.0,Biomedical and Clinical Sciences,Clinical Sciences,Guangxi University of Chinese Medicine,China,0.005777257824573566,97.58943917269688,Clinical Sciences (100%),"Guangxi University of Chinese Medicine (75%); Department of Urology, The Second People’s Hospital of Zhaoqing, Zhaoqing, China (25%)"
1144,4,1.0,1.0,0.0,Biomedical and Clinical Sciences,Reproductive Medicine,Obstetrics and Gynecology Hospital of Fudan University,China,0.005777257824573566,97.59521643052146,Reproductive Medicine (100%),Obstetrics and Gynecology Hospital of Fudan University (75%); Shanghai Jiao Tong University (25%)
1145,4,0.0,1.0,0.0,Biomedical and Clinical Sciences,Clinical Sciences,Novartis Pharma SAS,France,0.005777257824573566,97.60099368834604,Clinical Sciences (100%),"Novartis Pharma SAS (75%); Centre de Santé, Paris, France (25%)"
1146,4,1.0,1.0,0.0,Biomedical and Clinical Sciences,Clinical Sciences,Renmin Hospital of Wuhan University,China,0.005777257824573566,97.60677094617061,Clinical Sciences (100%),Renmin Hospital of Wuhan University (75%); The University of Sydney (25%)
1147,4,1.0,1.0,66.66666666666667,Biomedical and Clinical Sciences,Clinical Sciences,The Third Affiliated Hospital of Zhejiang Chinese Medical University,China,0.005777257824573566,97.61254820399519,Clinical Sciences (100%),The Third Affiliated Hospital of Zhejiang Chinese Medical University (100%)
1148,4,1.0,3.0,75.0,Biological Sciences,Genetics,King's College London,United Kingdom,0.005777257824573566,97.61832546181977,Genetics (100%),King's College London (50%); Medical University of South Carolina (50%)
1149,4,0.0,1.0,100.0,Biomedical and Clinical Sciences,Clinical Sciences,First Medical Center of PLA General Hospital,China,0.005777257824573566,97.62410271964434,Clinical Sciences (100%),First Medical Center of PLA General Hospital (50%); Beijing Shijingshan Hospital (25%); Chinese PLA General Hospital (25%)
1150,4,1.0,1.0,0.0,Biological Sciences,Genetics,Sheng Jing Hospital,China,0.005777257824573566,97.62987997746892,Genetics (100%),Sheng Jing Hospital (75%); First Hospital of China Medical University (25%)
1151,4,1.0,1.0,25.0,Biological Sciences,Epidemiology,Kallyope Inc,United States,0.005777257824573566,97.6356572352935,Epidemiology (100%),Kallyope Inc (100%)
1152,4,1.0,1.0,0.0,Biomedical and Clinical Sciences,Clinical Sciences,Affiliated Hospital of Qingdao University,China,0.005777257824573566,97.64143449311807,Clinical Sciences (100%),Affiliated Hospital of Qingdao University (50%); State Key Laboratory of Molecular Oncology (50%)
1153,4,1.0,1.0,0.0,Biomedical and Clinical Sciences,Medical Biochemistry and Metabolomics,Nanchang University,China,0.005777257824573566,97.64721175094265,Medical Biochemistry and Metabolomics (100%),Nanchang University (100%)
1154,4,1.0,1.0,0.0,Biomedical and Clinical Sciences,Clinical Sciences,Fujian Medical University,China,0.005777257824573566,97.65298900876722,Clinical Sciences (100%),Fujian Medical University (100%)
1155,4,1.0,2.0,50.0,Biological Sciences,Bioinformatics and Computational Biology,"Amway R&D Center, Nutrilite Health Institute, Building 6, No.720, Cailun Road, Pudong New Area, 201203, Shanghai, China",China,0.005777257824573566,97.6587662665918,Bioinformatics and Computational Biology (100%),"Amway R&D Center, Nutrilite Health Institute, Building 6, No.720, Cailun Road, Pudong New Area, 201203, Shanghai, China (50%); Guangzhou Medical University (50%)"
1156,4,1.0,1.0,0.0,"Agricultural, Veterinary and Food Sciences",Animal Production,Xiamen University,China,0.005777257824573566,97.66454352441637,Animal Production (50%); Epidemiology (50%),"Xiamen University (75%); Department of Neurosurgery, The 900th Hospital of Joint Logistic Team of PLA, 350025 Fuzhou, Fu Jian, China. Electronic address: zhangshangming2019@163.com. (25%)"
1157,4,1.0,1.0,33.333333333333336,Biomedical and Clinical Sciences,Biological Psychology,Liaquat University of Medical & Health Sciences,Rwanda,0.005777257824573566,97.67032078224095,Biological Psychology (100%),Liaquat University of Medical & Health Sciences (25%); University Teaching Hospital of Butare (25%); University of Rwanda (25%)
1158,4,0.0,1.5,33.333333333333336,Biomedical and Clinical Sciences,Clinical Sciences,Xian Yang Central Hospital,China,0.005777257824573566,97.67609804006553,Clinical Sciences (100%),Xian Yang Central Hospital (100%)
1159,4,1.0,1.0,33.333333333333336,Health Sciences,Epidemiology,Ruian People's Hospital,China,0.005777257824573566,97.6818752978901,Epidemiology (100%),Ruian People's Hospital (100%)
1160,4,0.0,1.0,0.0,Biomedical and Clinical Sciences,Clinical Sciences,Air Force Medical University,China,0.005777257824573566,97.68765255571468,Clinical Sciences (100%),"Air Force Medical University (50%); Department of Dermatology, No. 903 Hospital of PLA Joint Logistic Support Force, Hangzhou, Zhejiang Province, China (50%)"
1161,4,1.0,2.0,0.0,Biomedical and Clinical Sciences,Dentistry,"Department of Oral and Maxillofacial Surgery, Gansu Province Hospital, Lanzhou, China",China,0.005777257824573566,97.69342981353925,Dentistry (100%),"Department of Oral and Maxillofacial Surgery, Gansu Province Hospital, Lanzhou, China (50%); First Hospital of Lanzhou University (25%); Gansu University of Traditional Chinese Medicine (25%)"
1162,4,1.25,3.0,0.0,Biomedical and Clinical Sciences,Epidemiology,Qilu Hospital of Shandong University,China,0.005777257824573566,97.69920707136383,Epidemiology (100%),Qilu Hospital of Shandong University (75%); Shandong University (25%)
1163,4,0.0,1.0,0.0,Biomedical and Clinical Sciences,Clinical Sciences,Central South University,China,0.005777257824573566,97.7049843291884,Clinical Sciences (100%),"Central South University (75%); University of Maryland, Baltimore (25%)"
1164,4,1.0,1.0,50.0,Environmental Sciences,Epidemiology,Ningbo University,China,0.005777257824573566,97.71076158701298,Epidemiology (100%),Ningbo University (100%)
1165,4,1.0,1.0,0.0,Health Sciences,Epidemiology,Second Affiliated Hospital of Fujian Medical University,China,0.005777257824573566,97.71653884483756,Epidemiology (100%),Second Affiliated Hospital of Fujian Medical University (100%)
1166,4,1.0,1.0,33.333333333333336,Mathematical Sciences,Statistics,University of Cincinnati,United States,0.005777257824573566,97.72231610266213,Statistics (100%),University of Cincinnati (50%); City University of Hong Kong (25%); University of Louisville (25%)
1167,4,1.0,1.0,100.0,Biomedical and Clinical Sciences,Nutrition and Dietetics,Longhua Hospital Shanghai University of Traditional Chinese Medicine,China,0.005777257824573566,97.72809336048671,Nutrition and Dietetics (100%),Longhua Hospital Shanghai University of Traditional Chinese Medicine (100%)
1168,4,0.0,1.0,0.0,Health Sciences,Epidemiology,中山大学公共卫生学院流行病学系，广州 510080,,0.005777257824573566,97.73387061831129,Epidemiology (100%),中山大学公共卫生学院流行病学系，广州 510080 (100%)
1169,4,1.0,1.0,50.0,Biomedical and Clinical Sciences,Clinical Sciences,Shanxi Medical University,China,0.005777257824573566,97.73964787613586,Clinical Sciences (100%),Shanxi Medical University (75%); Zhejiang University (25%)
1170,4,1.0,1.0,50.0,Biomedical and Clinical Sciences,Cardiovascular Medicine and Haematology,Zhuhai People's Hospital,China,0.005777257824573566,97.74542513396044,Cardiovascular Medicine and Haematology (100%),Zhuhai People's Hospital (75%); ShenZhen People’s Hospital (25%)
1171,4,1.0,1.0,66.66666666666667,Biological Sciences,Epidemiology,Heilongjiang University of Chinese Medicine,China,0.005777257824573566,97.75120239178501,Epidemiology (100%),Heilongjiang University of Chinese Medicine (100%)
1172,4,1.0,2.0,33.333333333333336,Biomedical and Clinical Sciences,Clinical Sciences,Chongqing Medical University,China,0.005777257824573566,97.75697964960959,Clinical Sciences (100%),Chongqing Medical University (100%)
1173,4,1.0,1.0,100.0,Biomedical and Clinical Sciences,Clinical Sciences,Capital Medical University,China,0.005777257824573566,97.76275690743417,Clinical Sciences (100%),Capital Medical University (75%); China Rehabilitation Research Center (25%)
1174,4,0.0,1.0,25.0,Biomedical and Clinical Sciences,Clinical Sciences,Universidade Federal do Ceará,Brazil,0.005777257824573566,97.76853416525874,Clinical Sciences (100%),Universidade Federal do Ceará (75%); State University of Ceará (25%)
1175,4,1.0,1.0,0.0,Biomedical and Clinical Sciences,Immunology,Tianjin Medical University General Hospital,China,0.005777257824573566,97.77431142308332,Immunology (100%),Tianjin Medical University General Hospital (100%)
1176,4,1.0,1.0,100.0,Biomedical and Clinical Sciences,Health Services and Systems,Mianyang Central Hospital,China,0.005777257824573566,97.7800886809079,Health Services and Systems (100%),Mianyang Central Hospital (100%)
1177,4,2.0,2.0,33.333333333333336,Health Sciences,Epidemiology,Heriot-Watt University,United Kingdom,0.005777257824573566,97.78586593873247,Epidemiology (100%),Heriot-Watt University (50%); Institute of Occupational Medicine (25%); Maxwell Institute for Mathematical Sciences (25%)
1178,4,1.0,1.0,33.333333333333336,Biomedical and Clinical Sciences,Clinical Sciences,First Hospital of Shanxi Medical University,China,0.005777257824573566,97.79164319655705,Clinical Sciences (100%),First Hospital of Shanxi Medical University (50%); Shanxi Medical University (50%)
1179,4,1.0,1.0,0.0,Biomedical and Clinical Sciences,Clinical Sciences,Tianjin Children's Hospital,China,0.005777257824573566,97.79742045438162,Clinical Sciences (100%),Tianjin Children's Hospital (75%); Tianjin Medical University (25%)
1180,4,1.0,2.0,100.0,Health Sciences,Public Health,University of Pittsburgh,United States,0.005777257824573566,97.8031977122062,Public Health (100%),University of Pittsburgh (75%); Saint Vincent College (25%)
1181,4,0.0,1.0,0.0,Biological Sciences,Epidemiology,Beijing Chao-Yang Hospital,China,0.005777257824573566,97.80897497003077,Epidemiology (100%),Beijing Chao-Yang Hospital (50%); Capital Medical University (25%); Zhengzhou People's Hospital (25%)
1182,4,1.0,1.0,0.0,Biological Sciences,Bioinformatics and Computational Biology,Changchun University of Chinese Medicine,China,0.005777257824573566,97.81475222785535,Bioinformatics and Computational Biology (100%),Changchun University of Chinese Medicine (75%); Capital Medical University (25%)
1183,4,1.0,1.0,100.0,Biomedical and Clinical Sciences,Clinical Sciences,Meizhou City People's Hospital,China,0.005777257824573566,97.82052948567993,Clinical Sciences (100%),Meizhou City People's Hospital (100%)
1184,4,1.0,1.0,66.66666666666667,Health Sciences,Epidemiology,Tianjin First Center Hospital,China,0.005777257824573566,97.8263067435045,Epidemiology (100%),Tianjin First Center Hospital (100%)
1185,4,1.0,1.0,75.0,Biomedical and Clinical Sciences,Clinical Sciences,Zhongnan Hospital of Wuhan University,China,0.005777257824573566,97.83208400132908,Clinical Sciences (100%),Zhongnan Hospital of Wuhan University (100%)
1186,4,0.0,1.0,0.0,Health Sciences,Health Services and Systems,Imperial College London,United Kingdom,0.005777257824573566,97.83786125915366,Health Services and Systems (100%),Imperial College London (100%)
1187,4,1.0,1.0,0.0,Biomedical and Clinical Sciences,Immunology,Tianjin Medical University,China,0.005777257824573566,97.84363851697823,Immunology (100%),Tianjin Medical University (100%)
1188,4,1.0,1.0,100.0,Biological Sciences,Biochemistry and Cell Biology,Affiliated Hospital of Southwest Medical University,China,0.005777257824573566,97.84941577480281,Biochemistry and Cell Biology (100%),Affiliated Hospital of Southwest Medical University (75%); Southwest Medical University (25%)
1189,4,0.0,1.0,33.333333333333336,Biological Sciences,Genetics,Roslin Institute,United Kingdom,0.005777257824573566,97.85519303262738,Genetics (100%),Roslin Institute (75%); University of Michigan-Ann Arbor (25%)
1190,4,1.0,1.0,100.0,Biomedical and Clinical Sciences,Clinical Sciences,First Affiliated Hospital of Fujian Medical University,China,0.005777257824573566,97.86097029045196,Clinical Sciences (100%),First Affiliated Hospital of Fujian Medical University (100%)
1191,4,1.0,1.0,100.0,Biomedical and Clinical Sciences,Clinical Sciences,Zunyi Medical University,China,0.005777257824573566,97.86674754827654,Clinical Sciences (100%),Zunyi Medical University (100%)
1192,4,0.0,1.0,0.0,Biomedical and Clinical Sciences,Clinical Sciences,Guangzhou University of Chinese Medicine,China,0.005777257824573566,97.87252480610111,Clinical Sciences (100%),Guangzhou University of Chinese Medicine (100%)
1193,4,1.0,1.0,33.333333333333336,Biological Sciences,Biochemistry and Cell Biology,Nanjing University,China,0.005777257824573566,97.87830206392569,Biochemistry and Cell Biology (100%),Nanjing University (75%); The Second Affiliated Hospital of Nanjing Medical University (25%)
1194,4,1.0,1.0,0.0,Biomedical and Clinical Sciences,Clinical Sciences,Second Affiliated Hospital of Chongqing Medical University,China,0.005777257824573566,97.88407932175026,Clinical Sciences (100%),Second Affiliated Hospital of Chongqing Medical University (100%)
1195,4,1.0,1.0,66.66666666666667,Biomedical and Clinical Sciences,Clinical Sciences,Tianjin University of Traditional Chinese Medicine,China,0.005777257824573566,97.88985657957484,Clinical Sciences (100%),Tianjin University of Traditional Chinese Medicine (75%); Tianjin Anding Hospital (25%)
1196,4,1.0,1.0,66.66666666666667,Biomedical and Clinical Sciences,Clinical Sciences,University of Hong Kong,China,0.005777257824573566,97.89563383739942,Clinical Sciences (100%),University of Hong Kong (100%)
1197,4,1.0,1.0,0.0,Health Sciences,Epidemiology,Army Medical University,China,0.005777257824573566,97.90141109522399,Epidemiology (100%),Army Medical University (100%)
1198,4,1.0,1.0,0.0,Health Sciences,Public Health,Beijing Sport University,China,0.005777257824573566,97.90718835304857,Public Health (100%),Beijing Sport University (100%)
1199,4,1.0,1.0,50.0,Biomedical and Clinical Sciences,Cardiovascular Medicine and Haematology,China-Japan Friendship Hospital,China,0.005777257824573566,97.91296561087314,Cardiovascular Medicine and Haematology (100%),China-Japan Friendship Hospital (100%)
1200,4,0.0,2.0,66.66666666666667,Biomedical and Clinical Sciences,Clinical Sciences,Peking University,China,0.005777257824573566,97.91874286869772,Clinical Sciences (100%),Peking University (100%)
1201,4,1.0,1.0,50.0,Health Sciences,Epidemiology,Shandong University of Traditional Chinese Medicine,China,0.005777257824573566,97.9245201265223,Epidemiology (100%),Shandong University of Traditional Chinese Medicine (75%); Affiliated Hospital of Shandong University of Traditional Chinese Medicine (25%)
1202,4,0.5,1.0,50.0,Biomedical and Clinical Sciences,Epidemiology,Christian Medical College & Hospital,India,0.005777257824573566,97.93029738434687,Epidemiology (75%); Medical Physiology (25%),Christian Medical College & Hospital (100%)
1203,4,1.0,2.0,25.0,Biomedical and Clinical Sciences,Cardiovascular Medicine and Haematology,Sheba Medical Center,Israel,0.005777257824573566,97.93607464217145,Cardiovascular Medicine and Haematology (100%),Sheba Medical Center (75%); Tel Aviv University (25%)
1204,4,1.0,1.0,0.0,Biomedical and Clinical Sciences,Dentistry,Nantong University,China,0.005777257824573566,97.94185189999602,Dentistry (100%),Nantong University (50%); Affiliated Hospital of Nantong University (25%); Beijing Anzhen Hospital (25%)
1205,4,0.0,1.0,0.0,Health Sciences,Epidemiology,四川大学华西公共卫生学院/华西第四医院，成都 610041,,0.005777257824573566,97.9476291578206,Epidemiology (100%),四川大学华西公共卫生学院/华西第四医院，成都 610041 (100%)
1206,4,1.0,1.0,33.333333333333336,Biomedical and Clinical Sciences,,Union Hospital Tongji Medical College Huazhong University of Science and Technology,China,0.005777257824573566,97.95340641564518,,Union Hospital Tongji Medical College Huazhong University of Science and Technology (75%); State Key Laboratory of Cardiovascular Disease (25%)
1207,4,1.0,1.0,100.0,Biomedical and Clinical Sciences,Cardiovascular Medicine and Haematology,First Hospital of Lanzhou University,China,0.005777257824573566,97.95918367346975,Cardiovascular Medicine and Haematology (100%),First Hospital of Lanzhou University (100%)
1208,4,0.0,1.0,100.0,Biomedical and Clinical Sciences,Clinical Sciences,Changchun University of Chinese Medicine,China,0.005777257824573566,97.96496093129433,Clinical Sciences (100%),Changchun University of Chinese Medicine (75%); The Affiliated Hospital to Changchun University of Chinese Medicine (25%)
1209,4,1.0,1.0,66.66666666666667,Biomedical and Clinical Sciences,Nutrition and Dietetics,"College of Arts and Physical Education, Nanchang Normal College of Applied Technology, Nanchang, China",China,0.005777257824573566,97.9707381891189,Nutrition and Dietetics (100%),"College of Arts and Physical Education, Nanchang Normal College of Applied Technology, Nanchang, China (25%); Jiangxi Normal University (25%); Second Military Medical University (25%)"
1210,4,0.0,1.0,33.333333333333336,Biomedical and Clinical Sciences,Cardiovascular Medicine and Haematology,Huazhong University of Science and Technology,China,0.005777257824573566,97.97651544694348,Cardiovascular Medicine and Haematology (100%),Huazhong University of Science and Technology (100%)
1211,4,1.0,1.0,100.0,Biomedical and Clinical Sciences,Reproductive Medicine,Ministry of Education of the People's Republic of China,China,0.005777257824573566,97.98229270476806,Reproductive Medicine (100%),Ministry of Education of the People's Republic of China (100%)
1212,4,0.0,1.0,100.0,Biomedical and Clinical Sciences,Epidemiology,Wenzhou Medical University,China,0.005777257824573566,97.98806996259263,Epidemiology (100%),Wenzhou Medical University (100%)
1213,4,0.0,1.0,50.0,Biomedical and Clinical Sciences,Clinical Sciences,Springfield College,United States,0.005777257824573566,97.99384722041721,Clinical Sciences (100%),Springfield College (100%)
1214,4,0.0,1.0,100.0,Health Sciences,Epidemiology,Central South University,China,0.005777257824573566,97.99962447824178,Epidemiology (100%),Central South University (100%)
1215,4,0.0,1.0,100.0,Psychology,Biological Psychology,Institute of Psychology,China,0.005777257824573566,98.00540173606636,Biological Psychology (100%),Institute of Psychology (75%); University of Chinese Academy of Sciences (25%)
1216,4,1.0,1.0,50.0,Biological Sciences,Biochemistry and Cell Biology,Guangzhou University of Chinese Medicine,China,0.005777257824573566,98.01117899389094,Biochemistry and Cell Biology (100%),Guangzhou University of Chinese Medicine (50%); Nanjing University of Chinese Medicine (50%)
1217,4,0.0,1.0,0.0,Psychology,Biological Psychology,National Yang Ming Chiao Tung University,Taiwan,0.005777257824573566,98.01695625171551,Biological Psychology (100%),National Yang Ming Chiao Tung University (75%); Chung Shan Medical University (25%)
1218,4,1.0,1.0,0.0,Biomedical and Clinical Sciences,Oncology and Carcinogenesis,First Hospital of China Medical University,China,0.005777257824573566,98.02273350954009,Oncology and Carcinogenesis (100%),First Hospital of China Medical University (50%); Sheng Jing Hospital (50%)
1219,4,0.0,1.0,0.0,Biomedical and Clinical Sciences,Epidemiology,Tongji Hospital Affiliated to Tongji Medical College of Huazhong University of Science & Technology,China,0.005777257824573566,98.02851076736466,Epidemiology (100%),Tongji Hospital Affiliated to Tongji Medical College of Huazhong University of Science & Technology (75%); University of South China (25%)
1220,4,1.0,1.0,100.0,Biomedical and Clinical Sciences,Clinical Sciences,First Affiliated Hospital of Heilongjiang University of Chinese Medicine,China,0.005777257824573566,98.03428802518924,Clinical Sciences (100%),First Affiliated Hospital of Heilongjiang University of Chinese Medicine (50%); Third Affiliated Hospital of Harbin Medical University (50%)
1221,4,1.0,2.0,0.0,Biomedical and Clinical Sciences,Clinical Sciences,Guangzhou Institute of Dermatology,China,0.005777257824573566,98.04006528301382,Clinical Sciences (100%),Guangzhou Institute of Dermatology (75%); Guangzhou Medical University (25%)
1222,4,1.0,1.0,100.0,Health Sciences,Epidemiology,Guilin Medical University,China,0.005777257824573566,98.0458425408384,Epidemiology (100%),Guilin Medical University (100%)
1223,4,0.0,1.0,0.0,Biomedical and Clinical Sciences,Clinical Sciences,Tianjin Medical University General Hospital,China,0.005777257824573566,98.05161979866297,Clinical Sciences (100%),"Tianjin Medical University General Hospital (75%); Department of Medicine, Ganzhou Tumor Hospital, Ganzhou, Jiangxi Province, PR China. (25%)"
1224,4,0.0,1.0,0.0,Health Sciences,Epidemiology,南京医科大学第一附属医院骨科，南京 210029,,0.005777257824573566,98.05739705648755,Epidemiology (100%),南京医科大学第一附属医院骨科，南京 210029 (100%)
1225,4,0.0,2.0,100.0,Biomedical and Clinical Sciences,Biological Psychology,"University of Nevada, Las Vegas",United States,0.005777257824573566,98.06317431431212,Biological Psychology (75%); Genetics (25%),"University of Nevada, Las Vegas (100%)"
1226,4,1.0,1.0,0.0,Biomedical and Clinical Sciences,Clinical Sciences,Kyungpook National University,South Korea,0.005777257824573566,98.0689515721367,Clinical Sciences (100%),Kyungpook National University (75%); Kyungpook National University Hospital (25%)
1227,4,0.0,1.0,0.0,Biomedical and Clinical Sciences,Clinical Sciences,Hebei General Hospital,China,0.005777257824573566,98.07472882996127,Clinical Sciences (100%),Hebei General Hospital (25%); Hubei Provincial Hospital of Traditional Chinese Medicine (25%); Hubei University of Chinese Medicine (25%)
1228,4,0.0,1.0,33.333333333333336,Biomedical and Clinical Sciences,Public Health,"University of California, Irvine",United States,0.005777257824573566,98.08050608778585,Public Health (100%),"University of California, Irvine (100%)"
1229,4,0.0,1.0,0.0,Information and Computing Sciences,Data Management and Data Science,Bennett University,India,0.005777257824573566,98.08628334561043,Data Management and Data Science (100%),Bennett University (75%); University of South Florida (25%)
1230,4,0.0,1.0,0.0,Biomedical and Clinical Sciences,Clinical Sciences,West China Hospital of Sichuan University,China,0.005777257824573566,98.092060603435,Clinical Sciences (100%),West China Hospital of Sichuan University (100%)
1231,4,1.0,2.0,66.66666666666667,Health Sciences,Epidemiology,Harbin Institute of Technology,China,0.005777257824573566,98.09783786125958,Epidemiology (100%),"Harbin Institute of Technology (50%); Harbin Engineering University (25%); Harbin Huaqiang Power Automation Engineering Company Limited, Harbin, China (25%)"
1232,4,0.0,1.0,25.0,Biomedical and Clinical Sciences,Oncology and Carcinogenesis,The University of Texas Southwestern Medical Center,United States,0.005777257824573566,98.10361511908415,Oncology and Carcinogenesis (100%),The University of Texas Southwestern Medical Center (100%)
1233,4,1.0,1.0,0.0,Health Sciences,Epidemiology,Affiliated Hospital of Zunyi Medical College,China,0.005777257824573566,98.10939237690873,Epidemiology (100%),Affiliated Hospital of Zunyi Medical College (50%); First People’s Hospital of Zunyi (50%)
1234,4,1.0,1.0,33.333333333333336,Health Sciences,Epidemiology,Shanghai Tenth People's Hospital,China,0.005777257824573566,98.1151696347333,Epidemiology (100%),Shanghai Tenth People's Hospital (100%)
1235,4,1.0,1.0,50.0,Biomedical and Clinical Sciences,Clinical Sciences,Shanghai Jiao Tong University,China,0.005777257824573566,98.12094689255788,Clinical Sciences (100%),Shanghai Jiao Tong University (100%)
1236,4,0.0,1.0,100.0,Biological Sciences,Biochemistry and Cell Biology,Wuhan University,China,0.005777257824573566,98.12672415038246,Biochemistry and Cell Biology (100%),Wuhan University (50%); Second Affiliated Hospital of Chongqing Medical University (25%); Zhongnan Hospital of Wuhan University (25%)
1237,4,1.0,1.0,0.0,Health Sciences,Epidemiology,,,0.005777257824573566,98.13250140820703,Epidemiology (100%),
1238,3,1.0,1.0,100.0,Health Sciences,Epidemiology,Guizhou University,China,0.004332943368430175,98.13683435157546,Epidemiology (100%),Guizhou University (67%); Guizhou Provincial People's Hospital (33%)
1239,3,1.0,1.0,0.0,Biomedical and Clinical Sciences,Reproductive Medicine,Shanghai University of Traditional Chinese Medicine,China,0.004332943368430175,98.14116729494388,Reproductive Medicine (100%),Shanghai University of Traditional Chinese Medicine (67%); Zhejiang Chinese Medical University (33%)
1240,3,1.0,2.0,100.0,Biological Sciences,Genetics,The Ohio State University,United States,0.004332943368430175,98.14550023831231,Genetics (100%),The Ohio State University (100%)
1241,3,1.0,2.0,66.66666666666667,Health Sciences,Epidemiology,University of Chicago,United States,0.004332943368430175,98.14983318168073,Epidemiology (100%),University of Chicago (100%)
1242,3,1.0,2.0,50.0,Biomedical and Clinical Sciences,Reproductive Medicine,"Department of Stomatology, First people’s Hospital of Linping District, No. 365 Yingbing Road, 310000, Hangzhou, China",China,0.004332943368430175,98.15416612504916,Reproductive Medicine (100%),"Department of Stomatology, First people’s Hospital of Linping District, No. 365 Yingbing Road, 310000, Hangzhou, China (67%); First People's Hospital of Yuhang District (33%)"
1243,3,1.0,1.0,0.0,Biomedical and Clinical Sciences,Epidemiology,Yunnan Cancer Hospital,China,0.004332943368430175,98.15849906841758,Epidemiology (100%),Yunnan Cancer Hospital (67%); State Key Laboratory Conservation and Utilization of Bio-resources in Yunnan (33%)
1244,3,1.0,1.0,0.0,Biomedical and Clinical Sciences,Clinical Sciences,First Affiliated Hospital of Zhengzhou University,China,0.004332943368430175,98.16283201178601,Clinical Sciences (100%),First Affiliated Hospital of Zhengzhou University (100%)
1245,3,3.0,4.0,0.0,Biomedical and Clinical Sciences,Genetics,Nihon University,Japan,0.004332943368430175,98.16716495515443,Genetics (100%),Nihon University (67%); University of Tokyo Hospital (33%)
1246,3,1.0,1.0,0.0,Health Sciences,Epidemiology,First Affiliated Hospital of Nanchang University,China,0.004332943368430175,98.17149789852286,Epidemiology (100%),First Affiliated Hospital of Nanchang University (100%)
1247,3,1.3333333333333333,1.0,100.0,Biological Sciences,Genetics,Central South University,China,0.004332943368430175,98.17583084189128,Genetics (67%); Epidemiology (33%),Central South University (100%)
1248,3,2.0,3.0,33.333333333333336,Biological Sciences,Epidemiology,Calico Life Sciences LLC,United States,0.004332943368430175,98.18016378525971,Epidemiology (100%),Calico Life Sciences LLC (100%)
1249,3,1.0,1.0,50.0,Biomedical and Clinical Sciences,Clinical Sciences,Chengdu University of Traditional Chinese Medicine,China,0.004332943368430175,98.18449672862813,Clinical Sciences (100%),"Chengdu University of Traditional Chinese Medicine (33%); Department of Otorhinolaryngology, Pengzhou Hospital of Traditional Chinese Medicine, Chengdu, Sichuan, China. (33%); Hospital of Chengdu University of Traditional Chinese (33%)"
1250,3,1.0,1.0,0.0,Health Sciences,Epidemiology,First Hospital of Jilin University,China,0.004332943368430175,98.18882967199656,Epidemiology (100%),First Hospital of Jilin University (100%)
1251,3,1.0,1.0,33.333333333333336,Law and Legal Studies,Law In Context,University of Sheffield,United Kingdom,0.004332943368430175,98.19316261536498,Law In Context (100%),University of Sheffield (100%)
1252,3,1.0,1.0,0.0,Biological Sciences,Oncology and Carcinogenesis,Shandong University of Traditional Chinese Medicine,China,0.004332943368430175,98.19749555873341,Oncology and Carcinogenesis (100%),Shandong University of Traditional Chinese Medicine (100%)
1253,3,0.0,1.0,0.0,Biomedical and Clinical Sciences,Clinical Sciences,Jining Medical University,China,0.004332943368430175,98.20182850210183,Clinical Sciences (100%),Jining Medical University (33%); Lanzhou University (33%); Lanzhou University Second Hospital (33%)
1254,3,1.0,1.0,50.0,Biological Sciences,Epidemiology,Guangdong Provincial Hospital of Traditional Chinese Medicine,China,0.004332943368430175,98.20616144547026,Epidemiology (100%),Guangdong Provincial Hospital of Traditional Chinese Medicine (67%); Guangzhou University of Chinese Medicine (33%)
1255,3,0.0,1.0,0.0,Biomedical and Clinical Sciences,Epidemiology,中南大学湘雅三医院肝胆胰外科，长沙 410013,,0.004332943368430175,98.21049438883868,Epidemiology (100%),中南大学湘雅三医院肝胆胰外科，长沙 410013 (100%)
1256,3,1.0,2.0,0.0,Mathematical Sciences,Statistics,Duke University,United States,0.004332943368430175,98.21482733220711,Statistics (100%),Duke University (67%); University of North Carolina at Chapel Hill (33%)
1257,3,1.0,1.0,0.0,Biomedical and Clinical Sciences,Clinical Sciences,Jiangsu Province Hospital,China,0.004332943368430175,98.21916027557553,Clinical Sciences (100%),Jiangsu Province Hospital (67%); Zhejiang University (33%)
1258,3,1.0,1.0,100.0,Biomedical and Clinical Sciences,Clinical Sciences,West China Hospital of Sichuan University,China,0.004332943368430175,98.22349321894396,Clinical Sciences (100%),West China Hospital of Sichuan University (67%); State Key Laboratory of Biotherapy (33%)
1259,3,1.0,1.0,0.0,Biomedical and Clinical Sciences,Medical Biochemistry and Metabolomics,First Affiliated Hospital of Guangzhou Medical University,China,0.004332943368430175,98.22782616231238,Medical Biochemistry and Metabolomics (100%),First Affiliated Hospital of Guangzhou Medical University (67%); The Central Hospital of Enshi Tujia and Miao Autonomous Prefecture (33%)
1260,3,1.0,1.0,33.333333333333336,Biomedical and Clinical Sciences,Biological Psychology,Federal University of Rio de Janeiro,Brazil,0.004332943368430175,98.23215910568081,Biological Psychology (100%),Federal University of Rio de Janeiro (33%); Instituto Butantan (33%); Universidade de São Paulo (33%)
1261,3,1.0,1.0,0.0,Biomedical and Clinical Sciences,Clinical Sciences,Tongji Hospital Affiliated to Tongji Medical College of Huazhong University of Science & Technology,China,0.004332943368430175,98.23649204904923,Clinical Sciences (100%),Tongji Hospital Affiliated to Tongji Medical College of Huazhong University of Science & Technology (100%)
1262,3,1.0,1.0,0.0,Biological Sciences,Genetics,Tianjin Medical University General Hospital,China,0.004332943368430175,98.24082499241766,Genetics (100%),Tianjin Medical University General Hospital (67%); Xiangyang Hospital of Traditional Chinese Medicine (33%)
1263,3,0.0,1.0,33.333333333333336,Health Sciences,Public Health,Hannover Medical School,Germany,0.004332943368430175,98.24515793578608,Public Health (100%),Hannover Medical School (67%); Leibniz University Hannover (33%)
1264,3,0.0,1.0,0.0,Health Sciences,Data Management and Data Science,Federation University,Australia,0.004332943368430175,98.24949087915451,Data Management and Data Science (67%); Clinical Sciences (33%),Federation University (67%); Menzies School of Health Research (33%)
1265,3,1.0,1.0,50.0,Health Sciences,Epidemiology,Third Xiangya Hospital,China,0.004332943368430175,98.25382382252293,Epidemiology (100%),Third Xiangya Hospital (100%)
1266,3,1.0,1.0,100.0,Biomedical and Clinical Sciences,Biological Psychology,Henan University of Traditional Chinese Medicine,China,0.004332943368430175,98.25815676589136,Biological Psychology (100%),Henan University of Traditional Chinese Medicine (67%); First Affiliated Hospital of Henan University of Traditional Chinese Medicine (33%)
1267,3,1.0,1.0,50.0,Biomedical and Clinical Sciences,Allied Health and Rehabilitation Science,Monash University,Australia,0.004332943368430175,98.26248970925978,Allied Health and Rehabilitation Science (100%),Monash University (67%); Hainan Medical University (33%)
1268,3,1.0,1.0,0.0,Biomedical and Clinical Sciences,Immunology,Putian University,China,0.004332943368430175,98.2668226526282,Immunology (100%),Putian University (100%)
1269,3,0.0,1.0,33.333333333333336,Biomedical and Clinical Sciences,Ophthalmology and Optometry,University of Ghana,Ghana,0.004332943368430175,98.27115559599663,Ophthalmology and Optometry (100%),University of Ghana (100%)
1270,3,1.0,1.0,50.0,Biomedical and Clinical Sciences,Biological Psychology,Nanjing University of Chinese Medicine,China,0.004332943368430175,98.27548853936506,Biological Psychology (100%),Nanjing University of Chinese Medicine (67%); Guangxi Medical University (33%)
1271,3,1.0,1.0,66.66666666666667,Biological Sciences,Epidemiology,"Bioinformatics Project and Research Institute, Noida, India",India,0.004332943368430175,98.27982148273348,Epidemiology (100%),"Bioinformatics Project and Research Institute, Noida, India (67%); NIMS Institute of Medical Science and Technology, Jaipur, India (33%)"
1272,3,0.0,1.0,33.333333333333336,Biomedical and Clinical Sciences,Manufacturing Engineering,Loughborough University,United Kingdom,0.004332943368430175,98.2841544261019,Manufacturing Engineering (100%),Loughborough University (100%)
1273,3,0.0,1.0,0.0,Biomedical and Clinical Sciences,Clinical Sciences,Northwest University,China,0.004332943368430175,98.28848736947033,Clinical Sciences (100%),Northwest University (100%)
1274,3,1.0,1.0,0.0,Biomedical and Clinical Sciences,Nutrition and Dietetics,"Atlas Biomed Group Limited, Tower Bridge House, St. Katharines Way, London, E1W 1DD, UK",United Kingdom,0.004332943368430175,98.29282031283876,Nutrition and Dietetics (100%),"Atlas Biomed Group Limited, Tower Bridge House, St. Katharines Way, London, E1W 1DD, UK (67%); Middlesex University (33%)"
1275,3,1.0,2.0,33.333333333333336,Health Sciences,Health Services and Systems,Stanford University,United States,0.004332943368430175,98.29715325620718,Health Services and Systems (100%),Stanford University (100%)
1276,3,1.0,1.0,100.0,Psychology,Biological Psychology,Georgetown University,United States,0.004332943368430175,98.3014861995756,Biological Psychology (100%),Georgetown University (67%); Georgetown University Medical Center (33%)
1277,3,0.0,1.0,0.0,Psychology,Biological Psychology,Guangdong Polytechnic Normal University,China,0.004332943368430175,98.30581914294403,Biological Psychology (100%),Guangdong Polytechnic Normal University (67%); Shenzhen University (33%)
1278,3,0.0,1.0,0.0,Biomedical and Clinical Sciences,Clinical Sciences,"Department of Orthopedics, The 960th Hospital of PLA, Shandong Second Medical University, Jinan, Shandong, China",China,0.004332943368430175,98.31015208631246,Clinical Sciences (100%),"Department of Orthopedics, The 960th Hospital of PLA, Shandong Second Medical University, Jinan, Shandong, China (67%); Department of Joint Surgery, Affiliated Hospital of Shandong Second Medical University, School of Clinical Medicine, Shandong Second Medical University, Weifang, Shandong, China. (33%)"
1279,3,1.0,2.0,66.66666666666667,Information and Computing Sciences,Statistics,Texas A&M University,United States,0.004332943368430175,98.31448502968088,Statistics (100%),Texas A&M University (67%); University of Michigan-Ann Arbor (33%)
1280,3,1.0,1.0,0.0,Biomedical and Clinical Sciences,Clinical Sciences,University Hospitals of Morecambe Bay NHS Foundation Trust,United Kingdom,0.004332943368430175,98.3188179730493,Clinical Sciences (100%),University Hospitals of Morecambe Bay NHS Foundation Trust (67%); Lancaster University (33%)
1281,3,1.0,1.0,100.0,Biomedical and Clinical Sciences,Oncology and Carcinogenesis,University of Miami,United States,0.004332943368430175,98.32315091641773,Oncology and Carcinogenesis (100%),University of Miami (100%)
1282,3,1.0,1.0,66.66666666666667,Biomedical and Clinical Sciences,Clinical Sciences,The Ohio State University,United States,0.004332943368430175,98.32748385978616,Clinical Sciences (100%),The Ohio State University (67%); Ohio University (33%)
1283,3,0.0,1.0,33.333333333333336,Biological Sciences,Genetics,"2Astrazeneca PLC, Waltham, MA.",United States,0.004332943368430175,98.33181680315458,Genetics (100%),"2Astrazeneca PLC, Waltham, MA. (67%); AstraZeneca PLC (33%)"
1284,3,1.0,1.0,33.333333333333336,Biological Sciences,Genetics,Harvard University,United States,0.004332943368430175,98.336149746523,Genetics (100%),Harvard University (100%)
1285,3,1.0,1.0,66.66666666666667,Information and Computing Sciences,Machine Learning,University of Huddersfield,United Kingdom,0.004332943368430175,98.34048268989143,Machine Learning (100%),University of Huddersfield (67%); Hebei University of Technology (33%)
1286,3,1.0,2.0,100.0,Biological Sciences,Epidemiology,Mapmygenome India Limited,India,0.004332943368430175,98.34481563325986,Epidemiology (100%),Mapmygenome India Limited (100%)
1287,3,1.6666666666666667,2.0,0.0,Biological Sciences,Genetics,Fourth Affiliated Hospital of Zhejiang University School of Medicine,China,0.004332943368430175,98.34914857662828,Genetics (100%),Fourth Affiliated Hospital of Zhejiang University School of Medicine (100%)
1288,3,1.0,1.0,100.0,Biomedical and Clinical Sciences,Oncology and Carcinogenesis,Sun Yat-sen University Cancer Center,China,0.004332943368430175,98.3534815199967,Oncology and Carcinogenesis (100%),Sun Yat-sen University Cancer Center (100%)
1289,3,1.0,1.0,50.0,Biological Sciences,Bioinformatics and Computational Biology,Boğaziçi University,Turkey,0.004332943368430175,98.35781446336513,Bioinformatics and Computational Biology (100%),Boğaziçi University (100%)
1290,3,1.0,1.0,0.0,Biomedical and Clinical Sciences,Clinical Sciences,The Seventh Affiliated Hospital of Sun Yat-sen University,China,0.004332943368430175,98.36214740673356,Clinical Sciences (100%),The Seventh Affiliated Hospital of Sun Yat-sen University (100%)
1291,3,0.0,1.0,100.0,Engineering,Biomedical Engineering,University of South China,China,0.004332943368430175,98.36648035010198,Biomedical Engineering (100%),University of South China (100%)
1292,3,1.0,2.0,0.0,Biological Sciences,Genetics,Tel Aviv University,Israel,0.004332943368430175,98.3708132934704,Genetics (100%),Tel Aviv University (100%)
1293,3,1.0,1.0,50.0,Biomedical and Clinical Sciences,Oncology and Carcinogenesis,Henan University of Traditional Chinese Medicine,China,0.004332943368430175,98.37514623683883,Oncology and Carcinogenesis (100%),Henan University of Traditional Chinese Medicine (67%); First Affiliated Hospital of Henan University of Traditional Chinese Medicine (33%)
1294,3,1.0,1.0,0.0,Biomedical and Clinical Sciences,Clinical Sciences,First Affiliated Hospital of GuangXi Medical University,China,0.004332943368430175,98.37947918020726,Clinical Sciences (100%),First Affiliated Hospital of GuangXi Medical University (100%)
1295,3,1.0,1.0,100.0,Biological Sciences,Genetics,Shandong University,China,0.004332943368430175,98.38381212357568,Genetics (100%),Shandong University (67%); State Key Laboratory of Optometry Ophthalmology and Vision Science (33%)
1296,3,0.0,1.0,66.66666666666667,Biological Sciences,Genetics,Thermo Fisher Scientific Inc,United States,0.004332943368430175,98.3881450669441,Genetics (100%),Thermo Fisher Scientific Inc (100%)
1297,3,1.0,1.0,0.0,Biomedical and Clinical Sciences,Clinical Sciences,Guangzhou University of Chinese Medicine,China,0.004332943368430175,98.39247801031253,Clinical Sciences (100%),Guangzhou University of Chinese Medicine (100%)
1298,3,0.0,1.0,50.0,Biological Sciences,Epidemiology,West China Hospital of Sichuan University,China,0.004332943368430175,98.39681095368095,Epidemiology (100%),West China Hospital of Sichuan University (100%)
1299,3,2.3333333333333335,3.0,33.333333333333336,Information and Computing Sciences,Applied Computing,University of Ljubljana,Slovenia,0.004332943368430175,98.40114389704938,Applied Computing (100%),University of Ljubljana (100%)
1300,3,0.0,1.0,100.0,Psychology,Biological Psychology,Bandung Institute of Technology,Indonesia,0.004332943368430175,98.4054768404178,Biological Psychology (100%),"Bandung Institute of Technology (33%); International University Semen Indonesia, Gresik, East Java, Indonesia (33%); Yogyakarta State University (33%)"
1301,3,1.0,1.0,50.0,Biomedical and Clinical Sciences,Clinical Sciences,First Affiliated Hospital of Heilongjiang University of Chinese Medicine,China,0.004332943368430175,98.40980978378623,Clinical Sciences (100%),First Affiliated Hospital of Heilongjiang University of Chinese Medicine (33%); Heilongjiang University of Chinese Medicine (33%); Zhejiang Chinese Medical University (33%)
1302,3,4.0,4.0,50.0,Biomedical and Clinical Sciences,Clinical Sciences,Korea University,South Korea,0.004332943368430175,98.41414272715465,Clinical Sciences (100%),Korea University (67%); Hanyang University Seoul Hospital (33%)
1303,3,1.0,1.0,0.0,Biomedical and Clinical Sciences,Ophthalmology and Optometry,Shandong University of Traditional Chinese Medicine,China,0.004332943368430175,98.41847567052308,Ophthalmology and Optometry (100%),Shandong University of Traditional Chinese Medicine (100%)
1304,3,1.0,1.0,50.0,Biomedical and Clinical Sciences,Immunology,Peking University First Hospital,China,0.004332943368430175,98.4228086138915,Immunology (100%),Peking University First Hospital (100%)
1305,3,1.0,1.0,0.0,Biomedical and Clinical Sciences,Oncology and Carcinogenesis,Henan Provincial People's Hospital,China,0.004332943368430175,98.42714155725993,Oncology and Carcinogenesis (100%),Henan Provincial People's Hospital (100%)
1306,3,0.0,1.0,0.0,Biological Sciences,Epidemiology,Huazhong Agricultural University,China,0.004332943368430175,98.43147450062835,Epidemiology (100%),Huazhong Agricultural University (100%)
1307,3,1.0,1.0,0.0,Biomedical and Clinical Sciences,Immunology,Dali University,China,0.004332943368430175,98.43580744399678,Immunology (100%),Dali University (100%)
1308,3,0.0,1.0,0.0,Biomedical and Clinical Sciences,Clinical Sciences,Shenzhen Second People's Hospital,China,0.004332943368430175,98.4401403873652,Clinical Sciences (100%),Shenzhen Second People's Hospital (100%)
1309,3,1.0,1.0,50.0,Biological Sciences,Epidemiology,State Key Laboratory of Biotherapy,China,0.004332943368430175,98.44447333073363,Epidemiology (100%),State Key Laboratory of Biotherapy (100%)
1310,3,1.0,1.0,66.66666666666667,Biomedical and Clinical Sciences,Nutrition and Dietetics,McGill University,United States,0.004332943368430175,98.44880627410205,Nutrition and Dietetics (100%),"McGill University (33%); RAND Corporation (33%); University of California, Berkeley (33%)"
1311,3,0.0,1.0,50.0,Biomedical and Clinical Sciences,Medical Biochemistry and Metabolomics,Dow University of Health Sciences,Pakistan,0.004332943368430175,98.45313921747048,Medical Biochemistry and Metabolomics (100%),Dow University of Health Sciences (67%); Memorial Regional Hospital (33%)
1312,3,1.0,1.0,33.333333333333336,Biomedical and Clinical Sciences,Dentistry,Toronto Western Hospital,Canada,0.004332943368430175,98.4574721608389,Dentistry (100%),Toronto Western Hospital (33%); University of Aberdeen (33%); University of Tikrit (33%)
1313,3,1.0,1.0,50.0,Biological Sciences,Genetics,University of Hong Kong,China,0.004332943368430175,98.46180510420733,Genetics (100%),University of Hong Kong (100%)
1314,3,1.0,1.0,0.0,Biomedical and Clinical Sciences,Epidemiology,Ezhou Central Hospital,China,0.004332943368430175,98.46613804757575,Epidemiology (100%),Ezhou Central Hospital (100%)
1315,3,1.0,1.0,50.0,Biomedical and Clinical Sciences,Epidemiology,Sun Yat-sen University,China,0.004332943368430175,98.47047099094418,Epidemiology (100%),Sun Yat-sen University (100%)
1316,3,1.0,1.0,0.0,Biomedical and Clinical Sciences,Clinical Sciences,Boston University,United States,0.004332943368430175,98.4748039343126,Clinical Sciences (100%),Boston University (67%); Tufts University (33%)
1317,3,1.0,1.0,66.66666666666667,"Agricultural, Veterinary and Food Sciences",Food Sciences,Jilin University,China,0.004332943368430175,98.47913687768103,Food Sciences (100%),Jilin University (67%); First Hospital of Jilin University (33%)
1318,3,1.0,1.0,100.0,Biomedical and Clinical Sciences,Ophthalmology and Optometry,"University of California, Davis",United States,0.004332943368430175,98.48346982104945,Ophthalmology and Optometry (100%),"University of California, Davis (100%)"
1319,3,0.0,1.0,33.333333333333336,Biomedical and Clinical Sciences,Clinical Sciences,King's College London,United Kingdom,0.004332943368430175,98.48780276441788,Clinical Sciences (100%),King's College London (100%)
1320,3,1.0,1.0,50.0,Biomedical and Clinical Sciences,Clinical Sciences,"Department of Cardiology, Jieyang People’s Hospital, Jieyang, Guangdong, China.",China,0.004332943368430175,98.4921357077863,Clinical Sciences (100%),"Department of Cardiology, Jieyang People’s Hospital, Jieyang, Guangdong, China. (33%); Department of Gynecologic Oncology, Jieyang People’s Hospital, Jieyang, Guangdong, China (33%); First Affiliated Hospital of Shantou University Medical College (33%)"
1321,3,1.0,1.0,0.0,Biomedical and Clinical Sciences,Clinical Sciences,Fujian Medical University,China,0.004332943368430175,98.49646865115473,Clinical Sciences (100%),Fujian Medical University (33%); Quanzhou Medical College (33%); Shanghai University of Traditional Chinese Medicine (33%)
1322,3,1.0,1.0,50.0,Biomedical and Clinical Sciences,Clinical Sciences,First Hospital of Jilin University,China,0.004332943368430175,98.50080159452315,Clinical Sciences (100%),First Hospital of Jilin University (67%); Changchun University of Chinese Medicine (33%)
1323,3,1.0,1.0,0.0,Biomedical and Clinical Sciences,Public Health,St Mark's Hospital,United Kingdom,0.004332943368430175,98.50513453789158,Public Health (100%),St Mark's Hospital (67%); Brighton and Sussex Medical School (33%)
1324,3,1.0,1.0,0.0,Biomedical and Clinical Sciences,Clinical Sciences,Zhongshan People's Hospital,China,0.004332943368430175,98.50946748126,Clinical Sciences (100%),Zhongshan People's Hospital (100%)
1325,3,1.0,1.0,0.0,Biological Sciences,Epidemiology,Beijing Hospital,China,0.004332943368430175,98.51380042462843,Epidemiology (100%),Beijing Hospital (67%); Beijing Jishuitan Hospital (33%)
1326,3,1.0,1.0,100.0,Biomedical and Clinical Sciences,Clinical Sciences,University of South China,China,0.004332943368430175,98.51813336799685,Clinical Sciences (100%),University of South China (67%); First Affiliated Hospital of GuangXi Medical University (33%)
1327,3,0.0,1.0,0.0,Biomedical and Clinical Sciences,Clinical Sciences,University of South China,China,0.004332943368430175,98.52246631136528,Clinical Sciences (100%),"University of South China (67%); Chongqing Preschool Education College, Chong Qing, China. (33%)"
1328,3,0.0,1.0,0.0,Health Sciences,Epidemiology,Jining Medical University,China,0.004332943368430175,98.5267992547337,Epidemiology (100%),Jining Medical University (100%)
1329,3,1.0,1.0,100.0,Biomedical and Clinical Sciences,Clinical Sciences,Aerospace Center Hospital,China,0.004332943368430175,98.53113219810213,Clinical Sciences (100%),Aerospace Center Hospital (67%); Chinese PLA General Hospital (33%)
1330,3,0.0,1.0,100.0,Biological Sciences,Genetics,University of Iowa,United States,0.004332943368430175,98.53546514147055,Genetics (100%),University of Iowa (100%)
1331,3,0.0,1.0,100.0,Health Sciences,Epidemiology,First Affiliated Hospital of Chongqing Medical University,China,0.004332943368430175,98.53979808483898,Epidemiology (100%),First Affiliated Hospital of Chongqing Medical University (100%)
1332,3,1.0,1.0,100.0,Biomedical and Clinical Sciences,Clinical Sciences,Jining First People's Hospital,China,0.004332943368430175,98.5441310282074,Clinical Sciences (100%),Jining First People's Hospital (67%); First Hospital of Jilin University (33%)
1333,3,1.0,1.0,0.0,Biomedical and Clinical Sciences,Immunology,Union Hospital Tongji Medical College Huazhong University of Science and Technology,China,0.004332943368430175,98.54846397157583,Immunology (100%),Union Hospital Tongji Medical College Huazhong University of Science and Technology (100%)
1334,3,1.0,1.0,100.0,Biomedical and Clinical Sciences,Clinical Sciences,Southern Medical University,China,0.004332943368430175,98.55279691494425,Clinical Sciences (100%),Southern Medical University (100%)
1335,3,1.0,1.0,100.0,Biomedical and Clinical Sciences,Immunology,Second Xiangya Hospital of Central South University,China,0.004332943368430175,98.55712985831268,Immunology (100%),Second Xiangya Hospital of Central South University (100%)
1336,3,1.0,1.0,100.0,Biological Sciences,Genetics,First Hospital of Jilin University,China,0.004332943368430175,98.5614628016811,Genetics (100%),First Hospital of Jilin University (100%)
1337,3,1.0,1.0,0.0,Health Sciences,Epidemiology,First Affiliated Hospital of Xi'an Jiaotong University,China,0.004332943368430175,98.56579574504953,Epidemiology (100%),First Affiliated Hospital of Xi'an Jiaotong University (100%)
1338,3,1.0,1.0,0.0,Chemical Sciences,Medicinal and Biomolecular Chemistry,Liyuan Hospital Affiliated to Tongji Medical College of Huazhong University of Science and Technology,China,0.004332943368430175,98.57012868841795,Medicinal and Biomolecular Chemistry (100%),Liyuan Hospital Affiliated to Tongji Medical College of Huazhong University of Science and Technology (67%); Nanchang University (33%)
1339,3,1.0,1.0,0.0,Biomedical and Clinical Sciences,Clinical Sciences,Shandong University of Traditional Chinese Medicine,China,0.004332943368430175,98.57446163178638,Clinical Sciences (100%),"Shandong University of Traditional Chinese Medicine (67%); Guang’anmen Hospital Jinan Hospital (Jinan Municipal Hospital of Traditional Chinese Medicine), Jinan, China. (33%)"
1340,3,0.0,1.0,66.66666666666667,Environmental Sciences,Epidemiology,Medizinische Hochschule Brandenburg Theodor Fontane,Germany,0.004332943368430175,98.5787945751548,Epidemiology (100%),Medizinische Hochschule Brandenburg Theodor Fontane (100%)
1341,3,0.0,1.0,0.0,Biomedical and Clinical Sciences,Cardiovascular Medicine and Haematology,Politecnico di Milano,Italy,0.004332943368430175,98.58312751852323,Cardiovascular Medicine and Haematology (100%),Politecnico di Milano (67%); Istituto Auxologico Italiano (33%)
1342,3,1.0,1.0,100.0,Biomedical and Clinical Sciences,Cardiovascular Medicine and Haematology,Ningxia Medical University General Hospital,China,0.004332943368430175,98.58746046189165,Cardiovascular Medicine and Haematology (100%),Ningxia Medical University General Hospital (67%); Ningxia Medical University (33%)
1343,3,1.0,1.0,100.0,Biological Sciences,Genetics,Affiliated Hospital of Nantong University,China,0.004332943368430175,98.59179340526008,Genetics (100%),Affiliated Hospital of Nantong University (67%); Shanghai Tenth People's Hospital (33%)
1344,3,1.0,1.0,100.0,Information and Computing Sciences,Computer Vision and Multimedia Computation,"Anna University, Chennai",India,0.004332943368430175,98.5961263486285,Computer Vision and Multimedia Computation (100%),"Anna University, Chennai (33%); Karpagam Academy of Higher Education (33%); Savitribai Phule Pune University (33%)"
1345,3,0.6666666666666666,1.0,0.0,Biomedical and Clinical Sciences,Cardiovascular Medicine and Haematology,Sichuan University,China,0.004332943368430175,98.60045929199693,Cardiovascular Medicine and Haematology (67%); Clinical Sciences (33%),Sichuan University (67%); West China Hospital of Sichuan University (33%)
1346,3,1.0,1.0,100.0,Biomedical and Clinical Sciences,Nutrition and Dietetics,"Birkbeck, University of London",United Kingdom,0.004332943368430175,98.60479223536535,Nutrition and Dietetics (100%),"Birkbeck, University of London (67%); Kingston University (33%)"
1347,3,1.0,1.0,66.66666666666667,Biomedical and Clinical Sciences,Biological Psychology,Fourth Hospital of Hebei Medical University,China,0.004332943368430175,98.60912517873378,Biological Psychology (100%),Fourth Hospital of Hebei Medical University (100%)
1348,3,0.0,1.0,0.0,Biomedical and Clinical Sciences,Reproductive Medicine,Asia University,Taiwan,0.004332943368430175,98.6134581221022,Reproductive Medicine (100%),Asia University (33%); China Medical University (33%); Chung Shan Medical University (33%)
1349,3,0.0,1.0,0.0,Biomedical and Clinical Sciences,Clinical Sciences,山东第一医科大学公共卫生与健康管理学院流行病学教研室，济南 250117,,0.004332943368430175,98.61779106547063,Clinical Sciences (100%),山东第一医科大学公共卫生与健康管理学院流行病学教研室，济南 250117 (100%)
1350,3,1.0,1.0,0.0,Health Sciences,Epidemiology,北京大学公共卫生学院流行病与卫生统计学系，北京 100191,,0.004332943368430175,98.62212400883905,Epidemiology (100%),北京大学公共卫生学院流行病与卫生统计学系，北京 100191 (67%); 南京医科大学公共卫生学院流行病学系，南京 211166 (33%)
1351,3,1.0,1.0,100.0,Health Sciences,Epidemiology,First Hospital of Shanxi Medical University,China,0.004332943368430175,98.62645695220748,Epidemiology (100%),First Hospital of Shanxi Medical University (33%); Ningxia Medical University General Hospital (33%); West China Hospital of Sichuan University (33%)
1352,3,1.0,1.0,0.0,Biomedical and Clinical Sciences,Epidemiology,Renmin Hospital of Wuhan University,China,0.004332943368430175,98.6307898955759,Epidemiology (100%),Renmin Hospital of Wuhan University (100%)
1353,3,0.0,1.0,50.0,Health Sciences,Health Services and Systems,King's College London,Canada,0.004332943368430175,98.63512283894433,Health Services and Systems (100%),King's College London (50%); McGill University (50%)
1354,3,0.0,1.0,0.0,Biomedical and Clinical Sciences,Ophthalmology and Optometry,National Taiwan University,Taiwan,0.004332943368430175,98.63945578231275,Ophthalmology and Optometry (100%),National Taiwan University (67%); National Taiwan University Hospital (33%)
1355,3,0.0,1.0,50.0,Biomedical and Clinical Sciences,Clinical Sciences,"Department of Dermatology, Nantong Haimen District People’s Hospital, Nantong, Jiangsu Province, China.",China,0.004332943368430175,98.64378872568118,Clinical Sciences (100%),"Department of Dermatology, Nantong Haimen District People’s Hospital, Nantong, Jiangsu Province, China. (33%); Department of Medical Oncology, The First Affiliated Hospital of USTC, Hefei, Anhui Province, China (33%); Department of Oncology, Anhui Zhongke Gengjiu Hospital, Hefei, Anhui Province, China (33%)"
1356,3,0.0,1.0,0.0,Biomedical and Clinical Sciences,Cardiovascular Medicine and Haematology,"Department of Massage, Quanzhou Orthopedic-Traumatological Hospital, Quanzhou, Fujian Province, 362000, People’s Republic of China",China,0.004332943368430175,98.6481216690496,Cardiovascular Medicine and Haematology (100%),"Department of Massage, Quanzhou Orthopedic-Traumatological Hospital, Quanzhou, Fujian Province, 362000, People’s Republic of China (33%); Fujian University of Traditional Chinese Medicine (33%); Fujian Vocational College of Bioengineering, Fuzhou, Fujian Province, 350007, People’s Republic of China (33%)"
1357,3,1.0,1.0,0.0,Biological Sciences,Genetics,Shandong University,China,0.004332943368430175,98.65245461241803,Genetics (100%),Shandong University (67%); Shandong Provincial Hospital (33%)
1358,3,2.6666666666666665,3.0,0.0,Biological Sciences,Genetics,Monash University,Australia,0.004332943368430175,98.65678755578645,Genetics (100%),Monash University (67%); University of Melbourne (33%)
1359,3,1.0,1.0,0.0,Health Sciences,Human Geography,University of Bristol,United Kingdom,0.004332943368430175,98.66112049915488,Human Geography (100%),University of Bristol (100%)
1360,3,1.0,1.0,0.0,Biological Sciences,Epidemiology,郑州大学第一附属医院泌尿外科，郑州 450052,,0.004332943368430175,98.6654534425233,Epidemiology (100%),郑州大学第一附属医院泌尿外科，郑州 450052 (100%)
1361,3,1.0,1.0,50.0,Health Sciences,Epidemiology,Chinese Academy of Medical Sciences,China,0.004332943368430175,98.66978638589173,Epidemiology (100%),Chinese Academy of Medical Sciences (33%); First Hospital of Shanxi Medical University (33%); Shanxi Medical University (33%)
1362,3,1.0,1.0,50.0,Biological Sciences,Epidemiology,Memorial Sloan Kettering Cancer Center,United States,0.004332943368430175,98.67411932926015,Epidemiology (100%),Memorial Sloan Kettering Cancer Center (100%)
1363,3,2.0,2.0,33.333333333333336,Biological Sciences,Genetics,Harvard University,United States,0.004332943368430175,98.67845227262858,Genetics (100%),Harvard University (67%); University of Chicago (33%)
1364,3,1.0,2.0,0.0,Biological Sciences,Epidemiology,University College Dublin,Ireland,0.004332943368430175,98.682785215997,Epidemiology (100%),University College Dublin (100%)
1365,3,1.0,2.0,50.0,Mathematical Sciences,Statistics,Peking University,China,0.004332943368430175,98.68711815936543,Statistics (100%),Peking University (67%); Columbia University (33%)
1366,3,0.0,1.0,0.0,Biomedical and Clinical Sciences,Oncology and Carcinogenesis,Nanjing Medical University,China,0.004332943368430175,98.69145110273385,Oncology and Carcinogenesis (100%),Nanjing Medical University (100%)
1367,3,1.0,1.0,0.0,Biomedical and Clinical Sciences,Clinical Sciences,China Academy of Chinese Medical Sciences,China,0.004332943368430175,98.69578404610228,Clinical Sciences (100%),China Academy of Chinese Medical Sciences (100%)
1368,3,0.0,1.0,0.0,Biomedical and Clinical Sciences,Clinical Sciences,Fourth People's Hospital of Taiyuan,China,0.004332943368430175,98.7001169894707,Clinical Sciences (100%),Fourth People's Hospital of Taiyuan (33%); Second Hospital of Shanxi Medical University (33%); Shanxi Medical University (33%)
1369,3,1.0,1.0,100.0,Biomedical and Clinical Sciences,Clinical Sciences,"Department of Gastroenterology, Linyi Geriatric Hospital, Linyi, China",China,0.004332943368430175,98.70444993283913,Clinical Sciences (100%),"Department of Gastroenterology, Linyi Geriatric Hospital, Linyi, China (33%); Linyi People's Hospital (33%); Shandong Provincial QianFoShan Hospital (33%)"
1370,3,0.0,1.0,50.0,Biomedical and Clinical Sciences,Clinical Sciences,Dazhou Central Hospital,China,0.004332943368430175,98.70878287620755,Clinical Sciences (100%),Dazhou Central Hospital (100%)
1371,3,1.0,1.0,0.0,Biomedical and Clinical Sciences,Epidemiology,Central South University,China,0.004332943368430175,98.71311581957598,Epidemiology (100%),Central South University (67%); University of South China (33%)
1372,3,1.0,1.0,50.0,Health Sciences,Epidemiology,Hangzhou Normal University,China,0.004332943368430175,98.7174487629444,Epidemiology (100%),Hangzhou Normal University (67%); Zhejiang Provincial People's Hospital (33%)
1373,3,1.0,1.0,100.0,"Agricultural, Veterinary and Food Sciences",Animal Production,Tsinghua University,China,0.004332943368430175,98.72178170631283,Animal Production (100%),Tsinghua University (100%)
1374,3,0.0,1.0,100.0,Biomedical and Clinical Sciences,Clinical Sciences,Second Affiliated Hospital of Soochow University,China,0.004332943368430175,98.72611464968125,Clinical Sciences (100%),Second Affiliated Hospital of Soochow University (67%); Shanghai Medical College of Fudan University (33%)
1375,3,1.0,1.0,100.0,Biomedical and Clinical Sciences,Ophthalmology and Optometry,Shanghai Medical College of Fudan University,China,0.004332943368430175,98.73044759304967,Ophthalmology and Optometry (100%),Shanghai Medical College of Fudan University (100%)
1376,3,1.0,1.0,100.0,Biomedical and Clinical Sciences,Oncology and Carcinogenesis,First Affiliated Hospital of Xi'an Jiaotong University,China,0.004332943368430175,98.7347805364181,Oncology and Carcinogenesis (100%),First Affiliated Hospital of Xi'an Jiaotong University (67%); Shaanxi Provincial People's Hospital (33%)
1377,3,0.0,1.0,0.0,Biological Sciences,,Qilu Normal University,China,0.004332943368430175,98.73911347978652,,Qilu Normal University (67%); Shandong Provincial Hospital (33%)
1378,3,1.0,1.0,100.0,Biomedical and Clinical Sciences,Clinical Sciences,Mianyang Central Hospital,China,0.004332943368430175,98.74344642315495,Clinical Sciences (100%),Mianyang Central Hospital (100%)
1379,3,0.0,1.0,0.0,Biomedical and Clinical Sciences,Cardiovascular Medicine and Haematology,Medical University of Vienna,Austria,0.004332943368430175,98.74777936652337,Cardiovascular Medicine and Haematology (100%),Medical University of Vienna (100%)
1380,3,1.0,1.0,0.0,Biomedical and Clinical Sciences,Clinical Sciences,University of Edinburgh,United Kingdom,0.004332943368430175,98.7521123098918,Clinical Sciences (100%),University of Edinburgh (100%)
1381,3,1.0,1.0,100.0,Health Sciences,Epidemiology,First Hospital of Shanxi Medical University,China,0.004332943368430175,98.75644525326022,Epidemiology (100%),First Hospital of Shanxi Medical University (100%)
1382,3,0.0,1.0,0.0,Biological Sciences,Epidemiology,Chinese Academy of Medical Sciences,China,0.004332943368430175,98.76077819662865,Epidemiology (100%),Chinese Academy of Medical Sciences (100%)
1383,3,0.0,2.0,0.0,Health Sciences,Epidemiology,University of Iowa,United States,0.004332943368430175,98.76511113999707,Epidemiology (100%),University of Iowa (100%)
1384,3,0.0,1.0,66.66666666666667,Health Sciences,Health Services and Systems,University of Victoria,Canada,0.004332943368430175,98.7694440833655,Health Services and Systems (100%),University of Victoria (100%)
1385,3,0.0,1.0,100.0,Biomedical and Clinical Sciences,Oncology and Carcinogenesis,"Department of Oncology, The General Hospital of Western Theater Command, Chengdu, China, ;",China,0.004332943368430175,98.77377702673392,Oncology and Carcinogenesis (100%),"Department of Oncology, The General Hospital of Western Theater Command, Chengdu, China, ; (67%); Department of Laboratory Medicine, The General Hospital of Western Theater Command, Chengdu, China (33%)"
1386,3,1.0,1.0,0.0,Biomedical and Clinical Sciences,Dentistry,Beijing University of Chinese Medicine,China,0.004332943368430175,98.77810997010235,Dentistry (100%),Beijing University of Chinese Medicine (67%); Xiyuan Hospital (33%)
1387,3,2.0,2.0,0.0,Health Sciences,Statistics,National Institute of Mental Health,United States,0.004332943368430175,98.78244291347077,Statistics (100%),National Institute of Mental Health (67%); McGill University (33%)
1388,3,0.0,1.0,100.0,Health Sciences,Epidemiology,First Hospital of Jiaxing,China,0.004332943368430175,98.7867758568392,Epidemiology (100%),First Hospital of Jiaxing (100%)
1389,3,0.0,1.0,100.0,Biomedical and Clinical Sciences,Cardiovascular Medicine and Haematology,Chengdu University of Traditional Chinese Medicine,China,0.004332943368430175,98.79110880020762,Cardiovascular Medicine and Haematology (100%),Chengdu University of Traditional Chinese Medicine (67%); Chengdu University (33%)
1390,3,1.6666666666666667,3.0,33.333333333333336,Information and Computing Sciences,Health Services and Systems,Imperial College London,United Kingdom,0.004332943368430175,98.79544174357605,Health Services and Systems (100%),Imperial College London (100%)
1391,3,0.0,1.0,66.66666666666667,Health Sciences,Epidemiology,"Nanning Hospital of Traditional Chinese Medicine, ;",China,0.004332943368430175,98.79977468694447,Epidemiology (100%),"Nanning Hospital of Traditional Chinese Medicine, ; (67%); Guangxi University of Chinese Medicine (33%)"
1392,3,1.0,2.0,0.0,Health Sciences,Public Health,University of Warwick,United Kingdom,0.004332943368430175,98.8041076303129,Public Health (100%),University of Warwick (100%)
1393,3,0.0,1.0,100.0,Health Sciences,Epidemiology,Shandong University,China,0.004332943368430175,98.80844057368132,Epidemiology (100%),"Shandong University (67%); Grade 2022, Class 18, International Department, Qingdao No.9 High School, Qingdao, China (33%)"
1394,3,1.0,1.0,0.0,Information and Computing Sciences,Data Management and Data Science,MIT Lincoln Laboratory,United States,0.004332943368430175,98.81277351704975,Data Management and Data Science (100%),"MIT Lincoln Laboratory (67%); University of California, San Francisco (33%)"
1395,3,0.0,1.0,33.333333333333336,Information and Computing Sciences,Machine Learning,RMIT University,Australia,0.004332943368430175,98.81710646041817,Machine Learning (100%),RMIT University (50%); University College London (50%)
1396,3,0.6666666666666666,1.0,50.0,Mathematical Sciences,Statistics,University of Hong Kong,China,0.004332943368430175,98.8214394037866,Statistics (67%); Econometrics (33%),University of Hong Kong (67%); Hong Kong Polytechnic University (33%)
1397,3,0.0,1.0,0.0,Biological Sciences,Genetics,Second Hospital of Anhui Medical University,China,0.004332943368430175,98.82577234715502,Genetics (100%),Second Hospital of Anhui Medical University (67%); Second Affiliated Hospital of Nanchang University (33%)
1398,3,1.0,1.0,66.66666666666667,Biomedical and Clinical Sciences,Dentistry,Victor Babeș University of Medicine and Pharmacy Timișoara,Romania,0.004332943368430175,98.83010529052345,Dentistry (100%),Victor Babeș University of Medicine and Pharmacy Timișoara (67%); University of Oradea (33%)
1399,3,1.0,1.0,0.0,Biomedical and Clinical Sciences,Clinical Sciences,Zhengzhou Central Hospital,China,0.004332943368430175,98.83443823389187,Clinical Sciences (100%),Zhengzhou Central Hospital (67%); Henan University (33%)
1400,3,0.0,1.0,100.0,Biomedical and Clinical Sciences,Clinical Sciences,Tongji University,China,0.004332943368430175,98.8387711772603,Clinical Sciences (100%),Tongji University (100%)
1401,3,0.0,1.0,0.0,Biological Sciences,Genetics,Yuhuangding Hospital,China,0.004332943368430175,98.84310412062872,Genetics (100%),Yuhuangding Hospital (67%); Hainan Medical University (33%)
1402,3,0.6666666666666666,1.0,33.333333333333336,Biological Sciences,Genetics,Taisho Pharmaceutical Co Ltd,Japan,0.004332943368430175,98.84743706399715,Genetics (100%),Taisho Pharmaceutical Co Ltd (100%)
1403,3,1.3333333333333333,3.0,100.0,Biomedical and Clinical Sciences,Genetics,The Ohio State University,United States,0.004332943368430175,98.85177000736557,Genetics (67%); Clinical Sciences (33%),"The Ohio State University (67%); University of Nevada, Las Vegas (33%)"
1404,3,1.0,1.0,33.333333333333336,Biomedical and Clinical Sciences,Oncology and Carcinogenesis,Sichuan University,China,0.004332943368430175,98.856102950734,Oncology and Carcinogenesis (100%),Sichuan University (100%)
1405,3,0.0,1.0,100.0,Biomedical and Clinical Sciences,Clinical Sciences,Xinjiang Medical University,China,0.004332943368430175,98.86043589410242,Clinical Sciences (100%),Xinjiang Medical University (100%)
1406,3,1.0,1.0,0.0,Biomedical and Clinical Sciences,Clinical Sciences,Chaohu Hospital of Anhui Medical University,China,0.004332943368430175,98.86476883747085,Clinical Sciences (100%),Chaohu Hospital of Anhui Medical University (100%)
1407,3,1.0,1.0,0.0,Biomedical and Clinical Sciences,Medical Physiology,Cardiff University,United Kingdom,0.004332943368430175,98.86910178083927,Medical Physiology (100%),Cardiff University (67%); University of Chieti-Pescara (33%)
1408,3,0.0,1.0,50.0,Biomedical and Clinical Sciences,Clinical Sciences,Ningxia Medical University General Hospital,China,0.004332943368430175,98.8734347242077,Clinical Sciences (100%),Ningxia Medical University General Hospital (100%)
1409,3,1.0,1.0,100.0,Biomedical and Clinical Sciences,Pharmacology and Pharmaceutical Sciences,Nanchong Central Hospital,China,0.004332943368430175,98.87776766757612,Pharmacology and Pharmaceutical Sciences (100%),Nanchong Central Hospital (67%); Affiliated Hospital of North Sichuan Medical College (33%)
1410,3,1.0,1.0,100.0,Biomedical and Clinical Sciences,Ophthalmology and Optometry,Tongji Medical College of Huazhong University of Science and Technology,China,0.004332943368430175,98.88210061094455,Ophthalmology and Optometry (100%),Tongji Medical College of Huazhong University of Science and Technology (67%); Wuhan Puai Hospital (33%)
1411,3,1.0,1.0,0.0,Biomedical and Clinical Sciences,Oncology and Carcinogenesis,The First Affiliated Hospital of Jinzhou Medical University,China,0.004332943368430175,98.88643355431297,Oncology and Carcinogenesis (100%),The First Affiliated Hospital of Jinzhou Medical University (100%)
1412,3,1.0,1.0,0.0,Biomedical and Clinical Sciences,Clinical Sciences,Quanzhou Medical College,China,0.004332943368430175,98.8907664976814,Clinical Sciences (100%),Quanzhou Medical College (67%); Fujian University of Traditional Chinese Medicine (33%)
1413,3,0.0,2.0,66.66666666666667,Health Sciences,Epidemiology,Renmin University of China,China,0.004332943368430175,98.89509944104982,Epidemiology (100%),Renmin University of China (100%)
1414,3,0.0,1.0,0.0,Biomedical and Clinical Sciences,Oncology and Carcinogenesis,North China University of Science and Technology Affiliated Hospital,China,0.004332943368430175,98.89943238441825,Oncology and Carcinogenesis (100%),North China University of Science and Technology Affiliated Hospital (100%)
1415,3,1.0,1.0,0.0,Biomedical and Clinical Sciences,Medical Biochemistry and Metabolomics,Zhongnan Hospital of Wuhan University,China,0.004332943368430175,98.90376532778667,Medical Biochemistry and Metabolomics (100%),Zhongnan Hospital of Wuhan University (67%); Wuhan University (33%)
1416,3,1.0,1.0,50.0,Biomedical and Clinical Sciences,Cardiovascular Medicine and Haematology,Second Affiliated Hospital of Nanchang University,China,0.004332943368430175,98.9080982711551,Cardiovascular Medicine and Haematology (100%),Second Affiliated Hospital of Nanchang University (67%); First Affiliated Hospital of Wenzhou Medical University (33%)
1417,3,1.0,1.0,100.0,Biomedical and Clinical Sciences,Clinical Sciences,Shanxi Academy of Medical Sciences,China,0.004332943368430175,98.91243121452352,Clinical Sciences (100%),Shanxi Academy of Medical Sciences (67%); First Affiliated Hospital of Army Medical University (33%)
1418,3,1.0,1.0,50.0,Biomedical and Clinical Sciences,Clinical Sciences,Staffordshire University,United Kingdom,0.004332943368430175,98.91676415789195,Clinical Sciences (100%),Staffordshire University (33%); University of Manchester (33%); University of Salford (33%)
1419,3,1.0,1.0,100.0,Biomedical and Clinical Sciences,Clinical Sciences,Hospital of Chengdu University of Traditional Chinese,China,0.004332943368430175,98.92109710126037,Clinical Sciences (100%),Hospital of Chengdu University of Traditional Chinese (67%); Sichuan University (33%)
1420,3,1.0,1.0,0.0,Biomedical and Clinical Sciences,Nutrition and Dietetics,Tianjin Medical University,China,0.004332943368430175,98.9254300446288,Nutrition and Dietetics (100%),Tianjin Medical University (100%)
1421,3,1.0,1.0,0.0,Information and Computing Sciences,Artificial Intelligence,University of Surrey,United Kingdom,0.004332943368430175,98.92976298799722,Artificial Intelligence (100%),University of Surrey (67%); Newcastle University (33%)
1422,3,0.0,1.0,0.0,Biological Sciences,Epidemiology,Shandong University of Traditional Chinese Medicine,China,0.004332943368430175,98.93409593136565,Epidemiology (100%),Shandong University of Traditional Chinese Medicine (100%)
1423,3,1.0,1.0,0.0,Health Sciences,Epidemiology,Chinese Academy of Medical Sciences,China,0.004332943368430175,98.93842887473407,Epidemiology (100%),Chinese Academy of Medical Sciences (33%); Peking Union Medical College Hospital (33%); Peking University (33%)
1424,3,1.0,1.0,50.0,Biomedical and Clinical Sciences,Oncology and Carcinogenesis,Peking University Cancer Hospital,China,0.004332943368430175,98.9427618181025,Oncology and Carcinogenesis (100%),Peking University Cancer Hospital (100%)
1425,3,1.6666666666666667,2.0,50.0,Biomedical and Clinical Sciences,Clinical Sciences,Zhejiang University,China,0.004332943368430175,98.94709476147092,Clinical Sciences (100%),Zhejiang University (100%)
1426,3,0.0,1.0,100.0,Psychology,Biological Psychology,University of Victoria,Canada,0.004332943368430175,98.95142770483935,Biological Psychology (100%),University of Victoria (100%)
1427,3,1.0,1.0,33.333333333333336,Biomedical and Clinical Sciences,Clinical Sciences,The University of Texas at Austin,United States,0.004332943368430175,98.95576064820777,Clinical Sciences (100%),The University of Texas at Austin (100%)
1428,3,2.0,2.0,100.0,Biomedical and Clinical Sciences,Clinical Sciences,First Affiliated Hospital of Chongqing Medical University,China,0.004332943368430175,98.9600935915762,Clinical Sciences (100%),First Affiliated Hospital of Chongqing Medical University (100%)
1429,3,1.0,1.0,0.0,Biomedical and Clinical Sciences,Immunology,"Dmitry Rogachev National Research Center of Pediatric Hematology, Oncology and Immunology",Russia,0.004332943368430175,98.96442653494462,Immunology (100%),"Dmitry Rogachev National Research Center of Pediatric Hematology, Oncology and Immunology (67%); Federal Scientific and Clinical Center of Reanimatology and Rehabilitation (33%)"
1430,3,1.0,2.0,0.0,Biological Sciences,Genetics,Pacific Northwest Diabetes Research Institute,United States,0.004332943368430175,98.96875947831305,Genetics (100%),Pacific Northwest Diabetes Research Institute (100%)
1431,3,0.0,1.0,66.66666666666667,Biomedical and Clinical Sciences,Clinical Sciences,Zunyi Medical University,China,0.004332943368430175,98.97309242168147,Clinical Sciences (100%),Zunyi Medical University (100%)
1432,3,1.6666666666666667,2.0,100.0,Biological Sciences,Epidemiology,West China Hospital of Sichuan University,China,0.004332943368430175,98.9774253650499,Epidemiology (100%),West China Hospital of Sichuan University (67%); University of Electronic Science and Technology of China (33%)
1433,3,1.0,2.0,0.0,Health Sciences,Business Systems In Context,Swansea University,United Kingdom,0.004332943368430175,98.98175830841832,Business Systems In Context (100%),Swansea University (100%)
1434,3,1.0,1.0,0.0,Health Sciences,Epidemiology,Beijing University of Chinese Medicine,China,0.004332943368430175,98.98609125178675,Epidemiology (100%),Beijing University of Chinese Medicine (67%); China-Japan Friendship Hospital (33%)
1435,3,0.0,1.0,0.0,Biomedical and Clinical Sciences,Epidemiology,Shenzhen Bao'an District People's Hospital,China,0.004332943368430175,98.99042419515517,Epidemiology (100%),Shenzhen Bao'an District People's Hospital (100%)
1436,3,1.0,1.0,0.0,Health Sciences,Epidemiology,Huadong Hospital,China,0.004332943368430175,98.9947571385236,Epidemiology (100%),Huadong Hospital (67%); XinHua Hospital (33%)
1437,3,0.0,1.0,100.0,Biological Sciences,Genetics,Centers for Disease Control and Prevention,United States,0.004332943368430175,98.99909008189202,Genetics (100%),Centers for Disease Control and Prevention (100%)
1438,3,1.0,1.0,0.0,Biomedical and Clinical Sciences,Clinical Sciences,Xiangya Hospital Central South University,China,0.004332943368430175,99.00342302526045,Clinical Sciences (100%),Xiangya Hospital Central South University (100%)
1439,3,1.0,1.0,100.0,Biological Sciences,Biochemistry and Cell Biology,Sheng Jing Hospital,China,0.004332943368430175,99.00775596862887,Biochemistry and Cell Biology (100%),Sheng Jing Hospital (100%)
1440,3,1.0,1.0,0.0,Biomedical and Clinical Sciences,Clinical Sciences,University of Bath,United Kingdom,0.004332943368430175,99.0120889119973,Clinical Sciences (100%),University of Bath (100%)
1441,3,1.3333333333333333,1.0,0.0,Biological Sciences,Machine Learning,University of Oklahoma,United States,0.004332943368430175,99.01642185536572,Machine Learning (100%),University of Oklahoma (100%)
1442,3,1.0,1.0,0.0,Biomedical and Clinical Sciences,Biological Psychology,Dali University,China,0.004332943368430175,99.02075479873415,Biological Psychology (100%),Dali University (100%)
1443,3,1.0,1.0,0.0,Biomedical and Clinical Sciences,Dentistry,"Department of Stomatology, Qingtongxia Hospital of Traditional Chinese Medicine, 751600, Ningxia, China",China,0.004332943368430175,99.02508774210257,Dentistry (100%),"Department of Stomatology, Qingtongxia Hospital of Traditional Chinese Medicine, 751600, Ningxia, China (33%); Ningxia Medical University (33%); Ningxia Medical University General Hospital (33%)"
1444,3,1.0,1.0,0.0,Biomedical and Clinical Sciences,Cardiovascular Medicine and Haematology,Peking University,China,0.004332943368430175,99.029420685471,Cardiovascular Medicine and Haematology (100%),Peking University (67%); Beijing Hospital (33%)
1445,3,1.0,1.0,50.0,Information and Computing Sciences,Data Management and Data Science,Ajou University,South Korea,0.004332943368430175,99.03375362883942,Data Management and Data Science (100%),Ajou University (67%); LG Electronics Inc (33%)
1446,3,1.0,1.0,100.0,Health Sciences,Epidemiology,Affiliated Hospital of Qingdao University,China,0.004332943368430175,99.03808657220785,Epidemiology (100%),Affiliated Hospital of Qingdao University (67%); Qingdao Eighth People's Hospital (33%)
1447,3,1.0,1.0,0.0,Biomedical and Clinical Sciences,Epidemiology,The Second Affiliated Hospital of Nanjing Medical University,China,0.004332943368430175,99.04241951557627,Epidemiology (100%),The Second Affiliated Hospital of Nanjing Medical University (100%)
1448,3,1.0,1.0,0.0,Biomedical and Clinical Sciences,Clinical Sciences,Xinjiang Medical University,China,0.004332943368430175,99.0467524589447,Clinical Sciences (100%),Xinjiang Medical University (67%); Air Force Medical University (33%)
1449,3,1.0,1.0,100.0,Health Sciences,Epidemiology,Second Affiliated Hospital of Shandong First Medical University,China,0.004332943368430175,99.05108540231312,Epidemiology (100%),Second Affiliated Hospital of Shandong First Medical University (100%)
1450,3,0.0,1.0,33.333333333333336,Health Sciences,Epidemiology,Google LLC,United States,0.004332943368430175,99.05541834568155,Epidemiology (100%),Google LLC (100%)
1451,3,0.0,2.0,66.66666666666667,Biomedical and Clinical Sciences,Paediatrics,Higher University of San Andrés,Bolivia,0.004332943368430175,99.05975128904997,Paediatrics (100%),Higher University of San Andrés (67%); Children's Hospital of Eastern Ontario (33%)
1452,3,1.0,2.0,100.0,Biomedical and Clinical Sciences,Clinical Sciences,Southern Medical University,China,0.004332943368430175,99.0640842324184,Clinical Sciences (100%),Southern Medical University (100%)
1453,3,0.0,1.0,100.0,Biomedical and Clinical Sciences,Paediatrics,Children's Hospital of Fudan University,China,0.004332943368430175,99.06841717578682,Paediatrics (100%),Children's Hospital of Fudan University (100%)
1454,3,1.0,1.0,50.0,Health Sciences,Epidemiology,Guangzhou Medical University,China,0.004332943368430175,99.07275011915524,Epidemiology (100%),"Guangzhou Medical University (33%); Integrated Chinese and Western Treatment of Oncology Department, Central Hospital of Guangdong Provincial Nongken, Zhanjiang, Guangdong, China (33%); Medical Oncology Department V, Central Hospital of Guangdong Provincial Nongken, Zhanjiang, Guangdong, China (33%)"
1455,3,2.0,2.0,0.0,Biomedical and Clinical Sciences,Epidemiology,Affiliated Hospital of Southwest Medical University,China,0.004332943368430175,99.07708306252367,Epidemiology (100%),Affiliated Hospital of Southwest Medical University (100%)
1456,3,1.0,4.0,0.0,Biological Sciences,Genetics,Sun Yat-sen University,China,0.004332943368430175,99.0814160058921,Genetics (100%),Sun Yat-sen University (67%); State Key Laboratory of Biocontrol (33%)
1457,3,1.0,1.0,100.0,Biomedical and Clinical Sciences,Cardiovascular Medicine and Haematology,Zhejiang Chinese Medical University,China,0.004332943368430175,99.08574894926052,Cardiovascular Medicine and Haematology (100%),Zhejiang Chinese Medical University (67%); First Affiliated Hospital of Zhejiang Chinese Medicine University (33%)
1458,3,0.0,1.0,0.0,Health Sciences,Epidemiology,Shihezi University,China,0.004332943368430175,99.09008189262894,Epidemiology (100%),Shihezi University (100%)
1459,3,1.0,1.0,0.0,Health Sciences,Epidemiology,Fujian Medical University,China,0.004332943368430175,99.09441483599737,Epidemiology (100%),Fujian Medical University (33%); Fuzhou University (33%); Union Hospital (33%)
1460,3,0.0,1.0,100.0,Psychology,Biological Psychology,Zhongnan Hospital of Wuhan University,China,0.004332943368430175,99.0987477793658,Biological Psychology (100%),Zhongnan Hospital of Wuhan University (67%); Ningxia University (33%)
1461,3,1.0,1.0,100.0,Biomedical and Clinical Sciences,Clinical Sciences,University of Potsdam,Germany,0.004332943368430175,99.10308072273422,Clinical Sciences (100%),University of Potsdam (67%); Rochester Institute of Technology (33%)
1462,3,1.0,1.0,100.0,Biomedical and Clinical Sciences,Clinical Sciences,Beijing Friendship Hospital,China,0.004332943368430175,99.10741366610264,Clinical Sciences (100%),Beijing Friendship Hospital (100%)
1463,3,1.0,1.0,0.0,Biomedical and Clinical Sciences,Cardiovascular Medicine and Haematology,China Academy of Chinese Medical Sciences,China,0.004332943368430175,99.11174660947107,Cardiovascular Medicine and Haematology (100%),China Academy of Chinese Medical Sciences (100%)
1464,3,1.0,1.0,0.0,Biomedical and Clinical Sciences,Biological Psychology,Anqing Municipal Hospital,China,0.004332943368430175,99.1160795528395,Biological Psychology (100%),Anqing Municipal Hospital (100%)
1465,3,1.0,1.0,50.0,Biomedical and Clinical Sciences,Epidemiology,East China Normal University,China,0.004332943368430175,99.12041249620792,Epidemiology (100%),East China Normal University (33%); Mayo Clinic in Rochester (33%); Shanghai Jiao Tong University (33%)
1466,2,1.0,1.0,100.0,Biomedical and Clinical Sciences,Ophthalmology and Optometry,Harcourt Butler Technical University,India,0.002888628912286783,99.12330112512021,Ophthalmology and Optometry (100%),Harcourt Butler Technical University (100%)
1467,2,0.0,1.0,0.0,Biological Sciences,Genetics,Shanghai Jiao Tong University,China,0.002888628912286783,99.1261897540325,Genetics (100%),Shanghai Jiao Tong University (100%)
1468,2,1.0,1.0,0.0,Biomedical and Clinical Sciences,Clinical Sciences,First Affiliated Hospital of Kunming Medical University,China,0.002888628912286783,99.12907838294478,Clinical Sciences (100%),First Affiliated Hospital of Kunming Medical University (100%)
1469,2,1.0,1.0,0.0,Biomedical and Clinical Sciences,Clinical Sciences,Beijing University of Chinese Medicine,China,0.002888628912286783,99.13196701185707,Clinical Sciences (100%),Beijing University of Chinese Medicine (50%); China Academy of Chinese Medical Sciences (50%)
1470,2,1.0,1.0,0.0,Biomedical and Clinical Sciences,Ophthalmology and Optometry,Southeast University,China,0.002888628912286783,99.13485564076936,Ophthalmology and Optometry (100%),Southeast University (100%)
1471,2,1.0,1.0,0.0,Biomedical and Clinical Sciences,Reproductive Medicine,Indian Institute of Technology Kanpur,India,0.002888628912286783,99.13774426968165,Reproductive Medicine (100%),Indian Institute of Technology Kanpur (100%)
1472,2,1.0,2.0,100.0,Biomedical and Clinical Sciences,Epidemiology,Southeast University,China,0.002888628912286783,99.14063289859394,Epidemiology (100%),Southeast University (50%); Zhongda Hospital Southeast University (50%)
1473,2,1.0,1.0,100.0,Biomedical and Clinical Sciences,Biological Psychology,Seoul National University,South Korea,0.002888628912286783,99.14352152750622,Biological Psychology (100%),Seoul National University (100%)
1474,2,1.0,1.0,0.0,Psychology,Applied and Developmental Psychology,Army Medical University,China,0.002888628912286783,99.14641015641851,Applied and Developmental Psychology (100%),Army Medical University (50%); Shanghai Mental Health Center (50%)
1475,2,1.0,1.0,0.0,Biomedical and Clinical Sciences,Clinical Sciences,First Affiliated Hospital of Xinxiang Medical University,China,0.002888628912286783,99.1492987853308,Clinical Sciences (100%),First Affiliated Hospital of Xinxiang Medical University (50%); Xianning Central Hospital (50%)
1476,2,1.0,1.0,0.0,Biomedical and Clinical Sciences,Clinical Sciences,Icahn School of Medicine at Mount Sinai,United States,0.002888628912286783,99.15218741424309,Clinical Sciences (100%),Icahn School of Medicine at Mount Sinai (100%)
1477,2,1.0,1.0,0.0,Biomedical and Clinical Sciences,Oncology and Carcinogenesis,First Affiliated Hospital of Wenzhou Medical University,China,0.002888628912286783,99.15507604315538,Oncology and Carcinogenesis (100%),First Affiliated Hospital of Wenzhou Medical University (50%); Quzhou City People's Hospital (50%)
1478,2,1.0,1.0,0.0,Information and Computing Sciences,Machine Learning,"Belda College, Belda, West Bengal, India",India,0.002888628912286783,99.15796467206766,Machine Learning (100%),"Belda College, Belda, West Bengal, India (50%); University of Engineering & Management (50%)"
1479,2,1.0,1.0,0.0,Biomedical and Clinical Sciences,Clinical Sciences,National Taipei University of Nursing and Health Science,Taiwan,0.002888628912286783,99.16085330097995,Clinical Sciences (100%),National Taipei University of Nursing and Health Science (50%); Tri-Service General Hospital (50%)
1480,2,0.0,1.0,0.0,Health Sciences,Health Services and Systems,ETH Zurich,Switzerland,0.002888628912286783,99.16374192989224,Health Services and Systems (100%),ETH Zurich (100%)
1481,2,1.0,2.0,50.0,Biomedical and Clinical Sciences,Clinical Sciences,University of Alberta,Canada,0.002888628912286783,99.16663055880453,Clinical Sciences (100%),University of Alberta (50%); University of Calgary (50%)
1482,2,1.0,2.0,100.0,Biomedical and Clinical Sciences,Public Health,"Engineering and Data Science Team, Sanome Limited, 15 Bishopsgate, EC2N 3AR, London, UK",United Kingdom,0.002888628912286783,99.16951918771682,Public Health (100%),"Engineering and Data Science Team, Sanome Limited, 15 Bishopsgate, EC2N 3AR, London, UK (100%)"
1483,2,1.0,1.0,0.0,Biomedical and Clinical Sciences,Epidemiology,Nanjing Medical University,China,0.002888628912286783,99.1724078166291,Epidemiology (100%),Nanjing Medical University (50%); Shanghai East Hospital (50%)
1484,2,0.0,1.0,100.0,Health Sciences,Epidemiology,Lanzhou University,China,0.002888628912286783,99.17529644554139,Epidemiology (100%),Lanzhou University (50%); Lanzhou University Second Hospital (50%)
1485,2,0.0,1.0,100.0,Biomedical and Clinical Sciences,Clinical Sciences,Zhejiang University,China,0.002888628912286783,99.17818507445368,Clinical Sciences (100%),Zhejiang University (100%)
1486,2,0.0,1.0,0.0,Biological Sciences,Epidemiology,Indian Statistical Institute,India,0.002888628912286783,99.18107370336597,Epidemiology (100%),Indian Statistical Institute (100%)
1487,2,1.0,1.0,100.0,Biomedical and Clinical Sciences,Public Health,Fudan University,China,0.002888628912286783,99.18396233227826,Public Health (100%),Fudan University (50%); University of Alabama (50%)
1488,2,1.0,1.5,0.0,Mathematical Sciences,Genetics,Harvard University,United States,0.002888628912286783,99.18685096119054,Genetics (50%); Statistics (50%),Harvard University (50%); Stanford University (50%)
1489,2,1.0,1.0,100.0,Biomedical and Clinical Sciences,Medical Biochemistry and Metabolomics,Changzhi Medical College,China,0.002888628912286783,99.18973959010283,Medical Biochemistry and Metabolomics (100%),Changzhi Medical College (100%)
1490,2,0.0,1.0,0.0,Health Sciences,Epidemiology,南京医科大学第一附属医院骨科，南京 210029,,0.002888628912286783,99.19262821901512,Epidemiology (100%),南京医科大学第一附属医院骨科，南京 210029 (100%)
1491,2,1.0,1.0,0.0,Engineering,Biomedical Engineering,"Department of Computer Science and Engineering, Shri Shankaracharya Institute of Professional Management and Technology, Raipur, (C.G.), India",India,0.002888628912286783,99.19551684792741,Biomedical Engineering (100%),"Department of Computer Science and Engineering, Shri Shankaracharya Institute of Professional Management and Technology, Raipur, (C.G.), India (100%)"
1492,2,0.0,1.0,0.0,Biological Sciences,Medical Biochemistry and Metabolomics,Sun Yat-sen Memorial Hospital,China,0.002888628912286783,99.1984054768397,Medical Biochemistry and Metabolomics (100%),Sun Yat-sen Memorial Hospital (100%)
1493,2,0.0,1.0,0.0,Health Sciences,Epidemiology,First Affiliated Hospital of Guangdong Pharmaceutical University,China,0.002888628912286783,99.20129410575198,Epidemiology (100%),First Affiliated Hospital of Guangdong Pharmaceutical University (100%)
1494,2,1.0,1.0,100.0,Biomedical and Clinical Sciences,Clinical Sciences,Second Affiliated Hospital of Harbin Medical University,China,0.002888628912286783,99.20418273466427,Clinical Sciences (100%),Second Affiliated Hospital of Harbin Medical University (100%)
1495,2,1.0,2.0,50.0,Biomedical and Clinical Sciences,Oncology and Carcinogenesis,University of Oxford,United Kingdom,0.002888628912286783,99.20707136357656,Oncology and Carcinogenesis (100%),University of Oxford (100%)
1496,2,1.0,1.0,0.0,Biomedical and Clinical Sciences,Clinical Sciences,Affiliated Hospital of Youjiang Medical University for Nationalities,China,0.002888628912286783,99.20995999248885,Clinical Sciences (100%),Affiliated Hospital of Youjiang Medical University for Nationalities (50%); LMU Klinikum (50%)
1497,2,1.0,1.0,0.0,Biomedical and Clinical Sciences,Cardiovascular Medicine and Haematology,Nanchang University,China,0.002888628912286783,99.21284862140114,Cardiovascular Medicine and Haematology (100%),Nanchang University (100%)
1498,2,1.0,1.0,0.0,Biological Sciences,Clinical Sciences,Chengdu Sport University,China,0.002888628912286783,99.21573725031342,Clinical Sciences (100%),"Chengdu Sport University (50%); Department of Trauma Orthopedics, Shenzhen Longhua District People’s Hospital, number38 Jinglong Jianshe Road, Longhua District, 518100, Shenzhen, Guangdong Province, China (50%)"
1499,2,1.0,1.0,0.0,Biomedical and Clinical Sciences,Clinical Sciences,Sechenov University,Russia,0.002888628912286783,99.21862587922571,Clinical Sciences (100%),Sechenov University (100%)
1500,2,1.0,1.0,50.0,Biological Sciences,Genetics,Creighton University,United States,0.002888628912286783,99.221514508138,Genetics (100%),Creighton University (100%)
1501,2,1.0,1.0,0.0,Biomedical and Clinical Sciences,Applied and Developmental Psychology,Seoul National University Hospital,South Korea,0.002888628912286783,99.22440313705029,Applied and Developmental Psychology (100%),Seoul National University Hospital (100%)
1502,2,1.0,1.5,0.0,Biomedical and Clinical Sciences,Clinical Sciences,Guangdong Provincial People’s Hospital,China,0.002888628912286783,99.22729176596258,Clinical Sciences (100%),Guangdong Provincial People’s Hospital (50%); Third Affiliated Hospital of Nanchang University (50%)
1503,2,0.0,1.0,0.0,Health Sciences,Epidemiology,University of South China,China,0.002888628912286783,99.23018039487486,Epidemiology (100%),University of South China (100%)
1504,2,0.0,1.0,50.0,Biomedical and Clinical Sciences,Clinical Sciences,University of Strathclyde,United Kingdom,0.002888628912286783,99.23306902378715,Clinical Sciences (100%),University of Strathclyde (100%)
1505,2,0.0,1.0,0.0,Biomedical and Clinical Sciences,Clinical Sciences,Wuxi Fourth People's Hospital,China,0.002888628912286783,99.23595765269944,Clinical Sciences (100%),Wuxi Fourth People's Hospital (50%); Wuxi No.2 People's Hospital (50%)
1506,2,1.0,1.0,100.0,Biological Sciences,Genetics,Dali University,China,0.002888628912286783,99.23884628161173,Genetics (100%),Dali University (100%)
1507,2,1.0,1.0,100.0,Biomedical and Clinical Sciences,Clinical Sciences,Gachon University,South Korea,0.002888628912286783,99.24173491052402,Clinical Sciences (100%),Gachon University (50%); Gachon University Gil Medical Center (50%)
1508,2,0.0,2.0,0.0,Biomedical and Clinical Sciences,Epidemiology,People's Hospital of Xinjiang Uygur Autonomous Region,China,0.002888628912286783,99.2446235394363,Epidemiology (100%),People's Hospital of Xinjiang Uygur Autonomous Region (100%)
1509,2,1.0,1.5,0.0,Biomedical and Clinical Sciences,Immunology,Wenzhou Medical University,China,0.002888628912286783,99.24751216834859,Immunology (100%),Wenzhou Medical University (50%); Zhoushan Hospital (50%)
1510,2,1.0,1.0,0.0,Biological Sciences,Biological Psychology,,,0.002888628912286783,99.25040079726088,Biological Psychology (100%),
1511,2,1.0,1.0,0.0,Biomedical and Clinical Sciences,Dentistry,Columbia University,United States,0.002888628912286783,99.25328942617317,Dentistry (100%),Columbia University (100%)
1512,2,1.0,1.0,0.0,Biomedical and Clinical Sciences,Clinical Sciences,"Hei Longjiang University of Traditional Chinese Medicine, Harbin, China",China,0.002888628912286783,99.25617805508546,Clinical Sciences (100%),"Hei Longjiang University of Traditional Chinese Medicine, Harbin, China (100%)"
1513,2,1.0,1.0,0.0,Biomedical and Clinical Sciences,Immunology,University of Pittsburgh,United States,0.002888628912286783,99.25906668399774,Immunology (100%),University of Pittsburgh (100%)
1514,2,1.0,1.0,0.0,Health Sciences,Epidemiology,People's Hospital of Shiyan,China,0.002888628912286783,99.26195531291003,Epidemiology (100%),People's Hospital of Shiyan (100%)
1515,2,1.0,1.0,0.0,Biomedical and Clinical Sciences,Biological Psychology,Chinese Academy of Medical Sciences & Peking Union Medical College,China,0.002888628912286783,99.26484394182232,Biological Psychology (100%),Chinese Academy of Medical Sciences & Peking Union Medical College (50%); Peking Union Medical College Hospital (50%)
1516,2,1.0,1.0,0.0,Biological Sciences,Genetics,Beihang University,China,0.002888628912286783,99.26773257073461,Genetics (100%),Beihang University (50%); Beijing Jishuitan Hospital (50%)
1517,2,1.0,1.0,0.0,Biomedical and Clinical Sciences,Medical Biotechnology,Shihezi University,China,0.002888628912286783,99.2706211996469,Medical Biotechnology (100%),Shihezi University (100%)
1518,2,1.0,1.0,50.0,Health Sciences,Epidemiology,Second Hospital of Hebei Medical University,China,0.002888628912286783,99.27350982855918,Epidemiology (100%),Second Hospital of Hebei Medical University (100%)
1519,2,0.0,1.0,100.0,Biomedical and Clinical Sciences,Cardiovascular Medicine and Haematology,Shanghai Jiao Tong University,China,0.002888628912286783,99.27639845747147,Cardiovascular Medicine and Haematology (100%),Shanghai Jiao Tong University (50%); Zhongshan Hospital (50%)
1520,2,1.0,1.0,50.0,Biomedical and Clinical Sciences,Clinical Sciences,Inserm,France,0.002888628912286783,99.27928708638376,Clinical Sciences (100%),Inserm (50%); Université Paris Cité (50%)
1521,2,0.0,3.0,0.0,Biological Sciences,Biochemistry and Cell Biology,Fujian Medical University,China,0.002888628912286783,99.28217571529605,Biochemistry and Cell Biology (50%); Genetics (50%),Fujian Medical University (100%)
1522,2,1.0,1.0,50.0,Biological Sciences,Biochemistry and Cell Biology,Stanford University,United States,0.002888628912286783,99.28506434420834,Biochemistry and Cell Biology (100%),Stanford University (100%)
1523,2,1.0,1.0,0.0,Health Sciences,Epidemiology,Hubei University of Medicine,China,0.002888628912286783,99.28795297312062,Epidemiology (100%),Hubei University of Medicine (100%)
1524,2,1.0,1.0,100.0,Biomedical and Clinical Sciences,Biological Psychology,Xuzhou Medical College,China,0.002888628912286783,99.29084160203291,Biological Psychology (100%),Xuzhou Medical College (100%)
1525,2,0.0,1.0,0.0,Biomedical and Clinical Sciences,Clinical Sciences,Affiliated Hospital of Chifeng University,China,0.002888628912286783,99.2937302309452,Clinical Sciences (100%),Affiliated Hospital of Chifeng University (100%)
1526,2,0.0,1.0,0.0,"Agricultural, Veterinary and Food Sciences",Chemical Engineering,Nanjing University of Chinese Medicine,China,0.002888628912286783,99.29661885985749,Chemical Engineering (100%),Nanjing University of Chinese Medicine (100%)
1527,2,0.0,1.0,100.0,Biomedical and Clinical Sciences,Biological Psychology,Hangzhou Women’s Hospital,China,0.002888628912286783,99.29950748876978,Biological Psychology (100%),Hangzhou Women’s Hospital (50%); Second Affiliated Hospital of Zhejiang University School of Medicine (50%)
1528,2,1.0,2.0,0.0,Health Sciences,Epidemiology,Nanjing Medical University,China,0.002888628912286783,99.30239611768206,Epidemiology (100%),Nanjing Medical University (100%)
1529,2,1.0,1.0,0.0,Information and Computing Sciences,Artificial Intelligence,Ibb University,Saudi Arabia,0.002888628912286783,99.30528474659435,Artificial Intelligence (100%),Ibb University (50%); King Faisal University (50%)
1530,2,0.0,1.0,100.0,Biomedical and Clinical Sciences,Biological Psychology,Affiliated Hospital of Southwest Medical University,China,0.002888628912286783,99.30817337550664,Biological Psychology (100%),Affiliated Hospital of Southwest Medical University (50%); Imperial College London (50%)
1531,2,1.0,1.0,0.0,Biomedical and Clinical Sciences,Clinical Sciences,First Affiliated Hospital of Soochow University,China,0.002888628912286783,99.31106200441893,Clinical Sciences (100%),First Affiliated Hospital of Soochow University (100%)
1532,2,1.0,1.0,100.0,Health Sciences,Public Health,Shanghai Public Health Clinical Center,China,0.002888628912286783,99.31395063333122,Public Health (100%),Shanghai Public Health Clinical Center (50%); Shanghai University of Sport (50%)
1533,2,1.0,1.0,0.0,Biomedical and Clinical Sciences,Clinical Sciences,Guangxi University,China,0.002888628912286783,99.3168392622435,Clinical Sciences (100%),Guangxi University (50%); Southern Medical University (50%)
1534,2,1.0,1.0,0.0,Biomedical and Clinical Sciences,Biological Psychology,Beihua University,China,0.002888628912286783,99.3197278911558,Biological Psychology (100%),Beihua University (100%)
1535,2,0.0,1.0,100.0,Health Sciences,Epidemiology,Ningxia Medical University,China,0.002888628912286783,99.32261652006808,Epidemiology (100%),Ningxia Medical University (100%)
1536,2,1.0,1.0,0.0,Biomedical and Clinical Sciences,Cardiovascular Medicine and Haematology,"Department of cardiology, First affiliated hospital of Dalian Mediacal University, Liaoning, China",China,0.002888628912286783,99.32550514898037,Cardiovascular Medicine and Haematology (100%),"Department of cardiology, First affiliated hospital of Dalian Mediacal University, Liaoning, China (100%)"
1537,2,1.0,1.5,0.0,Health Sciences,Health Services and Systems,United States National Library of Medicine,United States,0.002888628912286783,99.32839377789266,Health Services and Systems (100%),United States National Library of Medicine (100%)
1538,2,0.0,1.0,0.0,Biological Sciences,Genetics,Hunan Academy of Traditional Chinese Medicine,China,0.002888628912286783,99.33128240680495,Genetics (100%),Hunan Academy of Traditional Chinese Medicine (100%)
1539,2,1.0,2.0,0.0,Biomedical and Clinical Sciences,Oncology and Carcinogenesis,Seoul National University,South Korea,0.002888628912286783,99.33417103571723,Oncology and Carcinogenesis (100%),Seoul National University (50%); Seoul National University Bundang Hospital (50%)
1540,2,0.5,1.5,0.0,Information and Computing Sciences,Machine Learning,Yonsei University,South Korea,0.002888628912286783,99.33705966462952,Machine Learning (100%),Yonsei University (100%)
1541,2,1.0,1.0,50.0,Biological Sciences,Epidemiology,"Agency for Science, Technology and Research",Singapore,0.002888628912286783,99.33994829354181,Epidemiology (100%),"Agency for Science, Technology and Research (50%); Nanyang Technological University (50%)"
1542,2,1.0,1.0,0.0,Biomedical and Clinical Sciences,Clinical Sciences,First Affiliated Hospital of GuangXi Medical University,China,0.002888628912286783,99.3428369224541,Clinical Sciences (100%),First Affiliated Hospital of GuangXi Medical University (50%); Guilin Medical University (50%)
1543,2,0.0,1.0,50.0,Mathematical Sciences,Statistics,Humboldt-Universität zu Berlin,Germany,0.002888628912286783,99.34572555136639,Statistics (100%),Humboldt-Universität zu Berlin (100%)
1544,2,0.0,1.0,0.0,Biomedical and Clinical Sciences,Clinical Sciences,Affiliated Hospital of Shandong University of Traditional Chinese Medicine,China,0.002888628912286783,99.34861418027867,Clinical Sciences (100%),Affiliated Hospital of Shandong University of Traditional Chinese Medicine (100%)
1545,2,1.0,1.0,0.0,Biomedical and Clinical Sciences,Medical Physiology,Xinxiang Central Hospital,China,0.002888628912286783,99.35150280919096,Medical Physiology (100%),Xinxiang Central Hospital (50%); Xinxiang University (50%)
1546,2,1.0,1.0,0.0,Biological Sciences,Genetics,Chongqing Medical University,China,0.002888628912286783,99.35439143810325,Genetics (100%),Chongqing Medical University (100%)
1547,2,0.0,1.0,50.0,Biomedical and Clinical Sciences,Clinical Sciences,Changchun University of Chinese Medicine,China,0.002888628912286783,99.35728006701554,Clinical Sciences (100%),Changchun University of Chinese Medicine (100%)
1548,2,1.0,1.0,0.0,Health Sciences,Epidemiology,First Hospital of Jilin University,China,0.002888628912286783,99.36016869592783,Epidemiology (100%),First Hospital of Jilin University (100%)
1549,2,1.0,1.0,0.0,Biological Sciences,Genetics,Hunan Normal University,China,0.002888628912286783,99.36305732484011,Genetics (100%),Hunan Normal University (100%)
1550,2,1.0,1.0,0.0,Biomedical and Clinical Sciences,Clinical Sciences,Beijing Chao-Yang Hospital,China,0.002888628912286783,99.3659459537524,Clinical Sciences (100%),Beijing Chao-Yang Hospital (100%)
1551,2,0.0,1.0,0.0,Biological Sciences,Epidemiology,First Hospital of Jilin University,China,0.002888628912286783,99.36883458266469,Epidemiology (100%),First Hospital of Jilin University (100%)
1552,2,0.0,1.0,100.0,Health Sciences,Epidemiology,Affiliated Eye Hospital of Wenzhou Medical College,China,0.002888628912286783,99.37172321157698,Epidemiology (100%),Affiliated Eye Hospital of Wenzhou Medical College (100%)
1553,2,1.5,3.5,50.0,Biological Sciences,Genetics,Xidian University,China,0.002888628912286783,99.37461184048927,Genetics (100%),Xidian University (100%)
1554,2,0.0,1.0,0.0,Biomedical and Clinical Sciences,Nutrition and Dietetics,Second Affiliated Hospital of Chongqing Medical University,China,0.002888628912286783,99.37750046940155,Nutrition and Dietetics (100%),Second Affiliated Hospital of Chongqing Medical University (100%)
1555,2,0.0,1.0,0.0,Health Sciences,Epidemiology,Xiangyang Central Hospital,China,0.002888628912286783,99.38038909831384,Epidemiology (100%),Xiangyang Central Hospital (100%)
1556,2,1.0,1.0,0.0,Biomedical and Clinical Sciences,Clinical Sciences,Huashan Hospital,China,0.002888628912286783,99.38327772722613,Clinical Sciences (100%),Huashan Hospital (50%); Massachusetts General Hospital (50%)
1557,2,0.0,1.0,0.0,Health Sciences,Epidemiology,Central South University,China,0.002888628912286783,99.38616635613842,Epidemiology (100%),Central South University (100%)
1558,2,1.0,1.0,0.0,Psychology,Biological Psychology,Yancheng Teachers University,China,0.002888628912286783,99.3890549850507,Biological Psychology (100%),Yancheng Teachers University (100%)
1559,2,0.0,1.0,100.0,Health Sciences,Epidemiology,City University of Hong Kong,China,0.002888628912286783,99.391943613963,Epidemiology (100%),City University of Hong Kong (100%)
1560,2,1.0,1.0,0.0,Biomedical and Clinical Sciences,Clinical Sciences,Renmin Hospital of Wuhan University,China,0.002888628912286783,99.39483224287528,Clinical Sciences (100%),Renmin Hospital of Wuhan University (100%)
1561,2,1.0,1.0,0.0,Biomedical and Clinical Sciences,Oncology and Carcinogenesis,Chenzhou First People's Hospital,China,0.002888628912286783,99.39772087178757,Oncology and Carcinogenesis (100%),Chenzhou First People's Hospital (100%)
1562,2,0.0,1.0,0.0,Health Sciences,Epidemiology,Ningbo University Affiliated Hospital,China,0.002888628912286783,99.40060950069986,Epidemiology (100%),Ningbo University Affiliated Hospital (100%)
1563,2,0.0,1.0,0.0,Health Sciences,Epidemiology,Shanghai Jiao Tong University,China,0.002888628912286783,99.40349812961215,Epidemiology (100%),Shanghai Jiao Tong University (100%)
1564,2,1.0,1.0,0.0,Biomedical and Clinical Sciences,Nutrition and Dietetics,Youjiang Medical College for Nationalities,China,0.002888628912286783,99.40638675852443,Nutrition and Dietetics (100%),Youjiang Medical College for Nationalities (100%)
1565,2,0.0,1.0,100.0,Biomedical and Clinical Sciences,Oncology and Carcinogenesis,West China Hospital of Sichuan University,China,0.002888628912286783,99.40927538743672,Oncology and Carcinogenesis (100%),West China Hospital of Sichuan University (100%)
1566,2,0.0,1.0,100.0,Biological Sciences,Epidemiology,First Hospital of Jilin University,China,0.002888628912286783,99.41216401634901,Epidemiology (100%),First Hospital of Jilin University (100%)
1567,2,1.0,1.0,0.0,Biomedical and Clinical Sciences,Clinical Sciences,First Affiliated Hospital of GuangXi Medical University,China,0.002888628912286783,99.4150526452613,Clinical Sciences (100%),First Affiliated Hospital of GuangXi Medical University (100%)
1568,2,0.0,1.0,0.0,Biomedical and Clinical Sciences,Cardiovascular Medicine and Haematology,Affiliated Hospital of Youjiang Medical University for Nationalities,China,0.002888628912286783,99.41794127417359,Cardiovascular Medicine and Haematology (100%),Affiliated Hospital of Youjiang Medical University for Nationalities (50%); Second Peoples Hospital of Huaihua (50%)
1569,2,1.0,1.0,100.0,Biomedical and Clinical Sciences,Biological Psychology,Chengdu University of Traditional Chinese Medicine,China,0.002888628912286783,99.42082990308587,Biological Psychology (100%),Chengdu University of Traditional Chinese Medicine (50%); MGH Institute of Health Professions (50%)
1570,2,1.0,1.0,0.0,Health Sciences,Epidemiology,Shandong Provincial Hospital,China,0.002888628912286783,99.42371853199816,Epidemiology (100%),Shandong Provincial Hospital (100%)
1571,2,1.0,1.0,0.0,Health Sciences,Epidemiology,Chinese PLA General Hospital,China,0.002888628912286783,99.42660716091045,Epidemiology (100%),Chinese PLA General Hospital (100%)
1572,2,0.0,1.0,0.0,Health Sciences,Health Services and Systems,Auckland University of Technology,New Zealand,0.002888628912286783,99.42949578982274,Health Services and Systems (100%),Auckland University of Technology (50%); University of Waikato (50%)
1573,2,1.0,1.0,100.0,Biomedical and Clinical Sciences,Clinical Sciences,Guangzhou University of Chinese Medicine,China,0.002888628912286783,99.43238441873503,Clinical Sciences (100%),Guangzhou University of Chinese Medicine (100%)
1574,2,1.0,1.0,0.0,Biomedical and Clinical Sciences,Clinical Sciences,Zhejiang University,China,0.002888628912286783,99.43527304764731,Clinical Sciences (100%),Zhejiang University (100%)
1575,2,0.0,1.0,50.0,Biomedical and Clinical Sciences,Clinical Sciences,University of Exeter,United Kingdom,0.002888628912286783,99.4381616765596,Clinical Sciences (100%),University of Exeter (100%)
1576,2,1.0,1.5,0.0,Biological Sciences,Epidemiology,Fudan University,China,0.002888628912286783,99.44105030547189,Epidemiology (100%),Fudan University (100%)
1577,2,1.0,1.0,0.0,Health Sciences,Epidemiology,Nanjing Drum Tower Hospital,China,0.002888628912286783,99.44393893438418,Epidemiology (100%),Nanjing Drum Tower Hospital (50%); Nanjing University (50%)
1578,2,2.0,3.0,50.0,Health Sciences,Public Health,University of Portsmouth,United Kingdom,0.002888628912286783,99.44682756329647,Public Health (100%),University of Portsmouth (50%); University of West London (50%)
1579,2,1.0,1.0,0.0,Biomedical and Clinical Sciences,Cardiovascular Medicine and Haematology,Stockholm South General Hospital,Sweden,0.002888628912286783,99.44971619220875,Cardiovascular Medicine and Haematology (100%),Stockholm South General Hospital (100%)
1580,2,0.0,1.0,0.0,Health Sciences,Public Health,McMaster University,Canada,0.002888628912286783,99.45260482112104,Public Health (100%),McMaster University (100%)
1581,2,0.0,1.0,0.0,Biological Sciences,Epidemiology,Nigerian Institute of Medical Research,Nigeria,0.002888628912286783,99.45549345003333,Epidemiology (100%),Nigerian Institute of Medical Research (100%)
1582,2,0.0,1.0,100.0,Biological Sciences,Epidemiology,Qilu Hospital of Shandong University,China,0.002888628912286783,99.45838207894562,Epidemiology (100%),Qilu Hospital of Shandong University (100%)
1583,2,1.0,1.0,0.0,Biomedical and Clinical Sciences,Cardiovascular Medicine and Haematology,Sun Yat-sen University,China,0.002888628912286783,99.4612707078579,Cardiovascular Medicine and Haematology (100%),Sun Yat-sen University (100%)
1584,2,1.0,1.0,0.0,Biological Sciences,Epidemiology,Second Affiliated Hospital of Zhejiang University School of Medicine,China,0.002888628912286783,99.4641593367702,Epidemiology (100%),Second Affiliated Hospital of Zhejiang University School of Medicine (100%)
1585,2,0.0,1.0,0.0,Information and Computing Sciences,Artificial Intelligence,Vel Tech Rangarajan Dr. Sagunthala R&D Institute of Science and Technology,India,0.002888628912286783,99.46704796568248,Artificial Intelligence (100%),Vel Tech Rangarajan Dr. Sagunthala R&D Institute of Science and Technology (100%)
1586,2,1.0,1.0,0.0,Health Sciences,Public Health,Sungkyunkwan University,South Korea,0.002888628912286783,99.46993659459477,Public Health (100%),Sungkyunkwan University (100%)
1587,2,1.0,2.0,50.0,Biomedical and Clinical Sciences,Allied Health and Rehabilitation Science,Paracelsus Medical University,Austria,0.002888628912286783,99.47282522350706,Allied Health and Rehabilitation Science (100%),Paracelsus Medical University (50%); University of Salzburg (50%)
1588,2,1.0,1.0,0.0,Biomedical and Clinical Sciences,Nutrition and Dietetics,Second Affiliated Hospital of Jilin University,China,0.002888628912286783,99.47571385241935,Nutrition and Dietetics (100%),Second Affiliated Hospital of Jilin University (100%)
1589,2,1.0,1.0,0.0,Biological Sciences,Genetics,Nippon Medical School,Japan,0.002888628912286783,99.47860248133163,Genetics (100%),Nippon Medical School (50%); Social Insurance Saitama Chuo Hospital (50%)
1590,2,0.0,1.0,0.0,Biomedical and Clinical Sciences,Cardiovascular Medicine and Haematology,First Affiliated Hospital of Sun Yat-sen University,China,0.002888628912286783,99.48149111024392,Cardiovascular Medicine and Haematology (100%),First Affiliated Hospital of Sun Yat-sen University (100%)
1591,2,1.0,1.0,0.0,Human Society,Gender Studies,University of Melbourne,Australia,0.002888628912286783,99.48437973915621,Gender Studies (100%),University of Melbourne (50%); University of Toronto (50%)
1592,2,0.0,1.0,0.0,Biomedical and Clinical Sciences,Clinical Sciences,Central South University,China,0.002888628912286783,99.4872683680685,Clinical Sciences (100%),Central South University (100%)
1593,2,0.0,1.0,0.0,Biomedical and Clinical Sciences,Analytical Chemistry,Tianjin Medical University Cancer Institute and Hospital,China,0.002888628912286783,99.49015699698079,Analytical Chemistry (100%),Tianjin Medical University Cancer Institute and Hospital (50%); Tianjin Medical University General Hospital (50%)
1594,2,1.0,1.0,0.0,Health Sciences,Epidemiology,Shanghai Jiao Tong University,China,0.002888628912286783,99.49304562589307,Epidemiology (100%),Shanghai Jiao Tong University (100%)
1595,2,1.0,1.0,100.0,Biomedical and Clinical Sciences,Clinical Sciences,Yuhuangding Hospital,China,0.002888628912286783,99.49593425480536,Clinical Sciences (100%),Yuhuangding Hospital (100%)
1596,2,1.0,1.0,0.0,Biomedical and Clinical Sciences,Clinical Sciences,"Institute of Basic Medical Sciences, CAMS&PUMC",China,0.002888628912286783,99.49882288371765,Clinical Sciences (100%),"Institute of Basic Medical Sciences, CAMS&PUMC (50%); Xijing Hospital (50%)"
1597,2,0.0,1.0,0.0,Health Sciences,Epidemiology,新疆医科大学第一附属医院消化病二科，乌鲁木齐 830054,,0.002888628912286783,99.50171151262994,Epidemiology (100%),新疆医科大学第一附属医院消化病二科，乌鲁木齐 830054 (100%)
1598,2,1.0,1.0,100.0,Biological Sciences,Machine Learning,"University of California, San Diego",United States,0.002888628912286783,99.50460014154223,Machine Learning (100%),"University of California, San Diego (50%); University of Minnesota Twin Cities (50%)"
1599,2,0.0,1.0,50.0,Biomedical and Clinical Sciences,Cardiovascular Medicine and Haematology,The Seventh Affiliated Hospital of Sun Yat-sen University,China,0.002888628912286783,99.50748877045451,Cardiovascular Medicine and Haematology (100%),The Seventh Affiliated Hospital of Sun Yat-sen University (100%)
1600,2,0.0,1.0,100.0,Biomedical and Clinical Sciences,Clinical Sciences,University of Bonn,Austria,0.002888628912286783,99.5103773993668,Clinical Sciences (100%),University of Bonn (50%); University of Vienna (50%)
1601,2,1.0,1.0,0.0,Biological Sciences,Epidemiology,University of Florida,China,0.002888628912286783,99.51326602827909,Epidemiology (100%),University of Florida (50%); Xidian University (50%)
1602,2,1.0,1.0,0.0,Biomedical and Clinical Sciences,Clinical Sciences,First Hospital of Jilin University,China,0.002888628912286783,99.51615465719138,Clinical Sciences (100%),First Hospital of Jilin University (100%)
1603,2,0.0,1.0,100.0,Biomedical and Clinical Sciences,Clinical Sciences,University Medical Center Groningen,Netherlands,0.002888628912286783,99.51904328610367,Clinical Sciences (100%),University Medical Center Groningen (100%)
1604,2,0.0,1.0,0.0,Biomedical and Clinical Sciences,Applied and Developmental Psychology,Children's Hospital of Eastern Ontario,Canada,0.002888628912286783,99.52193191501595,Applied and Developmental Psychology (100%),Children's Hospital of Eastern Ontario (50%); Queen's University (50%)
1605,2,1.0,1.0,50.0,Biological Sciences,Epidemiology,Al-Neelain University,France,0.002888628912286783,99.52482054392824,Epidemiology (100%),Al-Neelain University (50%); Creighton University (50%)
1606,2,1.0,1.0,0.0,Biomedical and Clinical Sciences,Health Services and Systems,Royal Devon and Exeter Hospital,United Kingdom,0.002888628912286783,99.52770917284053,Health Services and Systems (100%),Royal Devon and Exeter Hospital (100%)
1607,2,1.0,1.0,0.0,Health Sciences,Epidemiology,Chosun University,China,0.002888628912286783,99.53059780175282,Epidemiology (100%),Chosun University (50%); Tongji University (50%)
1608,2,0.0,1.0,0.0,Biomedical and Clinical Sciences,Epidemiology,Henan University,China,0.002888628912286783,99.5334864306651,Epidemiology (100%),Henan University (50%); Shanghai Normal University (50%)
1609,2,1.0,1.0,0.0,Biomedical and Clinical Sciences,Medical Biochemistry and Metabolomics,Second Affiliated Hospital of Nanchang University,China,0.002888628912286783,99.5363750595774,Medical Biochemistry and Metabolomics (100%),Second Affiliated Hospital of Nanchang University (100%)
1610,2,1.0,1.0,100.0,Earth Sciences,Atmospheric Sciences,Tianjin University,China,0.002888628912286783,99.53926368848968,Atmospheric Sciences (100%),Tianjin University (100%)
1611,2,1.0,1.0,0.0,Biomedical and Clinical Sciences,Immunology,"Key Laboratory of Chinese lnternal Medicine of Ministry of Education and Beijing, Dongzhimen Hospital, Beiing University of Chinese Medicine, Beijing, China",China,0.002888628912286783,99.54215231740197,Immunology (100%),"Key Laboratory of Chinese lnternal Medicine of Ministry of Education and Beijing, Dongzhimen Hospital, Beiing University of Chinese Medicine, Beijing, China (100%)"
1612,2,4.0,5.0,0.0,Biomedical and Clinical Sciences,Nutrition and Dietetics,Nottingham Trent University,United Kingdom,0.002888628912286783,99.54504094631426,Nutrition and Dietetics (100%),Nottingham Trent University (50%); University of Roehampton (50%)
1613,2,1.0,1.0,0.0,Biomedical and Clinical Sciences,Clinical Sciences,Xinjiang Medical University,China,0.002888628912286783,99.54792957522655,Clinical Sciences (100%),Xinjiang Medical University (100%)
1614,2,0.0,3.0,100.0,Biomedical and Clinical Sciences,Clinical Sciences,University of Liège,Belgium,0.002888628912286783,99.55081820413884,Clinical Sciences (100%),University of Liège (100%)
1615,2,0.0,1.0,0.0,Health Sciences,Epidemiology,Jiaxing University,China,0.002888628912286783,99.55370683305112,Epidemiology (100%),Jiaxing University (50%); Jinan University (50%)
1616,2,1.0,1.0,100.0,Biomedical and Clinical Sciences,Reproductive Medicine,University of Toronto,Canada,0.002888628912286783,99.55659546196341,Reproductive Medicine (100%),University of Toronto (50%); Wake Forest University (50%)
1617,2,1.0,1.0,0.0,Information and Computing Sciences,Machine Learning,Vellore Institute of Technology University,India,0.002888628912286783,99.5594840908757,Machine Learning (100%),Vellore Institute of Technology University (100%)
1618,2,1.0,1.0,0.0,Biomedical and Clinical Sciences,Nutrition and Dietetics,Second Affiliated Hospital & Yuying Children's Hospital of Wenzhou Medical University,China,0.002888628912286783,99.56237271978799,Nutrition and Dietetics (100%),Second Affiliated Hospital & Yuying Children's Hospital of Wenzhou Medical University (100%)
1619,2,0.0,1.0,0.0,Biological Sciences,Epidemiology,Children's Hospital of Zhejiang University School of Medicine,China,0.002888628912286783,99.56526134870028,Epidemiology (100%),Children's Hospital of Zhejiang University School of Medicine (100%)
1620,2,0.0,1.0,0.0,Biological Sciences,Epidemiology,First Hospital of Jiaxing,China,0.002888628912286783,99.56814997761256,Epidemiology (100%),First Hospital of Jiaxing (50%); Nanjing University of Chinese Medicine (50%)
1621,2,1.0,1.0,0.0,Biological Sciences,,Zhejiang University,China,0.002888628912286783,99.57103860652485,,Zhejiang University (100%)
1622,2,1.0,1.0,0.0,Health Sciences,Epidemiology,A.T. Still University,United States,0.002888628912286783,99.57392723543714,Epidemiology (100%),A.T. Still University (50%); Vassar Brothers Medical Center (50%)
1623,2,0.0,1.0,0.0,Biomedical and Clinical Sciences,Clinical Sciences,New York University,United States,0.002888628912286783,99.57681586434943,Clinical Sciences (100%),New York University (50%); University of Chicago (50%)
1624,2,1.0,1.0,50.0,Biomedical and Clinical Sciences,Clinical Sciences,Chaohu Hospital of Anhui Medical University,China,0.002888628912286783,99.57970449326172,Clinical Sciences (100%),Chaohu Hospital of Anhui Medical University (100%)
1625,2,1.0,1.0,100.0,Biomedical and Clinical Sciences,Cardiovascular Medicine and Haematology,Affiliated Hospital of Jiangxi University of Traditional Chinese Medicine,China,0.002888628912286783,99.582593122174,Cardiovascular Medicine and Haematology (100%),Affiliated Hospital of Jiangxi University of Traditional Chinese Medicine (50%); Wuhan City Chinese Medicine Hospital (50%)
1626,2,1.0,1.0,0.0,Health Sciences,Epidemiology,Guizhou Provincial People's Hospital,China,0.002888628912286783,99.58548175108629,Epidemiology (100%),Guizhou Provincial People's Hospital (50%); Hannover Medical School (50%)
1627,2,7.0,9.0,50.0,Biomedical and Clinical Sciences,Nutrition and Dietetics,Tohoku University,Japan,0.002888628912286783,99.58837037999858,Nutrition and Dietetics (100%),Tohoku University (100%)
1628,2,1.0,1.0,0.0,Psychology,Social and Personality Psychology,Hunan University of Traditional Chinese Medicine,China,0.002888628912286783,99.59125900891087,Social and Personality Psychology (100%),Hunan University of Traditional Chinese Medicine (50%); Second Xiangya Hospital of Central South University (50%)
1629,2,1.0,1.0,50.0,Biomedical and Clinical Sciences,Biological Psychology,Sheng Jing Hospital,China,0.002888628912286783,99.59414763782316,Biological Psychology (100%),Sheng Jing Hospital (100%)
1630,2,1.0,1.0,0.0,Biomedical and Clinical Sciences,Clinical Sciences,South China University of Technology,China,0.002888628912286783,99.59703626673544,Clinical Sciences (100%),South China University of Technology (100%)
1631,2,0.0,1.0,50.0,Biomedical and Clinical Sciences,Clinical Sciences,University of Science and Technology of China,China,0.002888628912286783,99.59992489564773,Clinical Sciences (100%),University of Science and Technology of China (50%); Xiangya Hospital Central South University (50%)
1632,2,0.0,1.0,50.0,Health Sciences,Epidemiology,Southwest Jiaotong University,China,0.002888628912286783,99.60281352456002,Epidemiology (100%),Southwest Jiaotong University (100%)
1633,2,0.0,1.0,100.0,Biological Sciences,Genetics,First Affiliated Hospital of Shantou University Medical College,China,0.002888628912286783,99.60570215347231,Genetics (100%),First Affiliated Hospital of Shantou University Medical College (100%)
1634,2,1.0,1.0,100.0,Biomedical and Clinical Sciences,Clinical Sciences,Lancaster University,United Kingdom,0.002888628912286783,99.6085907823846,Clinical Sciences (100%),Lancaster University (50%); Teesside University (50%)
1635,2,1.0,1.0,0.0,Biomedical and Clinical Sciences,Clinical and Health Psychology,Chengdu University,China,0.002888628912286783,99.61147941129688,Clinical and Health Psychology (100%),Chengdu University (50%); University of Electronic Science and Technology of China (50%)
1636,2,1.0,1.0,50.0,Biological Sciences,Genetics,Capital Medical University,China,0.002888628912286783,99.61436804020917,Genetics (100%),Capital Medical University (50%); Johns Hopkins University (50%)
1637,2,1.0,1.0,0.0,Biological Sciences,Genetics,Jiangsu Province Hospital,China,0.002888628912286783,99.61725666912146,Genetics (100%),Jiangsu Province Hospital (50%); Nanjing Children's Hospital of Nanjing Medical University (50%)
1638,2,0.0,1.0,0.0,Health Sciences,Epidemiology,"Department of Andrology, Guilin People’s Hospital, 541002, Guilin, China",China,0.002888628912286783,99.62014529803375,Epidemiology (100%),"Department of Andrology, Guilin People’s Hospital, 541002, Guilin, China (50%); Department of Urology, Guilin People’s Hospital, 541002, Guilin, China (50%)"
1639,2,0.0,1.0,0.0,Biomedical and Clinical Sciences,Immunology,Affiliated Hospital of Shandong University of Traditional Chinese Medicine,China,0.002888628912286783,99.62303392694604,Immunology (100%),Affiliated Hospital of Shandong University of Traditional Chinese Medicine (50%); Shandong University of Traditional Chinese Medicine (50%)
1640,2,1.0,1.0,100.0,Biomedical and Clinical Sciences,Reproductive Medicine,"Institute of Translational Medicine, Shenzhen Guangming District People’s Hospital, 518106, Shenzhen, China",China,0.002888628912286783,99.62592255585832,Reproductive Medicine (100%),"Institute of Translational Medicine, Shenzhen Guangming District People’s Hospital, 518106, Shenzhen, China (50%); Shanghai Jiao Tong University (50%)"
1641,2,1.0,1.0,100.0,Biomedical and Clinical Sciences,Dentistry,Hainan Medical University,China,0.002888628912286783,99.62881118477061,Dentistry (100%),Hainan Medical University (100%)
1642,2,1.0,1.0,0.0,Biomedical and Clinical Sciences,Clinical Sciences,Wenzhou Medical University,China,0.002888628912286783,99.6316998136829,Clinical Sciences (100%),Wenzhou Medical University (100%)
1643,2,1.0,1.0,0.0,Biomedical and Clinical Sciences,,Musashino University,Japan,0.002888628912286783,99.63458844259519,,Musashino University (50%); Science Park Corp (50%)
1644,2,1.0,1.0,0.0,Biomedical and Clinical Sciences,Immunology,Beijing University of Chinese Medicine,China,0.002888628912286783,99.63747707150748,Immunology (100%),Beijing University of Chinese Medicine (100%)
1645,2,1.0,1.0,100.0,Biomedical and Clinical Sciences,Clinical Sciences,Sheng Jing Hospital,China,0.002888628912286783,99.64036570041976,Clinical Sciences (100%),Sheng Jing Hospital (100%)
1646,2,1.0,1.0,0.0,Biological Sciences,Genetics,Hunan Normal University,China,0.002888628912286783,99.64325432933205,Genetics (100%),Hunan Normal University (100%)
1647,2,1.0,1.0,0.0,Biomedical and Clinical Sciences,Neurosciences,Icahn School of Medicine at Mount Sinai,United States,0.002888628912286783,99.64614295824434,Neurosciences (100%),Icahn School of Medicine at Mount Sinai (100%)
1648,2,0.0,1.0,0.0,Biomedical and Clinical Sciences,Epidemiology,Guangdong Provincial People’s Hospital,China,0.002888628912286783,99.64903158715663,Epidemiology (100%),Guangdong Provincial People’s Hospital (100%)
1649,2,1.0,1.0,0.0,Biological Sciences,Bioinformatics and Computational Biology,University of Birmingham,United Kingdom,0.002888628912286783,99.65192021606892,Bioinformatics and Computational Biology (100%),University of Birmingham (50%); University of Liverpool (50%)
1650,2,1.0,1.0,50.0,Biomedical and Clinical Sciences,Clinical Sciences,First Hospital of Jilin University,China,0.002888628912286783,99.6548088449812,Clinical Sciences (100%),First Hospital of Jilin University (100%)
1651,2,1.0,2.0,0.0,Biomedical and Clinical Sciences,Oncology and Carcinogenesis,German University in Cairo,Egypt,0.002888628912286783,99.65769747389349,Oncology and Carcinogenesis (100%),German University in Cairo (50%); Misr University for Science and Technology (50%)
1652,2,1.0,1.0,0.0,Health Sciences,Epidemiology,Kiang Wu Nursing College of Macau,China,0.002888628912286783,99.66058610280578,Epidemiology (100%),Kiang Wu Nursing College of Macau (100%)
1653,2,1.0,1.0,100.0,"Agricultural, Veterinary and Food Sciences",Biomedical Engineering,Federal University of Paraíba,Brazil,0.002888628912286783,99.66347473171807,Biomedical Engineering (100%),Federal University of Paraíba (50%); University of Geneva (50%)
1654,2,0.0,1.0,0.0,Health Sciences,Epidemiology,First Hospital of Jilin University,China,0.002888628912286783,99.66636336063036,Epidemiology (100%),First Hospital of Jilin University (100%)
1655,2,0.0,1.0,0.0,Information and Computing Sciences,Machine Learning,Bharath University,India,0.002888628912286783,99.66925198954264,Machine Learning (100%),Bharath University (100%)
1656,2,1.0,1.0,0.0,Biomedical and Clinical Sciences,Biological Psychology,"Chengdu Integrated Traditional Chinese Medicine and Western Medicine Hospital, Chengdu, China",China,0.002888628912286783,99.67214061845493,Biological Psychology (100%),"Chengdu Integrated Traditional Chinese Medicine and Western Medicine Hospital, Chengdu, China (50%); Chengdu University of Traditional Chinese Medicine (50%)"
1657,2,0.0,1.0,100.0,Biological Sciences,Microbiology,Central South University,China,0.002888628912286783,99.67502924736722,Microbiology (100%),Central South University (100%)
1658,2,1.0,1.0,100.0,Biomedical and Clinical Sciences,Clinical Sciences,West China Hospital of Sichuan University,China,0.002888628912286783,99.67791787627951,Clinical Sciences (100%),West China Hospital of Sichuan University (100%)
1659,2,2.0,2.0,0.0,Biomedical and Clinical Sciences,Oncology and Carcinogenesis,Northwest University,China,0.002888628912286783,99.6808065051918,Oncology and Carcinogenesis (100%),Northwest University (100%)
1660,2,0.0,1.0,100.0,Biomedical and Clinical Sciences,Public Health,Portuguese Oncology Institute,Australia,0.002888628912286783,99.68369513410408,Public Health (100%),"Portuguese Oncology Institute (50%); Specialist Oncology Dietitian, North Perth, Washington, Australia (50%)"
1661,2,0.0,1.0,100.0,Biomedical and Clinical Sciences,Oncology and Carcinogenesis,Macao Polytechnic University,China,0.002888628912286783,99.68658376301637,Oncology and Carcinogenesis (100%),Macao Polytechnic University (50%); Xiangnan University (50%)
1662,2,0.0,1.0,0.0,Biomedical and Clinical Sciences,Clinical Sciences,"Division of Planned Immunization, Yiwu Center for Disease Prevention and Control, Yiwu, Zhejiang Province, China",China,0.002888628912286783,99.68947239192866,Clinical Sciences (100%),"Division of Planned Immunization, Yiwu Center for Disease Prevention and Control, Yiwu, Zhejiang Province, China (50%); Zhejiang University (50%)"
1663,2,1.0,1.0,0.0,Health Sciences,Epidemiology,Tongji Medical College of Huazhong University of Science and Technology,China,0.002888628912286783,99.69236102084095,Epidemiology (100%),Tongji Medical College of Huazhong University of Science and Technology (100%)
1664,2,1.0,1.0,100.0,Biomedical and Clinical Sciences,Cardiovascular Medicine and Haematology,Wuhan General Hospital of Guangzhou,China,0.002888628912286783,99.69524964975324,Cardiovascular Medicine and Haematology (100%),Wuhan General Hospital of Guangzhou (100%)
1665,2,0.0,1.0,0.0,Biomedical and Clinical Sciences,Clinical Sciences,Hainan Medical University,China,0.002888628912286783,99.69813827866552,Clinical Sciences (100%),Hainan Medical University (100%)
1666,2,1.0,1.0,0.0,Biomedical and Clinical Sciences,Oncology and Carcinogenesis,"Department of Radioactive Interventions, Henan No. 3 Provincial People’s Hospital, Henan, China",China,0.002888628912286783,99.70102690757781,Oncology and Carcinogenesis (100%),"Department of Radioactive Interventions, Henan No. 3 Provincial People’s Hospital, Henan, China (50%); First Affiliated Hospital of Henan University of Traditional Chinese Medicine (50%)"
1667,2,2.0,2.0,0.0,Biological Sciences,Immunology,Sheng Jing Hospital,China,0.002888628912286783,99.7039155364901,Immunology (100%),Sheng Jing Hospital (100%)
1668,2,1.0,1.0,0.0,Biomedical and Clinical Sciences,Cardiovascular Medicine and Haematology,First Affiliated Hospital of Harbin Medical University,China,0.002888628912286783,99.70680416540239,Cardiovascular Medicine and Haematology (100%),First Affiliated Hospital of Harbin Medical University (100%)
1669,2,0.0,1.0,0.0,Biomedical and Clinical Sciences,Nutrition and Dietetics,The Central Hospital of Enshi Tujia and Miao Autonomous Prefecture,China,0.002888628912286783,99.70969279431468,Nutrition and Dietetics (100%),The Central Hospital of Enshi Tujia and Miao Autonomous Prefecture (100%)
1670,2,1.0,1.0,0.0,Biomedical and Clinical Sciences,Neurosciences,Guangzhou Medical University,China,0.002888628912286783,99.71258142322696,Neurosciences (100%),Guangzhou Medical University (50%); Second Affiliated Hospital of Guangzhou Medical University (50%)
1671,2,1.0,1.0,0.0,Biomedical and Clinical Sciences,Clinical Sciences,First Affiliated Hospital of Dalian Medical University,China,0.002888628912286783,99.71547005213925,Clinical Sciences (100%),First Affiliated Hospital of Dalian Medical University (50%); Second Affiliated Hospital of Dalian Medical University (50%)
1672,2,0.0,1.0,0.0,Biological Sciences,Biochemistry and Cell Biology,Tianjin University of Traditional Chinese Medicine,China,0.002888628912286783,99.71835868105154,Biochemistry and Cell Biology (100%),Tianjin University of Traditional Chinese Medicine (100%)
1673,2,1.0,1.0,0.0,Information and Computing Sciences,Machine Learning,,,0.002888628912286783,99.72124730996383,Machine Learning (100%),
1674,2,1.0,1.0,50.0,Health Sciences,Epidemiology,China Medical University,China,0.002888628912286783,99.72413593887612,Epidemiology (100%),China Medical University (100%)
1675,2,1.0,1.0,0.0,Biomedical and Clinical Sciences,Clinical Sciences,Affiliated Hospital of Xuzhou Medical College,China,0.002888628912286783,99.7270245677884,Clinical Sciences (100%),Affiliated Hospital of Xuzhou Medical College (100%)
1676,2,1.0,1.0,100.0,Health Sciences,Epidemiology,Sichuan University,China,0.002888628912286783,99.72991319670069,Epidemiology (100%),Sichuan University (100%)
1677,2,0.0,1.0,0.0,Biological Sciences,Epidemiology,Princeton University,United States,0.002888628912286783,99.73280182561298,Epidemiology (100%),Princeton University (100%)
1678,2,1.0,1.0,100.0,Biomedical and Clinical Sciences,Clinical Sciences,China-Japan Friendship Hospital,China,0.002888628912286783,99.73569045452527,Clinical Sciences (100%),China-Japan Friendship Hospital (50%); Chinese Academy of Medical Sciences & Peking Union Medical College (50%)
1679,2,1.0,1.0,0.0,Biomedical and Clinical Sciences,Immunology,First Affiliated Hospital of Soochow University,China,0.002888628912286783,99.73857908343756,Immunology (100%),First Affiliated Hospital of Soochow University (50%); Xiamen University (50%)
1680,2,0.0,1.0,0.0,Biomedical and Clinical Sciences,Biological Psychology,FORTH Institute of Computer Science,Greece,0.002888628912286783,99.74146771234984,Biological Psychology (100%),"FORTH Institute of Computer Science (50%); University of California, Los Angeles (50%)"
1681,2,0.0,1.0,0.0,Biomedical and Clinical Sciences,Cardiovascular Medicine and Haematology,"Fuwai Hospital, CAMS&PUMC",China,0.002888628912286783,99.74435634126213,Cardiovascular Medicine and Haematology (100%),"Fuwai Hospital, CAMS&PUMC (100%)"
1682,2,1.0,1.0,0.0,Biomedical and Clinical Sciences,Clinical Sciences,"Department of Radiation Oncology, The First Hospital of Putian City, Putian, Fujian, China",China,0.002888628912286783,99.74724497017442,Clinical Sciences (100%),"Department of Radiation Oncology, The First Hospital of Putian City, Putian, Fujian, China (50%); Fujian Provincial Cancer Hospital (50%)"
1683,1,0.0,1.0,0.0,Biomedical and Clinical Sciences,Clinical Sciences,Zhejiang Chinese Medical University,China,0.0014443144561433914,99.74868928463056,Clinical Sciences (100%),Zhejiang Chinese Medical University (100%)
1684,1,0.0,1.0,0.0,Health Sciences,Epidemiology,Soochow University,China,0.0014443144561433914,99.7501335990867,Epidemiology (100%),Soochow University (100%)
1685,1,1.0,1.0,0.0,Biomedical and Clinical Sciences,Dentistry,Nederlandse Organisatie voor Toegepast Natuurwetenschappelijk Onderzoek TNO,Netherlands,0.0014443144561433914,99.75157791354283,Dentistry (100%),Nederlandse Organisatie voor Toegepast Natuurwetenschappelijk Onderzoek TNO (100%)
1686,1,1.0,1.0,0.0,Biomedical and Clinical Sciences,Clinical Sciences,"Department of Hand and Foot Surgery, Beilun District People's Hospital, Ningbo, Zhejiang, China",China,0.0014443144561433914,99.75302222799897,Clinical Sciences (100%),"Department of Hand and Foot Surgery, Beilun District People's Hospital, Ningbo, Zhejiang, China (100%)"
1687,1,0.0,1.0,100.0,Biomedical and Clinical Sciences,Clinical Sciences,West China Hospital of Sichuan University,China,0.0014443144561433914,99.7544665424551,Clinical Sciences (100%),West China Hospital of Sichuan University (100%)
1688,1,1.0,1.0,0.0,Biomedical and Clinical Sciences,Oncology and Carcinogenesis,"Department of Gastrointestinal Surgery, The Second People’s Hospital of Wuhu, 241000, Wuhu, Anhui, China",China,0.0014443144561433914,99.75591085691124,Oncology and Carcinogenesis (100%),"Department of Gastrointestinal Surgery, The Second People’s Hospital of Wuhu, 241000, Wuhu, Anhui, China (100%)"
1689,1,0.0,1.0,0.0,Health Sciences,Epidemiology,University of South China,China,0.0014443144561433914,99.75735517136738,Epidemiology (100%),University of South China (100%)
1690,1,1.0,1.0,0.0,Biomedical and Clinical Sciences,Epidemiology,Jazan University,Saudi Arabia,0.0014443144561433914,99.75879948582352,Epidemiology (100%),Jazan University (100%)
1691,1,0.0,1.0,100.0,Biomedical and Clinical Sciences,Clinical Sciences,Affiliated Hospital of Southwest Medical University,China,0.0014443144561433914,99.76024380027965,Clinical Sciences (100%),Affiliated Hospital of Southwest Medical University (100%)
1692,1,0.0,1.0,0.0,Biomedical and Clinical Sciences,Reproductive Medicine,Second Affiliated Hospital of Kunming Medical College,China,0.0014443144561433914,99.76168811473579,Reproductive Medicine (100%),Second Affiliated Hospital of Kunming Medical College (100%)
1693,1,1.0,1.0,0.0,Biomedical and Clinical Sciences,Nutrition and Dietetics,Zhengzhou University,China,0.0014443144561433914,99.76313242919193,Nutrition and Dietetics (100%),Zhengzhou University (100%)
1694,1,0.0,1.0,0.0,Health Sciences,Epidemiology,福建医科大学附属第二医院药学部，泉州 362000,,0.0014443144561433914,99.76457674364806,Epidemiology (100%),福建医科大学附属第二医院药学部，泉州 362000 (100%)
1695,1,0.0,1.0,100.0,Information and Computing Sciences,Computer Vision and Multimedia Computation,Harvard University,United States,0.0014443144561433914,99.7660210581042,Computer Vision and Multimedia Computation (100%),Harvard University (100%)
1696,1,1.0,1.0,100.0,Biomedical and Clinical Sciences,Clinical Sciences,Chongqing University,China,0.0014443144561433914,99.76746537256034,Clinical Sciences (100%),Chongqing University (100%)
1697,1,0.0,1.0,100.0,Biomedical and Clinical Sciences,Clinical Sciences,"The First People's Hospital of Xiaoshan District, Hangzhou",China,0.0014443144561433914,99.76890968701647,Clinical Sciences (100%),"The First People's Hospital of Xiaoshan District, Hangzhou (100%)"
1698,1,0.0,2.0,100.0,Biomedical and Clinical Sciences,Oncology and Carcinogenesis,Academic College of Tel Aviv-Yafo,Israel,0.0014443144561433914,99.77035400147261,Oncology and Carcinogenesis (100%),Academic College of Tel Aviv-Yafo (100%)
1699,1,0.0,1.0,0.0,Biomedical and Clinical Sciences,Oncology and Carcinogenesis,San Antonio Military Medical Center,United States,0.0014443144561433914,99.77179831592875,Oncology and Carcinogenesis (100%),San Antonio Military Medical Center (100%)
1700,1,1.0,1.0,100.0,Biological Sciences,Genetics,Nature Reviews Genetics,,0.0014443144561433914,99.77324263038489,Genetics (100%),Nature Reviews Genetics (100%)
1701,1,0.0,2.0,0.0,Biomedical and Clinical Sciences,Biological Psychology,Huashan Hospital,China,0.0014443144561433914,99.77468694484102,Biological Psychology (100%),Huashan Hospital (100%)
1702,1,1.0,1.0,0.0,Biomedical and Clinical Sciences,Clinical Sciences,Guangxi Medical University,China,0.0014443144561433914,99.77613125929716,Clinical Sciences (100%),Guangxi Medical University (100%)
1703,1,0.0,1.0,0.0,Health Sciences,Epidemiology,Ajou University,South Korea,0.0014443144561433914,99.7775755737533,Epidemiology (100%),Ajou University (100%)
1704,1,1.0,1.0,0.0,Biomedical and Clinical Sciences,Clinical Sciences,The Central Hospital of Enshi Tujia and Miao Autonomous Prefecture,China,0.0014443144561433914,99.77901988820943,Clinical Sciences (100%),The Central Hospital of Enshi Tujia and Miao Autonomous Prefecture (100%)
1705,1,1.0,1.0,0.0,Biomedical and Clinical Sciences,,State Key Laboratory of Biotherapy,China,0.0014443144561433914,99.78046420266557,,State Key Laboratory of Biotherapy (100%)
1706,1,2.0,2.0,0.0,Biomedical and Clinical Sciences,Cardiovascular Medicine and Haematology,Karolinska University Hospital,Sweden,0.0014443144561433914,99.7819085171217,Cardiovascular Medicine and Haematology (100%),Karolinska University Hospital (100%)
1707,1,0.0,1.0,0.0,Biomedical and Clinical Sciences,Clinical Sciences,"Department of Sports Medicine, Yueyang Central Hospital, Three-Dimensional Gait Mechanics Analysis Key Laboratory, Yueyang, Hunan, PR China.",China,0.0014443144561433914,99.78335283157784,Clinical Sciences (100%),"Department of Sports Medicine, Yueyang Central Hospital, Three-Dimensional Gait Mechanics Analysis Key Laboratory, Yueyang, Hunan, PR China. (100%)"
1708,1,1.0,1.0,0.0,Biomedical and Clinical Sciences,Clinical Sciences,Tohoku Medical and Pharmaceutical University,Japan,0.0014443144561433914,99.78479714603398,Clinical Sciences (100%),Tohoku Medical and Pharmaceutical University (100%)
1709,1,0.0,1.0,100.0,Biomedical and Clinical Sciences,Biological Psychology,The Brigham and Women's Hospital Inc,United States,0.0014443144561433914,99.78624146049012,Biological Psychology (100%),The Brigham and Women's Hospital Inc (100%)
1710,1,0.0,1.0,100.0,Health Sciences,Epidemiology,Vanderbilt University Medical Center,United States,0.0014443144561433914,99.78768577494625,Epidemiology (100%),Vanderbilt University Medical Center (100%)
1711,1,1.0,1.0,100.0,Biological Sciences,Biochemistry and Cell Biology,First Hospital of Jilin University,China,0.0014443144561433914,99.78913008940239,Biochemistry and Cell Biology (100%),First Hospital of Jilin University (100%)
1712,1,0.0,1.0,0.0,Biomedical and Clinical Sciences,Epidemiology,Nanjing Medical University,China,0.0014443144561433914,99.79057440385853,Epidemiology (100%),Nanjing Medical University (100%)
1713,1,0.0,1.0,0.0,Information and Computing Sciences,Machine Learning,,,0.0014443144561433914,99.79201871831467,Machine Learning (100%),
1714,1,1.0,1.0,0.0,Biomedical and Clinical Sciences,Biological Psychology,"Department of Neurology, Inner Mongolia Institute of Cerebrovascular Diseases, Baotou Center Hospital, Baotou, Inner Mongolia, China",China,0.0014443144561433914,99.7934630327708,Biological Psychology (100%),"Department of Neurology, Inner Mongolia Institute of Cerebrovascular Diseases, Baotou Center Hospital, Baotou, Inner Mongolia, China (100%)"
1715,1,0.0,1.0,0.0,Biomedical and Clinical Sciences,Biological Psychology,Guangzhou University,China,0.0014443144561433914,99.79490734722694,Biological Psychology (100%),Guangzhou University (100%)
1716,1,0.0,1.0,0.0,Health Sciences,Epidemiology,,,0.0014443144561433914,99.79635166168308,Epidemiology (100%),
1717,1,1.0,1.0,0.0,Biomedical and Clinical Sciences,Clinical Sciences,University of Hong Kong,China,0.0014443144561433914,99.79779597613921,Clinical Sciences (100%),University of Hong Kong (100%)
1718,1,1.0,1.0,0.0,Biomedical and Clinical Sciences,Medical Microbiology,"UMR 7268 ADÉS, Aix-Marseille, Université /EFS/CNRS; CoReBio PACA, case 901, Parc scientifique de Luminy, 13288, Marseille Cedex 09, France",France,0.0014443144561433914,99.79924029059535,Medical Microbiology (100%),"UMR 7268 ADÉS, Aix-Marseille, Université /EFS/CNRS; CoReBio PACA, case 901, Parc scientifique de Luminy, 13288, Marseille Cedex 09, France (100%)"
1719,1,0.0,1.0,0.0,Biomedical and Clinical Sciences,Cardiovascular Medicine and Haematology,Ramon Llull University,Spain,0.0014443144561433914,99.80068460505149,Cardiovascular Medicine and Haematology (100%),Ramon Llull University (100%)
1720,1,0.0,1.0,100.0,Biomedical and Clinical Sciences,Clinical Sciences,"Department of Stomatology, Suzhou Wujiang District Hospital of Traditional Chinese Medicine, 215221 Suzhou, Jiangsu, China",China,0.0014443144561433914,99.80212891950762,Clinical Sciences (100%),"Department of Stomatology, Suzhou Wujiang District Hospital of Traditional Chinese Medicine, 215221 Suzhou, Jiangsu, China (100%)"
1721,1,1.0,1.0,100.0,Biomedical and Clinical Sciences,Biological Psychology,University of Virginia,United States,0.0014443144561433914,99.80357323396376,Biological Psychology (100%),University of Virginia (100%)
1722,1,1.0,1.0,100.0,Biomedical and Clinical Sciences,Clinical Sciences,Nanchong Central Hospital,China,0.0014443144561433914,99.8050175484199,Clinical Sciences (100%),Nanchong Central Hospital (100%)
1723,1,0.0,1.0,0.0,Biomedical and Clinical Sciences,Clinical Sciences,"Reproductive Medical Center, Jiangxi Provincial Maternal and Child Health Hospital, Nanchang, Jiangxi, China",China,0.0014443144561433914,99.80646186287603,Clinical Sciences (100%),"Reproductive Medical Center, Jiangxi Provincial Maternal and Child Health Hospital, Nanchang, Jiangxi, China (100%)"
1724,1,1.0,1.0,0.0,Biomedical and Clinical Sciences,Oncology and Carcinogenesis,Fudan University,China,0.0014443144561433914,99.80790617733217,Oncology and Carcinogenesis (100%),Fudan University (100%)
1725,1,0.0,1.0,100.0,Biomedical and Clinical Sciences,Clinical Sciences,First Affiliated Hospital of Wenzhou Medical University,China,0.0014443144561433914,99.80935049178831,Clinical Sciences (100%),First Affiliated Hospital of Wenzhou Medical University (100%)
1726,1,0.0,1.0,100.0,Biomedical and Clinical Sciences,Clinical Sciences,"Olink Proteomics, Uppsala, Uppsala, Sweden",Sweden,0.0014443144561433914,99.81079480624444,Clinical Sciences (100%),"Olink Proteomics, Uppsala, Uppsala, Sweden (100%)"
1727,1,1.0,1.0,0.0,Biomedical and Clinical Sciences,Clinical Sciences,"Department of Neurology, Suzhou Wujiang District Hospital of Traditional Chinese Medicine (Suzhou Wujiang District Second People’s Hospital), Wujiang District, 215200, Suzhou, China",China,0.0014443144561433914,99.81223912070058,Clinical Sciences (100%),"Department of Neurology, Suzhou Wujiang District Hospital of Traditional Chinese Medicine (Suzhou Wujiang District Second People’s Hospital), Wujiang District, 215200, Suzhou, China (100%)"
1728,1,1.0,1.0,0.0,Human Society,Policy and Administration,Manchester Metropolitan University,United Kingdom,0.0014443144561433914,99.81368343515672,Policy and Administration (100%),Manchester Metropolitan University (100%)
1729,1,0.0,1.0,0.0,Biomedical and Clinical Sciences,Clinical Sciences,"College of Medical Imaging, Qilu Medical University, Zibo, Shandong, China.",China,0.0014443144561433914,99.81512774961286,Clinical Sciences (100%),"College of Medical Imaging, Qilu Medical University, Zibo, Shandong, China. (100%)"
1730,1,1.0,1.0,0.0,Biomedical and Clinical Sciences,Clinical Sciences,Shenzhen University,China,0.0014443144561433914,99.81657206406899,Clinical Sciences (100%),Shenzhen University (100%)
1731,1,1.0,1.0,100.0,Biomedical and Clinical Sciences,Epidemiology,Chinese People's Liberation Army,China,0.0014443144561433914,99.81801637852513,Epidemiology (100%),Chinese People's Liberation Army (100%)
1732,1,1.0,1.0,0.0,Biomedical and Clinical Sciences,Clinical Sciences,Jinan University,China,0.0014443144561433914,99.81946069298127,Clinical Sciences (100%),Jinan University (100%)
1733,1,1.0,1.0,0.0,Biomedical and Clinical Sciences,Reproductive Medicine,Guangdong Pharmaceutical University,China,0.0014443144561433914,99.8209050074374,Reproductive Medicine (100%),Guangdong Pharmaceutical University (100%)
1734,1,1.0,1.0,0.0,Biological Sciences,Biochemistry and Cell Biology,"Department of Transfusion Medicine, The 960th Hospital of the PLA Joint Logistics Support Force, Jinan, Shandong, China. Electronic address: zcjy@stu.sdsmu.edu.cn.",China,0.0014443144561433914,99.82234932189354,Biochemistry and Cell Biology (100%),"Department of Transfusion Medicine, The 960th Hospital of the PLA Joint Logistics Support Force, Jinan, Shandong, China. Electronic address: zcjy@stu.sdsmu.edu.cn. (100%)"
1735,1,1.0,1.0,0.0,Biomedical and Clinical Sciences,Public Health,Magdi Yacoub Heart Foundation,Egypt,0.0014443144561433914,99.82379363634968,Public Health (100%),Magdi Yacoub Heart Foundation (100%)
1736,1,0.0,1.0,100.0,Biomedical and Clinical Sciences,Immunology,Loudi Central Hospital,China,0.0014443144561433914,99.82523795080581,Immunology (100%),Loudi Central Hospital (100%)
1737,1,1.0,1.0,0.0,Biomedical and Clinical Sciences,Immunology,Sanda University,China,0.0014443144561433914,99.82668226526195,Immunology (100%),Sanda University (100%)
1738,1,0.0,1.0,0.0,Biological Sciences,Epidemiology,First Hospital of Jilin University,China,0.0014443144561433914,99.82812657971809,Epidemiology (100%),First Hospital of Jilin University (100%)
1739,1,1.0,1.0,0.0,Health Sciences,Epidemiology,Hangzhou Red Cross Hospital,China,0.0014443144561433914,99.82957089417422,Epidemiology (100%),Hangzhou Red Cross Hospital (100%)
1740,1,0.0,1.0,100.0,Biomedical and Clinical Sciences,Oncology and Carcinogenesis,Kingston University,United Kingdom,0.0014443144561433914,99.83101520863036,Oncology and Carcinogenesis (100%),Kingston University (100%)
1741,1,1.0,1.0,100.0,Environmental Sciences,Epidemiology,Huazhong University of Science and Technology,China,0.0014443144561433914,99.8324595230865,Epidemiology (100%),Huazhong University of Science and Technology (100%)
1742,1,0.0,1.0,0.0,Biomedical and Clinical Sciences,Biological Psychology,"University of California, Berkeley",United States,0.0014443144561433914,99.83390383754264,Biological Psychology (100%),"University of California, Berkeley (100%)"
1743,1,1.0,1.0,0.0,Biological Sciences,Applied Computing,Jazan University,Saudi Arabia,0.0014443144561433914,99.83534815199877,Applied Computing (100%),Jazan University (100%)
1744,1,0.0,1.0,0.0,Biomedical and Clinical Sciences,Epidemiology,中南大学湘雅医院心血管内科，长沙 410008,,0.0014443144561433914,99.83679246645491,Epidemiology (100%),中南大学湘雅医院心血管内科，长沙 410008 (100%)
1745,1,0.0,1.0,0.0,Biomedical and Clinical Sciences,Epidemiology,Changzhou Second Peoples Hospital,China,0.0014443144561433914,99.83823678091105,Epidemiology (100%),Changzhou Second Peoples Hospital (100%)
1746,1,1.0,1.0,100.0,Information and Computing Sciences,Machine Learning,Koneru Lakshmaiah Education Foundation,India,0.0014443144561433914,99.83968109536718,Machine Learning (100%),Koneru Lakshmaiah Education Foundation (100%)
1747,1,0.0,1.0,100.0,Biomedical and Clinical Sciences,Epidemiology,Tongji Medical College of Huazhong University of Science and Technology,China,0.0014443144561433914,99.84112540982332,Epidemiology (100%),Tongji Medical College of Huazhong University of Science and Technology (100%)
1748,1,0.0,1.0,0.0,Biomedical and Clinical Sciences,Clinical Sciences,Huzhou Women and Children's Hospital,China,0.0014443144561433914,99.84256972427946,Clinical Sciences (100%),Huzhou Women and Children's Hospital (100%)
1749,1,0.0,1.0,0.0,Biomedical and Clinical Sciences,Clinical Sciences,Ganzhou People's Hospital,China,0.0014443144561433914,99.8440140387356,Clinical Sciences (100%),Ganzhou People's Hospital (100%)
1750,1,1.0,1.0,0.0,Health Sciences,Health Services and Systems,UK Biobank,United Kingdom,0.0014443144561433914,99.84545835319173,Health Services and Systems (100%),UK Biobank (100%)
1751,1,1.0,1.0,0.0,Biomedical and Clinical Sciences,Biological Psychology,Second Hospital of Shandong University,China,0.0014443144561433914,99.84690266764787,Biological Psychology (100%),Second Hospital of Shandong University (100%)
1752,1,0.0,1.0,0.0,Engineering,Biomedical Engineering,,,0.0014443144561433914,99.848346982104,Biomedical Engineering (100%),
1753,1,1.0,1.0,0.0,Biomedical and Clinical Sciences,Oncology and Carcinogenesis,University Medical Center of the Johannes Gutenberg University Mainz,Germany,0.0014443144561433914,99.84979129656014,Oncology and Carcinogenesis (100%),University Medical Center of the Johannes Gutenberg University Mainz (100%)
1754,1,0.0,1.0,100.0,Biological Sciences,Biochemistry and Cell Biology,Tongji Medical College of Huazhong University of Science and Technology,China,0.0014443144561433914,99.85123561101628,Biochemistry and Cell Biology (100%),Tongji Medical College of Huazhong University of Science and Technology (100%)
1755,1,0.0,1.0,0.0,Biomedical and Clinical Sciences,Clinical Sciences,Shanxi Medical University,China,0.0014443144561433914,99.85267992547242,Clinical Sciences (100%),Shanxi Medical University (100%)
1756,1,0.0,1.0,0.0,Biological Sciences,Epidemiology,Aarhus University,Denmark,0.0014443144561433914,99.85412423992855,Epidemiology (100%),Aarhus University (100%)
1757,1,1.0,1.0,100.0,Biomedical and Clinical Sciences,Cardiovascular Medicine and Haematology,Columbia University,United States,0.0014443144561433914,99.85556855438469,Cardiovascular Medicine and Haematology (100%),Columbia University (100%)
1758,1,0.0,1.0,0.0,Information and Computing Sciences,Computer Vision and Multimedia Computation,Shihezi University,China,0.0014443144561433914,99.85701286884083,Computer Vision and Multimedia Computation (100%),Shihezi University (100%)
1759,1,1.0,2.0,0.0,Biological Sciences,Epidemiology,Rechts der Isar Hospital,Germany,0.0014443144561433914,99.85845718329696,Epidemiology (100%),Rechts der Isar Hospital (100%)
1760,1,0.0,1.0,0.0,Biomedical and Clinical Sciences,Clinical Sciences,Kyung Hee University,South Korea,0.0014443144561433914,99.8599014977531,Clinical Sciences (100%),Kyung Hee University (100%)
1761,1,1.0,1.0,0.0,Biomedical and Clinical Sciences,Epidemiology,First Hospital of Jilin University,China,0.0014443144561433914,99.86134581220924,Epidemiology (100%),First Hospital of Jilin University (100%)
1762,1,0.0,1.0,0.0,Biomedical and Clinical Sciences,Epidemiology,上海海洋大学食品学院，上海 201306,,0.0014443144561433914,99.86279012666537,Epidemiology (100%),上海海洋大学食品学院，上海 201306 (100%)
1763,1,0.0,1.0,0.0,Health Sciences,Epidemiology,南华大学附属第一医院烧伤整形与创面修复中心，衡阳 421001,,0.0014443144561433914,99.86423444112151,Epidemiology (100%),南华大学附属第一医院烧伤整形与创面修复中心，衡阳 421001 (100%)
1764,1,1.0,1.0,0.0,Biomedical and Clinical Sciences,Clinical Sciences,National Clinical Research Center for Digestive Diseases,China,0.0014443144561433914,99.86567875557765,Clinical Sciences (100%),National Clinical Research Center for Digestive Diseases (100%)
1765,1,0.0,1.0,100.0,Biomedical and Clinical Sciences,Cardiovascular Medicine and Haematology,Nature Reviews Cardiology,,0.0014443144561433914,99.86712307003378,Cardiovascular Medicine and Haematology (100%),Nature Reviews Cardiology (100%)
1766,1,0.0,1.0,0.0,Biomedical and Clinical Sciences,Epidemiology,Southern Medical University,China,0.0014443144561433914,99.86856738448992,Epidemiology (100%),Southern Medical University (100%)
1767,1,0.0,1.0,100.0,Biomedical and Clinical Sciences,Clinical Sciences,"(Shenzhen, China).",China,0.0014443144561433914,99.87001169894606,Clinical Sciences (100%),"(Shenzhen, China). (100%)"
1768,1,0.0,1.0,0.0,Biological Sciences,Epidemiology,Chinese PLA General Hospital,China,0.0014443144561433914,99.8714560134022,Epidemiology (100%),Chinese PLA General Hospital (100%)
1769,1,0.0,1.0,0.0,Health Sciences,Epidemiology,Beijing Hua Xin Hospital,China,0.0014443144561433914,99.87290032785833,Epidemiology (100%),Beijing Hua Xin Hospital (100%)
1770,1,0.0,1.0,0.0,Biomedical and Clinical Sciences,Epidemiology,Sichuan Peoples Hospital of Sichuan Academy of Medical Sciences,China,0.0014443144561433914,99.87434464231447,Epidemiology (100%),Sichuan Peoples Hospital of Sichuan Academy of Medical Sciences (100%)
1771,1,1.0,1.0,0.0,Biomedical and Clinical Sciences,Pharmacology and Pharmaceutical Sciences,National Center for Global Health and Medicine,Japan,0.0014443144561433914,99.8757889567706,Pharmacology and Pharmaceutical Sciences (100%),National Center for Global Health and Medicine (100%)
1772,1,1.0,1.0,100.0,Biomedical and Clinical Sciences,Cardiovascular Medicine and Haematology,Beijing Hospital of Traditional Chinese Medicine,China,0.0014443144561433914,99.87723327122674,Cardiovascular Medicine and Haematology (100%),Beijing Hospital of Traditional Chinese Medicine (100%)
1773,1,1.0,1.0,0.0,Biomedical and Clinical Sciences,Reproductive Medicine,University of Oxford,United Kingdom,0.0014443144561433914,99.87867758568288,Reproductive Medicine (100%),University of Oxford (100%)
1774,1,1.0,1.0,100.0,Biological Sciences,Epidemiology,Nanjing Medical University,China,0.0014443144561433914,99.88012190013902,Epidemiology (100%),Nanjing Medical University (100%)
1775,1,1.0,1.0,0.0,Biomedical and Clinical Sciences,Clinical Sciences,Zhongshan Hospital,China,0.0014443144561433914,99.88156621459515,Clinical Sciences (100%),Zhongshan Hospital (100%)
1776,1,0.0,1.0,100.0,Biomedical and Clinical Sciences,Pharmacology and Pharmaceutical Sciences,Cardiff University,United Kingdom,0.0014443144561433914,99.88301052905129,Pharmacology and Pharmaceutical Sciences (100%),Cardiff University (100%)
1777,1,0.0,2.0,0.0,Biomedical and Clinical Sciences,Clinical Sciences,Hangzhou Medical College,China,0.0014443144561433914,99.88445484350743,Clinical Sciences (100%),Hangzhou Medical College (100%)
1778,1,1.0,1.0,100.0,Biomedical and Clinical Sciences,Biomedical Engineering,Tzu Chi University,Taiwan,0.0014443144561433914,99.88589915796356,Biomedical Engineering (100%),Tzu Chi University (100%)
1779,1,1.0,1.0,0.0,Biomedical and Clinical Sciences,Medicinal and Biomolecular Chemistry,Fourth Hospital of Changsha,China,0.0014443144561433914,99.8873434724197,Medicinal and Biomolecular Chemistry (100%),Fourth Hospital of Changsha (100%)
1780,1,1.0,1.0,100.0,Biomedical and Clinical Sciences,Public Health,Agricultural University of Athens,Greece,0.0014443144561433914,99.88878778687584,Public Health (100%),Agricultural University of Athens (100%)
1781,1,0.0,1.0,0.0,Biomedical and Clinical Sciences,Immunology,Guizhou University of Traditional Chinese Medicine,China,0.0014443144561433914,99.89023210133197,Immunology (100%),Guizhou University of Traditional Chinese Medicine (100%)
1782,1,0.0,1.0,0.0,Biological Sciences,Evolutionary Biology,Simón Bolívar University,Venezuela,0.0014443144561433914,99.89167641578811,Evolutionary Biology (100%),Simón Bolívar University (100%)
1783,1,0.0,1.0,0.0,Health Sciences,Epidemiology,"Department of Pediatrics, Jiaxing Second Hospital, Jiaxing, China",China,0.0014443144561433914,99.89312073024425,Epidemiology (100%),"Department of Pediatrics, Jiaxing Second Hospital, Jiaxing, China (100%)"
1784,1,1.0,1.0,0.0,Biomedical and Clinical Sciences,Clinical Sciences,Chengdu First Peoples Hospital,China,0.0014443144561433914,99.89456504470039,Clinical Sciences (100%),Chengdu First Peoples Hospital (100%)
1785,1,0.0,1.0,100.0,Biomedical and Clinical Sciences,Cardiovascular Medicine and Haematology,Chongqing Emergency Medical Center,China,0.0014443144561433914,99.89600935915652,Cardiovascular Medicine and Haematology (100%),Chongqing Emergency Medical Center (100%)
1786,1,0.0,1.0,0.0,Health Sciences,Epidemiology,Morinomiya University of Medical Sciences,Japan,0.0014443144561433914,99.89745367361266,Epidemiology (100%),Morinomiya University of Medical Sciences (100%)
1787,1,0.0,1.0,0.0,Biological Sciences,Genetics,,,0.0014443144561433914,99.8988979880688,Genetics (100%),
1788,1,0.0,1.0,100.0,Psychology,Biological Psychology,University of Pennsylvania,United States,0.0014443144561433914,99.90034230252493,Biological Psychology (100%),University of Pennsylvania (100%)
1789,1,1.0,1.0,0.0,Biological Sciences,Genetics,First Affiliated Hospital of Xi'an Jiaotong University,China,0.0014443144561433914,99.90178661698107,Genetics (100%),First Affiliated Hospital of Xi'an Jiaotong University (100%)
1790,1,1.0,1.0,0.0,Biological Sciences,Genetics,Second Affiliated Hospital of Harbin Medical University,China,0.0014443144561433914,99.90323093143721,Genetics (100%),Second Affiliated Hospital of Harbin Medical University (100%)
1791,1,0.0,1.0,0.0,Health Sciences,Machine Learning,"R. Caxias do Sul, 95 - Operário, Novo Hamburgo - RS, 93315-132",,0.0014443144561433914,99.90467524589334,Machine Learning (100%),"R. Caxias do Sul, 95 - Operário, Novo Hamburgo - RS, 93315-132 (100%)"
1792,1,0.0,1.0,100.0,Biomedical and Clinical Sciences,Epidemiology,Anhui University of Science and Technology,China,0.0014443144561433914,99.90611956034948,Epidemiology (100%),Anhui University of Science and Technology (100%)
1793,1,1.0,1.0,100.0,Biomedical and Clinical Sciences,Clinical Sciences,Xinjiang Medical University,China,0.0014443144561433914,99.90756387480562,Clinical Sciences (100%),Xinjiang Medical University (100%)
1794,1,1.0,1.0,0.0,Biomedical and Clinical Sciences,Clinical Sciences,First Affiliated Hospital of Chongqing Medical University,China,0.0014443144561433914,99.90900818926175,Clinical Sciences (100%),First Affiliated Hospital of Chongqing Medical University (100%)
1795,1,0.0,1.0,0.0,,,,,0.0014443144561433914,99.91045250371789,,
1796,1,0.0,1.0,0.0,Health Sciences,Epidemiology,Central South University,China,0.0014443144561433914,99.91189681817403,Epidemiology (100%),Central South University (100%)
1797,1,0.0,1.0,0.0,Biomedical and Clinical Sciences,Clinical Sciences,University of Kelaniya,Sri Lanka,0.0014443144561433914,99.91334113263017,Clinical Sciences (100%),University of Kelaniya (100%)
1798,1,1.0,1.0,0.0,Biological Sciences,Genetics,The First People's Hospital of Wenling,China,0.0014443144561433914,99.9147854470863,Genetics (100%),The First People's Hospital of Wenling (100%)
1799,1,0.0,1.0,0.0,Biomedical and Clinical Sciences,Clinical Sciences,"Dialysis Room, People’s Hospital of Linquan County, Linquan, China.",China,0.0014443144561433914,99.91622976154244,Clinical Sciences (100%),"Dialysis Room, People’s Hospital of Linquan County, Linquan, China. (100%)"
1800,1,0.0,1.0,100.0,Health Sciences,Epidemiology,Adelaide University,Australia,0.0014443144561433914,99.91767407599858,Epidemiology (100%),Adelaide University (100%)
1801,1,0.0,1.0,0.0,Biomedical and Clinical Sciences,Biological Psychology,Fujian Medical University,China,0.0014443144561433914,99.91911839045471,Biological Psychology (100%),Fujian Medical University (100%)
1802,1,1.0,1.0,100.0,Biomedical and Clinical Sciences,Nutrition and Dietetics,Queen Mary University of London,United Kingdom,0.0014443144561433914,99.92056270491085,Nutrition and Dietetics (100%),Queen Mary University of London (100%)
1803,1,1.0,1.0,100.0,Biological Sciences,Bioinformatics and Computational Biology,,,0.0014443144561433914,99.92200701936699,Bioinformatics and Computational Biology (100%),
1804,1,0.0,1.0,0.0,Biomedical and Clinical Sciences,Clinical Sciences,"Computer Science and Engineering, Anurag University, Venkatapur, Ghatkesar, Medchal-Malkajgirl, 500088, Hyderabad, Telangana, India",India,0.0014443144561433914,99.92345133382312,Clinical Sciences (100%),"Computer Science and Engineering, Anurag University, Venkatapur, Ghatkesar, Medchal-Malkajgirl, 500088, Hyderabad, Telangana, India (100%)"
1805,1,1.0,1.0,0.0,Health Sciences,Epidemiology,Fujian Medical University,China,0.0014443144561433914,99.92489564827926,Epidemiology (100%),Fujian Medical University (100%)
1806,1,2.0,2.0,0.0,Biomedical and Clinical Sciences,Clinical Sciences,University of Roehampton,United Kingdom,0.0014443144561433914,99.9263399627354,Clinical Sciences (100%),University of Roehampton (100%)
1807,1,1.0,1.0,0.0,Biomedical and Clinical Sciences,Clinical Sciences,Newcastle University,United Kingdom,0.0014443144561433914,99.92778427719153,Clinical Sciences (100%),Newcastle University (100%)
1808,1,1.0,1.0,0.0,Biological Sciences,Biochemistry and Cell Biology,Sheng Jing Hospital,China,0.0014443144561433914,99.92922859164767,Biochemistry and Cell Biology (100%),Sheng Jing Hospital (100%)
1809,1,0.0,1.0,0.0,Engineering,Biomedical Engineering,McGill University,Canada,0.0014443144561433914,99.93067290610381,Biomedical Engineering (100%),McGill University (100%)
1810,1,0.0,1.0,0.0,Biological Sciences,,Zhengzhou University,China,0.0014443144561433914,99.93211722055995,,Zhengzhou University (100%)
1811,1,0.0,1.0,0.0,Biomedical and Clinical Sciences,Reproductive Medicine,Aristotle University of Thessaloniki,Greece,0.0014443144561433914,99.93356153501608,Reproductive Medicine (100%),Aristotle University of Thessaloniki (100%)
1812,1,1.0,1.0,0.0,Biomedical and Clinical Sciences,Clinical Sciences,Wenzhou Medical University,China,0.0014443144561433914,99.93500584947222,Clinical Sciences (100%),Wenzhou Medical University (100%)
1813,1,1.0,1.0,0.0,Biomedical and Clinical Sciences,Clinical Sciences,Chengdu Third People's Hospital,China,0.0014443144561433914,99.93645016392836,Clinical Sciences (100%),Chengdu Third People's Hospital (100%)
1814,1,1.0,1.0,0.0,Biomedical and Clinical Sciences,Clinical Sciences,Peoples Hospital of Deyang City,China,0.0014443144561433914,99.9378944783845,Clinical Sciences (100%),Peoples Hospital of Deyang City (100%)
1815,1,0.0,1.0,0.0,Biomedical and Clinical Sciences,Ophthalmology and Optometry,Open University of Catalonia,Spain,0.0014443144561433914,99.93933879284063,Ophthalmology and Optometry (100%),Open University of Catalonia (100%)
1816,1,0.0,1.0,100.0,Biomedical and Clinical Sciences,Nutrition and Dietetics,University of Hertfordshire,United Kingdom,0.0014443144561433914,99.94078310729677,Nutrition and Dietetics (100%),University of Hertfordshire (100%)
1817,1,1.0,1.0,100.0,Biological Sciences,Genetics,Nature Reviews Genetics,,0.0014443144561433914,99.9422274217529,Genetics (100%),Nature Reviews Genetics (100%)
1818,1,0.0,1.0,0.0,Mathematical Sciences,Statistics,University of Pennsylvania,United States,0.0014443144561433914,99.94367173620904,Statistics (100%),University of Pennsylvania (100%)
1819,1,0.0,1.0,100.0,Biological Sciences,Genetics,Edinburgh Napier University,United Kingdom,0.0014443144561433914,99.94511605066518,Genetics (100%),Edinburgh Napier University (100%)
1820,1,0.0,1.0,0.0,Health Sciences,Epidemiology,Central South University,China,0.0014443144561433914,99.94656036512131,Epidemiology (100%),Central South University (100%)
1821,1,0.0,1.0,100.0,Biomedical and Clinical Sciences,Clinical Sciences,Nanjing University of Chinese Medicine,China,0.0014443144561433914,99.94800467957745,Clinical Sciences (100%),Nanjing University of Chinese Medicine (100%)
1822,1,0.0,1.0,0.0,Biomedical and Clinical Sciences,Clinical Sciences,Virginia Commonwealth University,United States,0.0014443144561433914,99.94944899403359,Clinical Sciences (100%),Virginia Commonwealth University (100%)
1823,1,0.0,1.0,0.0,Biomedical and Clinical Sciences,Epidemiology,"Fuwai Hospital, CAMS&PUMC",China,0.0014443144561433914,99.95089330848973,Epidemiology (100%),"Fuwai Hospital, CAMS&PUMC (100%)"
1824,1,1.0,1.0,0.0,Biomedical and Clinical Sciences,Oncology and Carcinogenesis,Guangxi Medical University,China,0.0014443144561433914,99.95233762294586,Oncology and Carcinogenesis (100%),Guangxi Medical University (100%)
1825,1,1.0,1.0,0.0,Biomedical and Clinical Sciences,Medical Microbiology,Ganzhou People's Hospital,China,0.0014443144561433914,99.953781937402,Medical Microbiology (100%),Ganzhou People's Hospital (100%)
1826,1,0.0,1.0,0.0,Biological Sciences,Evolutionary Biology,University of Chicago,United States,0.0014443144561433914,99.95522625185814,Evolutionary Biology (100%),University of Chicago (100%)
1827,1,1.0,1.0,0.0,Health Sciences,Public Health,Queen's University Belfast,United Kingdom,0.0014443144561433914,99.95667056631427,Public Health (100%),Queen's University Belfast (100%)
1828,1,0.0,1.0,0.0,Biomedical and Clinical Sciences,Clinical Sciences,Beijing University of Chinese Medicine,China,0.0014443144561433914,99.95811488077041,Clinical Sciences (100%),Beijing University of Chinese Medicine (100%)
1829,1,0.0,1.0,0.0,Biomedical and Clinical Sciences,Clinical Sciences,"Second Department of Neurology, Affiliated Hospital of Inner Mongolia Minzu University, Tongliao, China.",China,0.0014443144561433914,99.95955919522655,Clinical Sciences (100%),"Second Department of Neurology, Affiliated Hospital of Inner Mongolia Minzu University, Tongliao, China. (100%)"
1830,1,0.0,1.0,0.0,,,,,0.0014443144561433914,99.96100350968268,,
1831,1,0.0,1.0,0.0,Biomedical and Clinical Sciences,Oncology and Carcinogenesis,Anhui Medical University,China,0.0014443144561433914,99.96244782413882,Oncology and Carcinogenesis (100%),Anhui Medical University (100%)
1832,1,0.0,1.0,0.0,Information and Computing Sciences,Biological Psychology,"University of Maryland, College Park",United States,0.0014443144561433914,99.96389213859496,Biological Psychology (100%),"University of Maryland, College Park (100%)"
1833,1,1.0,1.0,0.0,Biomedical and Clinical Sciences,Applied Computing,Shanghai Jiao Tong University,China,0.0014443144561433914,99.9653364530511,Applied Computing (100%),Shanghai Jiao Tong University (100%)
1834,1,0.0,1.0,0.0,Information and Computing Sciences,Computer Vision and Multimedia Computation,"Professor, Department of Computer Science, Dr. N.G.P. Arts & Science College, Coimbatore, Tamil Nadu, India",India,0.0014443144561433914,99.96678076750723,Computer Vision and Multimedia Computation (100%),"Professor, Department of Computer Science, Dr. N.G.P. Arts & Science College, Coimbatore, Tamil Nadu, India (100%)"
1835,1,1.0,1.0,0.0,Biological Sciences,Epidemiology,A.T. Still University,United States,0.0014443144561433914,99.96822508196337,Epidemiology (100%),A.T. Still University (100%)
1836,1,1.0,1.0,0.0,Biomedical and Clinical Sciences,Nutrition and Dietetics,Ningxia Medical University,China,0.0014443144561433914,99.9696693964195,Nutrition and Dietetics (100%),Ningxia Medical University (100%)
1837,1,1.0,1.0,0.0,Health Sciences,Epidemiology,Affiliated Zhongshan Hospital of Dalian University,China,0.0014443144561433914,99.97111371087564,Epidemiology (100%),Affiliated Zhongshan Hospital of Dalian University (100%)
1838,1,0.0,1.0,0.0,Biomedical and Clinical Sciences,Cardiovascular Medicine and Haematology,Tongji Medical College of Huazhong University of Science and Technology,China,0.0014443144561433914,99.97255802533178,Cardiovascular Medicine and Haematology (100%),Tongji Medical College of Huazhong University of Science and Technology (100%)
1839,1,0.0,1.0,0.0,Health Sciences,Epidemiology,Sun Yat-sen Memorial Hospital,China,0.0014443144561433914,99.97400233978792,Epidemiology (100%),Sun Yat-sen Memorial Hospital (100%)
1840,1,1.0,1.0,0.0,Biological Sciences,Bioinformatics and Computational Biology,山东大学齐鲁医学院公共卫生学院生物统计学系，济南 250012,,0.0014443144561433914,99.97544665424405,Bioinformatics and Computational Biology (100%),山东大学齐鲁医学院公共卫生学院生物统计学系，济南 250012 (100%)
1841,1,0.0,1.0,0.0,Biological Sciences,Epidemiology,Hospital for Sick Children,Canada,0.0014443144561433914,99.97689096870019,Epidemiology (100%),Hospital for Sick Children (100%)
1842,1,1.0,1.0,0.0,Biological Sciences,Medical Microbiology,Yanbian University Hospital,China,0.0014443144561433914,99.97833528315633,Medical Microbiology (100%),Yanbian University Hospital (100%)
1843,1,0.0,2.0,0.0,Biomedical and Clinical Sciences,Biological Psychology,West China Hospital of Sichuan University,China,0.0014443144561433914,99.97977959761246,Biological Psychology (100%),West China Hospital of Sichuan University (100%)
1844,1,1.0,1.0,0.0,Biological Sciences,Biochemistry and Cell Biology,Third Affiliated Hospital of Southern Medical University,China,0.0014443144561433914,99.9812239120686,Biochemistry and Cell Biology (100%),Third Affiliated Hospital of Southern Medical University (100%)
1845,1,1.0,1.0,100.0,Biological Sciences,Epidemiology,Shanghai Jiao Tong University,China,0.0014443144561433914,99.98266822652474,Epidemiology (100%),Shanghai Jiao Tong University (100%)
1846,1,0.0,1.0,0.0,Health Sciences,Epidemiology,Fundación Neumológica Colombiana,Colombia,0.0014443144561433914,99.98411254098087,Epidemiology (100%),Fundación Neumológica Colombiana (100%)
1847,1,1.0,1.0,0.0,Biological Sciences,Epidemiology,Anhui Medical University,China,0.0014443144561433914,99.98555685543701,Epidemiology (100%),Anhui Medical University (100%)
1848,1,0.0,1.0,0.0,Health Sciences,Epidemiology,Second Affiliated Hospital of Zhejiang University School of Medicine,China,0.0014443144561433914,99.98700116989315,Epidemiology (100%),Second Affiliated Hospital of Zhejiang University School of Medicine (100%)
1849,1,1.0,1.0,0.0,Biomedical and Clinical Sciences,Immunology,Shanghai University of Traditional Chinese Medicine,China,0.0014443144561433914,99.98844548434928,Immunology (100%),Shanghai University of Traditional Chinese Medicine (100%)
1850,1,1.0,1.0,100.0,Biological Sciences,Genetics,"Senior Editor, Nature",,0.0014443144561433914,99.98988979880542,Genetics (100%),"Senior Editor, Nature (100%)"
1851,1,0.0,1.0,0.0,Biological Sciences,Epidemiology,Northern Jiangsu People's Hospital,China,0.0014443144561433914,99.99133411326156,Epidemiology (100%),Northern Jiangsu People's Hospital (100%)
1852,1,1.0,1.0,100.0,Biomedical and Clinical Sciences,Clinical Sciences,Weifang Medical University,China,0.0014443144561433914,99.9927784277177,Clinical Sciences (100%),Weifang Medical University (100%)
1853,1,1.0,1.0,0.0,Biomedical and Clinical Sciences,Clinical Sciences,Ningxia Hui Autonomous Region Peoples Hospital,China,0.0014443144561433914,99.99422274217383,Clinical Sciences (100%),Ningxia Hui Autonomous Region Peoples Hospital (100%)
1854,1,1.0,1.0,0.0,Biomedical and Clinical Sciences,Clinical Sciences,University of South China,China,0.0014443144561433914,99.99566705662997,Clinical Sciences (100%),University of South China (100%)
1855,1,1.0,1.0,0.0,Human Society,Gender Studies,University of Tennessee Knoxville,United States,0.0014443144561433914,99.9971113710861,Gender Studies (100%),University of Tennessee Knoxville (100%)
1856,1,1.0,1.0,0.0,Health Sciences,Epidemiology,China Three Gorges University,China,0.0014443144561433914,99.99855568554224,Epidemiology (100%),China Three Gorges University (100%)
1857,1,0.0,1.0,0.0,Biomedical and Clinical Sciences,Oncology and Carcinogenesis,Zhenjiang City Fourth People's Hospital,China,0.0014443144561433914,99.99999999999838,Oncology and Carcinogenesis (100%),Zhenjiang City Fourth People's Hospital (100%)
