community,group_authors,leading_value,leading_value_authors,leading_value_share,top_three
1,6891,University Medical Center Groningen,136,0.019735887389348426,"University Medical Center Groningen (136, 2.0%); Erasmus MC (126, 1.8%); Leiden University Medical Center (125, 1.8%)"
2,3646,National Cancer Institute,184,0.050466264399341744,"National Cancer Institute (184, 5.0%); International Agency for Research on Cancer (79, 2.2%); Washington University in St. Louis (73, 2.0%)"
3,3236,Massachusetts General Hospital,170,0.05253399258343634,"Massachusetts General Hospital (170, 5.3%); Broad Institute (122, 3.8%); University of North Carolina at Chapel Hill (122, 3.8%)"
4,2581,University of Oslo,119,0.046106160402944595,"University of Oslo (119, 4.6%); Wellcome Centre for Integrative Neuroimaging (67, 2.6%); King's College London (65, 2.5%)"
5,2201,Princess Royal Hospital,36,0.01635620172648796,"Princess Royal Hospital (36, 1.6%); University of Oxford (35, 1.6%); University of Siena (31, 1.4%)"
6,1963,University College London,142,0.07233825776872134,"University College London (142, 7.2%); King's College London (133, 6.8%); Imperial College London (108, 5.5%)"
7,1754,Regeneron Pharmaceuticals Inc,270,0.15393386545039908,"Regeneron Pharmaceuticals Inc (270, 15.4%); University of Cambridge (139, 7.9%); AstraZeneca UK Ltd (65, 3.7%)"
8,1748,University of Pennsylvania,198,0.11327231121281464,"University of Pennsylvania (198, 11.3%); Universitätsklinikum Aachen (86, 4.9%); Icahn School of Medicine at Mount Sinai (59, 3.4%)"
9,1609,University of Exeter,167,0.10379117464263518,"University of Exeter (167, 10.4%); University of Bristol (144, 8.9%); MRC Integrative Epidemiology Unit (122, 7.6%)"
10,1599,National Institutes of Health,68,0.04252657911194497,"National Institutes of Health (68, 4.3%); Queen Mary University of London (55, 3.4%); Stanford University (54, 3.4%)"
11,1580,University of Leeds,84,0.053164556962025315,"University of Leeds (84, 5.3%); University of Melbourne (49, 3.1%); Chinese University of Hong Kong (48, 3.0%)"
12,1564,University of Glasgow,222,0.14194373401534527,"University of Glasgow (222, 14.2%); King's College London (178, 11.4%); University of Edinburgh (136, 8.7%)"
13,1240,Zhejiang University,86,0.06935483870967742,"Zhejiang University (86, 6.9%); First Affiliated Hospital of Chongqing Medical University (53, 4.3%); King's College London (48, 3.9%)"
14,1219,Southern Medical University,178,0.14602132895816242,"Southern Medical University (178, 14.6%); Zhejiang University (129, 10.6%); Soochow University (63, 5.2%)"
15,1209,Yale University,79,0.065343258891646,"Yale University (79, 6.5%); Virginia Commonwealth University (45, 3.7%); Massachusetts General Hospital (43, 3.6%)"
16,1160,Harvard University,97,0.08362068965517241,"Harvard University (97, 8.4%); University of California, Los Angeles (73, 6.3%); Google LLC (67, 5.8%)"
17,1139,University of Leicester,89,0.0781387181738367,"University of Leicester (89, 7.8%); Unknown institution (36, 3.2%); National Heart and Lung Institute (33, 2.9%)"
18,1058,University of Oxford,270,0.2551984877126654,"University of Oxford (270, 25.5%); Peking University (93, 8.8%); University of Edinburgh (51, 4.8%)"
19,988,University of Pennsylvania,99,0.10020242914979757,"University of Pennsylvania (99, 10.0%); University of Wisconsin-Madison (55, 5.6%); University of North Carolina at Chapel Hill (45, 4.6%)"
20,894,Decode Genetics ehf,127,0.14205816554809844,"Decode Genetics ehf (127, 14.2%); University of Copenhagen (76, 8.5%); Rigshospitalet (66, 7.4%)"
21,838,Tianjin Medical University,95,0.11336515513126491,"Tianjin Medical University (95, 11.3%); Uppsala University (49, 5.8%); Sheng Jing Hospital (48, 5.7%)"
22,772,Stanford University,235,0.30440414507772023,"Stanford University (235, 30.4%); The University of Texas at Austin (35, 4.5%); University of Southern California (28, 3.6%)"
23,744,Institut Universitaire de Cardiologie et de Pneumologie de Québec,49,0.06586021505376344,"Institut Universitaire de Cardiologie et de Pneumologie de Québec (49, 6.6%); McMaster University (43, 5.8%); Rigshospitalet (38, 5.1%)"
24,719,Yale University,79,0.10987482614742698,"Yale University (79, 11.0%); Massachusetts General Hospital (41, 5.7%); Unknown institution (23, 3.2%)"
25,668,The University of Sydney,90,0.1347305389221557,"The University of Sydney (90, 13.5%); University College London (67, 10.0%); University of Helsinki (24, 3.6%)"
26,667,Sun Yat-sen University,86,0.12893553223388307,"Sun Yat-sen University (86, 12.9%); Icahn School of Medicine at Mount Sinai (36, 5.4%); Sun Yat-sen University Cancer Center (28, 4.2%)"
27,629,McGill University,150,0.2384737678855326,"McGill University (150, 23.8%); University of Montreal (25, 4.0%); University of California, San Francisco (18, 2.9%)"
28,629,Zhengzhou University,40,0.06359300476947535,"Zhengzhou University (40, 6.4%); Tongji Medical College of Huazhong University of Science and Technology (38, 6.0%); Shanghai Jiao Tong University (33, 5.2%)"
29,609,Fondazione IRCCS Ca' Granda Ospedale Maggiore Policlinico,37,0.060755336617405585,"Fondazione IRCCS Ca' Granda Ospedale Maggiore Policlinico (37, 6.1%); University of Lille (33, 5.4%); Imperial College London (28, 4.6%)"
30,571,West China Hospital of Sichuan University,112,0.19614711033274956,"West China Hospital of Sichuan University (112, 19.6%); Fujian Medical University (89, 15.6%); Fudan University (51, 8.9%)"
31,537,Nanjing Medical University,223,0.41527001862197394,"Nanjing Medical University (223, 41.5%); Jiangsu Province Hospital (42, 7.8%); Harvard University (20, 3.7%)"
32,530,Southern Medical University,149,0.2811320754716981,"Southern Medical University (149, 28.1%); Sun Yat-sen University (50, 9.4%); Shanghai Jiao Tong University (44, 8.3%)"
33,526,Shandong University,141,0.26806083650190116,"Shandong University (141, 26.8%); Xuzhou Medical College (37, 7.0%); Shandong Provincial Hospital (31, 5.9%)"
34,506,Tongji Medical College of Huazhong University of Science and Technology,179,0.35375494071146246,"Tongji Medical College of Huazhong University of Science and Technology (179, 35.4%); Tongji Hospital Affiliated to Tongji Medical College of Huazhong University of Science & Technology (79, 15.6%); Union Hospital Tongji Medical College Huazhong University of Science and Technology (44, 8.7%)"
35,503,Fudan University,74,0.147117296222664,"Fudan University (74, 14.7%); Huashan Hospital (65, 12.9%); First Affiliated Hospital of Zhengzhou University (48, 9.5%)"
36,491,Monash University,93,0.1894093686354379,"Monash University (93, 18.9%); University of Melbourne (35, 7.1%); Baker IDI Heart and Diabetes Institute (22, 4.5%)"
37,482,Shanghai Jiao Tong University,74,0.15352697095435686,"Shanghai Jiao Tong University (74, 15.4%); Sun Yat-sen University (30, 6.2%); Qilu Hospital of Shandong University (20, 4.1%)"
38,465,Xi'an Jiaotong University,45,0.0967741935483871,"Xi'an Jiaotong University (45, 9.7%); University of Maryland, Baltimore (34, 7.3%); École Polytechnique Fédérale de Lausanne (34, 7.3%)"
39,460,McGill University,126,0.27391304347826084,"McGill University (126, 27.4%); Monash University (19, 4.1%); University Medical Center Hamburg-Eppendorf (19, 4.1%)"
40,454,Yonsei University,57,0.12555066079295155,"Yonsei University (57, 12.6%); Sun Yat-sen University (50, 11.0%); Seoul National University Hospital (28, 6.2%)"
41,410,Zhejiang Chinese Medical University,75,0.18292682926829268,"Zhejiang Chinese Medical University (75, 18.3%); Zhejiang University (51, 12.4%); Adelaide University (45, 11.0%)"
42,405,University of Hong Kong,104,0.25679012345679014,"University of Hong Kong (104, 25.7%); Genentech Inc (24, 5.9%); Chinese University of Hong Kong (22, 5.4%)"
43,399,Xiangya Hospital Central South University,150,0.37593984962406013,"Xiangya Hospital Central South University (150, 37.6%); Central South University (74, 18.5%); Renmin Hospital of Wuhan University (29, 7.3%)"
44,337,Xi'an Jiaotong University,108,0.32047477744807124,"Xi'an Jiaotong University (108, 32.0%); Soochow University (29, 8.6%); Michigan Technological University (17, 5.0%)"
45,330,"University of California, San Francisco",118,0.3575757575757576,"University of California, San Francisco (118, 35.8%); Kaiser Permanente (29, 8.8%); St. Jude Children's Research Hospital (12, 3.6%)"
46,306,Harbin Medical University,73,0.238562091503268,"Harbin Medical University (73, 23.9%); First Affiliated Hospital of Jinan University (31, 10.1%); Second Affiliated Hospital of Harbin Medical University (24, 7.8%)"
47,281,Tianjin Medical University General Hospital,49,0.17437722419928825,"Tianjin Medical University General Hospital (49, 17.4%); State Key Laboratory of Cognitive Neuroscience and Learning (41, 14.6%); Beijing Normal University (24, 8.5%)"
48,273,Soochow University,51,0.18681318681318682,"Soochow University (51, 18.7%); Guangxi Medical University (16, 5.9%); Ningbo No. 2 Hospital (16, 5.9%)"
49,270,Endeavor Health Clinical Operations,50,0.18518518518518517,"Endeavor Health Clinical Operations (50, 18.5%); Duke University (30, 11.1%); Translational Genomics Research Institute (15, 5.6%)"
50,270,The Seventh Affiliated Hospital of Sun Yat-sen University,73,0.27037037037037037,"The Seventh Affiliated Hospital of Sun Yat-sen University (73, 27.0%); University of Birmingham (37, 13.7%); Lanzhou University (25, 9.3%)"
51,267,Rady Children's Hospital-San Diego,31,0.11610486891385768,"Rady Children's Hospital-San Diego (31, 11.6%); University of Calgary (21, 7.9%); Michigan State University (20, 7.5%)"
52,257,Uppsala University,58,0.22568093385214008,"Uppsala University (58, 22.6%); State Key Laboratory of Cardiovascular Disease (30, 11.7%); KTH Royal Institute of Technology (29, 11.3%)"
53,254,Capital Medical University,49,0.19291338582677164,"Capital Medical University (49, 19.3%); Shanxi Medical University (23, 9.1%); University of Georgia (21, 8.3%)"
54,250,Genomics England Ltd,33,0.132,"Genomics England Ltd (33, 13.2%); Mayo Clinic (25, 10.0%); Semmelweis University (17, 6.8%)"
55,176,Seoul National University,35,0.19886363636363635,"Seoul National University (35, 19.9%); Guangzhou Medical University (31, 17.6%); Seoul National University Hospital (17, 9.7%)"
56,163,Southern Medical University,50,0.3067484662576687,"Southern Medical University (50, 30.7%); Peking Union Medical College Hospital (21, 12.9%); Tianjin Medical University (18, 11.0%)"
57,142,West China Hospital of Sichuan University,72,0.5070422535211268,"West China Hospital of Sichuan University (72, 50.7%); Southern Medical University (14, 9.9%); First Hospital of China Medical University (7, 4.9%)"
58,137,Central South University,24,0.17518248175182483,"Central South University (24, 17.5%); First Affiliated Hospital of Shantou University Medical College (19, 13.9%); Second Xiangya Hospital of Central South University (17, 12.4%)"
59,132,Queen's University Belfast,29,0.2196969696969697,"Queen's University Belfast (29, 22.0%); Columbia University (11, 8.3%); Spanish National Cancer Research Centre (9, 6.8%)"
60,130,University of Oxford,49,0.3769230769230769,"University of Oxford (49, 37.7%); Cold Spring Harbor Laboratory (12, 9.2%); Cayetano Heredia University (6, 4.6%)"
61,118,Shandong University,24,0.2033898305084746,"Shandong University (24, 20.3%); Fudan University (20, 16.9%); Huashan Hospital (16, 13.6%)"
62,117,Khalifa University of Science and Technology,18,0.15384615384615385,"Khalifa University of Science and Technology (18, 15.4%); Thomas J Watson Research Center (15, 12.8%); Fox Chase Cancer Center (13, 11.1%)"
63,117,State Key Laboratory of Cardiovascular Disease,28,0.23931623931623933,"State Key Laboratory of Cardiovascular Disease (28, 23.9%); Fuwai Hospital, CAMS&PUMC (19, 16.2%); Sun Yat-sen University (17, 14.5%)"
64,113,Sichuan University,78,0.6902654867256637,"Sichuan University (78, 69.0%); Harvard University (5, 4.4%); Karolinska Institutet (5, 4.4%)"
65,111,Soochow University,38,0.34234234234234234,"Soochow University (38, 34.2%); Anhui Medical University (35, 31.5%); Second Hospital of Anhui Medical University (11, 9.9%)"
66,104,University of Bristol,11,0.10576923076923077,"University of Bristol (11, 10.6%); Institute of Archaeology (5, 4.8%); Landesamt für Archaeologie, Dresden, Germany (5, 4.8%)"
67,103,Sun Yat-sen University,39,0.3786407766990291,"Sun Yat-sen University (39, 37.9%); Southern Medical University (26, 25.2%); Sun Yat-sen Memorial Hospital (10, 9.7%)"
68,98,West China Hospital of Sichuan University,33,0.336734693877551,"West China Hospital of Sichuan University (33, 33.7%); Sichuan University (32, 32.7%); Tibet University (6, 6.1%)"
69,98,Harbin Medical University,23,0.23469387755102042,"Harbin Medical University (23, 23.5%); University of East Anglia (12, 12.2%); University of York (11, 11.2%)"
70,92,The Francis Crick Institute Ltd,22,0.2391304347826087,"The Francis Crick Institute Ltd (22, 23.9%); University of Colorado Anschutz Medical Campus (20, 21.7%); University College London (15, 16.3%)"
71,92,Zhejiang University,53,0.5760869565217391,"Zhejiang University (53, 57.6%); Shanghai Jiao Tong University (15, 16.3%); First Affiliated Hospital of Zhejiang University School of Medicine (9, 9.8%)"
72,85,University of Arizona,35,0.4117647058823529,"University of Arizona (35, 41.2%); University of Pennsylvania (7, 8.2%); University of Southern California (6, 7.1%)"
73,85,University of Oxford,24,0.2823529411764706,"University of Oxford (24, 28.2%); Novo Nordisk Research Centre Oxford Ltd (19, 22.4%); University of Ulster (11, 12.9%)"
74,77,Zhejiang University,48,0.6233766233766234,"Zhejiang University (48, 62.3%); Taizhou Central Hospital (6, 7.8%); Ningbo University (5, 6.5%)"
75,72,MRC Human Genetics Unit,18,0.25,"MRC Human Genetics Unit (18, 25.0%); PrecisionLife Ltd, Long Hanborough, Oxford, UK (10, 13.9%); University of Edinburgh (7, 9.7%)"
76,72,Wenzhou Medical University,54,0.75,"Wenzhou Medical University (54, 75.0%); Joint Institute of Tobacco and Health, Kunming, Yunnan, China (6, 8.3%); Collaborative Innovation Center for Diagnosis and Treatment of Infectious Diseases (5, 6.9%)"
77,70,First Hospital of Jilin University,17,0.24285714285714285,"First Hospital of Jilin University (17, 24.3%); Jilin University (16, 22.9%); Peking Union Medical College Hospital (16, 22.9%)"
78,65,Yangzhou University,22,0.3384615384615385,"Yangzhou University (22, 33.8%); Eye & ENT Hospital of Fudan University (17, 26.2%); Affiliated Hospital of Qingdao University (12, 18.5%)"
79,63,University of Florida,18,0.2857142857142857,"University of Florida (18, 28.6%); Moffitt Cancer Center (11, 17.5%); Harvard University (6, 9.5%)"
80,62,First Affiliated Hospital of Zhengzhou University,19,0.3064516129032258,"First Affiliated Hospital of Zhengzhou University (19, 30.6%); Xiangya Hospital Central South University (8, 12.9%); Lancaster University (7, 11.3%)"
81,61,Research Institute of Physical Chemical Medicine,8,0.13114754098360656,"Research Institute of Physical Chemical Medicine (8, 13.1%); Nippon Sport Science University (7, 11.5%); Technical University of Munich (7, 11.5%)"
82,56,The Pennsylvania State University,10,0.17857142857142858,"The Pennsylvania State University (10, 17.9%); Oasi Maria SS (5, 8.9%); Centre Hospitalier Universitaire Dijon Bourgogne (4, 7.1%)"
83,55,Beijing University of Chinese Medicine,29,0.5272727272727272,"Beijing University of Chinese Medicine (29, 52.7%); Changsha Medical University (8, 14.5%); China Academy of Chinese Medical Sciences (8, 14.5%)"
84,54,Fujian Medical University,35,0.6481481481481481,"Fujian Medical University (35, 64.8%); Xiamen University (5, 9.3%); Union Hospital (4, 7.4%)"
85,49,Cornell University,28,0.5714285714285714,"Cornell University (28, 57.1%); Hospital for Special Surgery (14, 28.6%); Weill Medical College of Cornell University (3, 6.1%)"
86,49,First Affiliated Hospital of Guangzhou Medical University,24,0.4897959183673469,"First Affiliated Hospital of Guangzhou Medical University (24, 49.0%); Guangzhou Medical University (20, 40.8%); Chinese Academy of Medical Sciences & Peking Union Medical College (1, 2.0%)"
87,49,University Hospital Münster,17,0.3469387755102041,"University Hospital Münster (17, 34.7%); University of Münster (10, 20.4%); Rockefeller University (7, 14.3%)"
88,48,West China Hospital of Sichuan University,20,0.4166666666666667,"West China Hospital of Sichuan University (20, 41.7%); Sichuan University (9, 18.8%); Chinese People's Liberation Army (4, 8.3%)"
89,48,Southern Medical University,41,0.8541666666666666,"Southern Medical University (41, 85.4%); Nanfang Hospital (3, 6.2%); First Affiliated Hospital of Sun Yat-sen University (1, 2.1%)"
90,43,West China Hospital of Sichuan University,36,0.8372093023255814,"West China Hospital of Sichuan University (36, 83.7%); Sichuan University (3, 7.0%); Union Hospital Tongji Medical College Huazhong University of Science and Technology (2, 4.7%)"
91,43,Xiangya Hospital Central South University,25,0.5813953488372093,"Xiangya Hospital Central South University (25, 58.1%); Tianjin Medical University (4, 9.3%); University of South China (3, 7.0%)"
92,39,Zhongnan Hospital of Wuhan University,28,0.717948717948718,"Zhongnan Hospital of Wuhan University (28, 71.8%); Wuhan Central Hospital Affiliated to Tongji Medical College of Huazhong University of Science and Technology (3, 7.7%); Yuhuangding Hospital (3, 7.7%)"
93,38,Huma Therapeutics Ltd,21,0.5526315789473685,"Huma Therapeutics Ltd (21, 55.3%); Imperial College London (10, 26.3%); University of Oxford (3, 7.9%)"
94,38,Second Affiliated Hospital of Fujian Medical University,14,0.3684210526315789,"Second Affiliated Hospital of Fujian Medical University (14, 36.8%); Fujian Medical University (11, 28.9%); Beijing Tian Tan Hospital (7, 18.4%)"
95,37,Shanxi Medical University,27,0.7297297297297297,"Shanxi Medical University (27, 73.0%); Second Hospital of Shanxi Medical University (8, 21.6%); First Hospital of Shanxi Medical University (1, 2.7%)"
96,36,Jilin University,12,0.3333333333333333,"Jilin University (12, 33.3%); Shandong Provincial Hospital (8, 22.2%); Rechts der Isar Hospital (7, 19.4%)"
97,36,Yonsei University,21,0.5833333333333334,"Yonsei University (21, 58.3%); Seoul National University (3, 8.3%); Asan Medical Center (1, 2.8%)"
98,35,Ningxia Medical University,32,0.9142857142857143,"Ningxia Medical University (32, 91.4%); Ningxia Medical University General Hospital (2, 5.7%); Peking University First Hospital (1, 2.9%)"
99,34,Sun Yat-sen University,27,0.7941176470588235,"Sun Yat-sen University (27, 79.4%); Guangzhou Medical University (5, 14.7%); Capital Medical University (1, 2.9%)"
100,34,Beijing Anzhen Hospital,34,1.0,"Beijing Anzhen Hospital (34, 100.0%)"
101,33,University of Science and Technology of China,13,0.3939393939393939,"University of Science and Technology of China (13, 39.4%); Nanjing University (8, 24.2%); Nanjing University of Chinese Medicine (3, 9.1%)"
102,33,Second Xiangya Hospital of Central South University,19,0.5757575757575758,"Second Xiangya Hospital of Central South University (19, 57.6%); Xiangya Hospital Central South University (13, 39.4%); Wuhan No.1 Hospital (1, 3.0%)"
103,32,City Hospital No. 40,9,0.28125,"City Hospital No. 40 (9, 28.1%); St Petersburg University (7, 21.9%); Department of Genomic Medicine, D.O. Ott Research Institute of Obstetrics, Gynaecology, and Reproductology, 199034 St. Petersburg, Russia. (4, 12.5%)"
104,32,University of Chicago,13,0.40625,"University of Chicago (13, 40.6%); Robert H. Lurie Comprehensive Cancer Center (9, 28.1%); Canada's Michael Smith Genome Sciences Centre (2, 6.2%)"
105,31,Peking Union Medical College Hospital,22,0.7096774193548387,"Peking Union Medical College Hospital (22, 71.0%); Hong Kong University of Science and Technology (3, 9.7%); Capital Institute of Pediatrics (2, 6.5%)"
106,31,Zhejiang University,27,0.8709677419354839,"Zhejiang University (27, 87.1%); Second Affiliated Hospital of Zhejiang University School of Medicine (4, 12.9%)"
107,31,Fatty Acid Research Institute,10,0.3225806451612903,"Fatty Acid Research Institute (10, 32.3%); Saint Luke's Health System Inc (4, 12.9%); Pharmavite LLC (3, 9.7%)"
108,30,Sapienza University of Rome,19,0.6333333333333333,"Sapienza University of Rome (19, 63.3%); Washington University in St. Louis (5, 16.7%); Center for Outcomes Research and Clinical Epidemiology (2, 6.7%)"
109,29,First Affiliated Hospital of Guangzhou Medical University,16,0.5517241379310345,"First Affiliated Hospital of Guangzhou Medical University (16, 55.2%); Yunnan Cancer Hospital (4, 13.8%); Second Affiliated Hospital of Guangzhou Medical University (3, 10.3%)"
110,29,Xiangyang Central Hospital,16,0.5517241379310345,"Xiangyang Central Hospital (16, 55.2%); Wuhan University of Science and Technology (5, 17.2%); Chinese Academy of Medical Sciences & Peking Union Medical College (2, 6.9%)"
111,29,Beijing Friendship Hospital,20,0.6896551724137931,"Beijing Friendship Hospital (20, 69.0%); Beijing Anding Hospital (2, 6.9%); University of Lübeck (2, 6.9%)"
112,29,Anhui Medical University,15,0.5172413793103449,"Anhui Medical University (15, 51.7%); First Affiliated Hospital of Xiamen University (5, 17.2%); First Affiliated Hospital of Anhui Medical University (3, 10.3%)"
113,28,Union Hospital Tongji Medical College Huazhong University of Science and Technology,19,0.6785714285714286,"Union Hospital Tongji Medical College Huazhong University of Science and Technology (19, 67.9%); Chinese Academy of Medical Sciences (5, 17.9%); Fuwai Yunnan Cardiovascular Hospital (2, 7.1%)"
114,28,German Center for Neurodegenerative Diseases,18,0.6428571428571429,"German Center for Neurodegenerative Diseases (18, 64.3%); University of Bonn (5, 17.9%); Duke-NUS Medical School (3, 10.7%)"
115,27,Hasso Plattner Institute,9,0.3333333333333333,"Hasso Plattner Institute (9, 33.3%); Duke University (6, 22.2%); Max Delbrück Center for Molecular Medicine (3, 11.1%)"
116,27,Anhui Medical University,21,0.7777777777777778,"Anhui Medical University (21, 77.8%); First Affiliated Hospital of Anhui Medical University (5, 18.5%); Second Hospital of Anhui Medical University (1, 3.7%)"
117,26,Second Hospital of Anhui Medical University,21,0.8076923076923077,"Second Hospital of Anhui Medical University (21, 80.8%); Anhui Medical University (3, 11.5%); Department of Neurology, Shucheng People's Hospital, Lu'an, China. (1, 3.8%)"
118,26,University of Toronto,14,0.5384615384615384,"University of Toronto (14, 53.8%); Lunenfeld-Tanenbaum Research Institute (4, 15.4%); Washington University in St. Louis (3, 11.5%)"
119,25,Oklahoma State University,24,0.96,"Oklahoma State University (24, 96.0%); University of Tennessee Knoxville (1, 4.0%)"
120,25,University of Florida,23,0.92,"University of Florida (23, 92.0%); East China Normal University (1, 4.0%); Nvidia Corp (1, 4.0%)"
121,25,Sun Yat-sen University,20,0.8,"Sun Yat-sen University (20, 80.0%); First Affiliated Hospital of Sun Yat-sen University (5, 20.0%)"
122,24,Zhejiang University,22,0.9166666666666666,"Zhejiang University (22, 91.7%); Second Affiliated Hospital of Zhejiang University School of Medicine (1, 4.2%); Zhejiang Chinese Medical University (1, 4.2%)"
123,24,Chinese PLA General Hospital,9,0.375,"Chinese PLA General Hospital (9, 37.5%); Department of Clinical Research, Yikon Genomics Co., Ltd, Suzhou, Jiangsu, China (4, 16.7%); Affiliated Hospital of Youjiang Medical University for Nationalities (2, 8.3%)"
124,23,Harbin Medical University,20,0.8695652173913043,"Harbin Medical University (20, 87.0%); Kunming University of Science and Technology (1, 4.3%); Second Affiliated Hospital of Harbin Medical University (1, 4.3%)"
125,23,Tongji Hospital Affiliated to Tongji Medical College of Huazhong University of Science & Technology,12,0.5217391304347826,"Tongji Hospital Affiliated to Tongji Medical College of Huazhong University of Science & Technology (12, 52.2%); East China Normal University (8, 34.8%); Dalian Medical University (3, 13.0%)"
126,23,Wenzhou Medical University,12,0.5217391304347826,"Wenzhou Medical University (12, 52.2%); Second Affiliated Hospital & Yuying Children's Hospital of Wenzhou Medical University (8, 34.8%); First Affiliated Hospital of Wenzhou Medical University (1, 4.3%)"
127,22,Catholic University of Korea,9,0.4090909090909091,"Catholic University of Korea (9, 40.9%); Soonchunhyang University (9, 40.9%); Korea Advanced Institute of Science and Technology (2, 9.1%)"
128,22,biotx.ai GmbH,7,0.3181818181818182,"biotx.ai GmbH (7, 31.8%); 3Z, Menntavegur 1, Reykjavík, Iceland (4, 18.2%); University of Maryland, Baltimore (2, 9.1%)"
129,21,Second Xiangya Hospital of Central South University,20,0.9523809523809523,"Second Xiangya Hospital of Central South University (20, 95.2%); Karolinska Institutet (1, 4.8%)"
130,21,First Medical Center of PLA General Hospital,10,0.47619047619047616,"First Medical Center of PLA General Hospital (10, 47.6%); Chinese PLA General Hospital (7, 33.3%); Second Medical Center of PLA General Hospital (2, 9.5%)"
131,21,Sun Yat-sen University,19,0.9047619047619048,"Sun Yat-sen University (19, 90.5%); Eighth Affiliated Hospital of Sun Yat-sen University (1, 4.8%); Marche Polytechnic University (1, 4.8%)"
132,21,Yale New Haven Health System,10,0.47619047619047616,"Yale New Haven Health System (10, 47.6%); Yale University (8, 38.1%); Cornell University (1, 4.8%)"
133,21,Huashan Hospital,11,0.5238095238095238,"Huashan Hospital (11, 52.4%); Fudan University (5, 23.8%); Shanghai University of Sport (4, 19.0%)"
134,21,University of Copenhagen,18,0.8571428571428571,"University of Copenhagen (18, 85.7%); Gubra ApS (2, 9.5%); Novo Nordisk AS (1, 4.8%)"
135,21,National Heart Lung and Blood Institute,12,0.5714285714285714,"National Heart Lung and Blood Institute (12, 57.1%); University College London (5, 23.8%); Johns Hopkins University (3, 14.3%)"
136,21,Beijing Hospital,9,0.42857142857142855,"Beijing Hospital (9, 42.9%); Fuwai Hospital, CAMS&PUMC (4, 19.0%); Beijing Anzhen Hospital (2, 9.5%)"
137,21,Southwest Medical University,12,0.5714285714285714,"Southwest Medical University (12, 57.1%); Chengdu Integrated TCM and Western Medicine Hospital, (1, 4.8%); Chengdu Medical College (1, 4.8%)"
138,20,First Affiliated Hospital of Anhui Medical University,5,0.25,"First Affiliated Hospital of Anhui Medical University (5, 25.0%); First Affiliated Hospital of Soochow University (5, 25.0%); Hainan Modern Women and Children's Hospital (4, 20.0%)"
139,20,National Institute on Minority Health and Health Disparities,10,0.5,"National Institute on Minority Health and Health Disparities (10, 50.0%); Georgia Institute of Technology (5, 25.0%); IHRC (United States) (3, 15.0%)"
140,20,Second Affiliated Hospital of Xi'an Jiaotong University,18,0.9,"Second Affiliated Hospital of Xi'an Jiaotong University (18, 90.0%); Henan University of Science and Technology (1, 5.0%); Xi'an Jiaotong University (1, 5.0%)"
141,20,Instituto de Investigación Biomédica de A Coruña,6,0.3,"Instituto de Investigación Biomédica de A Coruña (6, 30.0%); University of A Coruña (5, 25.0%); IRCCS Ospedale San Raffaele (4, 20.0%)"
142,20,Chongqing Medical University,13,0.65,"Chongqing Medical University (13, 65.0%); Second Affiliated Hospital of Chongqing Medical University (5, 25.0%); Chongqing Center for Disease Control and Prevention, 400707, Chongqing, China (1, 5.0%)"
143,19,First Hospital of Jilin University,18,0.9473684210526315,"First Hospital of Jilin University (18, 94.7%); Second Affiliated Hospital of Jilin University (1, 5.3%)"
144,19,Juntendo University School of Medicine,7,0.3684210526315789,"Juntendo University School of Medicine (7, 36.8%); Juntendo University (6, 31.6%); The University of Tokyo (3, 15.8%)"
145,19,Sichuan University,12,0.631578947368421,"Sichuan University (12, 63.2%); West China Second University Hospital of Sichuan University (6, 31.6%); State Key Laboratory of Polymer Materials Engineering (1, 5.3%)"
146,19,Lanzhou University Second Hospital,10,0.5263157894736842,"Lanzhou University Second Hospital (10, 52.6%); Affiliated Hospital of North Sichuan Medical College (9, 47.4%)"
147,19,Anhui Medical University,16,0.8421052631578947,"Anhui Medical University (16, 84.2%); First Affiliated Hospital of Anhui Medical University (1, 5.3%); Johns Hopkins University (1, 5.3%)"
148,19,University of Oklahoma Health Sciences Center,16,0.8421052631578947,"University of Oklahoma Health Sciences Center (16, 84.2%); Central University of Punjab (1, 5.3%); Dayanand Medical College & Hospital (1, 5.3%)"
149,19,Shenzhen Maternity and Child Healthcare Hospital,12,0.631578947368421,"Shenzhen Maternity and Child Healthcare Hospital (12, 63.2%); Obstetrics and Gynecology Hospital of Fudan University (5, 26.3%); Fudan University (2, 10.5%)"
150,19,Helmholtz Zentrum München,14,0.7368421052631579,"Helmholtz Zentrum München (14, 73.7%); German Center for Lung Research (4, 21.1%); German Center for Neurodegenerative Diseases (1, 5.3%)"
151,19,Gifu University,12,0.631578947368421,"Gifu University (12, 63.2%); The University of Tokyo (2, 10.5%); Mie University (1, 5.3%)"
152,19,Washington University in St. Louis,4,0.21052631578947367,"Washington University in St. Louis (4, 21.1%); New York University (2, 10.5%); The University of Texas Southwestern Medical Center (2, 10.5%)"
153,18,Macao Polytechnic University,9,0.5,"Macao Polytechnic University (9, 50.0%); Peking Union Medical College Hospital (6, 33.3%); North China University of Science and Technology (1, 5.6%)"
154,18,University of Minnesota Twin Cities,16,0.8888888888888888,"University of Minnesota Twin Cities (16, 88.9%); Johns Hopkins University (1, 5.6%); University of Colorado Anschutz Medical Campus (1, 5.6%)"
155,18,Peking Union Medical College Hospital,5,0.2777777777777778,"Peking Union Medical College Hospital (5, 27.8%); Second Xiangya Hospital of Central South University (5, 27.8%); Beijing ClouDNA Technology Co Ltd, Beijing, China (3, 16.7%)"
156,18,Southern Medical University,9,0.5,"Southern Medical University (9, 50.0%); Guangdong Medical College (4, 22.2%); Maoming People's Hospital (2, 11.1%)"
157,18,Sun Yat-sen Memorial Hospital,12,0.6666666666666666,"Sun Yat-sen Memorial Hospital (12, 66.7%); Sun Yat-sen University (3, 16.7%); First Affiliated Hospital of Sun Yat-sen University (1, 5.6%)"
158,17,Yonsei University,14,0.8235294117647058,"Yonsei University (14, 82.4%); Korea Armed Forces Nursing Academy, Daejeon, Taejon-jikhalsi, Republic of Korea (2, 11.8%); Korea Food Research Institute (1, 5.9%)"
159,17,Second Xiangya Hospital of Central South University,5,0.29411764705882354,"Second Xiangya Hospital of Central South University (5, 29.4%); Affiliated Hospital of Southwest Medical University (4, 23.5%); Monash University (2, 11.8%)"
160,17,University of Modena and Reggio Emilia,14,0.8235294117647058,"University of Modena and Reggio Emilia (14, 82.4%); University of Padua (3, 17.6%)"
161,17,Peking University Cancer Hospital,16,0.9411764705882353,"Peking University Cancer Hospital (16, 94.1%); Zhejiang Cancer Hospital (1, 5.9%)"
162,17,University of Wisconsin-Madison,13,0.7647058823529411,"University of Wisconsin-Madison (13, 76.5%); Medical College of Wisconsin (2, 11.8%); Baylor College of Medicine (1, 5.9%)"
163,17,Indian Institute of Science Bangalore,17,1.0,"Indian Institute of Science Bangalore (17, 100.0%)"
164,17,HUN-REN Research Centre for Natural Sciences,5,0.29411764705882354,"HUN-REN Research Centre for Natural Sciences (5, 29.4%); Brain Imaging Centre, Research Centre for Natural Sciences, Budapest 1117, Hungary. (4, 23.5%); Brain Imaging Centre, Research Centre for Natural Sciences, 1117, Budapest, Hungary (3, 17.6%)"
165,17,Seoul National University,8,0.47058823529411764,"Seoul National University (8, 47.1%); Vietnam National University, Ho Chi Minh City (3, 17.6%); Hanoi Medical University (2, 11.8%)"
166,17,University of Hong Kong,13,0.7647058823529411,"University of Hong Kong (13, 76.5%); Snowhill Science Limited, Hong Kong, Hong Kong SAR, China (2, 11.8%); Chinese University of Hong Kong (1, 5.9%)"
167,17,First Hospital of Jilin University,17,1.0,"First Hospital of Jilin University (17, 100.0%)"
168,17,Xiangya Hospital Central South University,13,0.7647058823529411,"Xiangya Hospital Central South University (13, 76.5%); Central South University (2, 11.8%); The University of Texas Health Science Center at Houston (1, 5.9%)"
169,17,First Affiliated Hospital of Harbin Medical University,14,0.8235294117647058,"First Affiliated Hospital of Harbin Medical University (14, 82.4%); Second Affiliated Hospital of Harbin Medical University (2, 11.8%); Department of Orthopedics, 2nd Hospital of Mudanjiang People, Heilongjiang Province, China (1, 5.9%)"
170,16,Quadram Institute,3,0.1875,"Quadram Institute (3, 18.8%); Harare Central Hospital (2, 12.5%); National Health Laboratory Service (2, 12.5%)"
171,16,Beijing Anzhen Hospital,13,0.8125,"Beijing Anzhen Hospital (13, 81.2%); Army Medical University (1, 6.2%); Tongji Medical College of Huazhong University of Science and Technology (1, 6.2%)"
172,16,Institute for Stem Cell Biology and Regenerative Medicine,8,0.5,"Institute for Stem Cell Biology and Regenerative Medicine (8, 50.0%); Government Medical College (3, 18.8%); Centre for Cellular and Molecular Biology (1, 6.2%)"
173,16,Southern Medical University,14,0.875,"Southern Medical University (14, 87.5%); Guangdong Medical College (1, 6.2%); Jiangnan University (1, 6.2%)"
174,16,AstraZeneca UK Ltd,14,0.875,"AstraZeneca UK Ltd (14, 87.5%); AstraZeneca AB (1, 6.2%); University of Cambridge (1, 6.2%)"
175,16,University of Technology Sydney,12,0.75,"University of Technology Sydney (12, 75.0%); 23Strands, Pyrmont, Australia (2, 12.5%); Liverpool Hospital (1, 6.2%)"
176,16,West China Hospital of Sichuan University,7,0.4375,"West China Hospital of Sichuan University (7, 43.8%); China Academy of Chinese Medical Sciences (6, 37.5%); Chengdu University of Traditional Chinese Medicine (2, 12.5%)"
177,16,Chengdu University of Traditional Chinese Medicine,10,0.625,"Chengdu University of Traditional Chinese Medicine (10, 62.5%); Hospital of Chengdu University of Traditional Chinese (4, 25.0%); Guiyang Medical University (1, 6.2%)"
178,16,Institute of Genomics and Integrative Biology,13,0.8125,"Institute of Genomics and Integrative Biology (13, 81.2%); King Edward Memorial Hospital Research Centre (3, 18.8%)"
179,16,University of Washington,6,0.375,"University of Washington (6, 37.5%); Centro de Investigación Biomédica en Red de Cáncer (5, 31.2%); Institute for Research in Biomedicine (4, 25.0%)"
180,16,Tongji Hospital Affiliated to Tongji Medical College of Huazhong University of Science & Technology,15,0.9375,"Tongji Hospital Affiliated to Tongji Medical College of Huazhong University of Science & Technology (15, 93.8%); Zhongnan Hospital of Wuhan University (1, 6.2%)"
181,16,University of South China,11,0.6875,"University of South China (11, 68.8%); First Affiliated Hospital of Kunming Medical University (2, 12.5%); Second Affiliated Hospital of Kunming Medical College (2, 12.5%)"
182,16,The James Cancer Hospital,7,0.4375,"The James Cancer Hospital (7, 43.8%); Primary Endpoint Solutions, Watertown, MA; (2, 12.5%); The Ohio State University Wexner Medical Center (2, 12.5%)"
183,16,Beijing University of Technology,15,0.9375,"Beijing University of Technology (15, 93.8%); Central China Normal University (1, 6.2%)"
184,16,Xiangya Hospital Central South University,15,0.9375,"Xiangya Hospital Central South University (15, 93.8%); Central South University (1, 6.2%)"
185,16,University of Naples Federico II,12,0.75,"University of Naples Federico II (12, 75.0%); Albert Einstein College of Medicine (2, 12.5%); COMEGEN Primary Care Physician Cooperative, ASL Napoli 1 Centro, Italian Society of General Medicine (SIMG), Naples, Italy (1, 6.2%)"
186,15,National and Kapodistrian University of Athens,14,0.9333333333333333,"National and Kapodistrian University of Athens (14, 93.3%); King's College London (1, 6.7%)"
187,15,Fujian Medical University,6,0.4,"Fujian Medical University (6, 40.0%); Fujian University of Traditional Chinese Medicine (3, 20.0%); Zhongshan Hospital of Xiamen University (3, 20.0%)"
188,15,Hunan University of Traditional Chinese Medicine,14,0.9333333333333333,"Hunan University of Traditional Chinese Medicine (14, 93.3%); Vrije Universiteit Amsterdam (1, 6.7%)"
189,15,"Fuwai Hospital, CAMS&PUMC",15,1.0,"Fuwai Hospital, CAMS&PUMC (15, 100.0%)"
190,15,Duke University,8,0.5333333333333333,"Duke University (8, 53.3%); University of California, Irvine (3, 20.0%); North Carolina State University (2, 13.3%)"
191,15,First Affiliated Hospital of Harbin Medical University,15,1.0,"First Affiliated Hospital of Harbin Medical University (15, 100.0%)"
192,15,First Affiliated Hospital of Chongqing Medical University,9,0.6,"First Affiliated Hospital of Chongqing Medical University (9, 60.0%); Second Affiliated Hospital of Fujian Medical University (2, 13.3%); Union Hospital Tongji Medical College Huazhong University of Science and Technology (2, 13.3%)"
193,15,Nanjing Medical University,8,0.5333333333333333,"Nanjing Medical University (8, 53.3%); Lawrence Berkeley National Laboratory (2, 13.3%); State Key Laboratory of Reproductive Medicine (2, 13.3%)"
194,15,"Jawaharlal Nehru Medical College, Belgaum",2,0.13333333333333333,"Jawaharlal Nehru Medical College, Belgaum (2, 13.3%); 10Independent Researcher, Outcomes Research, Atlanta, United States (1, 6.7%); 6St Francis Hospital, Internal Medicine, Wilmington, United States (1, 6.7%)"
195,15,Xinjiang Medical University,8,0.5333333333333333,"Xinjiang Medical University (8, 53.3%); Xinjiang University (7, 46.7%)"
196,15,Zhejiang Chinese Medical University,13,0.8666666666666667,"Zhejiang Chinese Medical University (13, 86.7%); Hangzhou Hospital of Traditional Chinese Medicine, Zhejiang Chinese Medical University, Hangzhou, Zhejiang, China (1, 6.7%); The Third Affiliated Hospital of Zhejiang Chinese Medical University (1, 6.7%)"
197,15,Second Xiangya Hospital of Central South University,15,1.0,"Second Xiangya Hospital of Central South University (15, 100.0%)"
198,15,Center for Infection and Molecular Medicine and,9,0.6,"Center for Infection and Molecular Medicine and (9, 60.0%); Amsterdam University Medical Centers (3, 20.0%); Department of Internal Medicine, BovenIJ Hospital, Amsterdam, the Netherlands (1, 6.7%)"
199,15,Huashan Hospital,15,1.0,"Huashan Hospital (15, 100.0%)"
200,14,Affiliated Hospital of Xuzhou Medical College,7,0.5,"Affiliated Hospital of Xuzhou Medical College (7, 50.0%); Eighth Affiliated Hospital of Sun Yat-sen University (7, 50.0%)"
201,14,Central South University,13,0.9285714285714286,"Central South University (13, 92.9%); Hunan Provincial People's Hospital (1, 7.1%)"
202,14,Pitié-Salpêtrière Hospital,11,0.7857142857142857,"Pitié-Salpêtrière Hospital (11, 78.6%); French Institute for Research in Computer Science and Automation (1, 7.1%); Institut du Cerveau (1, 7.1%)"
203,14,Guangzhou University of Chinese Medicine,7,0.5,"Guangzhou University of Chinese Medicine (7, 50.0%); Anhui University of Traditional Chinese Medicine (4, 28.6%); Anhui Province Key Laboratory of Meridian Viscera Correlation Ship, Hefei, Anhui Province, China (1, 7.1%)"
204,14,Beijing University of Chinese Medicine,14,1.0,"Beijing University of Chinese Medicine (14, 100.0%)"
205,14,The University of Tokyo,10,0.7142857142857143,"The University of Tokyo (10, 71.4%); Tokyo Metropolitan Institute of Medical Science (3, 21.4%); Advanced Telecommunications Research Institute International (1, 7.1%)"
206,14,Michigan State University,14,1.0,"Michigan State University (14, 100.0%)"
207,14,Central South University,7,0.5,"Central South University (7, 50.0%); Second Xiangya Hospital of Central South University (6, 42.9%); Xiangya Hospital Central South University (1, 7.1%)"
208,14,Xi'an Jiaotong University,7,0.5,"Xi'an Jiaotong University (7, 50.0%); First Hospital of Jilin University (6, 42.9%); Guangzhou Medical University (1, 7.1%)"
209,14,Heilongjiang University of Chinese Medicine,12,0.8571428571428571,"Heilongjiang University of Chinese Medicine (12, 85.7%); First Affiliated Hospital of Heilongjiang University of Chinese Medicine (2, 14.3%)"
210,14,"Changping Laboratory, Beijing, China.",8,0.5714285714285714,"Changping Laboratory, Beijing, China. (8, 57.1%); Massachusetts General Hospital (2, 14.3%); Peking University (2, 14.3%)"
211,14,Allelica Inc,5,0.35714285714285715,"Allelica Inc (5, 35.7%); Allelica, Rome, Italy (2, 14.3%); Hartford Hospital (2, 14.3%)"
212,14,"Fauna Bio, Emeryville, California, United States",13,0.9285714285714286,"Fauna Bio, Emeryville, California, United States (13, 92.9%); University of California, San Diego (1, 7.1%)"
213,14,West China Hospital of Sichuan University,14,1.0,"West China Hospital of Sichuan University (14, 100.0%)"
214,14,Xiamen University,8,0.5714285714285714,"Xiamen University (8, 57.1%); Xiamen Medical College (5, 35.7%); Fujian Medical University (1, 7.1%)"
215,14,KU Leuven,5,0.35714285714285715,"KU Leuven (5, 35.7%); Universitair Ziekenhuis Leuven (3, 21.4%); University of Valencia (2, 14.3%)"
216,14,Southern Medical University,14,1.0,"Southern Medical University (14, 100.0%)"
217,13,University of Cambridge,4,0.3076923076923077,"University of Cambridge (4, 30.8%); King's College London (2, 15.4%); MRC Unit the Gambia (2, 15.4%)"
218,13,Hong Kong Baptist University,9,0.6923076923076923,"Hong Kong Baptist University (9, 69.2%); Chinese Academy of Sciences (1, 7.7%); Eye & ENT Hospital of Fudan University (1, 7.7%)"
219,13,Harbin Medical University,12,0.9230769230769231,"Harbin Medical University (12, 92.3%); Fred Hutchinson Cancer Center (1, 7.7%)"
220,13,Southern Medical University,10,0.7692307692307693,"Southern Medical University (10, 76.9%); Changsha Medical University (1, 7.7%); Jinan University (1, 7.7%)"
221,13,German Center for Lung Research,4,0.3076923076923077,"German Center for Lung Research (4, 30.8%); Helmholtz Zentrum München (4, 30.8%); Hans Knöll Institute (2, 15.4%)"
222,13,Tongji Hospital Affiliated to Tongji Medical College of Huazhong University of Science & Technology,10,0.7692307692307693,"Tongji Hospital Affiliated to Tongji Medical College of Huazhong University of Science & Technology (10, 76.9%); Tongji Medical College of Huazhong University of Science and Technology (2, 15.4%); Johns Hopkins University (1, 7.7%)"
223,13,Shanxi Medical University,9,0.6923076923076923,"Shanxi Medical University (9, 69.2%); First Hospital of Shanxi Medical University (3, 23.1%); Peking University People's Hospital (1, 7.7%)"
224,13,Moffitt Cancer Center,10,0.7692307692307693,"Moffitt Cancer Center (10, 76.9%); Emmes (United States) (1, 7.7%); Sidney Kimmel Comprehensive Cancer Center (1, 7.7%)"
225,13,Shaanxi Provincial People's Hospital,11,0.8461538461538461,"Shaanxi Provincial People's Hospital (11, 84.6%); Chengdu First Peoples Hospital (1, 7.7%); First Affiliated Hospital of Xi'an Jiaotong University (1, 7.7%)"
226,13,Jiangsu University,13,1.0,"Jiangsu University (13, 100.0%)"
227,13,Second Affiliated Hospital of Soochow University,7,0.5384615384615384,"Second Affiliated Hospital of Soochow University (7, 53.8%); The Second Affiliated Hospital of Nanjing Medical University (3, 23.1%); First People's Hospital of Kunshan (1, 7.7%)"
228,13,Vanderbilt University Medical Center,12,0.9230769230769231,"Vanderbilt University Medical Center (12, 92.3%); Vanderbilt University (1, 7.7%)"
229,13,First Affiliated Hospital of Chongqing Medical University,10,0.7692307692307693,"First Affiliated Hospital of Chongqing Medical University (10, 76.9%); Children's Hospital of Chongqing Medical University (1, 7.7%); Chongqing Medical University (1, 7.7%)"
230,13,Guangxi Medical University,13,1.0,"Guangxi Medical University (13, 100.0%)"
231,13,Shanghai Jiao Tong University,7,0.5384615384615384,"Shanghai Jiao Tong University (7, 53.8%); Longhua Hospital Shanghai University of Traditional Chinese Medicine (3, 23.1%); Chinese Center For Disease Control and Prevention (1, 7.7%)"
232,13,Central South University,5,0.38461538461538464,"Central South University (5, 38.5%); Third Affiliated Hospital of Guangzhou Medical University (4, 30.8%); Guangdong Medical College (2, 15.4%)"
233,13,"Molecular Immunity Unit, Department of Medicine, University of Cambridge, MRC Laboratory of Molecular Biology, Cambridge Biomedical Campus, Cambridge, CB2 0QH, UK.",10,0.7692307692307693,"Molecular Immunity Unit, Department of Medicine, University of Cambridge, MRC Laboratory of Molecular Biology, Cambridge Biomedical Campus, Cambridge, CB2 0QH, UK. (10, 76.9%); University of Cambridge (2, 15.4%); Addenbrooke's Hospital (1, 7.7%)"
234,13,Tongji Hospital Affiliated to Tongji Medical College of Huazhong University of Science & Technology,7,0.5384615384615384,"Tongji Hospital Affiliated to Tongji Medical College of Huazhong University of Science & Technology (7, 53.8%); Tongji Medical College of Huazhong University of Science and Technology (2, 15.4%); Shanxi Academy of Medical Sciences (1, 7.7%)"
235,13,Huashan Hospital,13,1.0,"Huashan Hospital (13, 100.0%)"
236,12,Shanghai Jiao Tong University,12,1.0,"Shanghai Jiao Tong University (12, 100.0%)"
237,12,Tongji Medical College of Huazhong University of Science and Technology,11,0.9166666666666666,"Tongji Medical College of Huazhong University of Science and Technology (11, 91.7%); Wuhan Central Hospital Affiliated to Tongji Medical College of Huazhong University of Science and Technology (1, 8.3%)"
238,12,Second Affiliated Hospital of Xi'an Jiaotong University,7,0.5833333333333334,"Second Affiliated Hospital of Xi'an Jiaotong University (7, 58.3%); Xi'an Jiaotong University (2, 16.7%); Northwest University (1, 8.3%)"
239,12,First Affiliated Hospital of Xi'an Jiaotong University,10,0.8333333333333334,"First Affiliated Hospital of Xi'an Jiaotong University (10, 83.3%); Xi'an Jiaotong University (2, 16.7%)"
240,12,Affiliated Hospital of Guangdong Medical University,12,1.0,"Affiliated Hospital of Guangdong Medical University (12, 100.0%)"
241,12,Eye & ENT Hospital of Fudan University,10,0.8333333333333334,"Eye & ENT Hospital of Fudan University (10, 83.3%); Fudan University (2, 16.7%)"
242,12,Shandong First Medical University & Shandong Academy of Medical Sciences,9,0.75,"Shandong First Medical University & Shandong Academy of Medical Sciences (9, 75.0%); Affiliated Hospital of Shandong University of Traditional Chinese Medicine (1, 8.3%); Macau University of Science and Technology (1, 8.3%)"
243,12,Second Affiliated Hospital of Xi'an Jiaotong University,12,1.0,"Second Affiliated Hospital of Xi'an Jiaotong University (12, 100.0%)"
244,12,West China Hospital of Sichuan University,6,0.5,"West China Hospital of Sichuan University (6, 50.0%); First Affiliated Hospital of Sun Yat-sen University (4, 33.3%); Second Xiangya Hospital of Central South University (1, 8.3%)"
245,12,Shanghai Jiao Tong University,10,0.8333333333333334,"Shanghai Jiao Tong University (10, 83.3%); University of Illinois at Urbana-Champaign (2, 16.7%)"
246,12,Asan Medical Center,8,0.6666666666666666,"Asan Medical Center (8, 66.7%); Seoul National University (2, 16.7%); Gwangju Institute of Science and Technology (1, 8.3%)"
247,12,Washington University in St. Louis,9,0.75,"Washington University in St. Louis (9, 75.0%); Johns Hopkins University (1, 8.3%); Medical College of Wisconsin (1, 8.3%)"
248,12,First Affiliated Hospital of Anhui Medical University,8,0.6666666666666666,"First Affiliated Hospital of Anhui Medical University (8, 66.7%); The First People's Hospital of Changzhou (4, 33.3%)"
249,12,Dascena Inc,6,0.5,"Dascena Inc (6, 50.0%); Montera, Inc. dba Forta, 548 Market St, PMB 89605, San Francisco, CA 94104-5401, USA. (6, 50.0%)"
250,12,Jiangnan University,8,0.6666666666666666,"Jiangnan University (8, 66.7%); Nanjing Medical University (2, 16.7%); Southeast University (1, 8.3%)"
251,12,Chongqing Medical University,11,0.9166666666666666,"Chongqing Medical University (11, 91.7%); First Affiliated Hospital of Chongqing Medical University (1, 8.3%)"
252,12,Tohoku University,8,0.6666666666666666,"Tohoku University (8, 66.7%); National Center for Global Health and Medicine (3, 25.0%); Kyoto University (1, 8.3%)"
253,12,The Wallace H. Coulter Department of Biomedical Engineering at Georgia Tech and Emory University,9,0.75,"The Wallace H. Coulter Department of Biomedical Engineering at Georgia Tech and Emory University (9, 75.0%); University of Alabama at Birmingham (2, 16.7%); Emory University (1, 8.3%)"
254,12,Third Xiangya Hospital,9,0.75,"Third Xiangya Hospital (9, 75.0%); Central South University (1, 8.3%); Hunan University of Traditional Chinese Medicine (1, 8.3%)"
255,12,Renmin Hospital of Wuhan University,12,1.0,"Renmin Hospital of Wuhan University (12, 100.0%)"
256,12,Shanghai Jiao Tong University,10,0.8333333333333334,"Shanghai Jiao Tong University (10, 83.3%); Fudan University (2, 16.7%)"
257,12,Teikyo University,7,0.5833333333333334,"Teikyo University (7, 58.3%); Tokyo Women's Medical University (3, 25.0%); Institute of Molecular Function, Misato-shi, Japan (1, 8.3%)"
258,12,Sichuan University,9,0.75,"Sichuan University (9, 75.0%); West China Second University Hospital of Sichuan University (3, 25.0%)"
259,12,Zhongda Hospital Southeast University,7,0.5833333333333334,"Zhongda Hospital Southeast University (7, 58.3%); Nanjing Medical University (5, 41.7%)"
260,12,Second Xiangya Hospital of Central South University,11,0.9166666666666666,"Second Xiangya Hospital of Central South University (11, 91.7%); Third Xiangya Hospital (1, 8.3%)"
261,12,Eighth Affiliated Hospital of Sun Yat-sen University,11,0.9166666666666666,"Eighth Affiliated Hospital of Sun Yat-sen University (11, 91.7%); Shantou Central Hospital (1, 8.3%)"
262,12,Wenzhou Medical University,7,0.5833333333333334,"Wenzhou Medical University (7, 58.3%); Tongde Hospital of Zhejiang Province (5, 41.7%)"
263,12,Southern Medical University,11,0.9166666666666666,"Southern Medical University (11, 91.7%); Hong Kong Polytechnic University (1, 8.3%)"
264,12,University of South China,6,0.5,"University of South China (6, 50.0%); Second Xiangya Hospital of Central South University (2, 16.7%); Guangzhou Medical University (1, 8.3%)"
265,11,First Affiliated Hospital of Guangzhou Medical University,10,0.9090909090909091,"First Affiliated Hospital of Guangzhou Medical University (10, 90.9%); Guangzhou Medical University (1, 9.1%)"
266,11,Institute of Biochemistry,7,0.6363636363636364,"Institute of Biochemistry (7, 63.6%); Biological Research Centre (3, 27.3%); University of Szeged (1, 9.1%)"
267,11,Peking University First Hospital,11,1.0,"Peking University First Hospital (11, 100.0%)"
268,11,Chengdu University of Traditional Chinese Medicine,7,0.6363636363636364,"Chengdu University of Traditional Chinese Medicine (7, 63.6%); Hospital of Chengdu University of Traditional Chinese (3, 27.3%); West China Hospital of Sichuan University (1, 9.1%)"
269,11,Central South University,3,0.2727272727272727,"Central South University (3, 27.3%); Chongqing University (3, 27.3%); Guangdong Medical College (3, 27.3%)"
270,11,Wellcome Sanger Institute,5,0.45454545454545453,"Wellcome Sanger Institute (5, 45.5%); University College London (4, 36.4%); Monash University (1, 9.1%)"
271,11,University of Calgary,9,0.8181818181818182,"University of Calgary (9, 81.8%); Alberta Children's Hospital Research Institute (2, 18.2%)"
272,11,Southern Medical University,11,1.0,"Southern Medical University (11, 100.0%)"
273,11,Tsinghua University,10,0.9090909090909091,"Tsinghua University (10, 90.9%); East China University of Science and Technology (1, 9.1%)"
274,11,Tianjin Medical University Eye Hospital,6,0.5454545454545454,"Tianjin Medical University Eye Hospital (6, 54.5%); University of Minnesota Twin Cities (2, 18.2%); Central Hospital of Zibo (1, 9.1%)"
275,11,Shaoxing People's Hospital,11,1.0,"Shaoxing People's Hospital (11, 100.0%)"
276,11,The People's Hospital of Guangxi Zhuang Autonomous Region,6,0.5454545454545454,"The People's Hospital of Guangxi Zhuang Autonomous Region (6, 54.5%); Guangxi Medical University (4, 36.4%); Department of Radiation, Jiangbin Hospital of Guangxi Zhuang Autonomous Region, Nanning, China (1, 9.1%)"
277,11,China Medical University Hospital,9,0.8181818181818182,"China Medical University Hospital (9, 81.8%); Asia University (2, 18.2%)"
278,11,First Hospital of Jilin University,11,1.0,"First Hospital of Jilin University (11, 100.0%)"
279,11,Southern Medical University,11,1.0,"Southern Medical University (11, 100.0%)"
280,11,Chongqing Medical University,11,1.0,"Chongqing Medical University (11, 100.0%)"
281,11,UNSW Sydney,5,0.45454545454545453,"UNSW Sydney (5, 45.5%); Neuroscience Research Australia (3, 27.3%); Caritas Institute of Higher Education (1, 9.1%)"
282,11,Stanford University,5,0.45454545454545453,"Stanford University (5, 45.5%); Clemson University (2, 18.2%); Kunming Institute of Zoology (2, 18.2%)"
283,11,Baoji Gaoxin Hospital,10,0.9090909090909091,"Baoji Gaoxin Hospital (10, 90.9%); Department of Oncology, Baoji Gaoxin Hospital, No.19, Gaoxin 4 Road, Gaoxin District, 721000, Baoji, Shaanxi Province, China (1, 9.1%)"
284,11,Technical University of Munich,7,0.6363636363636364,"Technical University of Munich (7, 63.6%); Ludwig-Maximilians-Universität München (2, 18.2%); LMU Klinikum (1, 9.1%)"
285,11,Yonsei University,8,0.7272727272727273,"Yonsei University (8, 72.7%); Daegu University (1, 9.1%); Emory University (1, 9.1%)"
286,11,Jiangsu Province Hospital,11,1.0,"Jiangsu Province Hospital (11, 100.0%)"
287,11,Shandong University of Traditional Chinese Medicine,9,0.8181818181818182,"Shandong University of Traditional Chinese Medicine (9, 81.8%); Affiliated Hospital of Shandong University of Traditional Chinese Medicine (1, 9.1%); Weifang Chinese Medicine Hospital (1, 9.1%)"
288,11,Tongji Hospital Affiliated to Tongji Medical College of Huazhong University of Science & Technology,11,1.0,"Tongji Hospital Affiliated to Tongji Medical College of Huazhong University of Science & Technology (11, 100.0%)"
289,10,Guangxi Medical University,10,1.0,"Guangxi Medical University (10, 100.0%)"
290,10,Peking University Shenzhen Hospital,9,0.9,"Peking University Shenzhen Hospital (9, 90.0%); Capital Medical University (1, 10.0%)"
291,10,Xiangya Hospital Central South University,8,0.8,"Xiangya Hospital Central South University (8, 80.0%); Shanghai East Hospital (1, 10.0%); The First Hospital of Changsha (1, 10.0%)"
292,10,Fourth Affiliated Hospital of Harbin Medical University,10,1.0,"Fourth Affiliated Hospital of Harbin Medical University (10, 100.0%)"
293,10,First Affiliated Hospital of Harbin Medical University,10,1.0,"First Affiliated Hospital of Harbin Medical University (10, 100.0%)"
294,10,Zhejiang University,8,0.8,"Zhejiang University (8, 80.0%); University of Technology Malaysia (1, 10.0%); Zhejiang Chinese Medical University (1, 10.0%)"
295,10,The People's Hospital of Guangxi Zhuang Autonomous Region,10,1.0,"The People's Hospital of Guangxi Zhuang Autonomous Region (10, 100.0%)"
296,10,Central South University,4,0.4,"Central South University (4, 40.0%); Xiangya Hospital Central South University (3, 30.0%); University of Missouri-Columbia (2, 20.0%)"
297,10,Wuhan No.1 Hospital,10,1.0,"Wuhan No.1 Hospital (10, 100.0%)"
298,10,Qilu Hospital of Shandong University,10,1.0,"Qilu Hospital of Shandong University (10, 100.0%)"
299,10,University of Pittsburgh,8,0.8,"University of Pittsburgh (8, 80.0%); University of Strasbourg (1, 10.0%); University of Wisconsin-Madison (1, 10.0%)"
300,10,State Key Laboratory of Kidney Diseases,8,0.8,"State Key Laboratory of Kidney Diseases (8, 80.0%); Chinese People's Liberation Army (1, 10.0%); Nankai University (1, 10.0%)"
301,10,Hangzhou Normal University,5,0.5,"Hangzhou Normal University (5, 50.0%); Women's Hospital Zhejiang University School of Medicine (4, 40.0%); Hangzhou Vocational and Technical College (1, 10.0%)"
302,10,Chongqing Medical University,8,0.8,"Chongqing Medical University (8, 80.0%); Department of Ophthalmology, The People's Hospital of Tongliang District, Chongqing, China. (2, 20.0%)"
303,10,Longhua District Central Hospital,8,0.8,"Longhua District Central Hospital (8, 80.0%); Nanjing University (2, 20.0%)"
304,10,Changhai Hospital,8,0.8,"Changhai Hospital (8, 80.0%); Shanghai Jiao Tong University (2, 20.0%)"
305,10,Southern Medical University,10,1.0,"Southern Medical University (10, 100.0%)"
306,10,Karolinska Institutet,7,0.7,"Karolinska Institutet (7, 70.0%); Karolinska Institute Department of Clinical Sciences Danderyd Hospital: Karolinska Institutet Institutionen for kliniska vetenskaper Danderyds sjukhus (1, 10.0%); Linköping University (1, 10.0%)"
307,10,Shandong Provincial Hospital,7,0.7,"Shandong Provincial Hospital (7, 70.0%); Department of Orthopedics, Cangzhou hospital of integrated TCM-WM, Cangzhou, Hebei, China (1, 10.0%); Shandong Tumor Hospital (1, 10.0%)"
308,10,Zhejiang University,7,0.7,"Zhejiang University (7, 70.0%); Zhejiang Chinese Medical University (3, 30.0%)"
309,10,Tianjin University of Traditional Chinese Medicine,8,0.8,"Tianjin University of Traditional Chinese Medicine (8, 80.0%); Chiba Cancer Center (1, 10.0%); Guangzhou University of Chinese Medicine (1, 10.0%)"
310,10,Shenzhen Second People's Hospital,10,1.0,"Shenzhen Second People's Hospital (10, 100.0%)"
311,10,University of Palermo,10,1.0,"University of Palermo (10, 100.0%)"
312,10,Xiangya Hospital Central South University,7,0.7,"Xiangya Hospital Central South University (7, 70.0%); Central South University (3, 30.0%)"
313,10,Imperial College London,6,0.6,"Imperial College London (6, 60.0%); Charing Cross Hospital (4, 40.0%)"
314,10,Obstetrics and Gynecology Hospital of Fudan University,6,0.6,"Obstetrics and Gynecology Hospital of Fudan University (6, 60.0%); Jiangsu Province Hospital (2, 20.0%); Affiliated Hospital of Zunyi Medical College (1, 10.0%)"
315,10,University of Sassari,5,0.5,"University of Sassari (5, 50.0%); Cancer Hospital of Shantou University Medical College (4, 40.0%); Second Affiliated Hospital of Shantou University Medical College (1, 10.0%)"
316,10,Yonsei University,8,0.8,"Yonsei University (8, 80.0%); CHA Bundang Medical Center (2, 20.0%)"
317,10,Peking University First Hospital,9,0.9,"Peking University First Hospital (9, 90.0%); Peking University (1, 10.0%)"
318,10,Third Affiliated Hospital of Harbin Medical University,5,0.5,"Third Affiliated Hospital of Harbin Medical University (5, 50.0%); First Affiliated Hospital of GuangXi Medical University (4, 40.0%); University of Otago (1, 10.0%)"
319,10,Simon Fraser University,6,0.6,"Simon Fraser University (6, 60.0%); Memorial University of Newfoundland (2, 20.0%); University of British Columbia (1, 10.0%)"
320,10,Columbia University,7,0.7,"Columbia University (7, 70.0%); New York Genome Center (2, 20.0%); KU Leuven (1, 10.0%)"
321,10,Chinese Academy of Medical Sciences & Peking Union Medical College,9,0.9,"Chinese Academy of Medical Sciences & Peking Union Medical College (9, 90.0%); Capital Medical University (1, 10.0%)"
322,10,Riga Stradiņš University,10,1.0,"Riga Stradiņš University (10, 100.0%)"
323,10,Air Force Medical University,10,1.0,"Air Force Medical University (10, 100.0%)"
324,10,Second Hospital of Hebei Medical University,8,0.8,"Second Hospital of Hebei Medical University (8, 80.0%); Hebei Medical University (1, 10.0%); Xingtai Medical College (1, 10.0%)"
325,10,Unknown institution,5,0.5,"Unknown institution (5, 50.0%); Deakin University (4, 40.0%); Nottingham Trent University (1, 10.0%)"
326,10,University of Toronto,10,1.0,"University of Toronto (10, 100.0%)"
327,10,Nanjing Medical University,8,0.8,"Nanjing Medical University (8, 80.0%); Nanjing Normal University (2, 20.0%)"
328,10,北京大学公共卫生学院流行病与卫生统计学系，北京 100191,10,1.0,"北京大学公共卫生学院流行病与卫生统计学系，北京 100191 (10, 100.0%)"
329,10,University of Liverpool,7,0.7,"University of Liverpool (7, 70.0%); National Maternity Hospital (2, 20.0%); Queen's University Belfast (1, 10.0%)"
330,10,Southern Medical University,10,1.0,"Southern Medical University (10, 100.0%)"
331,10,Air Force Medical University,10,1.0,"Air Force Medical University (10, 100.0%)"
332,10,Wythenshawe Hospital,3,0.3,"Wythenshawe Hospital (3, 30.0%); Manchester Cancer Research Centre (2, 20.0%); Cancer Research UK Liverpool Cancer Trials Unit, L69 3GL, Liverpool, UK (1, 10.0%)"
333,10,Zhejiang Chinese Medical University,9,0.9,"Zhejiang Chinese Medical University (9, 90.0%); Anji County Hospital of Chinese Medicine (1, 10.0%)"
334,10,Genoplan Korea Inc,10,1.0,"Genoplan Korea Inc (10, 100.0%)"
335,10,Chinese Academy of Medical Sciences,6,0.6,"Chinese Academy of Medical Sciences (6, 60.0%); West China Hospital of Sichuan University (3, 30.0%); Peking Union Medical College Hospital (1, 10.0%)"
336,10,Nazareth Hospital,3,0.3,"Nazareth Hospital (3, 30.0%); St. Mary Medical Center (2, 20.0%); West Virginia University (2, 20.0%)"
337,10,"NMC Genetics India Pvt. Ltd. Gurugram, 122001, Haryana, India",4,0.4,"NMC Genetics India Pvt. Ltd. Gurugram, 122001, Haryana, India (4, 40.0%); Lovely Professional University (3, 30.0%); Army Hospital Research and Referral (1, 10.0%)"
338,10,Sir Run Run Shaw Hospital of Zhejiang University School of Medicine,5,0.5,"Sir Run Run Shaw Hospital of Zhejiang University School of Medicine (5, 50.0%); Second Affiliated Hospital of Zhejiang University School of Medicine (3, 30.0%); Department of Rehabilitation, Wenzhou Hospital of Integrated Traditional Chinese and Western Medicine, 325000, Wenzhou, China (1, 10.0%)"
339,10,Central South University,5,0.5,"Central South University (5, 50.0%); Xiangya Hospital Central South University (4, 40.0%); The First Hospital of Changsha (1, 10.0%)"
340,10,Jeonbuk National University,4,0.4,"Jeonbuk National University (4, 40.0%); Basgenbio Inc., Seoul, Republic of Korea (3, 30.0%); Basgenbio, Seoul, South Korea. (2, 20.0%)"
341,9,"Etiome Inc, Cambridge, MA;",3,0.3333333333333333,"Etiome Inc, Cambridge, MA; (3, 33.3%); Flagship Pioneering Inc (3, 33.3%); Vanderbilt University Medical Center (3, 33.3%)"
342,9,Capital Medical University,9,1.0,"Capital Medical University (9, 100.0%)"
343,9,Xi'an Jiaotong University,9,1.0,"Xi'an Jiaotong University (9, 100.0%)"
344,9,Evotec SE,9,1.0,"Evotec SE (9, 100.0%)"
345,9,University of Toronto,9,1.0,"University of Toronto (9, 100.0%)"
346,9,Kursk State Medical University,7,0.7777777777777778,"Kursk State Medical University (7, 77.8%); Belgorod National Research University (1, 11.1%); Department of General Hygiene, 3 Karl Marx Street, Kursk 305041, Russian Federation. (1, 11.1%)"
347,9,First Affiliated Hospital of Guangzhou Medical University,7,0.7777777777777778,"First Affiliated Hospital of Guangzhou Medical University (7, 77.8%); Guangzhou Medical University (2, 22.2%)"
348,9,Shanghai East Hospital,9,1.0,"Shanghai East Hospital (9, 100.0%)"
349,9,University of Oxford,3,0.3333333333333333,"University of Oxford (3, 33.3%); Leiden University Medical Center (2, 22.2%); NIHR Oxford Musculoskeletal Biomedical Research Centre (1, 11.1%)"
350,9,Zhejiang University,9,1.0,"Zhejiang University (9, 100.0%)"
351,9,Ningbo University,9,1.0,"Ningbo University (9, 100.0%)"
352,9,First Hospital of Jilin University,9,1.0,"First Hospital of Jilin University (9, 100.0%)"
353,9,Guangzhou University of Chinese Medicine,7,0.7777777777777778,"Guangzhou University of Chinese Medicine (7, 77.8%); Chongqing Traditional Chinese Medicine Hospital (1, 11.1%); College of Traditional Chinese Medicine, Zhanjiang University of Science and Technology, Zhanjiang, Guangdong, China (1, 11.1%)"
354,9,Cleveland Clinic,7,0.7777777777777778,"Cleveland Clinic (7, 77.8%); Herbert Irving Comprehensive Cancer Center (2, 22.2%)"
355,9,First Hospital of China Medical University,9,1.0,"First Hospital of China Medical University (9, 100.0%)"
356,9,First Hospital of China Medical University,9,1.0,"First Hospital of China Medical University (9, 100.0%)"
357,9,University of Arkansas for Medical Sciences,7,0.7777777777777778,"University of Arkansas for Medical Sciences (7, 77.8%); Universidade de São Paulo (1, 11.1%); Unknown institution (1, 11.1%)"
358,9,Newcastle University,4,0.4444444444444444,"Newcastle University (4, 44.4%); Royal Victoria Infirmary (2, 22.2%); Harvard University (1, 11.1%)"
359,9,Xi'an Jiaotong University,7,0.7777777777777778,"Xi'an Jiaotong University (7, 77.8%); Second Affiliated Hospital of Xi'an Jiaotong University (2, 22.2%)"
360,9,Sichuan Peoples Hospital of Sichuan Academy of Medical Sciences,5,0.5555555555555556,"Sichuan Peoples Hospital of Sichuan Academy of Medical Sciences (5, 55.6%); University of Electronic Science and Technology of China (3, 33.3%); Sichuan Academy of Medical Sciences & Sichuan Provincial People's Hospital (1, 11.1%)"
361,9,"University of California, Los Angeles",4,0.4444444444444444,"University of California, Los Angeles (4, 44.4%); Duke University (3, 33.3%); Medical University of South Carolina (2, 22.2%)"
362,9,University of Southampton,7,0.7777777777777778,"University of Southampton (7, 77.8%); AIT Austrian Institute of Technology GmbH (1, 11.1%); Nikon X Tek Systems Ltd (1, 11.1%)"
363,9,Taipei Medical University,5,0.5555555555555556,"Taipei Medical University (5, 55.6%); Hanyang University (2, 22.2%); Institute of Biomedical Sciences, Academia Sinica (1, 11.1%)"
364,9,Zhejiang University,9,1.0,"Zhejiang University (9, 100.0%)"
365,9,Nanchang University,6,0.6666666666666666,"Nanchang University (6, 66.7%); Central South University (2, 22.2%); First Affiliated Hospital of Nanchang University (1, 11.1%)"
366,9,Ada Health GmbH,8,0.8888888888888888,"Ada Health GmbH (8, 88.9%); University Hospital Carl Gustav Carus (1, 11.1%)"
367,9,First Affiliated Hospital of Anhui Medical University,9,1.0,"First Affiliated Hospital of Anhui Medical University (9, 100.0%)"
368,9,Second Hospital of Anhui Medical University,9,1.0,"Second Hospital of Anhui Medical University (9, 100.0%)"
369,9,中山大学附属第三医院耳鼻咽喉-头颈外科，广州 510630,9,1.0,"中山大学附属第三医院耳鼻咽喉-头颈外科，广州 510630 (9, 100.0%)"
370,9,Huadong Hospital,8,0.8888888888888888,"Huadong Hospital (8, 88.9%); Shanghai Jiao Tong University (1, 11.1%)"
371,9,First Affiliated Hospital of Zhengzhou University,7,0.7777777777777778,"First Affiliated Hospital of Zhengzhou University (7, 77.8%); Nanjing Medical University (1, 11.1%); Sixth Medical Center of PLA General Hospital (1, 11.1%)"
372,9,First Affiliated Hospital of Guangzhou University of Chinese Medicine,3,0.3333333333333333,"First Affiliated Hospital of Guangzhou University of Chinese Medicine (3, 33.3%); Guangzhou University of Chinese Medicine (3, 33.3%); Hongdu traditional Chinese Medicine Hospital, Nanchang, Jiangxi, China (1, 11.1%)"
373,9,Zhejiang Chinese Medical University,8,0.8888888888888888,"Zhejiang Chinese Medical University (8, 88.9%); Sun Yat-sen University (1, 11.1%)"
374,9,First Hospital of Jilin University,9,1.0,"First Hospital of Jilin University (9, 100.0%)"
375,9,Affiliated Hospital of North Sichuan Medical College,8,0.8888888888888888,"Affiliated Hospital of North Sichuan Medical College (8, 88.9%); Department of Urology, Langzhong People’s Hospital, Langzhong, China, ; (1, 11.1%)"
376,9,Peking University First Hospital,7,0.7777777777777778,"Peking University First Hospital (7, 77.8%); Peking University (2, 22.2%)"
377,9,Anhui Medical University,4,0.4444444444444444,"Anhui Medical University (4, 44.4%); Chaohu Hospital of Anhui Medical University (3, 33.3%); First Affiliated Hospital of Anhui Medical University (1, 11.1%)"
378,9,Shaoxing University,3,0.3333333333333333,"Shaoxing University (3, 33.3%); Zhejiang University (3, 33.3%); Shaoxing People's Hospital (2, 22.2%)"
379,9,Amsterdam Neuroscience,5,0.5555555555555556,"Amsterdam Neuroscience (5, 55.6%); Murdoch Children's Research Institute (2, 22.2%); Amsterdam University Medical Centers (1, 11.1%)"
380,9,Peking University,6,0.6666666666666666,"Peking University (6, 66.7%); Guangzhou Medical University (1, 11.1%); Suzhou Guangji Hospital (1, 11.1%)"
381,9,Sun Yat-sen University,8,0.8888888888888888,"Sun Yat-sen University (8, 88.9%); Des Moines University (1, 11.1%)"
382,9,Union Hospital Tongji Medical College Huazhong University of Science and Technology,9,1.0,"Union Hospital Tongji Medical College Huazhong University of Science and Technology (9, 100.0%)"
383,9,Hunan University of Traditional Chinese Medicine,8,0.8888888888888888,"Hunan University of Traditional Chinese Medicine (8, 88.9%); Zhejiang Chinese Medical University (1, 11.1%)"
384,9,Fujian Provincial Hospital,4,0.4444444444444444,"Fujian Provincial Hospital (4, 44.4%); Union Hospital (4, 44.4%); Fujian Medical University (1, 11.1%)"
385,9,South China University of Technology,6,0.6666666666666666,"South China University of Technology (6, 66.7%); Cleveland Clinic (1, 11.1%); Guangzhou Medical University (1, 11.1%)"
386,9,"Maternal and Child Healthcare Hospital of Longhua District, Shenzhen, China",6,0.6666666666666666,"Maternal and Child Healthcare Hospital of Longhua District, Shenzhen, China (6, 66.7%); Sun Yat-sen University (3, 33.3%)"
387,9,Shanghai Jiao Tong University,8,0.8888888888888888,"Shanghai Jiao Tong University (8, 88.9%); Eye & ENT Hospital of Fudan University (1, 11.1%)"
388,9,Jilin University,5,0.5555555555555556,"Jilin University (5, 55.6%); First Hospital of Jilin University (4, 44.4%)"
389,9,Chengdu University of Traditional Chinese Medicine,8,0.8888888888888888,"Chengdu University of Traditional Chinese Medicine (8, 88.9%); Guangxi University (1, 11.1%)"
390,9,Norfolk and Norwich University Hospital,5,0.5555555555555556,"Norfolk and Norwich University Hospital (5, 55.6%); University of East Anglia (3, 33.3%); Quadram Institute (1, 11.1%)"
391,9,Second Affiliated Hospital of Nanchang University,9,1.0,"Second Affiliated Hospital of Nanchang University (9, 100.0%)"
392,9,Guangzhou University of Chinese Medicine,9,1.0,"Guangzhou University of Chinese Medicine (9, 100.0%)"
393,9,National Taiwan University,4,0.4444444444444444,"National Taiwan University (4, 44.4%); Taipei Medical University (3, 33.3%); Chang Gung Memorial Hospital (1, 11.1%)"
394,9,Beijing Chao-Yang Hospital,9,1.0,"Beijing Chao-Yang Hospital (9, 100.0%)"
395,9,Baycrest Centre for Geriatric Care,9,1.0,"Baycrest Centre for Geriatric Care (9, 100.0%)"
396,9,The University of Osaka,9,1.0,"The University of Osaka (9, 100.0%)"
397,9,Second Affiliated Hospital of Kunming Medical College,6,0.6666666666666666,"Second Affiliated Hospital of Kunming Medical College (6, 66.7%); Department of Urology, 920th Hospital of Joint Logistics Support Force of Chinese People's Liberation Army, Kunming, Yunnan Province, China. (1, 11.1%); Kunming Medical University (1, 11.1%)"
398,9,Hospital of Chengdu University of Traditional Chinese,5,0.5555555555555556,"Hospital of Chengdu University of Traditional Chinese (5, 55.6%); Chengdu University of Traditional Chinese Medicine (2, 22.2%); Fuling District Hospital of Traditional Chinese Medicine (1, 11.1%)"
399,9,Tongji Hospital Affiliated to Tongji Medical College of Huazhong University of Science & Technology,9,1.0,"Tongji Hospital Affiliated to Tongji Medical College of Huazhong University of Science & Technology (9, 100.0%)"
400,9,Colgate University,9,1.0,"Colgate University (9, 100.0%)"
401,9,Lanzhou University Second Hospital,6,0.6666666666666666,"Lanzhou University Second Hospital (6, 66.7%); Lanzhou University (2, 22.2%); Department of Gastrointestinal Surgery, Jiangxi Province Hospital of Integrated Chinese and Western Medicine, Nanchang, Jiangxi, China (1, 11.1%)"
402,9,Suzhou Municipal Hospital,6,0.6666666666666666,"Suzhou Municipal Hospital (6, 66.7%); Jiangsu Province Hospital (1, 11.1%); Nanjing University (1, 11.1%)"
403,9,Peking University,8,0.8888888888888888,"Peking University (8, 88.9%); Peking University First Hospital (1, 11.1%)"
404,9,Yonsei University,7,0.7777777777777778,"Yonsei University (7, 77.8%); Korea Institute of Radiological and Medical Sciences (2, 22.2%)"
405,9,King Abdulaziz University,3,0.3333333333333333,"King Abdulaziz University (3, 33.3%); Shaqra University (2, 22.2%); Taibah University (2, 22.2%)"
406,9,China Academy of Chinese Medical Sciences,5,0.5555555555555556,"China Academy of Chinese Medical Sciences (5, 55.6%); Beijing University of Chinese Medicine (4, 44.4%)"
407,9,Huazhong Agricultural University,8,0.8888888888888888,"Huazhong Agricultural University (8, 88.9%); LongPing HighTech Maize Innovation Center, Zhengzhou 450041, China (1, 11.1%)"
408,9,Nankai University,6,0.6666666666666666,"Nankai University (6, 66.7%); Tianjin Medical University (3, 33.3%)"
409,9,Chengdu University of Traditional Chinese Medicine,6,0.6666666666666666,"Chengdu University of Traditional Chinese Medicine (6, 66.7%); Sichuan University (2, 22.2%); Chengdu Second People's Hospital (1, 11.1%)"
410,9,Beijing University of Chinese Medicine,8,0.8888888888888888,"Beijing University of Chinese Medicine (8, 88.9%); Rutgers, The State University of New Jersey (1, 11.1%)"
411,9,University of Massachusetts Chan Medical School,5,0.5555555555555556,"University of Massachusetts Chan Medical School (5, 55.6%); Nationwide Children's Hospital (3, 33.3%); Washington University in St. Louis (1, 11.1%)"
412,9,First Affiliated Hospital of Anhui Medical University,8,0.8888888888888888,"First Affiliated Hospital of Anhui Medical University (8, 88.9%); Second Hospital of Anhui Medical University (1, 11.1%)"
413,9,University of Arizona,7,0.7777777777777778,"University of Arizona (7, 77.8%); University of Kansas Medical Center (1, 11.1%); University of South Carolina (1, 11.1%)"
414,9,Unknown institution,8,0.8888888888888888,"Unknown institution (8, 88.9%); University of California, San Diego (1, 11.1%)"
415,9,Central South University,9,1.0,"Central South University (9, 100.0%)"
416,9,Southern Medical University,8,0.8888888888888888,"Southern Medical University (8, 88.9%); Department of Radiation Oncology, Yunfu People's Hospital, Yunfu, China (1, 11.1%)"
417,9,Université de Sherbrooke,4,0.4444444444444444,"Université de Sherbrooke (4, 44.4%); Université Côte d'Azur (3, 33.3%); Imeka Solutions Inc., Sherbrooke, QC, Canada (2, 22.2%)"
418,9,"Fuwai Hospital, CAMS&PUMC",8,0.8888888888888888,"Fuwai Hospital, CAMS&PUMC (8, 88.9%); Southern Medical University (1, 11.1%)"
419,9,Shenyang Medical College,8,0.8888888888888888,"Shenyang Medical College (8, 88.9%); Shenyang Center for Disease Control and Prevention (1, 11.1%)"
420,9,Shaoxing University,9,1.0,"Shaoxing University (9, 100.0%)"
421,9,Biomedical Research Foundation of the Academy of Athens,3,0.3333333333333333,"Biomedical Research Foundation of the Academy of Athens (3, 33.3%); National and Kapodistrian University of Athens (3, 33.3%); ANTISEL S.A., Athens, Greece (1, 11.1%)"
422,9,Al al-Bayt University,1,0.1111111111111111,"Al al-Bayt University (1, 11.1%); Al-Ahliyya Amman University (1, 11.1%); CSMIS Department, Oman College of Management and Technology, 320, Barka, Oman (1, 11.1%)"
423,9,University of Pittsburgh,7,0.7777777777777778,"University of Pittsburgh (7, 77.8%); Paradigm4, Inc., Suite 360, 281 Winter Street, Waltham, MA, 02451, USA (2, 22.2%)"
424,9,Xiyuan Hospital,6,0.6666666666666666,"Xiyuan Hospital (6, 66.7%); China Academy of Chinese Medical Sciences (2, 22.2%); China-Japan Friendship Hospital (1, 11.1%)"
425,9,University of Edinburgh,9,1.0,"University of Edinburgh (9, 100.0%)"
426,9,First Affiliated Hospital of Anhui Medical University,8,0.8888888888888888,"First Affiliated Hospital of Anhui Medical University (8, 88.9%); Peking University First Hospital (1, 11.1%)"
427,9,Chinese Academy of Medical Sciences & Peking Union Medical College,7,0.7777777777777778,"Chinese Academy of Medical Sciences & Peking Union Medical College (7, 77.8%); Beijing Tongren Hospital (1, 11.1%); Peking University Cancer Hospital (1, 11.1%)"
428,9,Thomas J Watson Research Center,8,0.8888888888888888,"Thomas J Watson Research Center (8, 88.9%); IBM Argentina SA (1, 11.1%)"
429,9,Southeast University,8,0.8888888888888888,"Southeast University (8, 88.9%); Zhongda Hospital Southeast University (1, 11.1%)"
430,9,Queen Mary University of London,9,1.0,"Queen Mary University of London (9, 100.0%)"
431,9,University of Ottawa,6,0.6666666666666666,"University of Ottawa (6, 66.7%); Ottawa Hospital (2, 22.2%); Seven Oaks General Hospital (1, 11.1%)"
432,9,Peking Union Medical College Hospital,9,1.0,"Peking Union Medical College Hospital (9, 100.0%)"
433,9,Southern Medical University,8,0.8888888888888888,"Southern Medical University (8, 88.9%); Chinese University of Hong Kong (1, 11.1%)"
434,9,Stanford University,9,1.0,"Stanford University (9, 100.0%)"
435,9,China Academy of Chinese Medical Sciences,9,1.0,"China Academy of Chinese Medical Sciences (9, 100.0%)"
436,8,First Affiliated Hospital of GuangXi Medical University,7,0.875,"First Affiliated Hospital of GuangXi Medical University (7, 87.5%); Guangxi Medical University (1, 12.5%)"
437,8,Affiliated Hospital of Qingdao University,8,1.0,"Affiliated Hospital of Qingdao University (8, 100.0%)"
438,8,Second Hospital of Hebei Medical University,8,1.0,"Second Hospital of Hebei Medical University (8, 100.0%)"
439,8,Zhejiang Shuren University,8,1.0,"Zhejiang Shuren University (8, 100.0%)"
440,8,Tongji Hospital Affiliated to Tongji Medical College of Huazhong University of Science & Technology,5,0.625,"Tongji Hospital Affiliated to Tongji Medical College of Huazhong University of Science & Technology (5, 62.5%); Chengdu University of Traditional Chinese Medicine (1, 12.5%); Southern Medical University (1, 12.5%)"
441,8,First Hospital of Lanzhou University,3,0.375,"First Hospital of Lanzhou University (3, 37.5%); Chengdu University (1, 12.5%); Department of Obstetrics and Gynecology, Enshi Tujia and Miao Autonomous Prefecture Central Hospital, Enshi, Hubei, China (1, 12.5%)"
442,8,First Affiliated Hospital of GuangXi Medical University,7,0.875,"First Affiliated Hospital of GuangXi Medical University (7, 87.5%); Guangxi Minzu University (1, 12.5%)"
443,8,Shanghai University of Traditional Chinese Medicine,8,1.0,"Shanghai University of Traditional Chinese Medicine (8, 100.0%)"
444,8,Shanghai Jiao Tong University,8,1.0,"Shanghai Jiao Tong University (8, 100.0%)"
445,8,Union Hospital,8,1.0,"Union Hospital (8, 100.0%)"
446,8,University of Oxford,7,0.875,"University of Oxford (7, 87.5%); University of Bristol (1, 12.5%)"
447,8,Zhejiang Chinese Medical University,7,0.875,"Zhejiang Chinese Medical University (7, 87.5%); Zhejiang Provincial People's Hospital (1, 12.5%)"
448,8,West China Hospital of Sichuan University,7,0.875,"West China Hospital of Sichuan University (7, 87.5%); Sichuan University (1, 12.5%)"
449,8,China Academy of Chinese Medical Sciences,7,0.875,"China Academy of Chinese Medical Sciences (7, 87.5%); Guangdong Pharmaceutical University (1, 12.5%)"
450,8,First People's Hospital of Kunshan,7,0.875,"First People's Hospital of Kunshan (7, 87.5%); Peking University People's Hospital (1, 12.5%)"
451,8,Southern Medical University,8,1.0,"Southern Medical University (8, 100.0%)"
452,8,Yue Bei People's Hospital,8,1.0,"Yue Bei People's Hospital (8, 100.0%)"
453,8,West Virginia University,8,1.0,"West Virginia University (8, 100.0%)"
454,8,Wuxi People's Hospital,8,1.0,"Wuxi People's Hospital (8, 100.0%)"
455,8,Shanghai Sixth People's Hospital,5,0.625,"Shanghai Sixth People's Hospital (5, 62.5%); Shanghai Eighth People Hospital (2, 25.0%); Harbin Medical University (1, 12.5%)"
456,8,Peking University Third Hospital,8,1.0,"Peking University Third Hospital (8, 100.0%)"
457,8,Nanfang Hospital,7,0.875,"Nanfang Hospital (7, 87.5%); Hospital of Stomatology, Sun Yat-sen University (1, 12.5%)"
458,8,First Affiliated Hospital of Sun Yat-sen University,8,1.0,"First Affiliated Hospital of Sun Yat-sen University (8, 100.0%)"
459,8,"NNEdPro Global Institute For Food Nutrition and Health, Cambridge, United Kingdom",8,1.0,"NNEdPro Global Institute For Food Nutrition and Health, Cambridge, United Kingdom (8, 100.0%)"
460,8,Nanchang University,5,0.625,"Nanchang University (5, 62.5%); First Affiliated Hospital of Nanchang University (3, 37.5%)"
461,8,Peking University People's Hospital,4,0.5,"Peking University People's Hospital (4, 50.0%); Nanchang University (2, 25.0%); Chinese PLA General Hospital (1, 12.5%)"
462,8,First Hospital of Jilin University,6,0.75,"First Hospital of Jilin University (6, 75.0%); Department of Neurosurgery, Qilu Hospital of Shandong University Dezhou Hospital, Dezhou, China (1, 12.5%); Second Affiliated Hospital of Jilin University (1, 12.5%)"
463,8,First Affiliated Hospital of Chongqing Medical University,8,1.0,"First Affiliated Hospital of Chongqing Medical University (8, 100.0%)"
464,8,Shandong University of Traditional Chinese Medicine,4,0.5,"Shandong University of Traditional Chinese Medicine (4, 50.0%); Affiliated Hospital of Shandong University of Traditional Chinese Medicine (2, 25.0%); Department of Cardiology, Dongying People’s Hospital (Dongying Hospital of Shandong Provincial Hospital Group), Dongying, Shandong Province, China (2, 25.0%)"
465,8,Chengdu University of Traditional Chinese Medicine,6,0.75,"Chengdu University of Traditional Chinese Medicine (6, 75.0%); Hospital of Chengdu University of Traditional Chinese (2, 25.0%)"
466,8,University of Western Australia,5,0.625,"University of Western Australia (5, 62.5%); Perron Institute for Neurological and Translational Science (2, 25.0%); The University of Notre Dame Australia (1, 12.5%)"
467,8,The University of Sydney,7,0.875,"The University of Sydney (7, 87.5%); University of Edinburgh (1, 12.5%)"
468,8,Shanghai University of Traditional Chinese Medicine,5,0.625,"Shanghai University of Traditional Chinese Medicine (5, 62.5%); Second Department of Vascular Anomalies Disease, Shanghai TCM-Integrated Hospital, Shanghai, China (3, 37.5%)"
469,8,Second Xiangya Hospital of Central South University,8,1.0,"Second Xiangya Hospital of Central South University (8, 100.0%)"
470,8,Tongji Hospital Affiliated to Tongji Medical College of Huazhong University of Science & Technology,7,0.875,"Tongji Hospital Affiliated to Tongji Medical College of Huazhong University of Science & Technology (7, 87.5%); Renmin Hospital of Wuhan University (1, 12.5%)"
471,8,Beijing Hospital,8,1.0,"Beijing Hospital (8, 100.0%)"
472,8,Chinese University of Hong Kong,5,0.625,"Chinese University of Hong Kong (5, 62.5%); Tongji University (2, 25.0%); Chengdu University of Traditional Chinese Medicine (1, 12.5%)"
473,8,Xi'an Jiaotong University,7,0.875,"Xi'an Jiaotong University (7, 87.5%); Fifth Affiliated Hospital of Sun Yat-sen University (1, 12.5%)"
474,8,Soochow University,6,0.75,"Soochow University (6, 75.0%); First Affiliated Hospital of Anhui Medical University (1, 12.5%); Nanjing General Hospital of Nanjing Military Command (1, 12.5%)"
475,8,Xuan Wu Hospital of the Capital Medical University,8,1.0,"Xuan Wu Hospital of the Capital Medical University (8, 100.0%)"
476,8,Southern Medical University,7,0.875,"Southern Medical University (7, 87.5%); Shanghai Cancer Institute (1, 12.5%)"
477,8,Fudan University,8,1.0,"Fudan University (8, 100.0%)"
478,8,Bekhterev National Medical Research Center for Psychiatry and Neurology,5,0.625,"Bekhterev National Medical Research Center for Psychiatry and Neurology (5, 62.5%); First Pavlov State Medical University of St. Petersburg (2, 25.0%); Genotek (Russia) (1, 12.5%)"
479,8,University of Science and Technology of China,6,0.75,"University of Science and Technology of China (6, 75.0%); Hefei University of Technology (1, 12.5%); Tongji Hospital Affiliated to Tongji Medical College of Huazhong University of Science & Technology (1, 12.5%)"
480,8,Second Hospital of Hebei Medical University,8,1.0,"Second Hospital of Hebei Medical University (8, 100.0%)"
481,8,Dali University,6,0.75,"Dali University (6, 75.0%); Princess Margaret Cancer Centre (1, 12.5%); Yunnan Key Laboratory of Screening and Research on Anti-pathogenic Plant Resources from West Yunnan (Cultivation), Dali, Yunnan, China (1, 12.5%)"
482,8,Jiangsu Province Hospital,8,1.0,"Jiangsu Province Hospital (8, 100.0%)"
483,8,Yonsei University,8,1.0,"Yonsei University (8, 100.0%)"
484,8,Guangzhou University of Chinese Medicine,4,0.5,"Guangzhou University of Chinese Medicine (4, 50.0%); Shenzhen Traditional Chinese Medicine Hospital (3, 37.5%); Ruikang Affiliated Hospital of Guangxi Medical University (1, 12.5%)"
485,8,Southern Medical University,7,0.875,"Southern Medical University (7, 87.5%); Jiangmen Central Hospital (1, 12.5%)"
486,8,Hunan University of Traditional Chinese Medicine,6,0.75,"Hunan University of Traditional Chinese Medicine (6, 75.0%); Department of Oncology, Doumen Qiaoli Hospital of Traditional Chinese Medicine, Zhuhai, China (1, 12.5%); Fangchenggang Hospital of Traditional Chinese Medicine, Fangchenggang, Guangxi, China. (1, 12.5%)"
487,8,Anhui Medical University,5,0.625,"Anhui Medical University (5, 62.5%); Second Hospital of Anhui Medical University (2, 25.0%); First Affiliated Hospital of Anhui Medical University (1, 12.5%)"
488,8,Fox Chase Cancer Center,8,1.0,"Fox Chase Cancer Center (8, 100.0%)"
489,8,Istituto Ortopedico Rizzoli,7,0.875,"Istituto Ortopedico Rizzoli (7, 87.5%); Azienda Ospedaliera Carlo Poma (1, 12.5%)"
490,8,Zhongshan People's Hospital,8,1.0,"Zhongshan People's Hospital (8, 100.0%)"
491,8,Nanjing University,5,0.625,"Nanjing University (5, 62.5%); Nanjing Medical University (1, 12.5%); Nanjing University of Chinese Medicine (1, 12.5%)"
492,8,Chinese PLA General Hospital,6,0.75,"Chinese PLA General Hospital (6, 75.0%); Hebei North University (1, 12.5%); Peking University (1, 12.5%)"
493,8,Tongji University,4,0.5,"Tongji University (4, 50.0%); First Affiliated Hospital of Chongqing Medical University (1, 12.5%); Independent Researcher (1, 12.5%)"
494,8,Huazhong University of Science and Technology,4,0.5,"Huazhong University of Science and Technology (4, 50.0%); Tongji Hospital Affiliated to Tongji Medical College of Huazhong University of Science & Technology (3, 37.5%); Wuhan Central Hospital Affiliated to Tongji Medical College of Huazhong University of Science and Technology (1, 12.5%)"
495,8,Pusan National University,4,0.5,"Pusan National University (4, 50.0%); Pusan National University Yangsan Hospital (2, 25.0%); Gachon University Gil Medical Center (1, 12.5%)"
496,8,University of Bath,4,0.5,"University of Bath (4, 50.0%); Bristol Royal Infirmary (3, 37.5%); Royal United Hospital Bath NHS Trust (1, 12.5%)"
497,8,Novartis Pharmaceuticals UK Ltd,3,0.375,"Novartis Pharmaceuticals UK Ltd (3, 37.5%); Novartis, Global RWE , Hyderabad , (2, 25.0%); Novartis, Global RWE , Selangor , (1, 12.5%)"
498,8,Union Hospital Tongji Medical College Huazhong University of Science and Technology,7,0.875,"Union Hospital Tongji Medical College Huazhong University of Science and Technology (7, 87.5%); Wuhan Central Hospital Affiliated to Tongji Medical College of Huazhong University of Science and Technology (1, 12.5%)"
499,8,Sichuan University,8,1.0,"Sichuan University (8, 100.0%)"
500,8,Guangzhou University of Chinese Medicine,7,0.875,"Guangzhou University of Chinese Medicine (7, 87.5%); First Affiliated Hospital of Guangzhou University of Chinese Medicine (1, 12.5%)"
501,8,China-Japan Friendship Hospital,8,1.0,"China-Japan Friendship Hospital (8, 100.0%)"
502,8,Zhejiang University,5,0.625,"Zhejiang University (5, 62.5%); Zhejiang Center for Disease Control and Prevention (3, 37.5%)"
503,8,First Affiliated Hospital of Wenzhou Medical University,3,0.375,"First Affiliated Hospital of Wenzhou Medical University (3, 37.5%); Ospedale Sandro Pertini (2, 25.0%); Medicine Department, Internal Medicine Unit, Budrio Hospital Azienda USL, Budrio, 40054, Bologna, Italy. Electronic address: sirio.fiorino@ausl.bologna.it. (1, 12.5%)"
504,8,Tongji Medical College of Huazhong University of Science and Technology,7,0.875,"Tongji Medical College of Huazhong University of Science and Technology (7, 87.5%); Zhongnan Hospital of Wuhan University (1, 12.5%)"
505,8,Fourth Affiliated Hospital of Zhejiang University School of Medicine,7,0.875,"Fourth Affiliated Hospital of Zhejiang University School of Medicine (7, 87.5%); Second Affiliated Hospital of Zhejiang University School of Medicine (1, 12.5%)"
506,8,Southern Medical University,7,0.875,"Southern Medical University (7, 87.5%); Fuwai Hospital, CAMS&PUMC (1, 12.5%)"
507,8,Zhejiang University,8,1.0,"Zhejiang University (8, 100.0%)"
508,8,First Hospital of Jilin University,7,0.875,"First Hospital of Jilin University (7, 87.5%); Soochow University (1, 12.5%)"
509,8,Renmin Hospital of Wuhan University,8,1.0,"Renmin Hospital of Wuhan University (8, 100.0%)"
510,8,Henan University,5,0.625,"Henan University (5, 62.5%); Henan Provincial People's Hospital (3, 37.5%)"
511,8,Chinese Academy of Medical Sciences & Peking Union Medical College,8,1.0,"Chinese Academy of Medical Sciences & Peking Union Medical College (8, 100.0%)"
512,8,China Pharmaceutical University,7,0.875,"China Pharmaceutical University (7, 87.5%); Institute of Genetics and Molecular and Cellular Biology (1, 12.5%)"
513,8,Kunming University of Science and Technology,8,1.0,"Kunming University of Science and Technology (8, 100.0%)"
514,8,Second Affiliated Hospital of Kunming Medical College,5,0.625,"Second Affiliated Hospital of Kunming Medical College (5, 62.5%); Yunnan Cancer Hospital (2, 25.0%); Department of Respiratory and Critical Care, Yunnan Second People’s Hospital, Kunming, Yunnan Province, China (1, 12.5%)"
515,8,Fujian Medical University,8,1.0,"Fujian Medical University (8, 100.0%)"
516,8,Huadong Hospital,6,0.75,"Huadong Hospital (6, 75.0%); Huashan Hospital (1, 12.5%); People’s Hospital of Wenshan Prefecture (1, 12.5%)"
517,8,Peking University First Hospital,8,1.0,"Peking University First Hospital (8, 100.0%)"
518,8,Jiangsu Province Hospital,7,0.875,"Jiangsu Province Hospital (7, 87.5%); Montefiore Medical Center (1, 12.5%)"
519,8,Beijing Hospital,8,1.0,"Beijing Hospital (8, 100.0%)"
520,8,First Affiliated Hospital of Xinjiang Medical University,7,0.875,"First Affiliated Hospital of Xinjiang Medical University (7, 87.5%); Shanghai Jiao Tong University (1, 12.5%)"
521,8,Second Hospital of Tianjin Medical University,6,0.75,"Second Hospital of Tianjin Medical University (6, 75.0%); State Key Laboratory of Experimental Hematology (1, 12.5%); Tianjin Medical University (1, 12.5%)"
522,8,Shanghai Jiao Tong University,4,0.5,"Shanghai Jiao Tong University (4, 50.0%); Children's Hospital of Fudan University (1, 12.5%); Nagasaki University (1, 12.5%)"
523,8,Nanjing Medical University,8,1.0,"Nanjing Medical University (8, 100.0%)"
524,8,Nanjing Normal University,3,0.375,"Nanjing Normal University (3, 37.5%); Department of Hepatology, The Fourth Hospital of Huai’an, Huai’an, Jiangsu, P. R. China (2, 25.0%); Nanjing University of Chinese Medicine (2, 25.0%)"
525,8,University Medical Center Hamburg-Eppendorf,5,0.625,"University Medical Center Hamburg-Eppendorf (5, 62.5%); Department of Implantology, Guiyang Hospital of Stomatology, Guiyang, P.R. China; cnliyuan.xiao@hotmail.com. (1, 12.5%); Guiyang Medical University (1, 12.5%)"
526,8,First Hospital of Jilin University,7,0.875,"First Hospital of Jilin University (7, 87.5%); Jilin University (1, 12.5%)"
527,8,University of Basel,3,0.375,"University of Basel (3, 37.5%); University Hospital of Basel (2, 25.0%); Duke University Medical Center (1, 12.5%)"
528,7,Zhongshan Hospital,6,0.8571428571428571,"Zhongshan Hospital (6, 85.7%); Eighth Affiliated Hospital of Sun Yat-sen University (1, 14.3%)"
529,7,First Affiliated Hospital of Xi'an Jiaotong University,5,0.7142857142857143,"First Affiliated Hospital of Xi'an Jiaotong University (5, 71.4%); Qingdao University (1, 14.3%); Second Affiliated Hospital of Xi'an Jiaotong University (1, 14.3%)"
530,7,"Plastic Surgery Hospital, CAMS&PUMC",7,1.0,"Plastic Surgery Hospital, CAMS&PUMC (7, 100.0%)"
531,7,Fujian Medical University,6,0.8571428571428571,"Fujian Medical University (6, 85.7%); First Affiliated Hospital of Fujian Medical University (1, 14.3%)"
532,7,Nanjing Medical University,6,0.8571428571428571,"Nanjing Medical University (6, 85.7%); Jiangsu University (1, 14.3%)"
533,7,Wuhan Central Hospital Affiliated to Tongji Medical College of Huazhong University of Science and Technology,6,0.8571428571428571,"Wuhan Central Hospital Affiliated to Tongji Medical College of Huazhong University of Science and Technology (6, 85.7%); Sichuan University (1, 14.3%)"
534,7,Guangzhou Medical University,6,0.8571428571428571,"Guangzhou Medical University (6, 85.7%); Department of Ultrasound Medicine, Liwan Central Hospital of Guangzhou, Guangzhou, China (1, 14.3%)"
535,7,Stanford University,7,1.0,"Stanford University (7, 100.0%)"
536,7,"NEC Israeli Research Center, Herzliya, Israel.",4,0.5714285714285714,"NEC Israeli Research Center, Herzliya, Israel. (4, 57.1%); NEC Israeli Research Center, Herzliya, Israel. Electronic address: shvatm@post.bgu.ac.il. (1, 14.3%); Soroka Medical Center (1, 14.3%)"
537,7,Chengdu University of Traditional Chinese Medicine,4,0.5714285714285714,"Chengdu University of Traditional Chinese Medicine (4, 57.1%); Public Health Clinical Center of Chengdu (2, 28.6%); University of Electronic Science and Technology of China (1, 14.3%)"
538,7,Affiliated Hospital of Jiangsu University,4,0.5714285714285714,"Affiliated Hospital of Jiangsu University (4, 57.1%); Chinese Academy of Medical Sciences (2, 28.6%); University Medical Center Groningen (1, 14.3%)"
539,7,First Affiliated Hospital of GuangXi Medical University,7,1.0,"First Affiliated Hospital of GuangXi Medical University (7, 100.0%)"
540,7,Tianjin Medical University General Hospital,7,1.0,"Tianjin Medical University General Hospital (7, 100.0%)"
541,7,National Cancer Center,7,1.0,"National Cancer Center (7, 100.0%)"
542,7,Beijing Tian Tan Hospital,5,0.7142857142857143,"Beijing Tian Tan Hospital (5, 71.4%); Capital Medical University (2, 28.6%)"
543,7,University of Washington,5,0.7142857142857143,"University of Washington (5, 71.4%); AstraZeneca Pharmaceuticals LP (1, 14.3%); University of Michigan-Ann Arbor (1, 14.3%)"
544,7,Fujian Provincial Cancer Hospital,4,0.5714285714285714,"Fujian Provincial Cancer Hospital (4, 57.1%); Department of Critical Care Medicine, Fuzhou Second General Hospital, Fuzhou, Fujian, China (1, 14.3%); Fujian Medical University (1, 14.3%)"
545,7,University College London,5,0.7142857142857143,"University College London (5, 71.4%); University of Nottingham (2, 28.6%)"
546,7,Taipei Medical University,5,0.7142857142857143,"Taipei Medical University (5, 71.4%); Taipei Medical University Hospital (1, 14.3%); Yuan Ze University (1, 14.3%)"
547,7,Jiangsu Province Hospital,7,1.0,"Jiangsu Province Hospital (7, 100.0%)"
548,7,Northwest University,5,0.7142857142857143,"Northwest University (5, 71.4%); First Affiliated Hospital of Xi'an Jiaotong University (2, 28.6%)"
549,7,Nanchang University,4,0.5714285714285714,"Nanchang University (4, 57.1%); First Affiliated Hospital of Nanchang University (3, 42.9%)"
550,7,Zhejiang University,6,0.8571428571428571,"Zhejiang University (6, 85.7%); Soochow University (1, 14.3%)"
551,7,Tianjin Medical University,7,1.0,"Tianjin Medical University (7, 100.0%)"
552,7,Renmin Hospital of Wuhan University,6,0.8571428571428571,"Renmin Hospital of Wuhan University (6, 85.7%); Tongji Medical College of Huazhong University of Science and Technology (1, 14.3%)"
553,7,Beth Israel Deaconess Medical Center,5,0.7142857142857143,"Beth Israel Deaconess Medical Center (5, 71.4%); Northeastern University (1, 14.3%); University of Rochester Medical Center (1, 14.3%)"
554,7,Peking University,6,0.8571428571428571,"Peking University (6, 85.7%); State Key Laboratory of Cardiovascular Disease (1, 14.3%)"
555,7,Wenzhou Medical University,7,1.0,"Wenzhou Medical University (7, 100.0%)"
556,7,Shanghai First People's Hospital,3,0.42857142857142855,"Shanghai First People's Hospital (3, 42.9%); Chenzhou First People's Hospital (2, 28.6%); Peking University People's Hospital (1, 14.3%)"
557,7,New Cross Hospital,4,0.5714285714285714,"New Cross Hospital (4, 57.1%); University of Wolverhampton (2, 28.6%); Birmingham City University (1, 14.3%)"
558,7,First Hospital of China Medical University,6,0.8571428571428571,"First Hospital of China Medical University (6, 85.7%); Dalian University of Technology (1, 14.3%)"
559,7,First Affiliated Hospital of Xiamen University,4,0.5714285714285714,"First Affiliated Hospital of Xiamen University (4, 57.1%); Fujian Medical University (3, 42.9%)"
560,7,Zhongshan Hospital,4,0.5714285714285714,"Zhongshan Hospital (4, 57.1%); University of Galway (2, 28.6%); Huashan Hospital (1, 14.3%)"
561,7,Bumrungrad International Hospital,3,0.42857142857142855,"Bumrungrad International Hospital (3, 42.9%); Keyoniq Technologies AG, CH-6340, Baar, Switzerland (2, 28.6%); ETH Zurich (1, 14.3%)"
562,7,First Affiliated Hospital of GuangXi Medical University,6,0.8571428571428571,"First Affiliated Hospital of GuangXi Medical University (6, 85.7%); Guangxi Medical University (1, 14.3%)"
563,7,Shanghai Jiao Tong University,7,1.0,"Shanghai Jiao Tong University (7, 100.0%)"
564,7,First Affiliated Hospital of Dalian Medical University,7,1.0,"First Affiliated Hospital of Dalian Medical University (7, 100.0%)"
565,7,Hebei University of Engineering,5,0.7142857142857143,"Hebei University of Engineering (5, 71.4%); Affiliated Hospital of Hebei University (1, 14.3%); Army Medical University (1, 14.3%)"
566,7,Anhui Medical University,7,1.0,"Anhui Medical University (7, 100.0%)"
567,7,Nanjing Medical University,3,0.42857142857142855,"Nanjing Medical University (3, 42.9%); George Mason University (2, 28.6%); Howard University (1, 14.3%)"
568,7,Chengdu Third People's Hospital,5,0.7142857142857143,"Chengdu Third People's Hospital (5, 71.4%); North Sichuan Medical University (1, 14.3%); Southwest Jiaotong University (1, 14.3%)"
569,7,"Antegenes, Tartu, Estonia",3,0.42857142857142855,"Antegenes, Tartu, Estonia (3, 42.9%); OÜ Antegenes, Tartu, Estonia (2, 28.6%); Tartu University Hospital (1, 14.3%)"
570,7,First Affiliated Hospital of Guangdong Pharmaceutical University,5,0.7142857142857143,"First Affiliated Hospital of Guangdong Pharmaceutical University (5, 71.4%); Chinese Academy of Sciences (1, 14.3%); Chinese University of Hong Kong (1, 14.3%)"
571,7,Sun Yat-sen University Cancer Center,7,1.0,"Sun Yat-sen University Cancer Center (7, 100.0%)"
572,7,Sun Yat-sen University,7,1.0,"Sun Yat-sen University (7, 100.0%)"
573,7,Medical University of South Carolina,6,0.8571428571428571,"Medical University of South Carolina (6, 85.7%); The University of Texas Health Science Center at Houston (1, 14.3%)"
574,7,"University of California, Irvine",5,0.7142857142857143,"University of California, Irvine (5, 71.4%); University of California, Los Angeles (1, 14.3%); University of California, Riverside (1, 14.3%)"
575,7,Imperial College London,6,0.8571428571428571,"Imperial College London (6, 85.7%); Queen Mary University of London (1, 14.3%)"
576,7,Tianjin Medical University General Hospital,5,0.7142857142857143,"Tianjin Medical University General Hospital (5, 71.4%); Federal Research Center of Fundamental and Translational Medicine (2, 28.6%)"
577,7,Ningbo University,6,0.8571428571428571,"Ningbo University (6, 85.7%); Wenzhou Medical University (1, 14.3%)"
578,7,McGill University,3,0.42857142857142855,"McGill University (3, 42.9%); Harvard University (1, 14.3%); Jewish General Hospital (1, 14.3%)"
579,7,Zhongshan Hospital,7,1.0,"Zhongshan Hospital (7, 100.0%)"
580,7,Beijing Anzhen Hospital,6,0.8571428571428571,"Beijing Anzhen Hospital (6, 85.7%); Mass Spectrometry Research Institute, Beijing Gobroad Healthcare Group, 100071, Beijing, China (1, 14.3%)"
581,7,Shanghai Tenth People's Hospital,7,1.0,"Shanghai Tenth People's Hospital (7, 100.0%)"
582,7,Shanghai University of Traditional Chinese Medicine,6,0.8571428571428571,"Shanghai University of Traditional Chinese Medicine (6, 85.7%); Liaoning University of Traditional Chinese Medicine (1, 14.3%)"
583,7,Kagoshima University,5,0.7142857142857143,"Kagoshima University (5, 71.4%); The University of Tokyo (2, 28.6%)"
584,7,Southern Medical University,4,0.5714285714285714,"Southern Medical University (4, 57.1%); China Tibetology Research Center (1, 14.3%); Leipzig University (1, 14.3%)"
585,7,University of Toronto,5,0.7142857142857143,"University of Toronto (5, 71.4%); University of Alberta (2, 28.6%)"
586,7,GlaxoSmithKline Research and Development Ltd,4,0.5714285714285714,"GlaxoSmithKline Research and Development Ltd (4, 57.1%); National Centre of Scientific Research ""Demokritos"" (1, 14.3%); National and Kapodistrian University of Athens (1, 14.3%)"
587,7,Tongji University,5,0.7142857142857143,"Tongji University (5, 71.4%); Huashan Hospital (1, 14.3%); Hunan Normal University (1, 14.3%)"
588,7,First Affiliated Hospital of Chongqing Medical University,7,1.0,"First Affiliated Hospital of Chongqing Medical University (7, 100.0%)"
589,7,Hospital of Chengdu University of Traditional Chinese,7,1.0,"Hospital of Chengdu University of Traditional Chinese (7, 100.0%)"
590,7,Tongji University,6,0.8571428571428571,"Tongji University (6, 85.7%); Shanghai Jiao Tong University (1, 14.3%)"
591,7,Shandong Provincial QianFoShan Hospital,6,0.8571428571428571,"Shandong Provincial QianFoShan Hospital (6, 85.7%); Shandong First Medical University & Shandong Academy of Medical Sciences (1, 14.3%)"
592,7,Shanghai University of Medicine and Health Sciences,5,0.7142857142857143,"Shanghai University of Medicine and Health Sciences (5, 71.4%); Shanghai Jiao Tong University (2, 28.6%)"
593,7,Capital University of Physical Education and Sports,5,0.7142857142857143,"Capital University of Physical Education and Sports (5, 71.4%); Fujian Normal University (1, 14.3%); Henan University (1, 14.3%)"
594,7,First Affiliated Hospital of Xi'an Jiaotong University,5,0.7142857142857143,"First Affiliated Hospital of Xi'an Jiaotong University (5, 71.4%); Shanxi Institute of Science and Technology, Jincheng 048011, Shanxi, China. (1, 14.3%); Xi'an Jiaotong University (1, 14.3%)"
595,7,Shanghai East Hospital,6,0.8571428571428571,"Shanghai East Hospital (6, 85.7%); Huadong Hospital (1, 14.3%)"
596,7,Xiangya Hospital Central South University,4,0.5714285714285714,"Xiangya Hospital Central South University (4, 57.1%); Central South University (2, 28.6%); University of Washington (1, 14.3%)"
597,7,Chengdu Third People's Hospital,2,0.2857142857142857,"Chengdu Third People's Hospital (2, 28.6%); Shanghai University (2, 28.6%); Southwest Jiaotong University (2, 28.6%)"
598,7,Ningbo University,7,1.0,"Ningbo University (7, 100.0%)"
599,7,Jilin University,7,1.0,"Jilin University (7, 100.0%)"
600,7,Altınbaş University,2,0.2857142857142857,"Altınbaş University (2, 28.6%); Al-Ayen University (1, 14.3%); College of Medicine, University of Al-Ameed, Karbala PO Box 198, Iraq (1, 14.3%)"
601,7,China Medical University,3,0.42857142857142855,"China Medical University (3, 42.9%); Sheng Jing Hospital (3, 42.9%); Chongqing University (1, 14.3%)"
602,7,Fujian Medical University,7,1.0,"Fujian Medical University (7, 100.0%)"
603,7,Chengdu University of Traditional Chinese Medicine,3,0.42857142857142855,"Chengdu University of Traditional Chinese Medicine (3, 42.9%); Department of Gynecology, Guangan Hospital of Traditional Chinese Medicine, Guangan, Sichuan, China. Electronic address: yutong941003@163.com. (1, 14.3%); Shaanxi University of Chinese Medicine (1, 14.3%)"
604,7,The University of Tokyo,2,0.2857142857142857,"The University of Tokyo (2, 28.6%); Jichi Medical University Saitama Medical Center (1, 14.3%); King's College London (1, 14.3%)"
605,7,Sun Yat-sen University,6,0.8571428571428571,"Sun Yat-sen University (6, 85.7%); South China University of Technology (1, 14.3%)"
606,7,Zhongnan Hospital of Wuhan University,7,1.0,"Zhongnan Hospital of Wuhan University (7, 100.0%)"
607,7,Wenzhou Medical University,7,1.0,"Wenzhou Medical University (7, 100.0%)"
608,7,Hebei Medical University,7,1.0,"Hebei Medical University (7, 100.0%)"
609,7,Icahn School of Medicine at Mount Sinai,2,0.2857142857142857,"Icahn School of Medicine at Mount Sinai (2, 28.6%); State University of New York Downstate Health Sciences University (2, 28.6%); New York University (1, 14.3%)"
610,7,Guangzhou University of Chinese Medicine,7,1.0,"Guangzhou University of Chinese Medicine (7, 100.0%)"
611,7,Tyumen State Medical University,5,0.7142857142857143,"Tyumen State Medical University (5, 71.4%); Tomsk National Research Medical Center (1, 14.3%); Tyumen State Medical University; Industrial University of Tyumen, Tyumen, Russia (1, 14.3%)"
612,7,Fujian University of Traditional Chinese Medicine,5,0.7142857142857143,"Fujian University of Traditional Chinese Medicine (5, 71.4%); National Chin-Yi University of Technology (1, 14.3%); Xiamen University (1, 14.3%)"
613,7,Affiliated Hospital of Qingdao University,5,0.7142857142857143,"Affiliated Hospital of Qingdao University (5, 71.4%); Qingdao University (1, 14.3%); Yuhuangding Hospital (1, 14.3%)"
614,7,West China Hospital of Sichuan University,6,0.8571428571428571,"West China Hospital of Sichuan University (6, 85.7%); Chengdu Fifth People's Hospital (1, 14.3%)"
615,7,First Hospital of China Medical University,5,0.7142857142857143,"First Hospital of China Medical University (5, 71.4%); China Medical University (2, 28.6%)"
616,7,The Second Affiliated Hospital of Nanjing Medical University,7,1.0,"The Second Affiliated Hospital of Nanjing Medical University (7, 100.0%)"
617,7,Jiangnan University,5,0.7142857142857143,"Jiangnan University (5, 71.4%); Universiti Putra Malaysia (1, 14.3%); Zhejiang Provincial People's Hospital (1, 14.3%)"
618,7,Sarawak General Hospital,6,0.8571428571428571,"Sarawak General Hospital (6, 85.7%); Universiti Malaysia Sarawak (1, 14.3%)"
619,7,Westlake University,4,0.5714285714285714,"Westlake University (4, 57.1%); Zhejiang Chinese Medical University (3, 42.9%)"
620,7,Heilongjiang University of Chinese Medicine,7,1.0,"Heilongjiang University of Chinese Medicine (7, 100.0%)"
621,7,University of Eastern Piedmont Amadeo Avogadro,7,1.0,"University of Eastern Piedmont Amadeo Avogadro (7, 100.0%)"
622,7,Yale University,3,0.42857142857142855,"Yale University (3, 42.9%); Florida Atlantic University (1, 14.3%); Gates Foundation (1, 14.3%)"
623,7,Xi'an Jiaotong University,7,1.0,"Xi'an Jiaotong University (7, 100.0%)"
624,7,Sun Yat-sen University,7,1.0,"Sun Yat-sen University (7, 100.0%)"
625,7,China Academy of Chinese Medical Sciences,5,0.7142857142857143,"China Academy of Chinese Medical Sciences (5, 71.4%); Beijing University of Chinese Medicine (2, 28.6%)"
626,7,Beijing University of Chinese Medicine,3,0.42857142857142855,"Beijing University of Chinese Medicine (3, 42.9%); Wangjing Hospital of China Academy of Chinese Medical Sciences (3, 42.9%); Guangzhou Medical University (1, 14.3%)"
627,7,"Centre for Health Economics, Monash Business School, 900 Dandenong Rd, 3145, Caulfield East, VIC, Australia",2,0.2857142857142857,"Centre for Health Economics, Monash Business School, 900 Dandenong Rd, 3145, Caulfield East, VIC, Australia (2, 28.6%); Monash Business School Centre for Health Economics (2, 28.6%); Monash University (2, 28.6%)"
628,7,Nanjing Children's Hospital of Nanjing Medical University,3,0.42857142857142855,"Nanjing Children's Hospital of Nanjing Medical University (3, 42.9%); Nanjing University (3, 42.9%); Stomatological Hospital of Guangzhou Medical University (1, 14.3%)"
629,7,Nanchang University,6,0.8571428571428571,"Nanchang University (6, 85.7%); Tongji Hospital Affiliated to Tongji Medical College of Huazhong University of Science & Technology (1, 14.3%)"
630,7,Beijing Yanqing Hospital of Traditional Chinese Medicine,4,0.5714285714285714,"Beijing Yanqing Hospital of Traditional Chinese Medicine (4, 57.1%); Capital Medical University (2, 28.6%); First Hospital of Shanxi Medical University (1, 14.3%)"
631,7,Affiliated Hospital of Southwest Medical University,5,0.7142857142857143,"Affiliated Hospital of Southwest Medical University (5, 71.4%); Fudan University (2, 28.6%)"
632,7,Youjiang Medical College for Nationalities,4,0.5714285714285714,"Youjiang Medical College for Nationalities (4, 57.1%); Jinan University (2, 28.6%); Affiliated Hospital of Youjiang Medical University for Nationalities (1, 14.3%)"
633,7,Wuxi No.2 People's Hospital,5,0.7142857142857143,"Wuxi No.2 People's Hospital (5, 71.4%); Wuxi Maternal and Child Health Hospital (1, 14.3%); Yuncheng Central Hospital (1, 14.3%)"
634,7,Beijing Obstetrics and Gynecology Hospital,6,0.8571428571428571,"Beijing Obstetrics and Gynecology Hospital (6, 85.7%); Capital Medical University (1, 14.3%)"
635,7,Ewha Womans University,5,0.7142857142857143,"Ewha Womans University (5, 71.4%); Kangwon National University (1, 14.3%); Sungkyunkwan University (1, 14.3%)"
636,7,University of Toronto,7,1.0,"University of Toronto (7, 100.0%)"
637,7,Imperial College London,4,0.5714285714285714,"Imperial College London (4, 57.1%); King's College London (3, 42.9%)"
638,7,Hunan University of Traditional Chinese Medicine,7,1.0,"Hunan University of Traditional Chinese Medicine (7, 100.0%)"
639,7,Affiliated Hospital of North Sichuan Medical College,4,0.5714285714285714,"Affiliated Hospital of North Sichuan Medical College (4, 57.1%); Düsseldorf University Hospital (3, 42.9%)"
640,7,Chongqing Medical University,5,0.7142857142857143,"Chongqing Medical University (5, 71.4%); Army Medical University (1, 14.3%); First Affiliated Hospital of Chongqing Medical University (1, 14.3%)"
641,7,University of Florida,7,1.0,"University of Florida (7, 100.0%)"
642,7,Beijing Tongren Hospital,7,1.0,"Beijing Tongren Hospital (7, 100.0%)"
643,7,First Hospital of Jilin University,6,0.8571428571428571,"First Hospital of Jilin University (6, 85.7%); Yanbian University (1, 14.3%)"
644,7,Hunan University of Traditional Chinese Medicine,6,0.8571428571428571,"Hunan University of Traditional Chinese Medicine (6, 85.7%); Hunan Academy of Traditional Chinese Medicine (1, 14.3%)"
645,7,Northern Jiangsu People's Hospital,4,0.5714285714285714,"Northern Jiangsu People's Hospital (4, 57.1%); Yangzhou University (3, 42.9%)"
646,7,University of Freiburg,5,0.7142857142857143,"University of Freiburg (5, 71.4%); University of Pecs (1, 14.3%); Universitäts-Herzzentrum Freiburg-Bad Krozingen (1, 14.3%)"
647,7,Beijing Friendship Hospital,7,1.0,"Beijing Friendship Hospital (7, 100.0%)"
648,7,"Department of Hepatobiliary Surgery, Dongguan Kanghua Hospital, Dongguan, China",5,0.7142857142857143,"Department of Hepatobiliary Surgery, Dongguan Kanghua Hospital, Dongguan, China (5, 71.4%); Department of General Surgery, Guangzhou Red Cross Hospital, Guangzhou, China (2, 28.6%)"
649,7,Second Affiliated Hospital of Harbin Medical University,5,0.7142857142857143,"Second Affiliated Hospital of Harbin Medical University (5, 71.4%); China-Japan Friendship Hospital (1, 14.3%); Department of Respiratory Medicine, The Second Hospital of Heilongjiang Province, 150001, Harbin, China (1, 14.3%)"
650,7,Shanghai Jiao Tong University,7,1.0,"Shanghai Jiao Tong University (7, 100.0%)"
651,7,Hunan Normal University,5,0.7142857142857143,"Hunan Normal University (5, 71.4%); Central South University (1, 14.3%); Hunan Provincial People's Hospital (1, 14.3%)"
652,7,北京医院 国家老年医学中心 国家卫生健康委北京老年医学研究所 国家卫生健康委老年医学重点实验室 中国医学科学院老年医学研究院，北京 100730,7,1.0,"北京医院 国家老年医学中心 国家卫生健康委北京老年医学研究所 国家卫生健康委老年医学重点实验室 中国医学科学院老年医学研究院，北京 100730 (7, 100.0%)"
653,7,Zhejiang University,6,0.8571428571428571,"Zhejiang University (6, 85.7%); Yiwu Central Hospital (1, 14.3%)"
654,7,First Affiliated Hospital of Xinjiang Medical University,4,0.5714285714285714,"First Affiliated Hospital of Xinjiang Medical University (4, 57.1%); Department of Disinfection and Vector-Borne Pathogen Control, Urumqi City Center for Disease Prevention and Control, Urumqi, China (1, 14.3%); Department of General Surgery, Children’s Hospital of Xinjiang Uygur Autonomous Region, Urumqi, China (1, 14.3%)"
655,7,West China Hospital of Sichuan University,7,1.0,"West China Hospital of Sichuan University (7, 100.0%)"
656,7,Southern Medical University,6,0.8571428571428571,"Southern Medical University (6, 85.7%); Jinan University (1, 14.3%)"
657,7,"University of California, San Francisco",6,0.8571428571428571,"University of California, San Francisco (6, 85.7%); Stanford University (1, 14.3%)"
658,6,First Affiliated Hospital of GuangXi Medical University,6,1.0,"First Affiliated Hospital of GuangXi Medical University (6, 100.0%)"
659,6,Miguel Hernandez University,6,1.0,"Miguel Hernandez University (6, 100.0%)"
660,6,"Institute of Basic Research in Clinical Medicine, China Academy of Chinese Medical Sciences",2,0.3333333333333333,"Institute of Basic Research in Clinical Medicine, China Academy of Chinese Medical Sciences (2, 33.3%); First Affiliated Hospital of Henan University of Traditional Chinese Medicine (1, 16.7%); Lanzhou University (1, 16.7%)"
661,6,Jilin University,6,1.0,"Jilin University (6, 100.0%)"
662,6,Tianjin University of Traditional Chinese Medicine,6,1.0,"Tianjin University of Traditional Chinese Medicine (6, 100.0%)"
663,6,"Fuwai Hospital, CAMS&PUMC",5,0.8333333333333334,"Fuwai Hospital, CAMS&PUMC (5, 83.3%); Shenzhen University (1, 16.7%)"
664,6,Wuhan Puai Hospital,6,1.0,"Wuhan Puai Hospital (6, 100.0%)"
665,6,Second Affiliated Hospital of Chongqing Medical University,5,0.8333333333333334,"Second Affiliated Hospital of Chongqing Medical University (5, 83.3%); First Affiliated Hospital of Chongqing Medical University (1, 16.7%)"
666,6,Hospital Nacional de Parapléjicos de Toledo,4,0.6666666666666666,"Hospital Nacional de Parapléjicos de Toledo (4, 66.7%); Fundación Investigaciones Biomédicas, Madrid, Spain (1, 16.7%); Hospital Infantil Universitario Niño Jesús (1, 16.7%)"
667,6,Nanchang University,3,0.5,"Nanchang University (3, 50.0%); Department of Neurology, Tangshan Central Hospital, Tangshan, China. (1, 16.7%); Peking University Third Hospital (1, 16.7%)"
668,6,Second Xiangya Hospital of Central South University,3,0.5,"Second Xiangya Hospital of Central South University (3, 50.0%); Central South University (2, 33.3%); Yale University (1, 16.7%)"
669,6,Juntendo University,6,1.0,"Juntendo University (6, 100.0%)"
670,6,MRC Toxicology Unit,6,1.0,"MRC Toxicology Unit (6, 100.0%)"
671,6,Northwest Women's and Children's Hospital,6,1.0,"Northwest Women's and Children's Hospital (6, 100.0%)"
672,6,First Hospital of Jilin University,5,0.8333333333333334,"First Hospital of Jilin University (5, 83.3%); Department of Laboratory Medicine, Meihekou Central Hospital, Meihekou, 135000, People’s Republic of China (1, 16.7%)"
673,6,Affiliated Hospital of Liaoning University of Traditional Chinese Medicine,4,0.6666666666666666,"Affiliated Hospital of Liaoning University of Traditional Chinese Medicine (4, 66.7%); Liaoning University of Traditional Chinese Medicine (2, 33.3%)"
674,6,Second Affiliated Hospital of Chongqing Medical University,6,1.0,"Second Affiliated Hospital of Chongqing Medical University (6, 100.0%)"
675,6,Foshan First Peoples Hospital Foshan Hospital Sun Yat Sen University,6,1.0,"Foshan First Peoples Hospital Foshan Hospital Sun Yat Sen University (6, 100.0%)"
676,6,University of Queensland,6,1.0,"University of Queensland (6, 100.0%)"
677,6,Applied Science Private University,1,0.16666666666666666,"Applied Science Private University (1, 16.7%); Data Governance, Data Analytics: Enterprise Performance Management, AIML, USA (1, 16.7%); Department of ECE, S.R.K.R. Engineering College, Bhimavaram, A.P., India (1, 16.7%)"
678,6,West China Second University Hospital of Sichuan University,6,1.0,"West China Second University Hospital of Sichuan University (6, 100.0%)"
679,6,Guangzhou Medical University,3,0.5,"Guangzhou Medical University (3, 50.0%); Second Affiliated Hospital of Guangzhou Medical University (2, 33.3%); Shandong University (1, 16.7%)"
680,6,"1Nomic, Montreal, QC, Canada.",6,1.0,"1Nomic, Montreal, QC, Canada. (6, 100.0%)"
681,6,Northeast Normal University,6,1.0,"Northeast Normal University (6, 100.0%)"
682,6,Zhejiang University,6,1.0,"Zhejiang University (6, 100.0%)"
683,6,Université de Sherbrooke,6,1.0,"Université de Sherbrooke (6, 100.0%)"
684,6,Southern Medical University,5,0.8333333333333334,"Southern Medical University (5, 83.3%); Guiyang Medical University (1, 16.7%)"
685,6,Beijing Luhe Hospital Affiliated to Capital Medical University,4,0.6666666666666666,"Beijing Luhe Hospital Affiliated to Capital Medical University (4, 66.7%); Peking University People's Hospital (2, 33.3%)"
686,6,Ruijin Hospital,6,1.0,"Ruijin Hospital (6, 100.0%)"
687,6,Changchun University of Chinese Medicine,4,0.6666666666666666,"Changchun University of Chinese Medicine (4, 66.7%); The Affiliated Hospital to Changchun University of Chinese Medicine (2, 33.3%)"
688,6,Qilu Hospital of Shandong University,6,1.0,"Qilu Hospital of Shandong University (6, 100.0%)"
689,6,Ningxia Medical University,6,1.0,"Ningxia Medical University (6, 100.0%)"
690,6,"Department of Immunity, Quzhou Center for Disease Control and Prevention, 324000, Quzhou, Zhejiang, China",3,0.5,"Department of Immunity, Quzhou Center for Disease Control and Prevention, 324000, Quzhou, Zhejiang, China (3, 50.0%); Zhejiang Chinese Medical University (2, 33.3%); Chinese Center For Disease Control and Prevention (1, 16.7%)"
691,6,Zhejiang University,6,1.0,"Zhejiang University (6, 100.0%)"
692,6,Affiliated Hospital of Southwest Medical University,4,0.6666666666666666,"Affiliated Hospital of Southwest Medical University (4, 66.7%); Southwest Medical University (2, 33.3%)"
693,6,University of Haifa,4,0.6666666666666666,"University of Haifa (4, 66.7%); The University of Texas Health Science Center at San Antonio (2, 33.3%)"
694,6,Massachusetts General Hospital,3,0.5,"Massachusetts General Hospital (3, 50.0%); Harvard University (2, 33.3%); The Brigham and Women's Hospital Inc (1, 16.7%)"
695,6,Zhejiang University,5,0.8333333333333334,"Zhejiang University (5, 83.3%); UCL Eastman Dental Institute (1, 16.7%)"
696,6,Henan Provincial People's Hospital,6,1.0,"Henan Provincial People's Hospital (6, 100.0%)"
697,6,Ningbo No. 2 Hospital,6,1.0,"Ningbo No. 2 Hospital (6, 100.0%)"
698,6,Affiliated Hospital of Guangdong Medical University,3,0.5,"Affiliated Hospital of Guangdong Medical University (3, 50.0%); State Key Laboratory of Quality Research in Chinese Medicine (3, 50.0%)"
699,6,Tongji University,6,1.0,"Tongji University (6, 100.0%)"
700,6,Guangxi University of Chinese Medicine,6,1.0,"Guangxi University of Chinese Medicine (6, 100.0%)"
701,6,Anhui Medical University,6,1.0,"Anhui Medical University (6, 100.0%)"
702,6,Second Affiliated Hospital of Xi'an Jiaotong University,5,0.8333333333333334,"Second Affiliated Hospital of Xi'an Jiaotong University (5, 83.3%); Xi'an Jiaotong University (1, 16.7%)"
703,6,Army Medical University,6,1.0,"Army Medical University (6, 100.0%)"
704,6,Tianjin University,3,0.5,"Tianjin University (3, 50.0%); Qilu Hospital of Shandong University (1, 16.7%); Tianjin Medical University (1, 16.7%)"
705,6,Anglia Ruskin University,3,0.5,"Anglia Ruskin University (3, 50.0%); University of Essex (3, 50.0%)"
706,6,Nanchang University,5,0.8333333333333334,"Nanchang University (5, 83.3%); City University of Hong Kong (1, 16.7%)"
707,6,Fujian Medical University,6,1.0,"Fujian Medical University (6, 100.0%)"
708,6,Jiangxi Provincial Cancer Hospital,6,1.0,"Jiangxi Provincial Cancer Hospital (6, 100.0%)"
709,6,University of Leeds,5,0.8333333333333334,"University of Leeds (5, 83.3%); Unknown institution (1, 16.7%)"
710,6,Ministry of Health,3,0.5,"Ministry of Health (3, 50.0%); Public Health Agency of Canada (1, 16.7%); University of British Columbia (1, 16.7%)"
711,6,Tianjin First Center Hospital,5,0.8333333333333334,"Tianjin First Center Hospital (5, 83.3%); Second Hospital of Tianjin Medical University (1, 16.7%)"
712,6,Hangzhou Medical College,3,0.5,"Hangzhou Medical College (3, 50.0%); Zhejiang Hospital (2, 33.3%); Zhejiang Provincial People's Hospital (1, 16.7%)"
713,6,First Affiliated Hospital of Dalian Medical University,6,1.0,"First Affiliated Hospital of Dalian Medical University (6, 100.0%)"
714,6,University of Giessen,6,1.0,"University of Giessen (6, 100.0%)"
715,6,"Institute of Basic Research in Clinical Medicine, China Academy of Chinese Medical Sciences",3,0.5,"Institute of Basic Research in Clinical Medicine, China Academy of Chinese Medical Sciences (3, 50.0%); Academy of Mathematics and Systems Science (1, 16.7%); China Academy of Chinese Medical Sciences (1, 16.7%)"
716,6,Southern Medical University,6,1.0,"Southern Medical University (6, 100.0%)"
717,6,First Affiliated Hospital of Harbin Medical University,4,0.6666666666666666,"First Affiliated Hospital of Harbin Medical University (4, 66.7%); Chifeng Municipal Hospital (2, 33.3%)"
718,6,Queen Mary University of London,5,0.8333333333333334,"Queen Mary University of London (5, 83.3%); University of Calgary (1, 16.7%)"
719,6,Hunan University of Traditional Chinese Medicine,5,0.8333333333333334,"Hunan University of Traditional Chinese Medicine (5, 83.3%); First Affiliated Hospital of Hunan University of Traditional Chinese Medicine (1, 16.7%)"
720,6,Royal Free London NHS Foundation Trust,4,0.6666666666666666,"Royal Free London NHS Foundation Trust (4, 66.7%); University College London (2, 33.3%)"
721,6,The First Affiliated Hospital of Guangxi University of Traditional Chinese Medicine,6,1.0,"The First Affiliated Hospital of Guangxi University of Traditional Chinese Medicine (6, 100.0%)"
722,6,The Pennsylvania State University,4,0.6666666666666666,"The Pennsylvania State University (4, 66.7%); Duke University (1, 16.7%); Texas A&M University (1, 16.7%)"
723,6,Dali University,5,0.8333333333333334,"Dali University (5, 83.3%); Shaanxi Normal University (1, 16.7%)"
724,6,Harbin Institute of Technology,4,0.6666666666666666,"Harbin Institute of Technology (4, 66.7%); Harbin Institute of Technology Shenzhen (1, 16.7%); Peng Cheng Laboratory (1, 16.7%)"
725,6,Ningbo University,6,1.0,"Ningbo University (6, 100.0%)"
726,6,Ningbo University,6,1.0,"Ningbo University (6, 100.0%)"
727,6,Suining Central Hospital,6,1.0,"Suining Central Hospital (6, 100.0%)"
728,6,Guangzhou University of Chinese Medicine,5,0.8333333333333334,"Guangzhou University of Chinese Medicine (5, 83.3%); Shenzhen Traditional Chinese Medicine Hospital (1, 16.7%)"
729,6,Vor Biopharma Inc,6,1.0,"Vor Biopharma Inc (6, 100.0%)"
730,6,Chengdu University of Traditional Chinese Medicine,6,1.0,"Chengdu University of Traditional Chinese Medicine (6, 100.0%)"
731,6,Jiaxing University,3,0.5,"Jiaxing University (3, 50.0%); Zhejiang Chinese Medical University (3, 50.0%)"
732,6,"AIage Life Science Corporation Ltd., Guangxi Free Trade Zone Aisheng Biotechnology Corporation Ltd., Nanning, China",5,0.8333333333333334,"AIage Life Science Corporation Ltd., Guangxi Free Trade Zone Aisheng Biotechnology Corporation Ltd., Nanning, China (5, 83.3%); Guangxi University (1, 16.7%)"
733,6,Nanjing University of Chinese Medicine,6,1.0,"Nanjing University of Chinese Medicine (6, 100.0%)"
734,6,Union Hospital Tongji Medical College Huazhong University of Science and Technology,6,1.0,"Union Hospital Tongji Medical College Huazhong University of Science and Technology (6, 100.0%)"
735,6,Shanghai Ninth People's Hospital,5,0.8333333333333334,"Shanghai Ninth People's Hospital (5, 83.3%); Xuzhou Medical College (1, 16.7%)"
736,6,"Traditional Chinese Medicine Department of Immunology, Women and Children Health Institute Futian Shenzhen, Guangdong, China",3,0.5,"Traditional Chinese Medicine Department of Immunology, Women and Children Health Institute Futian Shenzhen, Guangdong, China (3, 50.0%); Beijing Sport University (1, 16.7%); Department of Rheumatology and Immunology, Women and Children Health Institute Futian Shenzhen, Guangdong, China (1, 16.7%)"
737,6,Trinity College Dublin,2,0.3333333333333333,"Trinity College Dublin (2, 33.3%); University College Dublin (2, 33.3%); Kingston University (1, 16.7%)"
738,6,First Affiliated Hospital of Chongqing Medical University,6,1.0,"First Affiliated Hospital of Chongqing Medical University (6, 100.0%)"
739,6,West China Hospital of Sichuan University,6,1.0,"West China Hospital of Sichuan University (6, 100.0%)"
740,6,King Saud University,5,0.8333333333333334,"King Saud University (5, 83.3%); Princess Nourah bint Abdulrahman University (1, 16.7%)"
741,6,Beijing University of Chinese Medicine,3,0.5,"Beijing University of Chinese Medicine (3, 50.0%); Beijing Hospital of Traditional Chinese Medicine (2, 33.3%); Changchun Normal University (1, 16.7%)"
742,6,XinHua Hospital,5,0.8333333333333334,"XinHua Hospital (5, 83.3%); Fudan University (1, 16.7%)"
743,6,First Hospital of Jilin University,6,1.0,"First Hospital of Jilin University (6, 100.0%)"
744,6,North China University of Science and Technology,6,1.0,"North China University of Science and Technology (6, 100.0%)"
745,6,Tianjin Medical University General Hospital,5,0.8333333333333334,"Tianjin Medical University General Hospital (5, 83.3%); Tianjin Huanhu Hospital (1, 16.7%)"
746,6,Nanjing University,6,1.0,"Nanjing University (6, 100.0%)"
747,6,Southeast University,6,1.0,"Southeast University (6, 100.0%)"
748,6,Tongji University,5,0.8333333333333334,"Tongji University (5, 83.3%); Shanghai Ninth People's Hospital (1, 16.7%)"
749,6,Chinese Academy of Medical Sciences & Peking Union Medical College,2,0.3333333333333333,"Chinese Academy of Medical Sciences & Peking Union Medical College (2, 33.3%); First Hospital of China Medical University (2, 33.3%); First Affiliated Hospital of Sun Yat-sen University (1, 16.7%)"
750,6,Fourth Affiliated Hospital of China Medical University,5,0.8333333333333334,"Fourth Affiliated Hospital of China Medical University (5, 83.3%); China Medical University (1, 16.7%)"
751,6,Children's Hospital of Suzhou University,4,0.6666666666666666,"Children's Hospital of Suzhou University (4, 66.7%); Capital Medical University (1, 16.7%); Fuwai Hospital, CAMS&PUMC (1, 16.7%)"
752,6,First Affiliated Hospital of Wannan Medical College,6,1.0,"First Affiliated Hospital of Wannan Medical College (6, 100.0%)"
753,6,University of South China,6,1.0,"University of South China (6, 100.0%)"
754,6,First Affiliated Hospital of GuangXi Medical University,5,0.8333333333333334,"First Affiliated Hospital of GuangXi Medical University (5, 83.3%); The Central Hospital of Shaoyang (1, 16.7%)"
755,6,University of Cologne,5,0.8333333333333334,"University of Cologne (5, 83.3%); Northwestern University (1, 16.7%)"
756,6,Second Affiliated Hospital of Guangzhou Medical University,6,1.0,"Second Affiliated Hospital of Guangzhou Medical University (6, 100.0%)"
757,6,Ningbo University,6,1.0,"Ningbo University (6, 100.0%)"
758,6,Zhejiang University,4,0.6666666666666666,"Zhejiang University (4, 66.7%); Second Affiliated Hospital of Zhejiang University School of Medicine (2, 33.3%)"
759,6,Jiangnan University,6,1.0,"Jiangnan University (6, 100.0%)"
760,6,University of Zagreb,3,0.5,"University of Zagreb (3, 50.0%); LifeNome Inc., New York, NY 10018, USA (2, 33.3%); Memorial Sloan Kettering Cancer Center (1, 16.7%)"
761,6,Shaoxing People's Hospital,6,1.0,"Shaoxing People's Hospital (6, 100.0%)"
762,6,Affiliated Hospital of Southwest Medical University,6,1.0,"Affiliated Hospital of Southwest Medical University (6, 100.0%)"
763,6,Central South University,6,1.0,"Central South University (6, 100.0%)"
764,6,West China Hospital of Sichuan University,4,0.6666666666666666,"West China Hospital of Sichuan University (4, 66.7%); Chengdu Medical College (1, 16.7%); Hainan General Hospital (1, 16.7%)"
765,6,Tel Aviv University,6,1.0,"Tel Aviv University (6, 100.0%)"
766,6,Chinese Academy of Medical Sciences & Peking Union Medical College,2,0.3333333333333333,"Chinese Academy of Medical Sciences & Peking Union Medical College (2, 33.3%); Peking University (2, 33.3%); State Key Laboratory of Cognitive Neuroscience and Learning (2, 33.3%)"
767,6,University of York,4,0.6666666666666666,"University of York (4, 66.7%); University of Bath (1, 16.7%); University of Newcastle Australia (1, 16.7%)"
768,6,Wenzhou Medical University,5,0.8333333333333334,"Wenzhou Medical University (5, 83.3%); Shanxi Cardiovascular Hospital (1, 16.7%)"
769,6,Panzhihua Central Hospital,4,0.6666666666666666,"Panzhihua Central Hospital (4, 66.7%); Dali University (2, 33.3%)"
770,6,Korea Food Research Institute,5,0.8333333333333334,"Korea Food Research Institute (5, 83.3%); Hoseo University (1, 16.7%)"
771,6,Guangzhou University of Chinese Medicine,6,1.0,"Guangzhou University of Chinese Medicine (6, 100.0%)"
772,6,Second Military Medical University,6,1.0,"Second Military Medical University (6, 100.0%)"
773,6,Tianjin Fourth Central Hospital,4,0.6666666666666666,"Tianjin Fourth Central Hospital (4, 66.7%); Second Affiliated Hospital, Brain Science Institute, Key Laboratory of Cerebral Microcirculation in Universities of Shandong, Shandong First Medical University and Shandong Academy of Medical Sciences, Taian, China (1, 16.7%); Taian City Central Hospital (1, 16.7%)"
774,6,Lanzhou University,6,1.0,"Lanzhou University (6, 100.0%)"
775,6,New York University,5,0.8333333333333334,"New York University (5, 83.3%); Aarhus University (1, 16.7%)"
776,6,Shenzhen University,6,1.0,"Shenzhen University (6, 100.0%)"
777,6,Guangdong Provincial People’s Hospital,6,1.0,"Guangdong Provincial People’s Hospital (6, 100.0%)"
778,6,Air Force Medical University,6,1.0,"Air Force Medical University (6, 100.0%)"
779,6,Beijing Friendship Hospital,6,1.0,"Beijing Friendship Hospital (6, 100.0%)"
780,6,Zhejiang Chinese Medical University,6,1.0,"Zhejiang Chinese Medical University (6, 100.0%)"
781,6,"Corporate Data Management, PT Kalbe Farma Tbk, 10510 Central Jakarta, Indonesia",6,1.0,"Corporate Data Management, PT Kalbe Farma Tbk, 10510 Central Jakarta, Indonesia (6, 100.0%)"
782,6,Fuyang People's Hospital,6,1.0,"Fuyang People's Hospital (6, 100.0%)"
783,6,Dalian Medical University,3,0.5,"Dalian Medical University (3, 50.0%); First Affiliated Hospital of Dalian Medical University (3, 50.0%)"
784,6,Shandong Provincial Hospital,6,1.0,"Shandong Provincial Hospital (6, 100.0%)"
785,6,University Hospital of Zurich,4,0.6666666666666666,"University Hospital of Zurich (4, 66.7%); University Hospital of Psychiatry Zurich (1, 16.7%); University of Zurich (1, 16.7%)"
786,6,University of Pennsylvania,5,0.8333333333333334,"University of Pennsylvania (5, 83.3%); University of Rhode Island (1, 16.7%)"
787,6,Nanjing University,5,0.8333333333333334,"Nanjing University (5, 83.3%); Affiliated Hospital of Nantong University (1, 16.7%)"
788,6,International Peace Maternity & Child Health Hospital,5,0.8333333333333334,"International Peace Maternity & Child Health Hospital (5, 83.3%); Wenzhou Medical University (1, 16.7%)"
789,6,First Affiliated Hospital of Henan University of Traditional Chinese Medicine,3,0.5,"First Affiliated Hospital of Henan University of Traditional Chinese Medicine (3, 50.0%); Henan University of Traditional Chinese Medicine (3, 50.0%)"
790,6,Peking University Third Hospital,4,0.6666666666666666,"Peking University Third Hospital (4, 66.7%); Chongqing Medical University (1, 16.7%); Department of Thoracic Surgery, China-Japan Friendship Institute of Clinical Medicine, No.2 Yinghua East Street, Chaoyang District, 100029, Beijing, China (1, 16.7%)"
791,6,Jilin University,4,0.6666666666666666,"Jilin University (4, 66.7%); First Hospital of Jilin University (1, 16.7%); University of Toronto (1, 16.7%)"
792,6,Second Affiliated Hospital of Harbin Medical University,6,1.0,"Second Affiliated Hospital of Harbin Medical University (6, 100.0%)"
793,6,Peking University People's Hospital,5,0.8333333333333334,"Peking University People's Hospital (5, 83.3%); University of Technology Sydney (1, 16.7%)"
794,6,Imperial College London,4,0.6666666666666666,"Imperial College London (4, 66.7%); Chelsea and Westminster Hospital (1, 16.7%); University of Oxford (1, 16.7%)"
795,6,"Aditya Institute of Technology and Management,Department of Computer Science and Engineering (Data Science),Tekkali,Andhra Pradesh,India",1,0.16666666666666666,"Aditya Institute of Technology and Management,Department of Computer Science and Engineering (Data Science),Tekkali,Andhra Pradesh,India (1, 16.7%); Anna University, Chennai (1, 16.7%); D.S. College,Department of Computer Application,Aligarh,India (1, 16.7%)"
796,6,Capital Medical University,5,0.8333333333333334,"Capital Medical University (5, 83.3%); Second Affiliated Hospital & Yuying Children's Hospital of Wenzhou Medical University (1, 16.7%)"
797,6,First Affiliated Hospital of Kunming Medical University,6,1.0,"First Affiliated Hospital of Kunming Medical University (6, 100.0%)"
798,6,China-Japan Friendship Hospital,5,0.8333333333333334,"China-Japan Friendship Hospital (5, 83.3%); People 's Hospital of Jilin Province (1, 16.7%)"
799,6,Xinjiang Medical University,6,1.0,"Xinjiang Medical University (6, 100.0%)"
800,6,Linköping University,2,0.3333333333333333,"Linköping University (2, 33.3%); National Acoustic Laboratories (2, 33.3%); Macquarie University (1, 16.7%)"
801,6,First Affiliated Hospital of Soochow University,6,1.0,"First Affiliated Hospital of Soochow University (6, 100.0%)"
802,6,State Key Laboratory of Respiratory Diseases,3,0.5,"State Key Laboratory of Respiratory Diseases (3, 50.0%); First Affiliated Hospital of Jinan University (1, 16.7%); Guangzhou National Laboratory (1, 16.7%)"
803,6,Johannes Gutenberg University Mainz,3,0.5,"Johannes Gutenberg University Mainz (3, 50.0%); Stanford University (2, 33.3%); Charité - University Medicine Berlin (1, 16.7%)"
804,6,Xuan Wu Hospital of the Capital Medical University,6,1.0,"Xuan Wu Hospital of the Capital Medical University (6, 100.0%)"
805,6,"ADNTRO Genetics, Carretera Betlem, s/n, Colonia de Sant Pere, 07579 Arta, Spain;, darwin@adntro.com, (S.F.L.);, fireblom@adntro.com, (J.B.-D.);, nettie.stevens@adntro.com, (M.A.-B.);, watson@adntro.com, (A.G.);, morgan.monzon@adntro.com, (G.P.-S.)",4,0.6666666666666666,"ADNTRO Genetics, Carretera Betlem, s/n, Colonia de Sant Pere, 07579 Arta, Spain;, darwin@adntro.com, (S.F.L.);, fireblom@adntro.com, (J.B.-D.);, nettie.stevens@adntro.com, (M.A.-B.);, watson@adntro.com, (A.G.);, morgan.monzon@adntro.com, (G.P.-S.) (4, 66.7%); Instituto de Salud Carlos III (1, 16.7%); Pontificia Universidad Católica de Chile (1, 16.7%)"
806,6,Yiwu Central Hospital,5,0.8333333333333334,"Yiwu Central Hospital (5, 83.3%); Changhai Hospital (1, 16.7%)"
807,6,First Hospital of China Medical University,5,0.8333333333333334,"First Hospital of China Medical University (5, 83.3%); China Medical University (1, 16.7%)"
808,6,Beijing University of Chinese Medicine,6,1.0,"Beijing University of Chinese Medicine (6, 100.0%)"
809,6,Third Affiliated Hospital of Harbin Medical University,4,0.6666666666666666,"Third Affiliated Hospital of Harbin Medical University (4, 66.7%); First Affiliated Hospital of Harbin Medical University (1, 16.7%); Xiangya Hospital Central South University (1, 16.7%)"
810,6,Kunming Medical University,6,1.0,"Kunming Medical University (6, 100.0%)"
811,6,Wenzhou Medical University,5,0.8333333333333334,"Wenzhou Medical University (5, 83.3%); Hangzhou Medical College (1, 16.7%)"
812,5,German Diabetes Center,3,0.6,"German Diabetes Center (3, 60.0%); Heinrich Heine University Düsseldorf (2, 40.0%)"
813,5,Beijing Tongren Hospital,4,0.8,"Beijing Tongren Hospital (4, 80.0%); Key Laboratory of Chinese National Health Commission for Male Reproductive Health / Science and Technology Research Institute of Chinese National Health Commission, Beijing 10081, China. (1, 20.0%)"
814,5,Anhui University of Traditional Chinese Medicine,4,0.8,"Anhui University of Traditional Chinese Medicine (4, 80.0%); Second Affiliated Hospital of Shandong First Medical University (1, 20.0%)"
815,5,Hubei University of Medicine,4,0.8,"Hubei University of Medicine (4, 80.0%); Fujian Provincial Hospital (1, 20.0%)"
816,5,Shaanxi University of Chinese Medicine,5,1.0,"Shaanxi University of Chinese Medicine (5, 100.0%)"
817,5,Northwest Women's and Children's Hospital,5,1.0,"Northwest Women's and Children's Hospital (5, 100.0%)"
818,5,Nanjing University of Chinese Medicine,5,1.0,"Nanjing University of Chinese Medicine (5, 100.0%)"
819,5,Imperial College London,5,1.0,"Imperial College London (5, 100.0%)"
820,5,General Hospital of Northern Theater Command of PLA,3,0.6,"General Hospital of Northern Theater Command of PLA (3, 60.0%); First Hospital of China Medical University (2, 40.0%)"
821,5,Fifth Affiliated Hospital of Sun Yat-sen University,5,1.0,"Fifth Affiliated Hospital of Sun Yat-sen University (5, 100.0%)"
822,5,Chinese PLA General Hospital,5,1.0,"Chinese PLA General Hospital (5, 100.0%)"
823,5,ShanghaiTech University,4,0.8,"ShanghaiTech University (4, 80.0%); Shanghai Jiao Tong University (1, 20.0%)"
824,5,Jewish General Hospital,4,0.8,"Jewish General Hospital (4, 80.0%); Harvard University (1, 20.0%)"
825,5,University of Westminster,3,0.6,"University of Westminster (3, 60.0%); Anglia Ruskin University (1, 20.0%); Southampton Solent University (1, 20.0%)"
826,5,Sichuan Police College,3,0.6,"Sichuan Police College (3, 60.0%); Hospital of Chengdu University of Traditional Chinese (1, 20.0%); Southwest Medical University (1, 20.0%)"
827,5,Second Military Medical University,3,0.6,"Second Military Medical University (3, 60.0%); Bengbu Medical College (1, 20.0%); University of Shanghai for Science and Technology (1, 20.0%)"
828,5,Keele University,2,0.4,"Keele University (2, 40.0%); Queen Elizabeth Hospital Birmingham (2, 40.0%); University Hospitals of North Midlands NHS Trust (1, 20.0%)"
829,5,Chinese Academy of Medical Sciences,5,1.0,"Chinese Academy of Medical Sciences (5, 100.0%)"
830,5,Zhejiang Chinese Medical University,5,1.0,"Zhejiang Chinese Medical University (5, 100.0%)"
831,5,Tongji Hospital Affiliated to Tongji Medical College of Huazhong University of Science & Technology,5,1.0,"Tongji Hospital Affiliated to Tongji Medical College of Huazhong University of Science & Technology (5, 100.0%)"
832,5,"University of California, Berkeley",3,0.6,"University of California, Berkeley (3, 60.0%); Analysis Group (United States) (1, 20.0%); Stanford University (1, 20.0%)"
833,5,Beijing University of Chinese Medicine,5,1.0,"Beijing University of Chinese Medicine (5, 100.0%)"
834,5,Changchun University of Chinese Medicine,4,0.8,"Changchun University of Chinese Medicine (4, 80.0%); Jiangsu Provincial Hospital of Traditional Chinese Medicine (1, 20.0%)"
835,5,First Affiliated Hospital of Wenzhou Medical University,5,1.0,"First Affiliated Hospital of Wenzhou Medical University (5, 100.0%)"
836,5,Fujian Medical University,5,1.0,"Fujian Medical University (5, 100.0%)"
837,5,Peking University Third Hospital,4,0.8,"Peking University Third Hospital (4, 80.0%); The First Hospital of Changsha (1, 20.0%)"
838,5,Affiliated Hospital of Guizhou Medical University,5,1.0,"Affiliated Hospital of Guizhou Medical University (5, 100.0%)"
839,5,Chengdu Third People's Hospital,4,0.8,"Chengdu Third People's Hospital (4, 80.0%); University of Electronic Science and Technology of China (1, 20.0%)"
840,5,Akershus University Hospital,3,0.6,"Akershus University Hospital (3, 60.0%); Centro San Giovanni di Dio Fatebenefratelli (1, 20.0%); University of Oslo (1, 20.0%)"
841,5,Xuan Wu Hospital of the Capital Medical University,4,0.8,"Xuan Wu Hospital of the Capital Medical University (4, 80.0%); Capital Medical University (1, 20.0%)"
842,5,Karolinska Institutet,3,0.6,"Karolinska Institutet (3, 60.0%); Karolinska University Hospital (1, 20.0%); Stockholm University (1, 20.0%)"
843,5,Xuzhou Medical College,4,0.8,"Xuzhou Medical College (4, 80.0%); Children's Hospital of Suzhou University (1, 20.0%)"
844,5,Affiliated Hospital of Shandong University of Traditional Chinese Medicine,3,0.6,"Affiliated Hospital of Shandong University of Traditional Chinese Medicine (3, 60.0%); Shandong University of Traditional Chinese Medicine (2, 40.0%)"
845,5,University of Cambridge,2,0.4,"University of Cambridge (2, 40.0%); University of Hohenheim (2, 40.0%); Copenhagen Business School (1, 20.0%)"
846,5,Capital Medical University,3,0.6,"Capital Medical University (3, 60.0%); Beijing Tian Tan Hospital (2, 40.0%)"
847,5,Second Affiliated Hospital of Chongqing Medical University,5,1.0,"Second Affiliated Hospital of Chongqing Medical University (5, 100.0%)"
848,5,Swansea University,5,1.0,"Swansea University (5, 100.0%)"
849,5,First Affiliated Hospital of Guangzhou University of Chinese Medicine,3,0.6,"First Affiliated Hospital of Guangzhou University of Chinese Medicine (3, 60.0%); Guangzhou University of Chinese Medicine (2, 40.0%)"
850,5,Second Hospital of Hebei Medical University,5,1.0,"Second Hospital of Hebei Medical University (5, 100.0%)"
851,5,Biomerieux SA,2,0.4,"Biomerieux SA (2, 40.0%); Université Libre de Bruxelles (2, 40.0%); International Agency for Research on Cancer (1, 20.0%)"
852,5,Hadassah University Hospital,5,1.0,"Hadassah University Hospital (5, 100.0%)"
853,5,Shantou University Medical College,3,0.6,"Shantou University Medical College (3, 60.0%); First Affiliated Hospital of Shantou University Medical College (1, 20.0%); Shantou University (1, 20.0%)"
854,5,Fujian Medical University,5,1.0,"Fujian Medical University (5, 100.0%)"
855,5,Institute Curie,4,0.8,"Institute Curie (4, 80.0%); Janssen Pharmaceuticals Inc (1, 20.0%)"
856,5,Xiangya Hospital Central South University,2,0.4,"Xiangya Hospital Central South University (2, 40.0%); Hunan Normal University (1, 20.0%); Hunan University of Traditional Chinese Medicine (1, 20.0%)"
857,5,Nanjing University of Chinese Medicine,4,0.8,"Nanjing University of Chinese Medicine (4, 80.0%); Jiangsu Provincial Hospital of Chinese Medicine (1, 20.0%)"
858,5,Ganzhou People's Hospital,5,1.0,"Ganzhou People's Hospital (5, 100.0%)"
859,5,University of Montenegro,3,0.6,"University of Montenegro (3, 60.0%); University of Donja Gorica (2, 40.0%)"
860,5,Tongji Medical College of Huazhong University of Science and Technology,5,1.0,"Tongji Medical College of Huazhong University of Science and Technology (5, 100.0%)"
861,5,Hunan University of Traditional Chinese Medicine,5,1.0,"Hunan University of Traditional Chinese Medicine (5, 100.0%)"
862,5,Ganzhou People's Hospital,4,0.8,"Ganzhou People's Hospital (4, 80.0%); First Affiliated Hospital of University of South China (1, 20.0%)"
863,5,Seoul National University Bundang Hospital,3,0.6,"Seoul National University Bundang Hospital (3, 60.0%); Boramae Medical Center (1, 20.0%); Seoul National University (1, 20.0%)"
864,5,Zhuhai Hospital of Integrated Traditional Chinese and Western Medicine,5,1.0,"Zhuhai Hospital of Integrated Traditional Chinese and Western Medicine (5, 100.0%)"
865,5,First Affiliated Hospital of Zhejiang University School of Medicine,3,0.6,"First Affiliated Hospital of Zhejiang University School of Medicine (3, 60.0%); Zhejiang University (2, 40.0%)"
866,5,University of Sheffield,2,0.4,"University of Sheffield (2, 40.0%); Newcastle University (1, 20.0%); Sheffield Hallam University (1, 20.0%)"
867,5,Chengdu University of Traditional Chinese Medicine,5,1.0,"Chengdu University of Traditional Chinese Medicine (5, 100.0%)"
868,5,Korea University,2,0.4,"Korea University (2, 40.0%); Hankuk University of Foreign Studies (1, 20.0%); Korea University Anam Hospital (1, 20.0%)"
869,5,Zhengzhou Children's Hospital,5,1.0,"Zhengzhou Children's Hospital (5, 100.0%)"
870,5,Ningbo Medical Center Lihuili Hospital,5,1.0,"Ningbo Medical Center Lihuili Hospital (5, 100.0%)"
871,5,Affiliated Hospital of Jining Medical University,5,1.0,"Affiliated Hospital of Jining Medical University (5, 100.0%)"
872,5,Juntendo University School of Medicine,3,0.6,"Juntendo University School of Medicine (3, 60.0%); University of Electronic Science and Technology of China (1, 20.0%); University of Rhode Island (1, 20.0%)"
873,5,"Medical college, Hubei Minzu University",3,0.6,"Medical college, Hubei Minzu University (3, 60.0%); Hubei University of Chinese Medicine (2, 40.0%)"
874,5,First Affiliated Hospital of Zhengzhou University,5,1.0,"First Affiliated Hospital of Zhengzhou University (5, 100.0%)"
875,5,Massachusetts General Hospital,2,0.4,"Massachusetts General Hospital (2, 40.0%); Hvidovre Hospital (1, 20.0%); Technical University of Denmark (1, 20.0%)"
876,5,"Insilico Medicine AI Ltd., Abu Dhabi, UAE.",2,0.4,"Insilico Medicine AI Ltd., Abu Dhabi, UAE. (2, 40.0%); Insilico Medicine Shanghai, Ltd., Shanghai, China (2, 40.0%); InSilico Medicine Inc (1, 20.0%)"
877,5,Vavilov Institute of General Genetics,5,1.0,"Vavilov Institute of General Genetics (5, 100.0%)"
878,5,Shandong University,4,0.8,"Shandong University (4, 80.0%); Shandong Provincial Hospital (1, 20.0%)"
879,5,University of British Columbia,4,0.8,"University of British Columbia (4, 80.0%); British Columbia Children's Hospital (1, 20.0%)"
880,5,Guizhou University of Traditional Chinese Medicine,5,1.0,"Guizhou University of Traditional Chinese Medicine (5, 100.0%)"
881,5,Chifeng University,4,0.8,"Chifeng University (4, 80.0%); Affiliated Hospital of Chifeng University (1, 20.0%)"
882,5,Quzhou City People's Hospital,3,0.6,"Quzhou City People's Hospital (3, 60.0%); First Affiliated Hospital of Wenzhou Medical University (1, 20.0%); Zhejiang University (1, 20.0%)"
883,5,Chengdu University of Traditional Chinese Medicine,3,0.6,"Chengdu University of Traditional Chinese Medicine (3, 60.0%); Hospital of Chengdu University of Traditional Chinese (2, 40.0%)"
884,5,Capital Medical University,3,0.6,"Capital Medical University (3, 60.0%); Beijing University of Chinese Medicine (2, 40.0%)"
885,5,Sheng Jing Hospital,4,0.8,"Sheng Jing Hospital (4, 80.0%); China Medical University (1, 20.0%)"
886,5,Wenzhou Medical University,2,0.4,"Wenzhou Medical University (2, 40.0%); Zhejiang Provincial People's Hospital (2, 40.0%); Hangzhou Medical College (1, 20.0%)"
887,5,Southern Medical University,3,0.6,"Southern Medical University (3, 60.0%); Southern Medical University Shenzhen Hospital (2, 40.0%)"
888,5,Shanghai East Hospital,3,0.6,"Shanghai East Hospital (3, 60.0%); Tongji University (1, 20.0%); Zhongshan Hospital (1, 20.0%)"
889,5,Google LLC,5,1.0,"Google LLC (5, 100.0%)"
890,5,Ho Technical University,1,0.2,"Ho Technical University (1, 20.0%); Mulawarman University (1, 20.0%); State University of Semarang (1, 20.0%)"
891,5,Shantou Central Hospital,2,0.4,"Shantou Central Hospital (2, 40.0%); Cancer Hospital of Shantou University Medical College (1, 20.0%); First Affiliated Hospital of Shantou University Medical College (1, 20.0%)"
892,5,Bar-Ilan University,5,1.0,"Bar-Ilan University (5, 100.0%)"
893,5,Seoul National University,3,0.6,"Seoul National University (3, 60.0%); Seoul National University Hospital (2, 40.0%)"
894,5,First Affiliated Hospital of Kunming Medical University,3,0.6,"First Affiliated Hospital of Kunming Medical University (3, 60.0%); Kunming Medical University (2, 40.0%)"
895,5,Peking University Third Hospital,4,0.8,"Peking University Third Hospital (4, 80.0%); Peking University (1, 20.0%)"
896,5,Hôpital Européen Georges-Pompidou,5,1.0,"Hôpital Européen Georges-Pompidou (5, 100.0%)"
897,5,Inha University Hospital,5,1.0,"Inha University Hospital (5, 100.0%)"
898,5,First Affiliated Hospital of Sun Yat-sen University,4,0.8,"First Affiliated Hospital of Sun Yat-sen University (4, 80.0%); Guangzhou Medical University (1, 20.0%)"
899,5,Nanchang University,5,1.0,"Nanchang University (5, 100.0%)"
900,5,Shandong University,3,0.6,"Shandong University (3, 60.0%); Second Hospital of Shandong University (1, 20.0%); Shandong Provincial Hospital (1, 20.0%)"
901,5,First Hospital of Jilin University,4,0.8,"First Hospital of Jilin University (4, 80.0%); Second Hospital of Tianjin Medical University (1, 20.0%)"
902,5,Xiamen University,5,1.0,"Xiamen University (5, 100.0%)"
903,5,Southern Medical University,4,0.8,"Southern Medical University (4, 80.0%); Southwest Hospital (1, 20.0%)"
904,5,Zhejiang University,3,0.6,"Zhejiang University (3, 60.0%); Hangzhou Women’s Hospital (2, 40.0%)"
905,5,Zhejiang Chinese Medical University,4,0.8,"Zhejiang Chinese Medical University (4, 80.0%); Zhejiang University (1, 20.0%)"
906,5,Second Xiangya Hospital of Central South University,4,0.8,"Second Xiangya Hospital of Central South University (4, 80.0%); Chinese Academy of Medical Sciences Dermatology Hospital (1, 20.0%)"
907,5,University of Paris-Saclay,4,0.8,"University of Paris-Saclay (4, 80.0%); Heriot-Watt University (1, 20.0%)"
908,5,University Hospitals Coventry and Warwickshire NHS Trust,2,0.4,"University Hospitals Coventry and Warwickshire NHS Trust (2, 40.0%); Agricultural University of Athens (1, 20.0%); Aston University (1, 20.0%)"
909,5,University of Luxembourg,3,0.6,"University of Luxembourg (3, 60.0%); Bocconi University (1, 20.0%); Paris School of Economics (1, 20.0%)"
910,5,Guangdong Province Women and Children Hospital,5,1.0,"Guangdong Province Women and Children Hospital (5, 100.0%)"
911,5,Jiangnan University,2,0.4,"Jiangnan University (2, 40.0%); Wuxi Fourth People's Hospital (2, 40.0%); Nanjing Medical University (1, 20.0%)"
912,5,Zhejiang University,5,1.0,"Zhejiang University (5, 100.0%)"
913,5,First Affiliated Hospital of Anhui Medical University,5,1.0,"First Affiliated Hospital of Anhui Medical University (5, 100.0%)"
914,5,Beijing University of Chinese Medicine,5,1.0,"Beijing University of Chinese Medicine (5, 100.0%)"
915,5,"Shanghai, China",5,1.0,"Shanghai, China (5, 100.0%)"
916,5,Eunice Kennedy Shriver National Institute of Child Health and Human Development,3,0.6,"Eunice Kennedy Shriver National Institute of Child Health and Human Development (3, 60.0%); Academy of Mathematics and Systems Science (1, 20.0%); National Cancer Institute (1, 20.0%)"
917,5,Nanjing Medical University,4,0.8,"Nanjing Medical University (4, 80.0%); Jiangsu Province Hospital (1, 20.0%)"
918,5,"HealthScreen Inc., Richmond Hill, NY 11418, USA;, arun@ihealthscreen.org, (A.G.);, tbhuiyan02@gmail.com, (T.B.)",3,0.6,"HealthScreen Inc., Richmond Hill, NY 11418, USA;, arun@ihealthscreen.org, (A.G.);, tbhuiyan02@gmail.com, (T.B.) (3, 60.0%); Icahn School of Medicine at Mount Sinai (2, 40.0%)"
919,5,University of Science and Technology of China,5,1.0,"University of Science and Technology of China (5, 100.0%)"
920,5,Ruhr University Bochum,3,0.6,"Ruhr University Bochum (3, 60.0%); Medical School Hamburg (1, 20.0%); University of Göttingen (1, 20.0%)"
921,5,Bengbu Medical College,3,0.6,"Bengbu Medical College (3, 60.0%); First Hospital of Jiaxing (2, 40.0%)"
922,5,New York University,4,0.8,"New York University (4, 80.0%); Unknown institution (1, 20.0%)"
923,5,The University of Tokyo,5,1.0,"The University of Tokyo (5, 100.0%)"
924,5,Beijing Anzhen Hospital,5,1.0,"Beijing Anzhen Hospital (5, 100.0%)"
925,5,University of Electronic Science and Technology of China,4,0.8,"University of Electronic Science and Technology of China (4, 80.0%); Chinese Academy of Medical Sciences & Peking Union Medical College (1, 20.0%)"
926,5,Centre for Genomic Regulation,4,0.8,"Centre for Genomic Regulation (4, 80.0%); Harvard University (1, 20.0%)"
927,5,Zhejiang Chinese Medical University,2,0.4,"Zhejiang Chinese Medical University (2, 40.0%); Department of Orthopaedics, the First People’s Hospital of Chun’an County, Hangzhou, Zhejiang, China (1, 20.0%); Hunan University of Traditional Chinese Medicine (1, 20.0%)"
928,5,Guang’anmen Hospital,5,1.0,"Guang’anmen Hospital (5, 100.0%)"
929,5,Mayo Clinic,4,0.8,"Mayo Clinic (4, 80.0%); Mayo Clinic in Arizona (1, 20.0%)"
930,5,First Affiliated Hospital of Dalian Medical University,4,0.8,"First Affiliated Hospital of Dalian Medical University (4, 80.0%); Department of Cardiology, Tieling Central Hospital, Tieling, Liaoning, China (1, 20.0%)"
931,5,Air Force Medical University,2,0.4,"Air Force Medical University (2, 40.0%); Chinese PLA General Hospital (2, 40.0%); First Affiliated Hospital of Chongqing Medical University (1, 20.0%)"
932,5,Wangjing Hospital of China Academy of Chinese Medical Sciences,3,0.6,"Wangjing Hospital of China Academy of Chinese Medical Sciences (3, 60.0%); China Academy of Chinese Medical Sciences (1, 20.0%); Nanjing University of Chinese Medicine (1, 20.0%)"
933,5,First Affiliated Hospital of Soochow University,5,1.0,"First Affiliated Hospital of Soochow University (5, 100.0%)"
934,5,West China Hospital of Sichuan University,5,1.0,"West China Hospital of Sichuan University (5, 100.0%)"
935,5,Chengdu Medical College,3,0.6,"Chengdu Medical College (3, 60.0%); Guangyuan Central Hospital (1, 20.0%); Southern Medical University (1, 20.0%)"
936,5,Beijing University of Chinese Medicine,2,0.4,"Beijing University of Chinese Medicine (2, 40.0%); Capital Medical University (2, 40.0%); Beijing Hospital of Traditional Chinese Medicine (1, 20.0%)"
937,5,"Pulmonology Department, Fengdu General Hospital, No.33, Lutang Street, Sanhe Street, Fengdu County, Chongqing, China",5,1.0,"Pulmonology Department, Fengdu General Hospital, No.33, Lutang Street, Sanhe Street, Fengdu County, Chongqing, China (5, 100.0%)"
938,5,"Oxcitas Limited, 28 Chesterton Road, Cambridge CB4 3AZ, United Kingdom",4,0.8,"Oxcitas Limited, 28 Chesterton Road, Cambridge CB4 3AZ, United Kingdom (4, 80.0%); ElectronRX Limited, 28 Chesterton Road, Cambridge CB4 3AZ, United Kingdom (1, 20.0%)"
939,5,Tongji University,2,0.4,"Tongji University (2, 40.0%); Yangtze University (2, 40.0%); First People's Hospital of Jingzhou (1, 20.0%)"
940,5,"STALICLA Discovery and Data Science Unit, World Trade Center, Moll de Barcelona, Edif Este, 08039 Barcelona, Spain;, sara.azidane@stalicla.com, (S.A.);, 01eizaguerrisandra@gmail.com, (S.E.);, xavier.gallego@stalicla.com, (X.G.);, lynn.durham@stalicla.com, (L.D.);, emre.guney@stalicla.com, (E.G.)",4,0.8,"STALICLA Discovery and Data Science Unit, World Trade Center, Moll de Barcelona, Edif Este, 08039 Barcelona, Spain;, sara.azidane@stalicla.com, (S.A.);, 01eizaguerrisandra@gmail.com, (S.E.);, xavier.gallego@stalicla.com, (X.G.);, lynn.durham@stalicla.com, (L.D.);, emre.guney@stalicla.com, (E.G.) (4, 80.0%); Autonomous University of Barcelona (1, 20.0%)"
941,5,Renmin Hospital of Wuhan University,5,1.0,"Renmin Hospital of Wuhan University (5, 100.0%)"
942,5,Shenzhen University,4,0.8,"Shenzhen University (4, 80.0%); Shenzhen Pingle Orthopedic Hospital (1, 20.0%)"
943,5,Qilu Hospital of Shandong University,5,1.0,"Qilu Hospital of Shandong University (5, 100.0%)"
944,5,Dongzhimen Hospital Affiliated to Beijing University of Chinese Medicine,3,0.6,"Dongzhimen Hospital Affiliated to Beijing University of Chinese Medicine (3, 60.0%); Beijing University of Chinese Medicine (2, 40.0%)"
945,5,Rush University,3,0.6,"Rush University (3, 60.0%); Rush University Medical Center (2, 40.0%)"
946,5,Cornell University,4,0.8,"Cornell University (4, 80.0%); University of Rochester Medical Center (1, 20.0%)"
947,5,Fujian Medical University,5,1.0,"Fujian Medical University (5, 100.0%)"
948,5,Beijing Friendship Hospital,5,1.0,"Beijing Friendship Hospital (5, 100.0%)"
949,5,Peking Union Medical College Hospital,5,1.0,"Peking Union Medical College Hospital (5, 100.0%)"
950,5,Nanjing University of Chinese Medicine,5,1.0,"Nanjing University of Chinese Medicine (5, 100.0%)"
951,5,Capital Medical University,5,1.0,"Capital Medical University (5, 100.0%)"
952,5,Jinan University,3,0.6,"Jinan University (3, 60.0%); Southern Medical University (1, 20.0%); Third Affiliated Hospital of Sun Yat-sen University (1, 20.0%)"
953,5,Chinese People's Liberation Army,3,0.6,"Chinese People's Liberation Army (3, 60.0%); Chinese PLA General Hospital (1, 20.0%); Department of Neurosurgery, 920th Hospital of Joint Logistics Support Force, Kunming, China. Electronic address: liuneuro2017@foxmail.com. (1, 20.0%)"
954,5,Guizhou University of Traditional Chinese Medicine,5,1.0,"Guizhou University of Traditional Chinese Medicine (5, 100.0%)"
955,5,McGill University,5,1.0,"McGill University (5, 100.0%)"
956,5,Xiyuan Hospital,5,1.0,"Xiyuan Hospital (5, 100.0%)"
957,5,Guangzhou Medical University,4,0.8,"Guangzhou Medical University (4, 80.0%); Kingmed Diagnostics (1, 20.0%)"
958,5,"Department of Biotechnology, Jerusalem Multidisciplinary College, Jerusalem 9101001, Israel",5,1.0,"Department of Biotechnology, Jerusalem Multidisciplinary College, Jerusalem 9101001, Israel (5, 100.0%)"
959,5,Simon Fraser University,3,0.6,"Simon Fraser University (3, 60.0%); University College London (1, 20.0%); Wake Forest University (1, 20.0%)"
960,5,Chongqing Medical University,2,0.4,"Chongqing Medical University (2, 40.0%); West China Hospital of Sichuan University (2, 40.0%); Hainan Medical University (1, 20.0%)"
961,5,First Affiliated Hospital of Nanchang University,5,1.0,"First Affiliated Hospital of Nanchang University (5, 100.0%)"
962,5,Affiliated Hospital of Guizhou Medical University,5,1.0,"Affiliated Hospital of Guizhou Medical University (5, 100.0%)"
963,5,Nanjing Medical University,5,1.0,"Nanjing Medical University (5, 100.0%)"
964,5,Guangzhou University of Chinese Medicine,4,0.8,"Guangzhou University of Chinese Medicine (4, 80.0%); Department of Endocrinology and Metabolism, Shantou Hospital of Traditional Chinese Medicine, Shantou, Guangdong, China. (1, 20.0%)"
965,5,Second Affiliated Hospital of Fujian Medical University,5,1.0,"Second Affiliated Hospital of Fujian Medical University (5, 100.0%)"
966,5,Shanghai Jiao Tong University,3,0.6,"Shanghai Jiao Tong University (3, 60.0%); Adelaide University (1, 20.0%); University of Hawaiʻi at Mānoa (1, 20.0%)"
967,5,Unknown institution,4,0.8,"Unknown institution (4, 80.0%); University of Southampton (1, 20.0%)"
968,5,University of Cambridge,3,0.6,"University of Cambridge (3, 60.0%); Addenbrooke's Hospital (1, 20.0%); West Suffolk NHS Foundation Trust (1, 20.0%)"
969,5,Beijing Chao-Yang Hospital,5,1.0,"Beijing Chao-Yang Hospital (5, 100.0%)"
970,5,Xuzhou Medical College,2,0.4,"Xuzhou Medical College (2, 40.0%); Jiangsu Province Hospital (1, 20.0%); Northern Jiangsu People's Hospital (1, 20.0%)"
971,5,Fourth Affiliated Hospital of Guangxi Medical University,5,1.0,"Fourth Affiliated Hospital of Guangxi Medical University (5, 100.0%)"
972,5,"ITM Gwalior,Department of Computer Science and Engineering,Gwalior,Madhya Pradesh,India",1,0.2,"ITM Gwalior,Department of Computer Science and Engineering,Gwalior,Madhya Pradesh,India (1, 20.0%); Mamun University (1, 20.0%); Mohamed Sathak College of Arts and Science Sholinganallur,Department of Computer Applications,Chennai,Tamil Nadu,India,600119 (1, 20.0%)"
973,5,Tianjin Medical University General Hospital,5,1.0,"Tianjin Medical University General Hospital (5, 100.0%)"
974,5,Southern Medical University,5,1.0,"Southern Medical University (5, 100.0%)"
975,5,Central South University,5,1.0,"Central South University (5, 100.0%)"
976,5,The Pennsylvania State University,5,1.0,"The Pennsylvania State University (5, 100.0%)"
977,5,Peking Union Medical College Hospital,4,0.8,"Peking Union Medical College Hospital (4, 80.0%); West China Hospital of Sichuan University (1, 20.0%)"
978,5,Macau University of Science and Technology,2,0.4,"Macau University of Science and Technology (2, 40.0%); Weifang Chinese Medicine Hospital (2, 40.0%); Shandong University of Traditional Chinese Medicine (1, 20.0%)"
979,5,Ningbo University,5,1.0,"Ningbo University (5, 100.0%)"
980,5,Versailles Saint-Quentin-en-Yvelines University,3,0.6,"Versailles Saint-Quentin-en-Yvelines University (3, 60.0%); Hôpital Foch (1, 20.0%); Tel Aviv University (1, 20.0%)"
981,5,Shanghai Jiao Tong University,5,1.0,"Shanghai Jiao Tong University (5, 100.0%)"
982,5,University of Tehran,3,0.6,"University of Tehran (3, 60.0%); Royan Institute (1, 20.0%); Shahid Beheshti University (1, 20.0%)"
983,5,Ruian People's Hospital,5,1.0,"Ruian People's Hospital (5, 100.0%)"
984,5,"Department of General Surgery, Yan'an People's Hospital, Yan'an, China",3,0.6,"Department of General Surgery, Yan'an People's Hospital, Yan'an, China (3, 60.0%); Xi'an Medical University (1, 20.0%); Yan'an People's Hospital, Shanxi Province, 716000, PR China. Electronic address: zhqnbh@163.com. (1, 20.0%)"
985,5,Nankai University,5,1.0,"Nankai University (5, 100.0%)"
986,5,Collaborative Innovation Center for Diagnosis and Treatment of Infectious Diseases,5,1.0,"Collaborative Innovation Center for Diagnosis and Treatment of Infectious Diseases (5, 100.0%)"
987,5,Guangzhou Medical University,5,1.0,"Guangzhou Medical University (5, 100.0%)"
988,5,Huashan Hospital,4,0.8,"Huashan Hospital (4, 80.0%); Shanghai University of Finance and Economics (1, 20.0%)"
989,5,"Xiangshan Hospital of TCM Medical and Health Group, Ningbo City, Zhejiang Province, China",2,0.4,"Xiangshan Hospital of TCM Medical and Health Group, Ningbo City, Zhejiang Province, China (2, 40.0%); Tongji University (1, 20.0%); Wenzhou Medical University (1, 20.0%)"
990,5,The Second Affiliated Hospital of Bengbu Medical College,4,0.8,"The Second Affiliated Hospital of Bengbu Medical College (4, 80.0%); Bengbu Medical University, Bengbu, China (1, 20.0%)"
991,5,Guangzhou University,5,1.0,"Guangzhou University (5, 100.0%)"
992,5,Shaanxi Normal University,5,1.0,"Shaanxi Normal University (5, 100.0%)"
993,5,Central South University,5,1.0,"Central South University (5, 100.0%)"
994,5,Hospital de Sant Pau,4,0.8,"Hospital de Sant Pau (4, 80.0%); University of Campania ""Luigi Vanvitelli"" (1, 20.0%)"
995,5,Shandong University of Traditional Chinese Medicine,5,1.0,"Shandong University of Traditional Chinese Medicine (5, 100.0%)"
996,5,Guangzhou University of Chinese Medicine,3,0.6,"Guangzhou University of Chinese Medicine (3, 60.0%); Shenzhen Second People's Hospital (1, 20.0%); Shenzhen Traditional Chinese Medicine Hospital (1, 20.0%)"
997,5,Hubei University of Medicine,5,1.0,"Hubei University of Medicine (5, 100.0%)"
998,5,Zhengzhou Central Hospital,4,0.8,"Zhengzhou Central Hospital (4, 80.0%); Xinxiang Medical University (1, 20.0%)"
999,5,Guangdong Medical College,4,0.8,"Guangdong Medical College (4, 80.0%); Zhongshan People's Hospital (1, 20.0%)"
1000,5,Zhongnan Hospital of Wuhan University,4,0.8,"Zhongnan Hospital of Wuhan University (4, 80.0%); Union Hospital Tongji Medical College Huazhong University of Science and Technology (1, 20.0%)"
1001,5,The Seventh Affiliated Hospital of Sun Yat-sen University,5,1.0,"The Seventh Affiliated Hospital of Sun Yat-sen University (5, 100.0%)"
1002,5,University of Birmingham,5,1.0,"University of Birmingham (5, 100.0%)"
1003,5,Xian Yang Central Hospital,4,0.8,"Xian Yang Central Hospital (4, 80.0%); Shaoxing Chinese Medicine Hospital, China (1, 20.0%)"
1004,5,Beijing University of Chinese Medicine,4,0.8,"Beijing University of Chinese Medicine (4, 80.0%); Xiyuan Hospital (1, 20.0%)"
1005,5,First Affiliated Hospital of GuangXi Medical University,2,0.4,"First Affiliated Hospital of GuangXi Medical University (2, 40.0%); Guangxi Medical University (1, 20.0%); Heze University (1, 20.0%)"
1006,5,Zhongshan Hospital,3,0.6,"Zhongshan Hospital (3, 60.0%); Fudan University (2, 40.0%)"
1007,5,Beijing University of Chinese Medicine,4,0.8,"Beijing University of Chinese Medicine (4, 80.0%); China-Japan Friendship Hospital (1, 20.0%)"
1008,5,Zhejiang Chinese Medical University,5,1.0,"Zhejiang Chinese Medical University (5, 100.0%)"
1009,5,Shanghai Jiao Tong University,5,1.0,"Shanghai Jiao Tong University (5, 100.0%)"
1010,5,China-Japan Friendship Hospital,3,0.6,"China-Japan Friendship Hospital (3, 60.0%); Beijing University of Chinese Medicine (2, 40.0%)"
1011,5,Union Hospital Tongji Medical College Huazhong University of Science and Technology,5,1.0,"Union Hospital Tongji Medical College Huazhong University of Science and Technology (5, 100.0%)"
1012,5,Fuzhou Second Hospital,4,0.8,"Fuzhou Second Hospital (4, 80.0%); Fujian Medical University (1, 20.0%)"
1013,5,Fujian Medical University,5,1.0,"Fujian Medical University (5, 100.0%)"
1014,5,Lerner Research Institute Cleveland Clinic,3,0.6,"Lerner Research Institute Cleveland Clinic (3, 60.0%); Cleveland Clinic (2, 40.0%)"
1015,5,Sichuan University,5,1.0,"Sichuan University (5, 100.0%)"
1016,5,Tianjin Medical University General Hospital,4,0.8,"Tianjin Medical University General Hospital (4, 80.0%); Nanjing University of Chinese Medicine (1, 20.0%)"
1017,5,Zhejiang Chinese Medical University,3,0.6,"Zhejiang Chinese Medical University (3, 60.0%); Zhejiang University (2, 40.0%)"
1018,5,China Academy of Chinese Medical Sciences,4,0.8,"China Academy of Chinese Medical Sciences (4, 80.0%); Peking University (1, 20.0%)"
1019,5,Fujian Medical University,4,0.8,"Fujian Medical University (4, 80.0%); First Affiliated Hospital of Fujian Medical University (1, 20.0%)"
1020,5,Second Affiliated Hospital of Xi'an Jiaotong University,5,1.0,"Second Affiliated Hospital of Xi'an Jiaotong University (5, 100.0%)"
1021,4,West China Second University Hospital of Sichuan University,4,1.0,"West China Second University Hospital of Sichuan University (4, 100.0%)"
1022,4,Second Affiliated Hospital of Jilin University,4,1.0,"Second Affiliated Hospital of Jilin University (4, 100.0%)"
1023,4,Affiliated Hospital of Zunyi Medical College,2,0.5,"Affiliated Hospital of Zunyi Medical College (2, 50.0%); First People’s Hospital of Zunyi (2, 50.0%)"
1024,4,Bennett University,3,0.75,"Bennett University (3, 75.0%); University of South Florida (1, 25.0%)"
1025,4,University of Montreal,3,0.75,"University of Montreal (3, 75.0%); Polytechnique Montréal (1, 25.0%)"
1026,4,"Department of Gerontology, The First People’s Hospital of Jinzhong, Jinzhong City, China.",1,0.25,"Department of Gerontology, The First People’s Hospital of Jinzhong, Jinzhong City, China. (1, 25.0%); Department of Neurology, Xiangshui County People’s Hospital, Yancheng, China. (1, 25.0%); Shanxi Academy of Medical Sciences (1, 25.0%)"
1027,4,Institute of Psychology,3,0.75,"Institute of Psychology (3, 75.0%); University of Chinese Academy of Sciences (1, 25.0%)"
1028,4,Texas Tech University Health Sciences Center El Paso,2,0.5,"Texas Tech University Health Sciences Center El Paso (2, 50.0%); El Paso, USA (1, 25.0%); Massachusetts General Hospital (1, 25.0%)"
1029,4,University of Cambridge,2,0.5,"University of Cambridge (2, 50.0%); German Center for Neurodegenerative Diseases (1, 25.0%); Technical University of Munich (1, 25.0%)"
1030,4,Peking Union Medical College Hospital,4,1.0,"Peking Union Medical College Hospital (4, 100.0%)"
1031,4,Union Hospital Tongji Medical College Huazhong University of Science and Technology,4,1.0,"Union Hospital Tongji Medical College Huazhong University of Science and Technology (4, 100.0%)"
1032,4,University of South China,4,1.0,"University of South China (4, 100.0%)"
1033,4,"Emergency Center, Anxi County Hospital, Quanzhou, Fujian, China",4,1.0,"Emergency Center, Anxi County Hospital, Quanzhou, Fujian, China (4, 100.0%)"
1034,4,Yonsei University,2,0.5,"Yonsei University (2, 50.0%); Inha University (1, 25.0%); Inserm (1, 25.0%)"
1035,4,南京医科大学公共卫生学院流行病学系，南京 211166,3,0.75,"南京医科大学公共卫生学院流行病学系，南京 211166 (3, 75.0%); 宁波大学医学部公共卫生学院，宁波 315211 (1, 25.0%)"
1036,4,University of Pennsylvania,3,0.75,"University of Pennsylvania (3, 75.0%); University of Delaware (1, 25.0%)"
1037,4,Xi'an Jiaotong University,4,1.0,"Xi'an Jiaotong University (4, 100.0%)"
1038,4,Shandong First Medical University & Shandong Academy of Medical Sciences,2,0.5,"Shandong First Medical University & Shandong Academy of Medical Sciences (2, 50.0%); First Affiliated Hospital of Xinjiang Medical University (1, 25.0%); Shandong Provincial QianFoShan Hospital (1, 25.0%)"
1039,4,University of Sheffield,4,1.0,"University of Sheffield (4, 100.0%)"
1040,4,Max Planck Institute for Intelligent Systems,2,0.5,"Max Planck Institute for Intelligent Systems (2, 50.0%); IMATI-CNR, Milan, Italy (1, 25.0%); Laboratoire Jean Kuntzmann (1, 25.0%)"
1041,4,West China Second University Hospital of Sichuan University,2,0.5,"West China Second University Hospital of Sichuan University (2, 50.0%); Hong Kong Baptist University (1, 25.0%); Pudong New Area People's Hospital (1, 25.0%)"
1042,4,"Neurowyzr Pte Ltd, Singapore, Singapore, Singapore",3,0.75,"Neurowyzr Pte Ltd, Singapore, Singapore, Singapore (3, 75.0%); Singapore Brain and Spine Specialist Singapore Brain‐Spine‐Nerves Center, Singapore, Singapore, Singapore (1, 25.0%)"
1043,4,Suining Central Hospital,4,1.0,"Suining Central Hospital (4, 100.0%)"
1044,4,First Affiliated Hospital of Fujian Medical University,3,0.75,"First Affiliated Hospital of Fujian Medical University (3, 75.0%); Fujian Provincial Cancer Hospital (1, 25.0%)"
1045,4,Springfield College,4,1.0,"Springfield College (4, 100.0%)"
1046,4,Harbin Institute of Technology,2,0.5,"Harbin Institute of Technology (2, 50.0%); Harbin Engineering University (1, 25.0%); Harbin Huaqiang Power Automation Engineering Company Limited, Harbin, China (1, 25.0%)"
1047,4,Affiliated Hospital of Southwest Medical University,3,0.75,"Affiliated Hospital of Southwest Medical University (3, 75.0%); Southwest Medical University (1, 25.0%)"
1048,4,The University of Texas Southwestern Medical Center,4,1.0,"The University of Texas Southwestern Medical Center (4, 100.0%)"
1049,4,Longhua Hospital Shanghai University of Traditional Chinese Medicine,3,0.75,"Longhua Hospital Shanghai University of Traditional Chinese Medicine (3, 75.0%); Shanghai University of Medicine and Health Sciences (1, 25.0%)"
1050,4,Fujian Medical University,2,0.5,"Fujian Medical University (2, 50.0%); Hubei University of Medicine (2, 50.0%)"
1051,4,First Affiliated Hospital of Fujian Medical University,4,1.0,"First Affiliated Hospital of Fujian Medical University (4, 100.0%)"
1052,4,Roslin Institute,3,0.75,"Roslin Institute (3, 75.0%); University of Michigan-Ann Arbor (1, 25.0%)"
1053,4,Jamaica Hospital,2,0.5,"Jamaica Hospital (2, 50.0%); Mount Sinai Medical Center (1, 25.0%); San Antonio Regional Hospital (1, 25.0%)"
1054,4,Guangzhou University of Chinese Medicine,4,1.0,"Guangzhou University of Chinese Medicine (4, 100.0%)"
1055,4,West China Hospital of Sichuan University,4,1.0,"West China Hospital of Sichuan University (4, 100.0%)"
1056,4,Chongqing University,4,1.0,"Chongqing University (4, 100.0%)"
1057,4,Shanghai Sixth People's Hospital,3,0.75,"Shanghai Sixth People's Hospital (3, 75.0%); Chinese PLA General Hospital (1, 25.0%)"
1058,4,Jiangsu Province Hospital,3,0.75,"Jiangsu Province Hospital (3, 75.0%); Nanjing Medical University (1, 25.0%)"
1059,4,First Affiliated Hospital of Zhengzhou University,2,0.5,"First Affiliated Hospital of Zhengzhou University (2, 50.0%); Third Affiliated Hospital of Sun Yat-sen University (2, 50.0%)"
1060,4,Hubei University of Medicine,3,0.75,"Hubei University of Medicine (3, 75.0%); Hubei University of Chinese Medicine (1, 25.0%)"
1061,4,Nova Southeastern University,2,0.5,"Nova Southeastern University (2, 50.0%); Valencia Catholic University Saint Vincent Martyr (2, 50.0%)"
1062,4,Peking Union Medical College Hospital,4,1.0,"Peking Union Medical College Hospital (4, 100.0%)"
1063,4,Nationwide Children's Hospital,4,1.0,"Nationwide Children's Hospital (4, 100.0%)"
1064,4,Ministry of Education of the People's Republic of China,4,1.0,"Ministry of Education of the People's Republic of China (4, 100.0%)"
1065,4,China-Japan Friendship Hospital,4,1.0,"China-Japan Friendship Hospital (4, 100.0%)"
1066,4,Second Affiliated Hospital of Chongqing Medical University,4,1.0,"Second Affiliated Hospital of Chongqing Medical University (4, 100.0%)"
1067,4,"University of California, Irvine",4,1.0,"University of California, Irvine (4, 100.0%)"
1068,4,Nanjing University,3,0.75,"Nanjing University (3, 75.0%); The Second Affiliated Hospital of Nanjing Medical University (1, 25.0%)"
1069,4,Unknown institution,4,1.0,"Unknown institution (4, 100.0%)"
1070,4,Second Affiliated Hospital of Zhengzhou University,4,1.0,"Second Affiliated Hospital of Zhengzhou University (4, 100.0%)"
1071,4,Shanghai Jiao Tong University,4,1.0,"Shanghai Jiao Tong University (4, 100.0%)"
1072,4,Universidade de São Paulo,4,1.0,"Universidade de São Paulo (4, 100.0%)"
1073,4,Shanghai Tenth People's Hospital,4,1.0,"Shanghai Tenth People's Hospital (4, 100.0%)"
1074,4,Rowan University,3,0.75,"Rowan University (3, 75.0%); Rutgers, The State University of New Jersey (1, 25.0%)"
1075,4,Energy Institute,4,1.0,"Energy Institute (4, 100.0%)"
1076,4,"Coral Genomics, Inc., 953 Indiana St., San Francisco, CA 94107, USA;, chloe@coralgenomics.com, (C.K.H.);, kasey@coralgenomics.com, (K.N.D.)",3,0.75,"Coral Genomics, Inc., 953 Indiana St., San Francisco, CA 94107, USA;, chloe@coralgenomics.com, (C.K.H.);, kasey@coralgenomics.com, (K.N.D.) (3, 75.0%); University of California, Santa Cruz (1, 25.0%)"
1077,4,ShenZhen People’s Hospital,4,1.0,"ShenZhen People’s Hospital (4, 100.0%)"
1078,4,Qinghai University,4,1.0,"Qinghai University (4, 100.0%)"
1079,4,Shanghai Jiao Tong University,3,0.75,"Shanghai Jiao Tong University (3, 75.0%); West China Hospital of Sichuan University (1, 25.0%)"
1080,4,Hubei University of Medicine,2,0.5,"Hubei University of Medicine (2, 50.0%); Zhongnan Hospital of Wuhan University (2, 50.0%)"
1081,4,Ospedale Policlinico San Martino,4,1.0,"Ospedale Policlinico San Martino (4, 100.0%)"
1082,4,Yuhuangding Hospital,4,1.0,"Yuhuangding Hospital (4, 100.0%)"
1083,4,Kangwon National University,3,0.75,"Kangwon National University (3, 75.0%); Hallym University (1, 25.0%)"
1084,4,苏州大学附属第一医院妇产科，苏州 215006,4,1.0,"苏州大学附属第一医院妇产科，苏州 215006 (4, 100.0%)"
1085,4,Xiangya Hospital Central South University,4,1.0,"Xiangya Hospital Central South University (4, 100.0%)"
1086,4,Wenzhou Medical University,4,1.0,"Wenzhou Medical University (4, 100.0%)"
1087,4,ETH Zurich,4,1.0,"ETH Zurich (4, 100.0%)"
1088,4,First Affiliated Hospital of Wenzhou Medical University,4,1.0,"First Affiliated Hospital of Wenzhou Medical University (4, 100.0%)"
1089,4,Capital Medical University,4,1.0,"Capital Medical University (4, 100.0%)"
1090,4,First Hospital of Jilin University,3,0.75,"First Hospital of Jilin University (3, 75.0%); Second Affiliated Hospital of Jilin University (1, 25.0%)"
1091,4,Ministry of Education (China Medical University,4,1.0,"Ministry of Education (China Medical University (4, 100.0%)"
1092,4,Yan'an University,3,0.75,"Yan'an University (3, 75.0%); Nanchang University (1, 25.0%)"
1093,4,Zhejiang University,4,1.0,"Zhejiang University (4, 100.0%)"
1094,4,Guangzhou University of Chinese Medicine,4,1.0,"Guangzhou University of Chinese Medicine (4, 100.0%)"
1095,4,Second Affiliated Hospital of Chongqing Medical University,4,1.0,"Second Affiliated Hospital of Chongqing Medical University (4, 100.0%)"
1096,4,Tianjin University of Commerce,3,0.75,"Tianjin University of Commerce (3, 75.0%); Tianjin Medical University General Hospital (1, 25.0%)"
1097,4,Kunming Medical University,3,0.75,"Kunming Medical University (3, 75.0%); Peking University (1, 25.0%)"
1098,4,First Affiliated Hospital of Shantou University Medical College,3,0.75,"First Affiliated Hospital of Shantou University Medical College (3, 75.0%); Second Affiliated Hospital of Shantou University Medical College (1, 25.0%)"
1099,4,University of Victoria,2,0.5,"University of Victoria (2, 50.0%); Hebei University of Technology (1, 25.0%); University of Saskatchewan (1, 25.0%)"
1100,4,University of Stirling,4,1.0,"University of Stirling (4, 100.0%)"
1101,4,Soochow University,3,0.75,"Soochow University (3, 75.0%); First Affiliated Hospital of Soochow University (1, 25.0%)"
1102,4,First Affiliated Hospital of Anhui Medical University,2,0.5,"First Affiliated Hospital of Anhui Medical University (2, 50.0%); The People's Hospital Tongling (2, 50.0%)"
1103,4,Beijing Tongren Hospital,4,1.0,"Beijing Tongren Hospital (4, 100.0%)"
1104,4,Nanjing University of Chinese Medicine,4,1.0,"Nanjing University of Chinese Medicine (4, 100.0%)"
1105,4,Affiliated Hospital of Guangdong Medical University,4,1.0,"Affiliated Hospital of Guangdong Medical University (4, 100.0%)"
1106,4,Xi'an Jiaotong University,2,0.5,"Xi'an Jiaotong University (2, 50.0%); Air Force Medical University (1, 25.0%); Department of Orthopedic Surgery, Xi’an Fifth Hospital, Xi’an, Shaanxi, China (1, 25.0%)"
1107,4,Peking Union Medical College Hospital,2,0.5,"Peking Union Medical College Hospital (2, 50.0%); University of Glasgow (2, 50.0%)"
1108,4,Southern Connecticut State University,3,0.75,"Southern Connecticut State University (3, 75.0%); Massachusetts General Hospital (1, 25.0%)"
1109,4,Ministry of Education of the People's Republic of China,3,0.75,"Ministry of Education of the People's Republic of China (3, 75.0%); Jilin University (1, 25.0%)"
1110,4,University of Pittsburgh,4,1.0,"University of Pittsburgh (4, 100.0%)"
1111,4,Hanyang University,2,0.5,"Hanyang University (2, 50.0%); Sejong University (2, 50.0%)"
1112,4,Capital Medical University,3,0.75,"Capital Medical University (3, 75.0%); Beijing University of Chinese Medicine (1, 25.0%)"
1113,4,Shandong University of Traditional Chinese Medicine,3,0.75,"Shandong University of Traditional Chinese Medicine (3, 75.0%); Affiliated Hospital of Shandong University of Traditional Chinese Medicine (1, 25.0%)"
1114,4,Shanxi Medical University,4,1.0,"Shanxi Medical University (4, 100.0%)"
1115,4,University of Cincinnati,4,1.0,"University of Cincinnati (4, 100.0%)"
1116,4,Boston University,3,0.75,"Boston University (3, 75.0%); Thomas Jefferson University Hospital (1, 25.0%)"
1117,4,First Hospital of Jilin University,2,0.5,"First Hospital of Jilin University (2, 50.0%); Jilin University (2, 50.0%)"
1118,4,Institut Gustave Roussy,4,1.0,"Institut Gustave Roussy (4, 100.0%)"
1119,4,Xi'an Jiaotong University,4,1.0,"Xi'an Jiaotong University (4, 100.0%)"
1120,4,Erasmus MC,3,0.75,"Erasmus MC (3, 75.0%); Harvard University (1, 25.0%)"
1121,4,Jiangsu Province Hospital,4,1.0,"Jiangsu Province Hospital (4, 100.0%)"
1122,4,German Center for Diabetes Research,2,0.5,"German Center for Diabetes Research (2, 50.0%); Emory University (1, 25.0%); Helmholtz Zentrum München (1, 25.0%)"
1123,4,Affiliated Hospital of Southwest Medical University,3,0.75,"Affiliated Hospital of Southwest Medical University (3, 75.0%); Southwest Medical University (1, 25.0%)"
1124,4,West China Hospital of Sichuan University,4,1.0,"West China Hospital of Sichuan University (4, 100.0%)"
1125,4,UNSW Sydney,4,1.0,"UNSW Sydney (4, 100.0%)"
1126,4,KIIT University,2,0.5,"KIIT University (2, 50.0%); King Faisal University (2, 50.0%)"
1127,4,Qilu Hospital of Shandong University,4,1.0,"Qilu Hospital of Shandong University (4, 100.0%)"
1128,4,"Madanapalle Institute of Technology &#x0026; Science,Department of CSE - Data Science,Madanapalle,Andhra Pradesh,India",2,0.5,"Madanapalle Institute of Technology &#x0026; Science,Department of CSE - Data Science,Madanapalle,Andhra Pradesh,India (2, 50.0%); School of Computing, Mohan Babu University,Department of CSE (AIML),Tirupati,Andhra Pradesh,India,517102 (1, 25.0%); Sri Venkateswara College of Engineering,Department of CSE (Cybersecurity),Tirupati,Andhra Pradesh,India (1, 25.0%)"
1129,4,Chengdu University of Traditional Chinese Medicine,4,1.0,"Chengdu University of Traditional Chinese Medicine (4, 100.0%)"
1130,4,Tianjin Medical University,4,1.0,"Tianjin Medical University (4, 100.0%)"
1131,4,Zunyi Medical University,4,1.0,"Zunyi Medical University (4, 100.0%)"
1132,4,Yancheng Third People's Hospital,4,1.0,"Yancheng Third People's Hospital (4, 100.0%)"
1133,4,南京医科大学第一附属医院骨科，南京 210029,4,1.0,"南京医科大学第一附属医院骨科，南京 210029 (4, 100.0%)"
1134,4,Nanjing Medical University,2,0.5,"Nanjing Medical University (2, 50.0%); Children's Hospital of Fudan University (1, 25.0%); Tongji University (1, 25.0%)"
1135,4,"Amway R&D Center, Nutrilite Health Institute, Building 6, No.720, Cailun Road, Pudong New Area, 201203, Shanghai, China",2,0.5,"Amway R&D Center, Nutrilite Health Institute, Building 6, No.720, Cailun Road, Pudong New Area, 201203, Shanghai, China (2, 50.0%); Guangzhou Medical University (2, 50.0%)"
1136,4,Istanbul Technical University,2,0.5,"Istanbul Technical University (2, 50.0%); Işık University (1, 25.0%); Unknown institution (1, 25.0%)"
1137,4,Shanghai Jiao Tong University,4,1.0,"Shanghai Jiao Tong University (4, 100.0%)"
1138,4,First Affiliated Hospital of GuangXi Medical University,2,0.5,"First Affiliated Hospital of GuangXi Medical University (2, 50.0%); Guangxi Medical University (2, 50.0%)"
1139,4,Zhengzhou University,4,1.0,"Zhengzhou University (4, 100.0%)"
1140,4,Tianjin Children's Hospital,3,0.75,"Tianjin Children's Hospital (3, 75.0%); Tianjin Medical University (1, 25.0%)"
1141,4,Zhejiang University,4,1.0,"Zhejiang University (4, 100.0%)"
1142,4,University of Illinois at Urbana-Champaign,4,1.0,"University of Illinois at Urbana-Champaign (4, 100.0%)"
1143,4,University of Otago,3,0.75,"University of Otago (3, 75.0%); Universidade Federal do Vale do São Francisco (1, 25.0%)"
1144,4,Tongji Hospital Affiliated to Tongji Medical College of Huazhong University of Science & Technology,3,0.75,"Tongji Hospital Affiliated to Tongji Medical College of Huazhong University of Science & Technology (3, 75.0%); University of South China (1, 25.0%)"
1145,4,Peking University School of Stomatology,4,1.0,"Peking University School of Stomatology (4, 100.0%)"
1146,4,Guangxi University of Chinese Medicine,3,0.75,"Guangxi University of Chinese Medicine (3, 75.0%); Department of Urology, The Second People’s Hospital of Zhaoqing, Zhaoqing, China (1, 25.0%)"
1147,4,Guangzhou University of Chinese Medicine,4,1.0,"Guangzhou University of Chinese Medicine (4, 100.0%)"
1148,4,The Third Affiliated Hospital of Zhejiang Chinese Medical University,4,1.0,"The Third Affiliated Hospital of Zhejiang Chinese Medical University (4, 100.0%)"
1149,4,University of Pittsburgh,3,0.75,"University of Pittsburgh (3, 75.0%); Saint Vincent College (1, 25.0%)"
1150,4,Beijing Chao-Yang Hospital,2,0.5,"Beijing Chao-Yang Hospital (2, 50.0%); Capital Medical University (1, 25.0%); Zhengzhou People's Hospital (1, 25.0%)"
1151,4,Tianjin Medical University General Hospital,3,0.75,"Tianjin Medical University General Hospital (3, 75.0%); Department of Medicine, Ganzhou Tumor Hospital, Ganzhou, Jiangxi Province, PR China. (1, 25.0%)"
1152,4,First Hospital of Shanxi Medical University,2,0.5,"First Hospital of Shanxi Medical University (2, 50.0%); Shanxi Medical University (2, 50.0%)"
1153,4,First Medical Center of PLA General Hospital,2,0.5,"First Medical Center of PLA General Hospital (2, 50.0%); Beijing Shijingshan Hospital (1, 25.0%); Chinese PLA General Hospital (1, 25.0%)"
1154,4,Central South University,3,0.75,"Central South University (3, 75.0%); University of Maryland, Baltimore (1, 25.0%)"
1155,4,King's College London,2,0.5,"King's College London (2, 50.0%); Medical University of South Carolina (2, 50.0%)"
1156,4,Sheng Jing Hospital,3,0.75,"Sheng Jing Hospital (3, 75.0%); First Hospital of China Medical University (1, 25.0%)"
1157,4,Kallyope Inc,4,1.0,"Kallyope Inc (4, 100.0%)"
1158,4,Nanchang University,4,1.0,"Nanchang University (4, 100.0%)"
1159,4,Army Medical University,2,0.5,"Army Medical University (2, 50.0%); Xinxiang Medical University (2, 50.0%)"
1160,4,Sichuan University,3,0.75,"Sichuan University (3, 75.0%); Chengdu Center for Disease Control and Prevention (1, 25.0%)"
1161,4,Heilongjiang University of Chinese Medicine,4,1.0,"Heilongjiang University of Chinese Medicine (4, 100.0%)"
1162,4,Second Affiliated Hospital of Fujian Medical University,4,1.0,"Second Affiliated Hospital of Fujian Medical University (4, 100.0%)"
1163,4,Ruian People's Hospital,4,1.0,"Ruian People's Hospital (4, 100.0%)"
1164,4,Tianjin University of Traditional Chinese Medicine,3,0.75,"Tianjin University of Traditional Chinese Medicine (3, 75.0%); Tianjin Anding Hospital (1, 25.0%)"
1165,4,"Department of Oral and Maxillofacial Surgery, Gansu Province Hospital, Lanzhou, China",2,0.5,"Department of Oral and Maxillofacial Surgery, Gansu Province Hospital, Lanzhou, China (2, 50.0%); First Hospital of Lanzhou University (1, 25.0%); Gansu University of Traditional Chinese Medicine (1, 25.0%)"
1166,4,Capital Medical University,3,0.75,"Capital Medical University (3, 75.0%); China Rehabilitation Research Center (1, 25.0%)"
1167,4,Ningbo University,4,1.0,"Ningbo University (4, 100.0%)"
1168,4,Shanxi Medical University,3,0.75,"Shanxi Medical University (3, 75.0%); Zhejiang University (1, 25.0%)"
1169,4,Zhuhai People's Hospital,3,0.75,"Zhuhai People's Hospital (3, 75.0%); ShenZhen People’s Hospital (1, 25.0%)"
1170,4,Leiden University Medical Center,4,1.0,"Leiden University Medical Center (4, 100.0%)"
1171,4,Qilu Hospital of Shandong University,3,0.75,"Qilu Hospital of Shandong University (3, 75.0%); Shandong University (1, 25.0%)"
1172,4,Central South University,4,1.0,"Central South University (4, 100.0%)"
1173,4,Tianjin Medical University General Hospital,4,1.0,"Tianjin Medical University General Hospital (4, 100.0%)"
1174,4,中山大学公共卫生学院流行病学系，广州 510080,4,1.0,"中山大学公共卫生学院流行病学系，广州 510080 (4, 100.0%)"
1175,4,Renmin Hospital of Wuhan University,3,0.75,"Renmin Hospital of Wuhan University (3, 75.0%); The University of Sydney (1, 25.0%)"
1176,4,Mianyang Central Hospital,4,1.0,"Mianyang Central Hospital (4, 100.0%)"
1177,4,Longhua Hospital Shanghai University of Traditional Chinese Medicine,4,1.0,"Longhua Hospital Shanghai University of Traditional Chinese Medicine (4, 100.0%)"
1178,4,Xian Yang Central Hospital,4,1.0,"Xian Yang Central Hospital (4, 100.0%)"
1179,4,Chongqing Medical University,4,1.0,"Chongqing Medical University (4, 100.0%)"
1180,4,Universidade Federal do Ceará,3,0.75,"Universidade Federal do Ceará (3, 75.0%); State University of Ceará (1, 25.0%)"
1181,4,Chongqing Medical University,4,1.0,"Chongqing Medical University (4, 100.0%)"
1182,4,University of Cincinnati,2,0.5,"University of Cincinnati (2, 50.0%); City University of Hong Kong (1, 25.0%); University of Louisville (1, 25.0%)"
1183,4,Tianjin First Center Hospital,4,1.0,"Tianjin First Center Hospital (4, 100.0%)"
1184,4,Novartis Pharma SAS,3,0.75,"Novartis Pharma SAS (3, 75.0%); Centre de Santé, Paris, France (1, 25.0%)"
1185,4,Changchun University of Chinese Medicine,3,0.75,"Changchun University of Chinese Medicine (3, 75.0%); Capital Medical University (1, 25.0%)"
1186,4,Liaquat University of Medical & Health Sciences,1,0.25,"Liaquat University of Medical & Health Sciences (1, 25.0%); University Teaching Hospital of Butare (1, 25.0%); University of Rwanda (1, 25.0%)"
1187,4,Fujian Medical University,4,1.0,"Fujian Medical University (4, 100.0%)"
1188,4,Xiamen University,3,0.75,"Xiamen University (3, 75.0%); Department of Neurosurgery, The 900th Hospital of Joint Logistic Team of PLA, 350025 Fuzhou, Fu Jian, China. Electronic address: zhangshangming2019@163.com. (1, 25.0%)"
1189,4,Zhongnan Hospital of Wuhan University,4,1.0,"Zhongnan Hospital of Wuhan University (4, 100.0%)"
1190,4,County Hospital,2,0.5,"County Hospital (2, 50.0%); Luton and Dunstable Hospital (2, 50.0%)"
1191,4,Zhejiang University,4,1.0,"Zhejiang University (4, 100.0%)"
1192,4,Zhejiang University,4,1.0,"Zhejiang University (4, 100.0%)"
1193,4,Shanxi Medical University,4,1.0,"Shanxi Medical University (4, 100.0%)"
1194,4,Nantong University,2,0.5,"Nantong University (2, 50.0%); Affiliated Hospital of Nantong University (1, 25.0%); Beijing Anzhen Hospital (1, 25.0%)"
1195,4,Christian Medical College & Hospital,4,1.0,"Christian Medical College & Hospital (4, 100.0%)"
1196,4,Union Hospital Tongji Medical College Huazhong University of Science and Technology,3,0.75,"Union Hospital Tongji Medical College Huazhong University of Science and Technology (3, 75.0%); State Key Laboratory of Cardiovascular Disease (1, 25.0%)"
1197,4,Chinese People's Liberation Army,2,0.5,"Chinese People's Liberation Army (2, 50.0%); Chinese PLA General Hospital (1, 25.0%); Hangzhou Normal University (1, 25.0%)"
1198,4,University of Toronto,4,1.0,"University of Toronto (4, 100.0%)"
1199,4,Third Affiliated Hospital of Sun Yat-sen University,4,1.0,"Third Affiliated Hospital of Sun Yat-sen University (4, 100.0%)"
1200,4,Ankara University,4,1.0,"Ankara University (4, 100.0%)"
1201,4,Queen's University,3,0.75,"Queen's University (3, 75.0%); University of Alberta (1, 25.0%)"
1202,4,Fudan University,2,0.5,"Fudan University (2, 50.0%); Children's Hospital of Fudan University (1, 25.0%); Shanghai Jiao Tong University (1, 25.0%)"
1203,4,Air Force Medical University,2,0.5,"Air Force Medical University (2, 50.0%); Department of Dermatology, No. 903 Hospital of PLA Joint Logistic Support Force, Hangzhou, Zhejiang Province, China (2, 50.0%)"
1204,4,Chongqing Medical University,4,1.0,"Chongqing Medical University (4, 100.0%)"
1205,4,Shandong University of Traditional Chinese Medicine,3,0.75,"Shandong University of Traditional Chinese Medicine (3, 75.0%); Affiliated Hospital of Shandong University of Traditional Chinese Medicine (1, 25.0%)"
1206,4,Tongji Hospital Affiliated to Tongji Medical College of Huazhong University of Science & Technology,3,0.75,"Tongji Hospital Affiliated to Tongji Medical College of Huazhong University of Science & Technology (3, 75.0%); First Affiliated Hospital of Anhui Medical University (1, 25.0%)"
1207,4,Army Medical University,4,1.0,"Army Medical University (4, 100.0%)"
1208,4,Imperial College London,4,1.0,"Imperial College London (4, 100.0%)"
1209,4,University of Manitoba,4,1.0,"University of Manitoba (4, 100.0%)"
1210,4,Beijing Sport University,4,1.0,"Beijing Sport University (4, 100.0%)"
1211,4,Tilburg University,4,1.0,"Tilburg University (4, 100.0%)"
1212,4,Affiliated Hospital of Qingdao University,2,0.5,"Affiliated Hospital of Qingdao University (2, 50.0%); State Key Laboratory of Molecular Oncology (2, 50.0%)"
1213,4,Peking University,4,1.0,"Peking University (4, 100.0%)"
1214,4,Chaohu Hospital of Anhui Medical University,4,1.0,"Chaohu Hospital of Anhui Medical University (4, 100.0%)"
1215,4,Renmin Hospital of Wuhan University,4,1.0,"Renmin Hospital of Wuhan University (4, 100.0%)"
1216,4,Chongqing Medical University,3,0.75,"Chongqing Medical University (3, 75.0%); Xi'an Jiaotong University (1, 25.0%)"
1217,4,Shanghai Jiao Tong University,2,0.5,"Shanghai Jiao Tong University (2, 50.0%); Tongji University (2, 50.0%)"
1218,4,Hebei General Hospital,1,0.25,"Hebei General Hospital (1, 25.0%); Hubei Provincial Hospital of Traditional Chinese Medicine (1, 25.0%); Hubei University of Chinese Medicine (1, 25.0%)"
1219,4,Meizhou City People's Hospital,4,1.0,"Meizhou City People's Hospital (4, 100.0%)"
1220,4,Guangzhou University of Chinese Medicine,2,0.5,"Guangzhou University of Chinese Medicine (2, 50.0%); Nanjing University of Chinese Medicine (2, 50.0%)"
1221,4,National Yang Ming Chiao Tung University,3,0.75,"National Yang Ming Chiao Tung University (3, 75.0%); Chung Shan Medical University (1, 25.0%)"
1222,4,"College of Arts and Physical Education, Nanchang Normal College of Applied Technology, Nanchang, China",1,0.25,"College of Arts and Physical Education, Nanchang Normal College of Applied Technology, Nanchang, China (1, 25.0%); Jiangxi Normal University (1, 25.0%); Second Military Medical University (1, 25.0%)"
1223,4,First Affiliated Hospital of Heilongjiang University of Chinese Medicine,2,0.5,"First Affiliated Hospital of Heilongjiang University of Chinese Medicine (2, 50.0%); Third Affiliated Hospital of Harbin Medical University (2, 50.0%)"
1224,4,Obstetrics and Gynecology Hospital of Fudan University,3,0.75,"Obstetrics and Gynecology Hospital of Fudan University (3, 75.0%); Shanghai Jiao Tong University (1, 25.0%)"
1225,4,Guangzhou Institute of Dermatology,3,0.75,"Guangzhou Institute of Dermatology (3, 75.0%); Guangzhou Medical University (1, 25.0%)"
1226,4,Guilin Medical University,4,1.0,"Guilin Medical University (4, 100.0%)"
1227,4,Kyungpook National University,3,0.75,"Kyungpook National University (3, 75.0%); Kyungpook National University Hospital (1, 25.0%)"
1228,4,First Hospital of China Medical University,2,0.5,"First Hospital of China Medical University (2, 50.0%); Sheng Jing Hospital (2, 50.0%)"
1229,4,"University of Nevada, Las Vegas",4,1.0,"University of Nevada, Las Vegas (4, 100.0%)"
1230,4,Heriot-Watt University,2,0.5,"Heriot-Watt University (2, 50.0%); Institute of Occupational Medicine (1, 25.0%); Maxwell Institute for Mathematical Sciences (1, 25.0%)"
1231,4,Wenzhou Medical University,4,1.0,"Wenzhou Medical University (4, 100.0%)"
1232,4,Wuhan University,2,0.5,"Wuhan University (2, 50.0%); Second Affiliated Hospital of Chongqing Medical University (1, 25.0%); Zhongnan Hospital of Wuhan University (1, 25.0%)"
1233,4,Nanjing University of Chinese Medicine,2,0.5,"Nanjing University of Chinese Medicine (2, 50.0%); First Affiliated Hospital of Wannan Medical College (1, 25.0%); Wannan Medical College (1, 25.0%)"
1234,4,四川大学华西公共卫生学院/华西第四医院，成都 610041,4,1.0,"四川大学华西公共卫生学院/华西第四医院，成都 610041 (4, 100.0%)"
1235,4,University of Hong Kong,4,1.0,"University of Hong Kong (4, 100.0%)"
1236,4,Changchun University of Chinese Medicine,3,0.75,"Changchun University of Chinese Medicine (3, 75.0%); The Affiliated Hospital to Changchun University of Chinese Medicine (1, 25.0%)"
1237,4,First Hospital of Lanzhou University,4,1.0,"First Hospital of Lanzhou University (4, 100.0%)"
1238,4,Renmin Hospital of Wuhan University,4,1.0,"Renmin Hospital of Wuhan University (4, 100.0%)"
1239,4,University of Colorado Anschutz Medical Campus,3,0.75,"University of Colorado Anschutz Medical Campus (3, 75.0%); Colorado State University Fort Collins (1, 25.0%)"
1240,4,Sheba Medical Center,3,0.75,"Sheba Medical Center (3, 75.0%); Tel Aviv University (1, 25.0%)"
1241,4,Huazhong University of Science and Technology,4,1.0,"Huazhong University of Science and Technology (4, 100.0%)"
1242,3,The Ohio State University,2,0.6666666666666666,"The Ohio State University (2, 66.7%); Ohio University (1, 33.3%)"
1243,3,Fourth Hospital of Hebei Medical University,3,1.0,"Fourth Hospital of Hebei Medical University (3, 100.0%)"
1244,3,"Bioinformatics Project and Research Institute, Noida, India",2,0.6666666666666666,"Bioinformatics Project and Research Institute, Noida, India (2, 66.7%); NIMS Institute of Medical Science and Technology, Jaipur, India (1, 33.3%)"
1245,3,University of South China,3,1.0,"University of South China (3, 100.0%)"
1246,3,Loughborough University,3,1.0,"Loughborough University (3, 100.0%)"
1247,3,"Department of Orthopedics, The 960th Hospital of PLA, Shandong Second Medical University, Jinan, Shandong, China",2,0.6666666666666666,"Department of Orthopedics, The 960th Hospital of PLA, Shandong Second Medical University, Jinan, Shandong, China (2, 66.7%); Department of Joint Surgery, Affiliated Hospital of Shandong Second Medical University, School of Clinical Medicine, Shandong Second Medical University, Weifang, Shandong, China. (1, 33.3%)"
1248,3,Tianjin Medical University,3,1.0,"Tianjin Medical University (3, 100.0%)"
1249,3,Federation University,2,0.6666666666666666,"Federation University (2, 66.7%); Menzies School of Health Research (1, 33.3%)"
1250,3,University Hospitals of Morecambe Bay NHS Foundation Trust,2,0.6666666666666666,"University Hospitals of Morecambe Bay NHS Foundation Trust (2, 66.7%); Lancaster University (1, 33.3%)"
1251,3,北京大学公共卫生学院流行病与卫生统计学系，北京 100191,2,0.6666666666666666,"北京大学公共卫生学院流行病与卫生统计学系，北京 100191 (2, 66.7%); 南京医科大学公共卫生学院流行病学系，南京 211166 (1, 33.3%)"
1252,3,University of Miami,3,1.0,"University of Miami (3, 100.0%)"
1253,3,Putian University,3,1.0,"Putian University (3, 100.0%)"
1254,3,First Hospital of Shanxi Medical University,1,0.3333333333333333,"First Hospital of Shanxi Medical University (1, 33.3%); Ningxia Medical University General Hospital (1, 33.3%); West China Hospital of Sichuan University (1, 33.3%)"
1255,3,"Department of Cardiology, Jieyang People’s Hospital, Jieyang, Guangdong, China.",1,0.3333333333333333,"Department of Cardiology, Jieyang People’s Hospital, Jieyang, Guangdong, China. (1, 33.3%); Department of Gynecologic Oncology, Jieyang People’s Hospital, Jieyang, Guangdong, China (1, 33.3%); First Affiliated Hospital of Shantou University Medical College (1, 33.3%)"
1256,3,Harvard University,3,1.0,"Harvard University (3, 100.0%)"
1257,3,University of Chicago,3,1.0,"University of Chicago (3, 100.0%)"
1258,3,The Ohio State University,3,1.0,"The Ohio State University (3, 100.0%)"
1259,3,Georgetown University,2,0.6666666666666666,"Georgetown University (2, 66.7%); Georgetown University Medical Center (1, 33.3%)"
1260,3,Chinese Academy of Medical Sciences,1,0.3333333333333333,"Chinese Academy of Medical Sciences (1, 33.3%); Peking Union Medical College Hospital (1, 33.3%); Peking University (1, 33.3%)"
1261,3,Second Affiliated Hospital of Shandong First Medical University,3,1.0,"Second Affiliated Hospital of Shandong First Medical University (3, 100.0%)"
1262,3,"Birkbeck, University of London",2,0.6666666666666666,"Birkbeck, University of London (2, 66.7%); Kingston University (1, 33.3%)"
1263,3,Aerospace Center Hospital,2,0.6666666666666666,"Aerospace Center Hospital (2, 66.7%); Chinese PLA General Hospital (1, 33.3%)"
1264,3,Sichuan University,2,0.6666666666666666,"Sichuan University (2, 66.7%); West China Hospital of Sichuan University (1, 33.3%)"
1265,3,University of Hong Kong,3,1.0,"University of Hong Kong (3, 100.0%)"
1266,3,Asia University,1,0.3333333333333333,"Asia University (1, 33.3%); China Medical University (1, 33.3%); Chung Shan Medical University (1, 33.3%)"
1267,3,University of Ljubljana,3,1.0,"University of Ljubljana (3, 100.0%)"
1268,3,Guangdong Polytechnic Normal University,2,0.6666666666666666,"Guangdong Polytechnic Normal University (2, 66.7%); Shenzhen University (1, 33.3%)"
1269,3,Fujian Medical University,1,0.3333333333333333,"Fujian Medical University (1, 33.3%); Quanzhou Medical College (1, 33.3%); Shanghai University of Traditional Chinese Medicine (1, 33.3%)"
1270,3,Texas A&M University,2,0.6666666666666666,"Texas A&M University (2, 66.7%); University of Michigan-Ann Arbor (1, 33.3%)"
1271,3,Renmin Hospital of Wuhan University,3,1.0,"Renmin Hospital of Wuhan University (3, 100.0%)"
1272,3,"Anna University, Chennai",1,0.3333333333333333,"Anna University, Chennai (1, 33.3%); Karpagam Academy of Higher Education (1, 33.3%); Savitribai Phule Pune University (1, 33.3%)"
1273,3,Nanjing University of Chinese Medicine,2,0.6666666666666666,"Nanjing University of Chinese Medicine (2, 66.7%); Guangxi Medical University (1, 33.3%)"
1274,3,Northwest University,3,1.0,"Northwest University (3, 100.0%)"
1275,3,Quanzhou Medical College,2,0.6666666666666666,"Quanzhou Medical College (2, 66.7%); Fujian University of Traditional Chinese Medicine (1, 33.3%)"
1276,3,Sheng Jing Hospital,3,1.0,"Sheng Jing Hospital (3, 100.0%)"
1277,3,The First Affiliated Hospital of Jinzhou Medical University,3,1.0,"The First Affiliated Hospital of Jinzhou Medical University (3, 100.0%)"
1278,3,East China Normal University,1,0.3333333333333333,"East China Normal University (1, 33.3%); Mayo Clinic in Rochester (1, 33.3%); Shanghai Jiao Tong University (1, 33.3%)"
1279,3,Affiliated Hospital of Southwest Medical University,3,1.0,"Affiliated Hospital of Southwest Medical University (3, 100.0%)"
1280,3,First Affiliated Hospital of Chongqing Medical University,3,1.0,"First Affiliated Hospital of Chongqing Medical University (3, 100.0%)"
1281,3,Calico Life Sciences LLC,3,1.0,"Calico Life Sciences LLC (3, 100.0%)"
1282,3,Peking University Cancer Hospital,3,1.0,"Peking University Cancer Hospital (3, 100.0%)"
1283,3,Shenzhen Second People's Hospital,3,1.0,"Shenzhen Second People's Hospital (3, 100.0%)"
1284,3,Sun Yat-sen University,3,1.0,"Sun Yat-sen University (3, 100.0%)"
1285,3,Fourth Affiliated Hospital of Zhejiang University School of Medicine,3,1.0,"Fourth Affiliated Hospital of Zhejiang University School of Medicine (3, 100.0%)"
1286,3,Korea University,2,0.6666666666666666,"Korea University (2, 66.7%); Hanyang University Seoul Hospital (1, 33.3%)"
1287,3,Huazhong Agricultural University,3,1.0,"Huazhong Agricultural University (3, 100.0%)"
1288,3,Jilin University,2,0.6666666666666666,"Jilin University (2, 66.7%); First Hospital of Jilin University (1, 33.3%)"
1289,3,Henan Provincial People's Hospital,3,1.0,"Henan Provincial People's Hospital (3, 100.0%)"
1290,3,State Key Laboratory of Biotherapy,3,1.0,"State Key Laboratory of Biotherapy (3, 100.0%)"
1291,3,First Hospital of Jilin University,3,1.0,"First Hospital of Jilin University (3, 100.0%)"
1292,3,St Mark's Hospital,2,0.6666666666666666,"St Mark's Hospital (2, 66.7%); Brighton and Sussex Medical School (1, 33.3%)"
1293,3,中南大学湘雅三医院肝胆胰外科，长沙 410013,3,1.0,"中南大学湘雅三医院肝胆胰外科，长沙 410013 (3, 100.0%)"
1294,3,Unknown institution,2,0.6666666666666666,"Unknown institution (2, 66.7%); Medizinische Hochschule Brandenburg Theodor Fontane (1, 33.3%)"
1295,3,Zhongnan Hospital of Wuhan University,2,0.6666666666666666,"Zhongnan Hospital of Wuhan University (2, 66.7%); Wuhan University (1, 33.3%)"
1296,3,Sun Yat-sen University Cancer Center,3,1.0,"Sun Yat-sen University Cancer Center (3, 100.0%)"
1297,3,Dali University,3,1.0,"Dali University (3, 100.0%)"
1298,3,West China Hospital of Sichuan University,3,1.0,"West China Hospital of Sichuan University (3, 100.0%)"
1299,3,Affiliated Hospital of Nantong University,2,0.6666666666666666,"Affiliated Hospital of Nantong University (2, 66.7%); Shanghai Tenth People's Hospital (1, 33.3%)"
1300,3,University of South China,2,0.6666666666666666,"University of South China (2, 66.7%); First Affiliated Hospital of GuangXi Medical University (1, 33.3%)"
1301,3,First Affiliated Hospital of Xi'an Jiaotong University,3,1.0,"First Affiliated Hospital of Xi'an Jiaotong University (3, 100.0%)"
1302,3,Toronto Western Hospital,1,0.3333333333333333,"Toronto Western Hospital (1, 33.3%); University of Aberdeen (1, 33.3%); University of Tikrit (1, 33.3%)"
1303,3,First Affiliated Hospital of Heilongjiang University of Chinese Medicine,1,0.3333333333333333,"First Affiliated Hospital of Heilongjiang University of Chinese Medicine (1, 33.3%); Heilongjiang University of Chinese Medicine (1, 33.3%); Zhejiang Chinese Medical University (1, 33.3%)"
1304,3,Thermo Fisher Scientific Inc,3,1.0,"Thermo Fisher Scientific Inc (3, 100.0%)"
1305,3,Central South University,3,1.0,"Central South University (3, 100.0%)"
1306,3,Shandong University of Traditional Chinese Medicine,3,1.0,"Shandong University of Traditional Chinese Medicine (3, 100.0%)"
1307,3,Union Hospital Tongji Medical College Huazhong University of Science and Technology,3,1.0,"Union Hospital Tongji Medical College Huazhong University of Science and Technology (3, 100.0%)"
1308,3,Guizhou University,2,0.6666666666666666,"Guizhou University (2, 66.7%); Guizhou Provincial People's Hospital (1, 33.3%)"
1309,3,Shanxi Academy of Medical Sciences,2,0.6666666666666666,"Shanxi Academy of Medical Sciences (2, 66.7%); First Affiliated Hospital of Army Medical University (1, 33.3%)"
1310,3,Shandong University,2,0.6666666666666666,"Shandong University (2, 66.7%); State Key Laboratory of Optometry Ophthalmology and Vision Science (1, 33.3%)"
1311,3,Guangzhou University of Chinese Medicine,3,1.0,"Guangzhou University of Chinese Medicine (3, 100.0%)"
1312,3,Zhongshan People's Hospital,3,1.0,"Zhongshan People's Hospital (3, 100.0%)"
1313,3,First Hospital of Jilin University,2,0.6666666666666666,"First Hospital of Jilin University (2, 66.7%); Changchun University of Chinese Medicine (1, 33.3%)"
1314,3,Peking University First Hospital,3,1.0,"Peking University First Hospital (3, 100.0%)"
1315,3,Staffordshire University,1,0.3333333333333333,"Staffordshire University (1, 33.3%); University of Manchester (1, 33.3%); University of Salford (1, 33.3%)"
1316,3,"University of California, Davis",3,1.0,"University of California, Davis (3, 100.0%)"
1317,3,University of Iowa,3,1.0,"University of Iowa (3, 100.0%)"
1318,3,Bandung Institute of Technology,1,0.3333333333333333,"Bandung Institute of Technology (1, 33.3%); International University Semen Indonesia, Gresik, East Java, Indonesia (1, 33.3%); Yogyakarta State University (1, 33.3%)"
1319,3,Second Xiangya Hospital of Central South University,3,1.0,"Second Xiangya Hospital of Central South University (3, 100.0%)"
1320,3,Hospital of Chengdu University of Traditional Chinese,2,0.6666666666666666,"Hospital of Chengdu University of Traditional Chinese (2, 66.7%); Sichuan University (1, 33.3%)"
1321,3,First Hospital of Jilin University,3,1.0,"First Hospital of Jilin University (3, 100.0%)"
1322,3,King's College London,3,1.0,"King's College London (3, 100.0%)"
1323,3,Southern Medical University,3,1.0,"Southern Medical University (3, 100.0%)"
1324,3,University of Surrey,2,0.6666666666666666,"University of Surrey (2, 66.7%); Newcastle University (1, 33.3%)"
1325,3,University of Potsdam,2,0.6666666666666666,"University of Potsdam (2, 66.7%); Rochester Institute of Technology (1, 33.3%)"
1326,3,Shandong University of Traditional Chinese Medicine,3,1.0,"Shandong University of Traditional Chinese Medicine (3, 100.0%)"
1327,3,Tel Aviv University,3,1.0,"Tel Aviv University (3, 100.0%)"
1328,3,Ningxia Medical University General Hospital,2,0.6666666666666666,"Ningxia Medical University General Hospital (2, 66.7%); Ningxia Medical University (1, 33.3%)"
1329,3,Beijing Hospital,2,0.6666666666666666,"Beijing Hospital (2, 66.7%); Beijing Jishuitan Hospital (1, 33.3%)"
1330,3,Politecnico di Milano,2,0.6666666666666666,"Politecnico di Milano (2, 66.7%); Istituto Auxologico Italiano (1, 33.3%)"
1331,3,Henan University of Traditional Chinese Medicine,2,0.6666666666666666,"Henan University of Traditional Chinese Medicine (2, 66.7%); First Affiliated Hospital of Henan University of Traditional Chinese Medicine (1, 33.3%)"
1332,3,Ezhou Central Hospital,3,1.0,"Ezhou Central Hospital (3, 100.0%)"
1333,3,Boston University,2,0.6666666666666666,"Boston University (2, 66.7%); Tufts University (1, 33.3%)"
1334,3,Shandong University of Traditional Chinese Medicine,2,0.6666666666666666,"Shandong University of Traditional Chinese Medicine (2, 66.7%); Guang’anmen Hospital Jinan Hospital (Jinan Municipal Hospital of Traditional Chinese Medicine), Jinan, China. (1, 33.3%)"
1335,3,Shandong University of Traditional Chinese Medicine,3,1.0,"Shandong University of Traditional Chinese Medicine (3, 100.0%)"
1336,3,Dow University of Health Sciences,2,0.6666666666666666,"Dow University of Health Sciences (2, 66.7%); Memorial Regional Hospital (1, 33.3%)"
1337,3,McGill University,1,0.3333333333333333,"McGill University (1, 33.3%); RAND Corporation (1, 33.3%); University of California, Berkeley (1, 33.3%)"
1338,3,山东第一医科大学公共卫生与健康管理学院流行病学教研室，济南 250117,3,1.0,"山东第一医科大学公共卫生与健康管理学院流行病学教研室，济南 250117 (3, 100.0%)"
1339,3,Liyuan Hospital Affiliated to Tongji Medical College of Huazhong University of Science and Technology,2,0.6666666666666666,"Liyuan Hospital Affiliated to Tongji Medical College of Huazhong University of Science and Technology (2, 66.7%); Nanchang University (1, 33.3%)"
1340,3,Jining Medical University,3,1.0,"Jining Medical University (3, 100.0%)"
1341,3,Jining First People's Hospital,2,0.6666666666666666,"Jining First People's Hospital (2, 66.7%); First Hospital of Jilin University (1, 33.3%)"
1342,3,Tianjin Medical University General Hospital,2,0.6666666666666666,"Tianjin Medical University General Hospital (2, 66.7%); Xiangyang Hospital of Traditional Chinese Medicine (1, 33.3%)"
1343,3,Guangdong Provincial Hospital of Traditional Chinese Medicine,2,0.6666666666666666,"Guangdong Provincial Hospital of Traditional Chinese Medicine (2, 66.7%); Guangzhou University of Chinese Medicine (1, 33.3%)"
1344,3,Duke University,2,0.6666666666666666,"Duke University (2, 66.7%); University of North Carolina at Chapel Hill (1, 33.3%)"
1345,3,Jining Medical University,1,0.3333333333333333,"Jining Medical University (1, 33.3%); Lanzhou University (1, 33.3%); Lanzhou University Second Hospital (1, 33.3%)"
1346,3,West China Hospital of Sichuan University,2,0.6666666666666666,"West China Hospital of Sichuan University (2, 66.7%); State Key Laboratory of Biotherapy (1, 33.3%)"
1347,3,First Affiliated Hospital of Guangzhou Medical University,2,0.6666666666666666,"First Affiliated Hospital of Guangzhou Medical University (2, 66.7%); The Central Hospital of Enshi Tujia and Miao Autonomous Prefecture (1, 33.3%)"
1348,3,Jiangsu Province Hospital,2,0.6666666666666666,"Jiangsu Province Hospital (2, 66.7%); Zhejiang University (1, 33.3%)"
1349,3,Chengdu University of Traditional Chinese Medicine,1,0.3333333333333333,"Chengdu University of Traditional Chinese Medicine (1, 33.3%); Department of Otorhinolaryngology, Pengzhou Hospital of Traditional Chinese Medicine, Chengdu, Sichuan, China. (1, 33.3%); Hospital of Chengdu University of Traditional Chinese (1, 33.3%)"
1350,3,Tongji Hospital Affiliated to Tongji Medical College of Huazhong University of Science & Technology,3,1.0,"Tongji Hospital Affiliated to Tongji Medical College of Huazhong University of Science & Technology (3, 100.0%)"
1351,3,University of South China,2,0.6666666666666666,"University of South China (2, 66.7%); Chongqing Preschool Education College, Chong Qing, China. (1, 33.3%)"
1352,3,University of Sheffield,3,1.0,"University of Sheffield (3, 100.0%)"
1353,3,Monash University,2,0.6666666666666666,"Monash University (2, 66.7%); Hainan Medical University (1, 33.3%)"
1354,3,First Affiliated Hospital of GuangXi Medical University,3,1.0,"First Affiliated Hospital of GuangXi Medical University (3, 100.0%)"
1355,3,University of Ghana,3,1.0,"University of Ghana (3, 100.0%)"
1356,3,"Atlas Biomed Group Limited, Tower Bridge House, St. Katharines Way, London, E1W 1DD, UK",2,0.6666666666666666,"Atlas Biomed Group Limited, Tower Bridge House, St. Katharines Way, London, E1W 1DD, UK (2, 66.7%); Middlesex University (1, 33.3%)"
1357,3,Anqing Municipal Hospital,3,1.0,"Anqing Municipal Hospital (3, 100.0%)"
1358,3,The Ohio State University,2,0.6666666666666666,"The Ohio State University (2, 66.7%); University of Nevada, Las Vegas (1, 33.3%)"
1359,3,郑州大学第一附属医院泌尿外科，郑州 450052,3,1.0,"郑州大学第一附属医院泌尿外科，郑州 450052 (3, 100.0%)"
1360,3,First Hospital of Shanxi Medical University,3,1.0,"First Hospital of Shanxi Medical University (3, 100.0%)"
1361,3,Second Affiliated Hospital of Soochow University,2,0.6666666666666666,"Second Affiliated Hospital of Soochow University (2, 66.7%); Shanghai Medical College of Fudan University (1, 33.3%)"
1362,3,Monash University,2,0.6666666666666666,"Monash University (2, 66.7%); University of Melbourne (1, 33.3%)"
1363,3,Sichuan University,3,1.0,"Sichuan University (3, 100.0%)"
1364,3,Nanchong Central Hospital,2,0.6666666666666666,"Nanchong Central Hospital (2, 66.7%); Affiliated Hospital of North Sichuan Medical College (1, 33.3%)"
1365,3,Tongji University,3,1.0,"Tongji University (3, 100.0%)"
1366,3,"Nanning Hospital of Traditional Chinese Medicine, ;",2,0.6666666666666666,"Nanning Hospital of Traditional Chinese Medicine, ; (2, 66.7%); Guangxi University of Chinese Medicine (1, 33.3%)"
1367,3,Second Hospital of Anhui Medical University,2,0.6666666666666666,"Second Hospital of Anhui Medical University (2, 66.7%); Second Affiliated Hospital of Nanchang University (1, 33.3%)"
1368,3,Victor Babeș University of Medicine and Pharmacy Timișoara,2,0.6666666666666666,"Victor Babeș University of Medicine and Pharmacy Timișoara (2, 66.7%); University of Oradea (1, 33.3%)"
1369,3,University of Victoria,3,1.0,"University of Victoria (3, 100.0%)"
1370,3,"Department of Dermatology, Nantong Haimen District People’s Hospital, Nantong, Jiangsu Province, China.",1,0.3333333333333333,"Department of Dermatology, Nantong Haimen District People’s Hospital, Nantong, Jiangsu Province, China. (1, 33.3%); Department of Medical Oncology, The First Affiliated Hospital of USTC, Hefei, Anhui Province, China (1, 33.3%); Department of Oncology, Anhui Zhongke Gengjiu Hospital, Hefei, Anhui Province, China (1, 33.3%)"
1371,3,Peking University,2,0.6666666666666666,"Peking University (2, 66.7%); Columbia University (1, 33.3%)"
1372,3,Shanghai Medical College of Fudan University,3,1.0,"Shanghai Medical College of Fudan University (3, 100.0%)"
1373,3,Xinjiang Medical University,3,1.0,"Xinjiang Medical University (3, 100.0%)"
1374,3,Ningxia Medical University General Hospital,3,1.0,"Ningxia Medical University General Hospital (3, 100.0%)"
1375,3,University of Oklahoma,3,1.0,"University of Oklahoma (3, 100.0%)"
1376,3,Southern Medical University,3,1.0,"Southern Medical University (3, 100.0%)"
1377,3,Zhongnan Hospital of Wuhan University,2,0.6666666666666666,"Zhongnan Hospital of Wuhan University (2, 66.7%); Ningxia University (1, 33.3%)"
1378,3,Peking University,2,0.6666666666666666,"Peking University (2, 66.7%); Beijing Hospital (1, 33.3%)"
1379,3,Affiliated Hospital of Qingdao University,2,0.6666666666666666,"Affiliated Hospital of Qingdao University (2, 66.7%); Qingdao Eighth People's Hospital (1, 33.3%)"
1380,3,Dazhou Central Hospital,3,1.0,"Dazhou Central Hospital (3, 100.0%)"
1381,3,"Department of Stomatology, Qingtongxia Hospital of Traditional Chinese Medicine, 751600, Ningxia, China",1,0.3333333333333333,"Department of Stomatology, Qingtongxia Hospital of Traditional Chinese Medicine, 751600, Ningxia, China (1, 33.3%); Ningxia Medical University (1, 33.3%); Ningxia Medical University General Hospital (1, 33.3%)"
1382,3,Fourth People's Hospital of Taiyuan,1,0.3333333333333333,"Fourth People's Hospital of Taiyuan (1, 33.3%); Second Hospital of Shanxi Medical University (1, 33.3%); Shanxi Medical University (1, 33.3%)"
1383,3,Ajou University,2,0.6666666666666666,"Ajou University (2, 66.7%); LG Electronics Inc (1, 33.3%)"
1384,3,Tongji Medical College of Huazhong University of Science and Technology,2,0.6666666666666666,"Tongji Medical College of Huazhong University of Science and Technology (2, 66.7%); Wuhan Puai Hospital (1, 33.3%)"
1385,3,Qilu Normal University,2,0.6666666666666666,"Qilu Normal University (2, 66.7%); Shandong Provincial Hospital (1, 33.3%)"
1386,3,First Affiliated Hospital of Xi'an Jiaotong University,2,0.6666666666666666,"First Affiliated Hospital of Xi'an Jiaotong University (2, 66.7%); Shaanxi Provincial People's Hospital (1, 33.3%)"
1387,3,Mianyang Central Hospital,3,1.0,"Mianyang Central Hospital (3, 100.0%)"
1388,3,China Academy of Chinese Medical Sciences,3,1.0,"China Academy of Chinese Medical Sciences (3, 100.0%)"
1389,3,Yuhuangding Hospital,2,0.6666666666666666,"Yuhuangding Hospital (2, 66.7%); Hainan Medical University (1, 33.3%)"
1390,3,University of Hong Kong,2,0.6666666666666666,"University of Hong Kong (2, 66.7%); Hong Kong Polytechnic University (1, 33.3%)"
1391,3,RMIT University,1,0.3333333333333333,"RMIT University (1, 33.3%); University College London (1, 33.3%); Unknown institution (1, 33.3%)"
1392,3,Beijing University of Chinese Medicine,2,0.6666666666666666,"Beijing University of Chinese Medicine (2, 66.7%); Xiyuan Hospital (1, 33.3%)"
1393,3,"Department of Oncology, The General Hospital of Western Theater Command, Chengdu, China, ;",2,0.6666666666666666,"Department of Oncology, The General Hospital of Western Theater Command, Chengdu, China, ; (2, 66.7%); Department of Laboratory Medicine, The General Hospital of Western Theater Command, Chengdu, China (1, 33.3%)"
1394,3,Taisho Pharmaceutical Co Ltd,3,1.0,"Taisho Pharmaceutical Co Ltd (3, 100.0%)"
1395,3,Imperial College London,3,1.0,"Imperial College London (3, 100.0%)"
1396,3,Chengdu University of Traditional Chinese Medicine,2,0.6666666666666666,"Chengdu University of Traditional Chinese Medicine (2, 66.7%); Chengdu University (1, 33.3%)"
1397,3,University of Warwick,3,1.0,"University of Warwick (3, 100.0%)"
1398,3,MIT Lincoln Laboratory,2,0.6666666666666666,"MIT Lincoln Laboratory (2, 66.7%); University of California, San Francisco (1, 33.3%)"
1399,3,Shandong University,2,0.6666666666666666,"Shandong University (2, 66.7%); Grade 2022, Class 18, International Department, Qingdao No.9 High School, Qingdao, China (1, 33.3%)"
1400,3,First Hospital of Jiaxing,3,1.0,"First Hospital of Jiaxing (3, 100.0%)"
1401,3,Zhengzhou Central Hospital,2,0.6666666666666666,"Zhengzhou Central Hospital (2, 66.7%); Henan University (1, 33.3%)"
1402,3,Hangzhou Normal University,2,0.6666666666666666,"Hangzhou Normal University (2, 66.7%); Zhejiang Provincial People's Hospital (1, 33.3%)"
1403,3,Chinese Academy of Medical Sciences,1,0.3333333333333333,"Chinese Academy of Medical Sciences (1, 33.3%); First Hospital of Shanxi Medical University (1, 33.3%); Shanxi Medical University (1, 33.3%)"
1404,3,Tsinghua University,3,1.0,"Tsinghua University (3, 100.0%)"
1405,3,Shenzhen Bao'an District People's Hospital,3,1.0,"Shenzhen Bao'an District People's Hospital (3, 100.0%)"
1406,3,Medical University of Vienna,3,1.0,"Medical University of Vienna (3, 100.0%)"
1407,3,King's College London,1,0.3333333333333333,"King's College London (1, 33.3%); McGill University (1, 33.3%); Unknown institution (1, 33.3%)"
1408,3,Chinese Academy of Medical Sciences,3,1.0,"Chinese Academy of Medical Sciences (3, 100.0%)"
1409,3,Chaohu Hospital of Anhui Medical University,3,1.0,"Chaohu Hospital of Anhui Medical University (3, 100.0%)"
1410,3,"Department of Gastroenterology, Linyi Geriatric Hospital, Linyi, China",1,0.3333333333333333,"Department of Gastroenterology, Linyi Geriatric Hospital, Linyi, China (1, 33.3%); Linyi People's Hospital (1, 33.3%); Shandong Provincial QianFoShan Hospital (1, 33.3%)"
1411,3,The Second Affiliated Hospital of Nanjing Medical University,3,1.0,"The Second Affiliated Hospital of Nanjing Medical University (3, 100.0%)"
1412,3,Central South University,2,0.6666666666666666,"Central South University (2, 66.7%); University of South China (1, 33.3%)"
1413,3,Cardiff University,2,0.6666666666666666,"Cardiff University (2, 66.7%); University of Chieti-Pescara (1, 33.3%)"
1414,3,National Institute of Mental Health,2,0.6666666666666666,"National Institute of Mental Health (2, 66.7%); McGill University (1, 33.3%)"
1415,3,University of Edinburgh,3,1.0,"University of Edinburgh (3, 100.0%)"
1416,3,Yunnan Cancer Hospital,2,0.6666666666666666,"Yunnan Cancer Hospital (2, 66.7%); State Key Laboratory Conservation and Utilization of Bio-resources in Yunnan (1, 33.3%)"
1417,3,First Affiliated Hospital of Nanchang University,3,1.0,"First Affiliated Hospital of Nanchang University (3, 100.0%)"
1418,3,Nihon University,2,0.6666666666666666,"Nihon University (2, 66.7%); University of Tokyo Hospital (1, 33.3%)"
1419,3,Stanford University,3,1.0,"Stanford University (3, 100.0%)"
1420,3,"2Astrazeneca PLC, Waltham, MA.",2,0.6666666666666666,"2Astrazeneca PLC, Waltham, MA. (2, 66.7%); AstraZeneca PLC (1, 33.3%)"
1421,3,Google LLC,3,1.0,"Google LLC (3, 100.0%)"
1422,3,Shihezi University,3,1.0,"Shihezi University (3, 100.0%)"
1423,3,Higher University of San Andrés,2,0.6666666666666666,"Higher University of San Andrés (2, 66.7%); Children's Hospital of Eastern Ontario (1, 33.3%)"
1424,3,Northwestern University,2,0.6666666666666666,"Northwestern University (2, 66.7%); University of Surrey (1, 33.3%)"
1425,3,The University of Texas at Austin,3,1.0,"The University of Texas at Austin (3, 100.0%)"
1426,3,Zhejiang University,3,1.0,"Zhejiang University (3, 100.0%)"
1427,3,"Dmitry Rogachev National Research Center of Pediatric Hematology, Oncology and Immunology",2,0.6666666666666666,"Dmitry Rogachev National Research Center of Pediatric Hematology, Oncology and Immunology (2, 66.7%); Federal Scientific and Clinical Center of Reanimatology and Rehabilitation (1, 33.3%)"
1428,3,Zunyi Medical University,3,1.0,"Zunyi Medical University (3, 100.0%)"
1429,3,West China Hospital of Sichuan University,2,0.6666666666666666,"West China Hospital of Sichuan University (2, 66.7%); University of Electronic Science and Technology of China (1, 33.3%)"
1430,3,Swansea University,3,1.0,"Swansea University (3, 100.0%)"
1431,3,Xiangya Hospital Central South University,3,1.0,"Xiangya Hospital Central South University (3, 100.0%)"
1432,3,University of Victoria,3,1.0,"University of Victoria (3, 100.0%)"
1433,3,North China University of Science and Technology Affiliated Hospital,3,1.0,"North China University of Science and Technology Affiliated Hospital (3, 100.0%)"
1434,3,Fujian Medical University,1,0.3333333333333333,"Fujian Medical University (1, 33.3%); Fuzhou University (1, 33.3%); Union Hospital (1, 33.3%)"
1435,3,First Affiliated Hospital of Chongqing Medical University,3,1.0,"First Affiliated Hospital of Chongqing Medical University (3, 100.0%)"
1436,3,Renmin University of China,3,1.0,"Renmin University of China (3, 100.0%)"
1437,3,University of Bath,3,1.0,"University of Bath (3, 100.0%)"
1438,3,Children's Hospital of Fudan University,3,1.0,"Children's Hospital of Fudan University (3, 100.0%)"
1439,3,Beijing Friendship Hospital,3,1.0,"Beijing Friendship Hospital (3, 100.0%)"
1440,3,National Taiwan University,2,0.6666666666666666,"National Taiwan University (2, 66.7%); National Taiwan University Hospital (1, 33.3%)"
1441,3,Zhejiang Chinese Medical University,2,0.6666666666666666,"Zhejiang Chinese Medical University (2, 66.7%); First Affiliated Hospital of Zhejiang Chinese Medicine University (1, 33.3%)"
1442,3,First Affiliated Hospital of Zhengzhou University,3,1.0,"First Affiliated Hospital of Zhengzhou University (3, 100.0%)"
1443,3,Pacific Northwest Diabetes Research Institute,3,1.0,"Pacific Northwest Diabetes Research Institute (3, 100.0%)"
1444,3,"Department of Stomatology, First people’s Hospital of Linping District, No. 365 Yingbing Road, 310000, Hangzhou, China",2,0.6666666666666666,"Department of Stomatology, First people’s Hospital of Linping District, No. 365 Yingbing Road, 310000, Hangzhou, China (2, 66.7%); First People's Hospital of Yuhang District (1, 33.3%)"
1445,3,Sun Yat-sen University,2,0.6666666666666666,"Sun Yat-sen University (2, 66.7%); State Key Laboratory of Biocontrol (1, 33.3%)"
1446,3,Shandong University,2,0.6666666666666666,"Shandong University (2, 66.7%); Shandong Provincial Hospital (1, 33.3%)"
1447,3,Shanghai University of Traditional Chinese Medicine,2,0.6666666666666666,"Shanghai University of Traditional Chinese Medicine (2, 66.7%); Zhejiang Chinese Medical University (1, 33.3%)"
1448,3,University College Dublin,3,1.0,"University College Dublin (3, 100.0%)"
1449,3,"Department of Massage, Quanzhou Orthopedic-Traumatological Hospital, Quanzhou, Fujian Province, 362000, People’s Republic of China",1,0.3333333333333333,"Department of Massage, Quanzhou Orthopedic-Traumatological Hospital, Quanzhou, Fujian Province, 362000, People’s Republic of China (1, 33.3%); Fujian University of Traditional Chinese Medicine (1, 33.3%); Fujian Vocational College of Bioengineering, Fuzhou, Fujian Province, 350007, People’s Republic of China (1, 33.3%)"
1450,3,Harvard University,2,0.6666666666666666,"Harvard University (2, 66.7%); University of Chicago (1, 33.3%)"
1451,3,Nanjing Medical University,3,1.0,"Nanjing Medical University (3, 100.0%)"
1452,3,China Academy of Chinese Medical Sciences,3,1.0,"China Academy of Chinese Medical Sciences (3, 100.0%)"
1453,3,Guangzhou Medical University,1,0.3333333333333333,"Guangzhou Medical University (1, 33.3%); Integrated Chinese and Western Treatment of Oncology Department, Central Hospital of Guangdong Provincial Nongken, Zhanjiang, Guangdong, China (1, 33.3%); Medical Oncology Department V, Central Hospital of Guangdong Provincial Nongken, Zhanjiang, Guangdong, China (1, 33.3%)"
1454,3,Xinjiang Medical University,2,0.6666666666666666,"Xinjiang Medical University (2, 66.7%); Air Force Medical University (1, 33.3%)"
1455,3,University of Iowa,3,1.0,"University of Iowa (3, 100.0%)"
1456,3,Second Affiliated Hospital of Nanchang University,2,0.6666666666666666,"Second Affiliated Hospital of Nanchang University (2, 66.7%); First Affiliated Hospital of Wenzhou Medical University (1, 33.3%)"
1457,3,Memorial Sloan Kettering Cancer Center,3,1.0,"Memorial Sloan Kettering Cancer Center (3, 100.0%)"
1458,3,Dali University,3,1.0,"Dali University (3, 100.0%)"
1459,3,Henan University of Traditional Chinese Medicine,2,0.6666666666666666,"Henan University of Traditional Chinese Medicine (2, 66.7%); First Affiliated Hospital of Henan University of Traditional Chinese Medicine (1, 33.3%)"
1460,3,Hannover Medical School,2,0.6666666666666666,"Hannover Medical School (2, 66.7%); Leibniz University Hannover (1, 33.3%)"
1461,3,Mapmygenome India Limited,3,1.0,"Mapmygenome India Limited (3, 100.0%)"
1462,3,Unknown institution,2,0.6666666666666666,"Unknown institution (2, 66.7%); Centers for Disease Control and Prevention (1, 33.3%)"
1463,3,Federal University of Rio de Janeiro,1,0.3333333333333333,"Federal University of Rio de Janeiro (1, 33.3%); Instituto Butantan (1, 33.3%); Universidade de São Paulo (1, 33.3%)"
1464,3,Third Xiangya Hospital,3,1.0,"Third Xiangya Hospital (3, 100.0%)"
1465,3,University of Bristol,3,1.0,"University of Bristol (3, 100.0%)"
1466,3,The Seventh Affiliated Hospital of Sun Yat-sen University,3,1.0,"The Seventh Affiliated Hospital of Sun Yat-sen University (3, 100.0%)"
1467,3,Beijing University of Chinese Medicine,2,0.6666666666666666,"Beijing University of Chinese Medicine (2, 66.7%); China-Japan Friendship Hospital (1, 33.3%)"
1468,3,University of Huddersfield,2,0.6666666666666666,"University of Huddersfield (2, 66.7%); Hebei University of Technology (1, 33.3%)"
1469,3,Huadong Hospital,2,0.6666666666666666,"Huadong Hospital (2, 66.7%); XinHua Hospital (1, 33.3%)"
1470,3,Boğaziçi University,3,1.0,"Boğaziçi University (3, 100.0%)"
1471,2,Wenzhou Medical University,2,1.0,"Wenzhou Medical University (2, 100.0%)"
1472,2,University of Alberta,1,0.5,"University of Alberta (1, 50.0%); University of Calgary (1, 50.0%)"
1473,2,University of Birmingham,1,0.5,"University of Birmingham (1, 50.0%); University of Liverpool (1, 50.0%)"
1474,2,Affiliated Hospital of Youjiang Medical University for Nationalities,1,0.5,"Affiliated Hospital of Youjiang Medical University for Nationalities (1, 50.0%); LMU Klinikum (1, 50.0%)"
1475,2,Hunan Normal University,2,1.0,"Hunan Normal University (2, 100.0%)"
1476,2,Nanjing Medical University,1,0.5,"Nanjing Medical University (1, 50.0%); Shanghai East Hospital (1, 50.0%)"
1477,2,Sheng Jing Hospital,2,1.0,"Sheng Jing Hospital (2, 100.0%)"
1478,2,Chinese Academy of Medical Sciences & Peking Union Medical College,1,0.5,"Chinese Academy of Medical Sciences & Peking Union Medical College (1, 50.0%); Peking Union Medical College Hospital (1, 50.0%)"
1479,2,Xinxiang Central Hospital,1,0.5,"Xinxiang Central Hospital (1, 50.0%); Xinxiang University (1, 50.0%)"
1480,2,University of Science and Technology of China,1,0.5,"University of Science and Technology of China (1, 50.0%); Xiangya Hospital Central South University (1, 50.0%)"
1481,2,Zhejiang University,2,1.0,"Zhejiang University (2, 100.0%)"
1482,2,Unknown institution,2,1.0,"Unknown institution (2, 100.0%)"
1483,2,Hainan Medical University,2,1.0,"Hainan Medical University (2, 100.0%)"
1484,2,"Institute of Translational Medicine, Shenzhen Guangming District People’s Hospital, 518106, Shenzhen, China",1,0.5,"Institute of Translational Medicine, Shenzhen Guangming District People’s Hospital, 518106, Shenzhen, China (1, 50.0%); Shanghai Jiao Tong University (1, 50.0%)"
1485,2,南京医科大学第一附属医院骨科，南京 210029,2,1.0,"南京医科大学第一附属医院骨科，南京 210029 (2, 100.0%)"
1486,2,Lanzhou University,1,0.5,"Lanzhou University (1, 50.0%); Lanzhou University Second Hospital (1, 50.0%)"
1487,2,United States National Library of Medicine,2,1.0,"United States National Library of Medicine (2, 100.0%)"
1488,2,Ningxia Medical University,2,1.0,"Ningxia Medical University (2, 100.0%)"
1489,2,"Agency for Science, Technology and Research",1,0.5,"Agency for Science, Technology and Research (1, 50.0%); Nanyang Technological University (1, 50.0%)"
1490,2,Southeast University,1,0.5,"Southeast University (1, 50.0%); Zhongda Hospital Southeast University (1, 50.0%)"
1491,2,Shanghai Jiao Tong University,2,1.0,"Shanghai Jiao Tong University (2, 100.0%)"
1492,2,Musashino University,1,0.5,"Musashino University (1, 50.0%); Science Park Corp (1, 50.0%)"
1493,2,Youjiang Medical College for Nationalities,2,1.0,"Youjiang Medical College for Nationalities (2, 100.0%)"
1494,2,Affiliated Hospital of Youjiang Medical University for Nationalities,1,0.5,"Affiliated Hospital of Youjiang Medical University for Nationalities (1, 50.0%); Second Peoples Hospital of Huaihua (1, 50.0%)"
1495,2,Guangzhou University of Chinese Medicine,2,1.0,"Guangzhou University of Chinese Medicine (2, 100.0%)"
1496,2,Guangdong Provincial People’s Hospital,2,1.0,"Guangdong Provincial People’s Hospital (2, 100.0%)"
1497,2,First Hospital of Jilin University,2,1.0,"First Hospital of Jilin University (2, 100.0%)"
1498,2,Affiliated Hospital of Shandong University of Traditional Chinese Medicine,2,1.0,"Affiliated Hospital of Shandong University of Traditional Chinese Medicine (2, 100.0%)"
1499,2,Huashan Hospital,1,0.5,"Huashan Hospital (1, 50.0%); Massachusetts General Hospital (1, 50.0%)"
1500,2,Hunan Normal University,2,1.0,"Hunan Normal University (2, 100.0%)"
1501,2,Beijing Chao-Yang Hospital,2,1.0,"Beijing Chao-Yang Hospital (2, 100.0%)"
1502,2,First Affiliated Hospital of GuangXi Medical University,1,0.5,"First Affiliated Hospital of GuangXi Medical University (1, 50.0%); Guilin Medical University (1, 50.0%)"
1503,2,Yonsei University,2,1.0,"Yonsei University (2, 100.0%)"
1504,2,First Hospital of Jilin University,2,1.0,"First Hospital of Jilin University (2, 100.0%)"
1505,2,Affiliated Eye Hospital of Wenzhou Medical College,2,1.0,"Affiliated Eye Hospital of Wenzhou Medical College (2, 100.0%)"
1506,2,Affiliated Hospital of Southwest Medical University,1,0.5,"Affiliated Hospital of Southwest Medical University (1, 50.0%); Imperial College London (1, 50.0%)"
1507,2,Shanghai Public Health Clinical Center,1,0.5,"Shanghai Public Health Clinical Center (1, 50.0%); Shanghai University of Sport (1, 50.0%)"
1508,2,Seoul National University,1,0.5,"Seoul National University (1, 50.0%); Seoul National University Bundang Hospital (1, 50.0%)"
1509,2,"Department of cardiology, First affiliated hospital of Dalian Mediacal University, Liaoning, China",2,1.0,"Department of cardiology, First affiliated hospital of Dalian Mediacal University, Liaoning, China (2, 100.0%)"
1510,2,Wenzhou Medical University,1,0.5,"Wenzhou Medical University (1, 50.0%); Zhoushan Hospital (1, 50.0%)"
1511,2,German University in Cairo,1,0.5,"German University in Cairo (1, 50.0%); Misr University for Science and Technology (1, 50.0%)"
1512,2,"Hei Longjiang University of Traditional Chinese Medicine, Harbin, China",2,1.0,"Hei Longjiang University of Traditional Chinese Medicine, Harbin, China (2, 100.0%)"
1513,2,Xidian University,2,1.0,"Xidian University (2, 100.0%)"
1514,2,Bharath University,2,1.0,"Bharath University (2, 100.0%)"
1515,2,Beihang University,1,0.5,"Beihang University (1, 50.0%); Beijing Jishuitan Hospital (1, 50.0%)"
1516,2,University of Pittsburgh,2,1.0,"University of Pittsburgh (2, 100.0%)"
1517,2,University of Exeter,2,1.0,"University of Exeter (2, 100.0%)"
1518,2,Al-Neelain University,1,0.5,"Al-Neelain University (1, 50.0%); Creighton University (1, 50.0%)"
1519,2,Federal University of Paraíba,1,0.5,"Federal University of Paraíba (1, 50.0%); University of Geneva (1, 50.0%)"
1520,2,Kiang Wu Nursing College of Macau,2,1.0,"Kiang Wu Nursing College of Macau (2, 100.0%)"
1521,2,Central South University,2,1.0,"Central South University (2, 100.0%)"
1522,2,"Engineering and Data Science Team, Sanome Limited, 15 Bishopsgate, EC2N 3AR, London, UK",2,1.0,"Engineering and Data Science Team, Sanome Limited, 15 Bishopsgate, EC2N 3AR, London, UK (2, 100.0%)"
1523,2,Seoul National University,2,1.0,"Seoul National University (2, 100.0%)"
1524,2,Affiliated Hospital of Chifeng University,2,1.0,"Affiliated Hospital of Chifeng University (2, 100.0%)"
1525,2,Shanghai Jiao Tong University,1,0.5,"Shanghai Jiao Tong University (1, 50.0%); Zhongshan Hospital (1, 50.0%)"
1526,2,West China Hospital of Sichuan University,2,1.0,"West China Hospital of Sichuan University (2, 100.0%)"
1527,2,Guangxi University,1,0.5,"Guangxi University (1, 50.0%); Southern Medical University (1, 50.0%)"
1528,2,Second Hospital of Hebei Medical University,2,1.0,"Second Hospital of Hebei Medical University (2, 100.0%)"
1529,2,Indian Statistical Institute,2,1.0,"Indian Statistical Institute (2, 100.0%)"
1530,2,City University of Hong Kong,2,1.0,"City University of Hong Kong (2, 100.0%)"
1531,2,Renmin Hospital of Wuhan University,2,1.0,"Renmin Hospital of Wuhan University (2, 100.0%)"
1532,2,National Taipei University of Nursing and Health Science,1,0.5,"National Taipei University of Nursing and Health Science (1, 50.0%); Tri-Service General Hospital (1, 50.0%)"
1533,2,"Belda College, Belda, West Bengal, India",1,0.5,"Belda College, Belda, West Bengal, India (1, 50.0%); University of Engineering & Management (1, 50.0%)"
1534,2,First Affiliated Hospital of GuangXi Medical University,2,1.0,"First Affiliated Hospital of GuangXi Medical University (2, 100.0%)"
1535,2,Hubei University of Medicine,2,1.0,"Hubei University of Medicine (2, 100.0%)"
1536,2,ETH Zurich,2,1.0,"ETH Zurich (2, 100.0%)"
1537,2,First Hospital of Jilin University,1,0.5,"First Hospital of Jilin University (1, 50.0%); Unknown institution (1, 50.0%)"
1538,2,Fudan University,1,0.5,"Fudan University (1, 50.0%); University of Alabama (1, 50.0%)"
1539,2,Stanford University,2,1.0,"Stanford University (2, 100.0%)"
1540,2,First Hospital of Jilin University,2,1.0,"First Hospital of Jilin University (2, 100.0%)"
1541,2,Changchun University of Chinese Medicine,2,1.0,"Changchun University of Chinese Medicine (2, 100.0%)"
1542,2,Chongqing Medical University,2,1.0,"Chongqing Medical University (2, 100.0%)"
1543,2,Hangzhou Women’s Hospital,1,0.5,"Hangzhou Women’s Hospital (1, 50.0%); Second Affiliated Hospital of Zhejiang University School of Medicine (1, 50.0%)"
1544,2,Sun Yat-sen Memorial Hospital,2,1.0,"Sun Yat-sen Memorial Hospital (2, 100.0%)"
1545,2,Shihezi University,2,1.0,"Shihezi University (2, 100.0%)"
1546,2,People's Hospital of Shiyan,2,1.0,"People's Hospital of Shiyan (2, 100.0%)"
1547,2,Auckland University of Technology,1,0.5,"Auckland University of Technology (1, 50.0%); University of Waikato (1, 50.0%)"
1548,2,Chinese PLA General Hospital,2,1.0,"Chinese PLA General Hospital (2, 100.0%)"
1549,2,Chengdu University of Traditional Chinese Medicine,1,0.5,"Chengdu University of Traditional Chinese Medicine (1, 50.0%); MGH Institute of Health Professions (1, 50.0%)"
1550,2,Second Affiliated Hospital of Chongqing Medical University,2,1.0,"Second Affiliated Hospital of Chongqing Medical University (2, 100.0%)"
1551,2,Central South University,2,1.0,"Central South University (2, 100.0%)"
1552,2,Xuzhou Medical College,2,1.0,"Xuzhou Medical College (2, 100.0%)"
1553,2,Zhejiang University,2,1.0,"Zhejiang University (2, 100.0%)"
1554,2,Hunan Academy of Traditional Chinese Medicine,2,1.0,"Hunan Academy of Traditional Chinese Medicine (2, 100.0%)"
1555,2,Shanghai Jiao Tong University,2,1.0,"Shanghai Jiao Tong University (2, 100.0%)"
1556,2,Dali University,2,1.0,"Dali University (2, 100.0%)"
1557,2,Indian Institute of Technology Kanpur,2,1.0,"Indian Institute of Technology Kanpur (2, 100.0%)"
1558,2,Gachon University,1,0.5,"Gachon University (1, 50.0%); Gachon University Gil Medical Center (1, 50.0%)"
1559,2,Beijing University of Chinese Medicine,1,0.5,"Beijing University of Chinese Medicine (1, 50.0%); China Academy of Chinese Medical Sciences (1, 50.0%)"
1560,2,Humboldt-Universität zu Berlin,1,0.5,"Humboldt-Universität zu Berlin (1, 50.0%); Unknown institution (1, 50.0%)"
1561,2,First Affiliated Hospital of Kunming Medical University,2,1.0,"First Affiliated Hospital of Kunming Medical University (2, 100.0%)"
1562,2,Ningbo University Affiliated Hospital,2,1.0,"Ningbo University Affiliated Hospital (2, 100.0%)"
1563,2,Army Medical University,1,0.5,"Army Medical University (1, 50.0%); Shanghai Mental Health Center (1, 50.0%)"
1564,2,Chenzhou First People's Hospital,2,1.0,"Chenzhou First People's Hospital (2, 100.0%)"
1565,2,First Affiliated Hospital of Xinxiang Medical University,1,0.5,"First Affiliated Hospital of Xinxiang Medical University (1, 50.0%); Xianning Central Hospital (1, 50.0%)"
1566,2,Harcourt Butler Technical University,2,1.0,"Harcourt Butler Technical University (2, 100.0%)"
1567,2,Southeast University,2,1.0,"Southeast University (2, 100.0%)"
1568,2,First Affiliated Hospital of Wenzhou Medical University,1,0.5,"First Affiliated Hospital of Wenzhou Medical University (1, 50.0%); Quzhou City People's Hospital (1, 50.0%)"
1569,2,Yancheng Teachers University,2,1.0,"Yancheng Teachers University (2, 100.0%)"
1570,2,Nanjing University of Chinese Medicine,2,1.0,"Nanjing University of Chinese Medicine (2, 100.0%)"
1571,2,Shandong Provincial Hospital,2,1.0,"Shandong Provincial Hospital (2, 100.0%)"
1572,2,Nanjing Medical University,2,1.0,"Nanjing Medical University (2, 100.0%)"
1573,2,Ibb University,1,0.5,"Ibb University (1, 50.0%); King Faisal University (1, 50.0%)"
1574,2,Icahn School of Medicine at Mount Sinai,2,1.0,"Icahn School of Medicine at Mount Sinai (2, 100.0%)"
1575,2,Xiangyang Central Hospital,2,1.0,"Xiangyang Central Hospital (2, 100.0%)"
1576,2,Fujian Medical University,2,1.0,"Fujian Medical University (2, 100.0%)"
1577,2,First Affiliated Hospital of Soochow University,2,1.0,"First Affiliated Hospital of Soochow University (2, 100.0%)"
1578,2,Second Affiliated Hospital of Harbin Medical University,2,1.0,"Second Affiliated Hospital of Harbin Medical University (2, 100.0%)"
1579,2,Icahn School of Medicine at Mount Sinai,2,1.0,"Icahn School of Medicine at Mount Sinai (2, 100.0%)"
1580,2,Nanchang University,2,1.0,"Nanchang University (2, 100.0%)"
1581,2,Macao Polytechnic University,1,0.5,"Macao Polytechnic University (1, 50.0%); Xiangnan University (1, 50.0%)"
1582,2,University Medical Center Groningen,2,1.0,"University Medical Center Groningen (2, 100.0%)"
1583,2,"Division of Planned Immunization, Yiwu Center for Disease Prevention and Control, Yiwu, Zhejiang Province, China",1,0.5,"Division of Planned Immunization, Yiwu Center for Disease Prevention and Control, Yiwu, Zhejiang Province, China (1, 50.0%); Zhejiang University (1, 50.0%)"
1584,2,Chaohu Hospital of Anhui Medical University,2,1.0,"Chaohu Hospital of Anhui Medical University (2, 100.0%)"
1585,2,The Seventh Affiliated Hospital of Sun Yat-sen University,2,1.0,"The Seventh Affiliated Hospital of Sun Yat-sen University (2, 100.0%)"
1586,2,Second Affiliated Hospital & Yuying Children's Hospital of Wenzhou Medical University,2,1.0,"Second Affiliated Hospital & Yuying Children's Hospital of Wenzhou Medical University (2, 100.0%)"
1587,2,University of Liège,2,1.0,"University of Liège (2, 100.0%)"
1588,2,Portuguese Oncology Institute,1,0.5,"Portuguese Oncology Institute (1, 50.0%); Specialist Oncology Dietitian, North Perth, Washington, Australia (1, 50.0%)"
1589,2,A.T. Still University,1,0.5,"A.T. Still University (1, 50.0%); Vassar Brothers Medical Center (1, 50.0%)"
1590,2,Second Affiliated Hospital of Zhejiang University School of Medicine,2,1.0,"Second Affiliated Hospital of Zhejiang University School of Medicine (2, 100.0%)"
1591,2,FORTH Institute of Computer Science,1,0.5,"FORTH Institute of Computer Science (1, 50.0%); University of California, Los Angeles (1, 50.0%)"
1592,2,Fudan University,2,1.0,"Fudan University (2, 100.0%)"
1593,2,Paracelsus Medical University,1,0.5,"Paracelsus Medical University (1, 50.0%); University of Salzburg (1, 50.0%)"
1594,2,Nigerian Institute of Medical Research,2,1.0,"Nigerian Institute of Medical Research (2, 100.0%)"
1595,2,West China Hospital of Sichuan University,2,1.0,"West China Hospital of Sichuan University (2, 100.0%)"
1596,2,Sungkyunkwan University,2,1.0,"Sungkyunkwan University (2, 100.0%)"
1597,2,Beijing University of Chinese Medicine,2,1.0,"Beijing University of Chinese Medicine (2, 100.0%)"
1598,2,"Chengdu Integrated Traditional Chinese Medicine and Western Medicine Hospital, Chengdu, China",1,0.5,"Chengdu Integrated Traditional Chinese Medicine and Western Medicine Hospital, Chengdu, China (1, 50.0%); Chengdu University of Traditional Chinese Medicine (1, 50.0%)"
1599,2,Southwest Jiaotong University,2,1.0,"Southwest Jiaotong University (2, 100.0%)"
1600,2,First Affiliated Hospital of Shantou University Medical College,2,1.0,"First Affiliated Hospital of Shantou University Medical College (2, 100.0%)"
1601,2,Vel Tech Rangarajan Dr. Sagunthala R&D Institute of Science and Technology,2,1.0,"Vel Tech Rangarajan Dr. Sagunthala R&D Institute of Science and Technology (2, 100.0%)"
1602,2,Sun Yat-sen University,2,1.0,"Sun Yat-sen University (2, 100.0%)"
1603,2,新疆医科大学第一附属医院消化病二科，乌鲁木齐 830054,2,1.0,"新疆医科大学第一附属医院消化病二科，乌鲁木齐 830054 (2, 100.0%)"
1604,2,Jiangsu Province Hospital,1,0.5,"Jiangsu Province Hospital (1, 50.0%); Nanjing Children's Hospital of Nanjing Medical University (1, 50.0%)"
1605,2,Chengdu University,1,0.5,"Chengdu University (1, 50.0%); University of Electronic Science and Technology of China (1, 50.0%)"
1606,2,University of Bonn,1,0.5,"University of Bonn (1, 50.0%); University of Vienna (1, 50.0%)"
1607,2,Hunan University of Traditional Chinese Medicine,1,0.5,"Hunan University of Traditional Chinese Medicine (1, 50.0%); Second Xiangya Hospital of Central South University (1, 50.0%)"
1608,2,Vellore Institute of Technology University,2,1.0,"Vellore Institute of Technology University (2, 100.0%)"
1609,2,First Hospital of Jiaxing,1,0.5,"First Hospital of Jiaxing (1, 50.0%); Nanjing University of Chinese Medicine (1, 50.0%)"
1610,2,Columbia University,2,1.0,"Columbia University (2, 100.0%)"
1611,2,Children's Hospital of Eastern Ontario,1,0.5,"Children's Hospital of Eastern Ontario (1, 50.0%); Queen's University (1, 50.0%)"
1612,2,Guizhou Provincial People's Hospital,1,0.5,"Guizhou Provincial People's Hospital (1, 50.0%); Hannover Medical School (1, 50.0%)"
1613,2,Zhejiang University,2,1.0,"Zhejiang University (2, 100.0%)"
1614,2,Affiliated Hospital of Jiangxi University of Traditional Chinese Medicine,1,0.5,"Affiliated Hospital of Jiangxi University of Traditional Chinese Medicine (1, 50.0%); Wuhan City Chinese Medicine Hospital (1, 50.0%)"
1615,2,Second Affiliated Hospital of Nanchang University,2,1.0,"Second Affiliated Hospital of Nanchang University (2, 100.0%)"
1616,2,First Hospital of Jilin University,2,1.0,"First Hospital of Jilin University (2, 100.0%)"
1617,2,"Key Laboratory of Chinese lnternal Medicine of Ministry of Education and Beijing, Dongzhimen Hospital, Beiing University of Chinese Medicine, Beijing, China",2,1.0,"Key Laboratory of Chinese lnternal Medicine of Ministry of Education and Beijing, Dongzhimen Hospital, Beiing University of Chinese Medicine, Beijing, China (2, 100.0%)"
1618,2,"University of California, San Diego",1,0.5,"University of California, San Diego (1, 50.0%); University of Minnesota Twin Cities (1, 50.0%)"
1619,2,Xinjiang Medical University,2,1.0,"Xinjiang Medical University (2, 100.0%)"
1620,2,New York University,1,0.5,"New York University (1, 50.0%); University of Chicago (1, 50.0%)"
1621,2,Tianjin University,2,1.0,"Tianjin University (2, 100.0%)"
1622,2,Children's Hospital of Zhejiang University School of Medicine,2,1.0,"Children's Hospital of Zhejiang University School of Medicine (2, 100.0%)"
1623,2,Nottingham Trent University,1,0.5,"Nottingham Trent University (1, 50.0%); University of Roehampton (1, 50.0%)"
1624,2,Henan University,1,0.5,"Henan University (1, 50.0%); Shanghai Normal University (1, 50.0%)"
1625,2,Jiaxing University,1,0.5,"Jiaxing University (1, 50.0%); Jinan University (1, 50.0%)"
1626,2,South China University of Technology,2,1.0,"South China University of Technology (2, 100.0%)"
1627,2,Royal Devon and Exeter Hospital,2,1.0,"Royal Devon and Exeter Hospital (2, 100.0%)"
1628,2,Nippon Medical School,1,0.5,"Nippon Medical School (1, 50.0%); Social Insurance Saitama Chuo Hospital (1, 50.0%)"
1629,2,First Hospital of Jilin University,2,1.0,"First Hospital of Jilin University (2, 100.0%)"
1630,2,University of Toronto,1,0.5,"University of Toronto (1, 50.0%); Wake Forest University (1, 50.0%)"
1631,2,Sheng Jing Hospital,2,1.0,"Sheng Jing Hospital (2, 100.0%)"
1632,2,Chosun University,1,0.5,"Chosun University (1, 50.0%); Tongji University (1, 50.0%)"
1633,2,Qilu Hospital of Shandong University,2,1.0,"Qilu Hospital of Shandong University (2, 100.0%)"
1634,2,Tohoku University,2,1.0,"Tohoku University (2, 100.0%)"
1635,2,McMaster University,2,1.0,"McMaster University (2, 100.0%)"
1636,2,Harvard University,1,0.5,"Harvard University (1, 50.0%); Stanford University (1, 50.0%)"
1637,2,Nanjing Drum Tower Hospital,1,0.5,"Nanjing Drum Tower Hospital (1, 50.0%); Nanjing University (1, 50.0%)"
1638,2,First Affiliated Hospital of Sun Yat-sen University,2,1.0,"First Affiliated Hospital of Sun Yat-sen University (2, 100.0%)"
1639,2,Princeton University,2,1.0,"Princeton University (2, 100.0%)"
1640,2,Second Affiliated Hospital of Jilin University,2,1.0,"Second Affiliated Hospital of Jilin University (2, 100.0%)"
1641,2,First Affiliated Hospital of Soochow University,1,0.5,"First Affiliated Hospital of Soochow University (1, 50.0%); Xiamen University (1, 50.0%)"
1642,2,Lancaster University,1,0.5,"Lancaster University (1, 50.0%); Teesside University (1, 50.0%)"
1643,2,"Department of Andrology, Guilin People’s Hospital, 541002, Guilin, China",1,0.5,"Department of Andrology, Guilin People’s Hospital, 541002, Guilin, China (1, 50.0%); Department of Urology, Guilin People’s Hospital, 541002, Guilin, China (1, 50.0%)"
1644,2,Affiliated Hospital of Shandong University of Traditional Chinese Medicine,1,0.5,"Affiliated Hospital of Shandong University of Traditional Chinese Medicine (1, 50.0%); Shandong University of Traditional Chinese Medicine (1, 50.0%)"
1645,2,Chengdu Sport University,1,0.5,"Chengdu Sport University (1, 50.0%); Department of Trauma Orthopedics, Shenzhen Longhua District People’s Hospital, number38 Jinglong Jianshe Road, Longhua District, 518100, Shenzhen, Guangdong Province, China (1, 50.0%)"
1646,2,"Department of Computer Science and Engineering, Shri Shankaracharya Institute of Professional Management and Technology, Raipur, (C.G.), India",2,1.0,"Department of Computer Science and Engineering, Shri Shankaracharya Institute of Professional Management and Technology, Raipur, (C.G.), India (2, 100.0%)"
1647,2,People's Hospital of Xinjiang Uygur Autonomous Region,2,1.0,"People's Hospital of Xinjiang Uygur Autonomous Region (2, 100.0%)"
1648,2,Sechenov University,2,1.0,"Sechenov University (2, 100.0%)"
1649,2,China Medical University,2,1.0,"China Medical University (2, 100.0%)"
1650,2,Changzhi Medical College,2,1.0,"Changzhi Medical College (2, 100.0%)"
1651,2,Wuxi Fourth People's Hospital,1,0.5,"Wuxi Fourth People's Hospital (1, 50.0%); Wuxi No.2 People's Hospital (1, 50.0%)"
1652,2,First Affiliated Hospital of Guangdong Pharmaceutical University,2,1.0,"First Affiliated Hospital of Guangdong Pharmaceutical University (2, 100.0%)"
1653,2,University of Strathclyde,2,1.0,"University of Strathclyde (2, 100.0%)"
1654,2,University of Oxford,2,1.0,"University of Oxford (2, 100.0%)"
1655,2,Guangdong Provincial People’s Hospital,1,0.5,"Guangdong Provincial People’s Hospital (1, 50.0%); Third Affiliated Hospital of Nanchang University (1, 50.0%)"
1656,2,Seoul National University Hospital,2,1.0,"Seoul National University Hospital (2, 100.0%)"
1657,2,Creighton University,2,1.0,"Creighton University (2, 100.0%)"
1658,2,Inserm,1,0.5,"Inserm (1, 50.0%); Université Paris Cité (1, 50.0%)"
1659,2,Stockholm South General Hospital,2,1.0,"Stockholm South General Hospital (2, 100.0%)"
1660,2,Beihua University,2,1.0,"Beihua University (2, 100.0%)"
1661,2,Sichuan University,2,1.0,"Sichuan University (2, 100.0%)"
1662,2,University of South China,2,1.0,"University of South China (2, 100.0%)"
1663,2,Unknown institution,2,1.0,"Unknown institution (2, 100.0%)"
1664,2,University of Florida,1,0.5,"University of Florida (1, 50.0%); Xidian University (1, 50.0%)"
1665,2,First Affiliated Hospital of Dalian Medical University,1,0.5,"First Affiliated Hospital of Dalian Medical University (1, 50.0%); Second Affiliated Hospital of Dalian Medical University (1, 50.0%)"
1666,2,"Department of Radiation Oncology, The First Hospital of Putian City, Putian, Fujian, China",1,0.5,"Department of Radiation Oncology, The First Hospital of Putian City, Putian, Fujian, China (1, 50.0%); Fujian Provincial Cancer Hospital (1, 50.0%)"
1667,2,Capital Medical University,1,0.5,"Capital Medical University (1, 50.0%); Johns Hopkins University (1, 50.0%)"
1668,2,Wuhan General Hospital of Guangzhou,2,1.0,"Wuhan General Hospital of Guangzhou (2, 100.0%)"
1669,2,University of Portsmouth,1,0.5,"University of Portsmouth (1, 50.0%); University of West London (1, 50.0%)"
1670,2,China-Japan Friendship Hospital,1,0.5,"China-Japan Friendship Hospital (1, 50.0%); Chinese Academy of Medical Sciences & Peking Union Medical College (1, 50.0%)"
1671,2,Tianjin University of Traditional Chinese Medicine,2,1.0,"Tianjin University of Traditional Chinese Medicine (2, 100.0%)"
1672,2,Affiliated Hospital of Xuzhou Medical College,2,1.0,"Affiliated Hospital of Xuzhou Medical College (2, 100.0%)"
1673,2,"Fuwai Hospital, CAMS&PUMC",2,1.0,"Fuwai Hospital, CAMS&PUMC (2, 100.0%)"
1674,2,"Institute of Basic Medical Sciences, CAMS&PUMC",1,0.5,"Institute of Basic Medical Sciences, CAMS&PUMC (1, 50.0%); Xijing Hospital (1, 50.0%)"
1675,2,Yuhuangding Hospital,2,1.0,"Yuhuangding Hospital (2, 100.0%)"
1676,2,Tongji Medical College of Huazhong University of Science and Technology,2,1.0,"Tongji Medical College of Huazhong University of Science and Technology (2, 100.0%)"
1677,2,First Affiliated Hospital of Harbin Medical University,2,1.0,"First Affiliated Hospital of Harbin Medical University (2, 100.0%)"
1678,2,Shanghai Jiao Tong University,2,1.0,"Shanghai Jiao Tong University (2, 100.0%)"
1679,2,Hainan Medical University,2,1.0,"Hainan Medical University (2, 100.0%)"
1680,2,"Department of Radioactive Interventions, Henan No. 3 Provincial People’s Hospital, Henan, China",1,0.5,"Department of Radioactive Interventions, Henan No. 3 Provincial People’s Hospital, Henan, China (1, 50.0%); First Affiliated Hospital of Henan University of Traditional Chinese Medicine (1, 50.0%)"
1681,2,Tianjin Medical University Cancer Institute and Hospital,1,0.5,"Tianjin Medical University Cancer Institute and Hospital (1, 50.0%); Tianjin Medical University General Hospital (1, 50.0%)"
1682,2,Sheng Jing Hospital,2,1.0,"Sheng Jing Hospital (2, 100.0%)"
1683,2,Northwest University,2,1.0,"Northwest University (2, 100.0%)"
1684,2,University of Melbourne,1,0.5,"University of Melbourne (1, 50.0%); University of Toronto (1, 50.0%)"
1685,2,Guangzhou Medical University,1,0.5,"Guangzhou Medical University (1, 50.0%); Second Affiliated Hospital of Guangzhou Medical University (1, 50.0%)"
1686,2,The Central Hospital of Enshi Tujia and Miao Autonomous Prefecture,2,1.0,"The Central Hospital of Enshi Tujia and Miao Autonomous Prefecture (2, 100.0%)"
1687,2,Central South University,2,1.0,"Central South University (2, 100.0%)"
1688,1,Zhejiang Chinese Medical University,1,1.0,"Zhejiang Chinese Medical University (1, 100.0%)"
1689,1,Soochow University,1,1.0,"Soochow University (1, 100.0%)"
1690,1,Nederlandse Organisatie voor Toegepast Natuurwetenschappelijk Onderzoek TNO,1,1.0,"Nederlandse Organisatie voor Toegepast Natuurwetenschappelijk Onderzoek TNO (1, 100.0%)"
1691,1,First Affiliated Hospital of Wenzhou Medical University,1,1.0,"First Affiliated Hospital of Wenzhou Medical University (1, 100.0%)"
1692,1,West China Hospital of Sichuan University,1,1.0,"West China Hospital of Sichuan University (1, 100.0%)"
1693,1,"Department of Gastrointestinal Surgery, The Second People’s Hospital of Wuhu, 241000, Wuhu, Anhui, China",1,1.0,"Department of Gastrointestinal Surgery, The Second People’s Hospital of Wuhu, 241000, Wuhu, Anhui, China (1, 100.0%)"
1694,1,University of South China,1,1.0,"University of South China (1, 100.0%)"
1695,1,Jazan University,1,1.0,"Jazan University (1, 100.0%)"
1696,1,Affiliated Hospital of Southwest Medical University,1,1.0,"Affiliated Hospital of Southwest Medical University (1, 100.0%)"
1697,1,Second Affiliated Hospital of Kunming Medical College,1,1.0,"Second Affiliated Hospital of Kunming Medical College (1, 100.0%)"
1698,1,Zhengzhou University,1,1.0,"Zhengzhou University (1, 100.0%)"
1699,1,福建医科大学附属第二医院药学部，泉州 362000,1,1.0,"福建医科大学附属第二医院药学部，泉州 362000 (1, 100.0%)"
1700,1,Harvard University,1,1.0,"Harvard University (1, 100.0%)"
1701,1,Chongqing University,1,1.0,"Chongqing University (1, 100.0%)"
1702,1,"The First People's Hospital of Xiaoshan District, Hangzhou",1,1.0,"The First People's Hospital of Xiaoshan District, Hangzhou (1, 100.0%)"
1703,1,Academic College of Tel Aviv-Yafo,1,1.0,"Academic College of Tel Aviv-Yafo (1, 100.0%)"
1704,1,San Antonio Military Medical Center,1,1.0,"San Antonio Military Medical Center (1, 100.0%)"
1705,1,Nature Reviews Genetics,1,1.0,"Nature Reviews Genetics (1, 100.0%)"
1706,1,Guangxi Medical University,1,1.0,"Guangxi Medical University (1, 100.0%)"
1707,1,Guangxi Medical University,1,1.0,"Guangxi Medical University (1, 100.0%)"
1708,1,Ajou University,1,1.0,"Ajou University (1, 100.0%)"
1709,1,The Central Hospital of Enshi Tujia and Miao Autonomous Prefecture,1,1.0,"The Central Hospital of Enshi Tujia and Miao Autonomous Prefecture (1, 100.0%)"
1710,1,State Key Laboratory of Biotherapy,1,1.0,"State Key Laboratory of Biotherapy (1, 100.0%)"
1711,1,Karolinska University Hospital,1,1.0,"Karolinska University Hospital (1, 100.0%)"
1712,1,"Department of Sports Medicine, Yueyang Central Hospital, Three-Dimensional Gait Mechanics Analysis Key Laboratory, Yueyang, Hunan, PR China.",1,1.0,"Department of Sports Medicine, Yueyang Central Hospital, Three-Dimensional Gait Mechanics Analysis Key Laboratory, Yueyang, Hunan, PR China. (1, 100.0%)"
1713,1,Tohoku Medical and Pharmaceutical University,1,1.0,"Tohoku Medical and Pharmaceutical University (1, 100.0%)"
1714,1,The Brigham and Women's Hospital Inc,1,1.0,"The Brigham and Women's Hospital Inc (1, 100.0%)"
1715,1,Vanderbilt University Medical Center,1,1.0,"Vanderbilt University Medical Center (1, 100.0%)"
1716,1,First Hospital of Jilin University,1,1.0,"First Hospital of Jilin University (1, 100.0%)"
1717,1,Nanjing Medical University,1,1.0,"Nanjing Medical University (1, 100.0%)"
1718,1,Unknown institution,1,1.0,"Unknown institution (1, 100.0%)"
1719,1,"Department of Neurology, Inner Mongolia Institute of Cerebrovascular Diseases, Baotou Center Hospital, Baotou, Inner Mongolia, China",1,1.0,"Department of Neurology, Inner Mongolia Institute of Cerebrovascular Diseases, Baotou Center Hospital, Baotou, Inner Mongolia, China (1, 100.0%)"
1720,1,Guangzhou University,1,1.0,"Guangzhou University (1, 100.0%)"
1721,1,Unknown institution,1,1.0,"Unknown institution (1, 100.0%)"
1722,1,University of Hong Kong,1,1.0,"University of Hong Kong (1, 100.0%)"
1723,1,"UMR 7268 ADÉS, Aix-Marseille, Université /EFS/CNRS; CoReBio PACA, case 901, Parc scientifique de Luminy, 13288, Marseille Cedex 09, France",1,1.0,"UMR 7268 ADÉS, Aix-Marseille, Université /EFS/CNRS; CoReBio PACA, case 901, Parc scientifique de Luminy, 13288, Marseille Cedex 09, France (1, 100.0%)"
1724,1,Ramon Llull University,1,1.0,"Ramon Llull University (1, 100.0%)"
1725,1,"Department of Stomatology, Suzhou Wujiang District Hospital of Traditional Chinese Medicine, 215221 Suzhou, Jiangsu, China",1,1.0,"Department of Stomatology, Suzhou Wujiang District Hospital of Traditional Chinese Medicine, 215221 Suzhou, Jiangsu, China (1, 100.0%)"
1726,1,University of Virginia,1,1.0,"University of Virginia (1, 100.0%)"
1727,1,Nanchong Central Hospital,1,1.0,"Nanchong Central Hospital (1, 100.0%)"
1728,1,"Reproductive Medical Center, Jiangxi Provincial Maternal and Child Health Hospital, Nanchang, Jiangxi, China",1,1.0,"Reproductive Medical Center, Jiangxi Provincial Maternal and Child Health Hospital, Nanchang, Jiangxi, China (1, 100.0%)"
1729,1,Fudan University,1,1.0,"Fudan University (1, 100.0%)"
1730,1,"Department of Hand and Foot Surgery, Beilun District People's Hospital, Ningbo, Zhejiang, China",1,1.0,"Department of Hand and Foot Surgery, Beilun District People's Hospital, Ningbo, Zhejiang, China (1, 100.0%)"
1731,1,"Olink Proteomics, Uppsala, Uppsala, Sweden",1,1.0,"Olink Proteomics, Uppsala, Uppsala, Sweden (1, 100.0%)"
1732,1,"Department of Neurology, Suzhou Wujiang District Hospital of Traditional Chinese Medicine (Suzhou Wujiang District Second People’s Hospital), Wujiang District, 215200, Suzhou, China",1,1.0,"Department of Neurology, Suzhou Wujiang District Hospital of Traditional Chinese Medicine (Suzhou Wujiang District Second People’s Hospital), Wujiang District, 215200, Suzhou, China (1, 100.0%)"
1733,1,Manchester Metropolitan University,1,1.0,"Manchester Metropolitan University (1, 100.0%)"
1734,1,"College of Medical Imaging, Qilu Medical University, Zibo, Shandong, China.",1,1.0,"College of Medical Imaging, Qilu Medical University, Zibo, Shandong, China. (1, 100.0%)"
1735,1,Shenzhen University,1,1.0,"Shenzhen University (1, 100.0%)"
1736,1,Chinese People's Liberation Army,1,1.0,"Chinese People's Liberation Army (1, 100.0%)"
1737,1,Jinan University,1,1.0,"Jinan University (1, 100.0%)"
1738,1,Guangdong Pharmaceutical University,1,1.0,"Guangdong Pharmaceutical University (1, 100.0%)"
1739,1,"Department of Transfusion Medicine, The 960th Hospital of the PLA Joint Logistics Support Force, Jinan, Shandong, China. Electronic address: zcjy@stu.sdsmu.edu.cn.",1,1.0,"Department of Transfusion Medicine, The 960th Hospital of the PLA Joint Logistics Support Force, Jinan, Shandong, China. Electronic address: zcjy@stu.sdsmu.edu.cn. (1, 100.0%)"
1740,1,Magdi Yacoub Heart Foundation,1,1.0,"Magdi Yacoub Heart Foundation (1, 100.0%)"
1741,1,Loudi Central Hospital,1,1.0,"Loudi Central Hospital (1, 100.0%)"
1742,1,Sanda University,1,1.0,"Sanda University (1, 100.0%)"
1743,1,First Hospital of Jilin University,1,1.0,"First Hospital of Jilin University (1, 100.0%)"
1744,1,Hangzhou Red Cross Hospital,1,1.0,"Hangzhou Red Cross Hospital (1, 100.0%)"
1745,1,Kingston University,1,1.0,"Kingston University (1, 100.0%)"
1746,1,Jazan University,1,1.0,"Jazan University (1, 100.0%)"
1747,1,Huazhong University of Science and Technology,1,1.0,"Huazhong University of Science and Technology (1, 100.0%)"
1748,1,"University of California, Berkeley",1,1.0,"University of California, Berkeley (1, 100.0%)"
1749,1,中南大学湘雅医院心血管内科，长沙 410008,1,1.0,"中南大学湘雅医院心血管内科，长沙 410008 (1, 100.0%)"
1750,1,Changzhou Second Peoples Hospital,1,1.0,"Changzhou Second Peoples Hospital (1, 100.0%)"
1751,1,Koneru Lakshmaiah Education Foundation,1,1.0,"Koneru Lakshmaiah Education Foundation (1, 100.0%)"
1752,1,Tongji Medical College of Huazhong University of Science and Technology,1,1.0,"Tongji Medical College of Huazhong University of Science and Technology (1, 100.0%)"
1753,1,Chinese PLA General Hospital,1,1.0,"Chinese PLA General Hospital (1, 100.0%)"
1754,1,Ganzhou People's Hospital,1,1.0,"Ganzhou People's Hospital (1, 100.0%)"
1755,1,Shihezi University,1,1.0,"Shihezi University (1, 100.0%)"
1756,1,Second Hospital of Shandong University,1,1.0,"Second Hospital of Shandong University (1, 100.0%)"
1757,1,Unknown institution,1,1.0,"Unknown institution (1, 100.0%)"
1758,1,University Medical Center of the Johannes Gutenberg University Mainz,1,1.0,"University Medical Center of the Johannes Gutenberg University Mainz (1, 100.0%)"
1759,1,Tongji Medical College of Huazhong University of Science and Technology,1,1.0,"Tongji Medical College of Huazhong University of Science and Technology (1, 100.0%)"
1760,1,Aarhus University,1,1.0,"Aarhus University (1, 100.0%)"
1761,1,Shanxi Medical University,1,1.0,"Shanxi Medical University (1, 100.0%)"
1762,1,Columbia University,1,1.0,"Columbia University (1, 100.0%)"
1763,1,UK Biobank,1,1.0,"UK Biobank (1, 100.0%)"
1764,1,Rechts der Isar Hospital,1,1.0,"Rechts der Isar Hospital (1, 100.0%)"
1765,1,Kyung Hee University,1,1.0,"Kyung Hee University (1, 100.0%)"
1766,1,First Hospital of Jilin University,1,1.0,"First Hospital of Jilin University (1, 100.0%)"
1767,1,上海海洋大学食品学院，上海 201306,1,1.0,"上海海洋大学食品学院，上海 201306 (1, 100.0%)"
1768,1,南华大学附属第一医院烧伤整形与创面修复中心，衡阳 421001,1,1.0,"南华大学附属第一医院烧伤整形与创面修复中心，衡阳 421001 (1, 100.0%)"
1769,1,Nature Reviews Cardiology,1,1.0,"Nature Reviews Cardiology (1, 100.0%)"
1770,1,National Clinical Research Center for Digestive Diseases,1,1.0,"National Clinical Research Center for Digestive Diseases (1, 100.0%)"
1771,1,Southern Medical University,1,1.0,"Southern Medical University (1, 100.0%)"
1772,1,"(Shenzhen, China).",1,1.0,"(Shenzhen, China). (1, 100.0%)"
1773,1,Huzhou Women and Children's Hospital,1,1.0,"Huzhou Women and Children's Hospital (1, 100.0%)"
1774,1,Beijing Hua Xin Hospital,1,1.0,"Beijing Hua Xin Hospital (1, 100.0%)"
1775,1,Newcastle University,1,1.0,"Newcastle University (1, 100.0%)"
1776,1,National Center for Global Health and Medicine,1,1.0,"National Center for Global Health and Medicine (1, 100.0%)"
1777,1,Queen Mary University of London,1,1.0,"Queen Mary University of London (1, 100.0%)"
1778,1,Nature Reviews Genetics,1,1.0,"Nature Reviews Genetics (1, 100.0%)"
1779,1,University of Chicago,1,1.0,"University of Chicago (1, 100.0%)"
1780,1,Second Affiliated Hospital of Zhejiang University School of Medicine,1,1.0,"Second Affiliated Hospital of Zhejiang University School of Medicine (1, 100.0%)"
1781,1,University of Tennessee Knoxville,1,1.0,"University of Tennessee Knoxville (1, 100.0%)"
1782,1,"Senior Editor, Nature",1,1.0,"Senior Editor, Nature (1, 100.0%)"
1783,1,Agricultural University of Athens,1,1.0,"Agricultural University of Athens (1, 100.0%)"
1784,1,University of Oxford,1,1.0,"University of Oxford (1, 100.0%)"
1785,1,First Affiliated Hospital of Chongqing Medical University,1,1.0,"First Affiliated Hospital of Chongqing Medical University (1, 100.0%)"
1786,1,Fujian Medical University,1,1.0,"Fujian Medical University (1, 100.0%)"
1787,1,Beijing Hospital of Traditional Chinese Medicine,1,1.0,"Beijing Hospital of Traditional Chinese Medicine (1, 100.0%)"
1788,1,Adelaide University,1,1.0,"Adelaide University (1, 100.0%)"
1789,1,Simón Bolívar University,1,1.0,"Simón Bolívar University (1, 100.0%)"
1790,1,Tzu Chi University,1,1.0,"Tzu Chi University (1, 100.0%)"
1791,1,Nanjing Medical University,1,1.0,"Nanjing Medical University (1, 100.0%)"
1792,1,Zhongshan Hospital,1,1.0,"Zhongshan Hospital (1, 100.0%)"
1793,1,Cardiff University,1,1.0,"Cardiff University (1, 100.0%)"
1794,1,Hangzhou Medical College,1,1.0,"Hangzhou Medical College (1, 100.0%)"
1795,1,Wenzhou Medical University,1,1.0,"Wenzhou Medical University (1, 100.0%)"
1796,1,Nanjing University of Chinese Medicine,1,1.0,"Nanjing University of Chinese Medicine (1, 100.0%)"
1797,1,Third Affiliated Hospital of Southern Medical University,1,1.0,"Third Affiliated Hospital of Southern Medical University (1, 100.0%)"
1798,1,McGill University,1,1.0,"McGill University (1, 100.0%)"
1799,1,Fujian Medical University,1,1.0,"Fujian Medical University (1, 100.0%)"
1800,1,University of Roehampton,1,1.0,"University of Roehampton (1, 100.0%)"
1801,1,Unknown institution,1,1.0,"Unknown institution (1, 100.0%)"
1802,1,Unknown institution,1,1.0,"Unknown institution (1, 100.0%)"
1803,1,Zhengzhou University,1,1.0,"Zhengzhou University (1, 100.0%)"
1804,1,Northern Jiangsu People's Hospital,1,1.0,"Northern Jiangsu People's Hospital (1, 100.0%)"
1805,1,Weifang Medical University,1,1.0,"Weifang Medical University (1, 100.0%)"
1806,1,Fundación Neumológica Colombiana,1,1.0,"Fundación Neumológica Colombiana (1, 100.0%)"
1807,1,Shanghai University of Traditional Chinese Medicine,1,1.0,"Shanghai University of Traditional Chinese Medicine (1, 100.0%)"
1808,1,"R. Caxias do Sul, 95 - Operário, Novo Hamburgo - RS, 93315-132",1,1.0,"R. Caxias do Sul, 95 - Operário, Novo Hamburgo - RS, 93315-132 (1, 100.0%)"
1809,1,Sichuan Peoples Hospital of Sichuan Academy of Medical Sciences,1,1.0,"Sichuan Peoples Hospital of Sichuan Academy of Medical Sciences (1, 100.0%)"
1810,1,"Computer Science and Engineering, Anurag University, Venkatapur, Ghatkesar, Medchal-Malkajgirl, 500088, Hyderabad, Telangana, India",1,1.0,"Computer Science and Engineering, Anurag University, Venkatapur, Ghatkesar, Medchal-Malkajgirl, 500088, Hyderabad, Telangana, India (1, 100.0%)"
1811,1,Anhui University of Science and Technology,1,1.0,"Anhui University of Science and Technology (1, 100.0%)"
1812,1,Anhui Medical University,1,1.0,"Anhui Medical University (1, 100.0%)"
1813,1,Sheng Jing Hospital,1,1.0,"Sheng Jing Hospital (1, 100.0%)"
1814,1,The First People's Hospital of Wenling,1,1.0,"The First People's Hospital of Wenling (1, 100.0%)"
1815,1,"Dialysis Room, People’s Hospital of Linquan County, Linquan, China.",1,1.0,"Dialysis Room, People’s Hospital of Linquan County, Linquan, China. (1, 100.0%)"
1816,1,"Fuwai Hospital, CAMS&PUMC",1,1.0,"Fuwai Hospital, CAMS&PUMC (1, 100.0%)"
1817,1,Ningxia Hui Autonomous Region Peoples Hospital,1,1.0,"Ningxia Hui Autonomous Region Peoples Hospital (1, 100.0%)"
1818,1,Aristotle University of Thessaloniki,1,1.0,"Aristotle University of Thessaloniki (1, 100.0%)"
1819,1,University of Kelaniya,1,1.0,"University of Kelaniya (1, 100.0%)"
1820,1,Open University of Catalonia,1,1.0,"Open University of Catalonia (1, 100.0%)"
1821,1,Central South University,1,1.0,"Central South University (1, 100.0%)"
1822,1,University of South China,1,1.0,"University of South China (1, 100.0%)"
1823,1,Xinjiang Medical University,1,1.0,"Xinjiang Medical University (1, 100.0%)"
1824,1,山东大学齐鲁医学院公共卫生学院生物统计学系，济南 250012,1,1.0,"山东大学齐鲁医学院公共卫生学院生物统计学系，济南 250012 (1, 100.0%)"
1825,1,Affiliated Zhongshan Hospital of Dalian University,1,1.0,"Affiliated Zhongshan Hospital of Dalian University (1, 100.0%)"
1826,1,University of Pennsylvania,1,1.0,"University of Pennsylvania (1, 100.0%)"
1827,1,Edinburgh Napier University,1,1.0,"Edinburgh Napier University (1, 100.0%)"
1828,1,Second Affiliated Hospital of Harbin Medical University,1,1.0,"Second Affiliated Hospital of Harbin Medical University (1, 100.0%)"
1829,1,Huashan Hospital,1,1.0,"Huashan Hospital (1, 100.0%)"
1830,1,Ganzhou People's Hospital,1,1.0,"Ganzhou People's Hospital (1, 100.0%)"
1831,1,Yanbian University Hospital,1,1.0,"Yanbian University Hospital (1, 100.0%)"
1832,1,Queen's University Belfast,1,1.0,"Queen's University Belfast (1, 100.0%)"
1833,1,Beijing University of Chinese Medicine,1,1.0,"Beijing University of Chinese Medicine (1, 100.0%)"
1834,1,"Second Department of Neurology, Affiliated Hospital of Inner Mongolia Minzu University, Tongliao, China.",1,1.0,"Second Department of Neurology, Affiliated Hospital of Inner Mongolia Minzu University, Tongliao, China. (1, 100.0%)"
1835,1,Unknown institution,1,1.0,"Unknown institution (1, 100.0%)"
1836,1,Anhui Medical University,1,1.0,"Anhui Medical University (1, 100.0%)"
1837,1,"University of Maryland, College Park",1,1.0,"University of Maryland, College Park (1, 100.0%)"
1838,1,"Professor, Department of Computer Science, Dr. N.G.P. Arts & Science College, Coimbatore, Tamil Nadu, India",1,1.0,"Professor, Department of Computer Science, Dr. N.G.P. Arts & Science College, Coimbatore, Tamil Nadu, India (1, 100.0%)"
1839,1,Shanghai Jiao Tong University,1,1.0,"Shanghai Jiao Tong University (1, 100.0%)"
1840,1,Hospital for Sick Children,1,1.0,"Hospital for Sick Children (1, 100.0%)"
1841,1,West China Hospital of Sichuan University,1,1.0,"West China Hospital of Sichuan University (1, 100.0%)"
1842,1,"Department of Pediatrics, Jiaxing Second Hospital, Jiaxing, China",1,1.0,"Department of Pediatrics, Jiaxing Second Hospital, Jiaxing, China (1, 100.0%)"
1843,1,Virginia Commonwealth University,1,1.0,"Virginia Commonwealth University (1, 100.0%)"
1844,1,Chongqing Emergency Medical Center,1,1.0,"Chongqing Emergency Medical Center (1, 100.0%)"
1845,1,Fourth Hospital of Changsha,1,1.0,"Fourth Hospital of Changsha (1, 100.0%)"
1846,1,Unknown institution,1,1.0,"Unknown institution (1, 100.0%)"
1847,1,China Three Gorges University,1,1.0,"China Three Gorges University (1, 100.0%)"
1848,1,Ningxia Medical University,1,1.0,"Ningxia Medical University (1, 100.0%)"
1849,1,A.T. Still University,1,1.0,"A.T. Still University (1, 100.0%)"
1850,1,University of Pennsylvania,1,1.0,"University of Pennsylvania (1, 100.0%)"
1851,1,Central South University,1,1.0,"Central South University (1, 100.0%)"
1852,1,Tongji Medical College of Huazhong University of Science and Technology,1,1.0,"Tongji Medical College of Huazhong University of Science and Technology (1, 100.0%)"
1853,1,Sun Yat-sen Memorial Hospital,1,1.0,"Sun Yat-sen Memorial Hospital (1, 100.0%)"
1854,1,Shanghai Jiao Tong University,1,1.0,"Shanghai Jiao Tong University (1, 100.0%)"
1855,1,Guizhou University of Traditional Chinese Medicine,1,1.0,"Guizhou University of Traditional Chinese Medicine (1, 100.0%)"
1856,1,Chengdu First Peoples Hospital,1,1.0,"Chengdu First Peoples Hospital (1, 100.0%)"
1857,1,Morinomiya University of Medical Sciences,1,1.0,"Morinomiya University of Medical Sciences (1, 100.0%)"
1858,1,First Affiliated Hospital of Xi'an Jiaotong University,1,1.0,"First Affiliated Hospital of Xi'an Jiaotong University (1, 100.0%)"
1859,1,University of Hertfordshire,1,1.0,"University of Hertfordshire (1, 100.0%)"
1860,1,Chengdu Third People's Hospital,1,1.0,"Chengdu Third People's Hospital (1, 100.0%)"
1861,1,Peoples Hospital of Deyang City,1,1.0,"Peoples Hospital of Deyang City (1, 100.0%)"
1862,1,Zhenjiang City Fourth People's Hospital,1,1.0,"Zhenjiang City Fourth People's Hospital (1, 100.0%)"
