plot_node,modal_institution,n_authors,group_authors,author_share,rank
Community 1,University Medical Center Groningen,137,6959,0.01968673660008622,1
Community 1,University of Michigan-Ann Arbor,127,6959,0.018249748527087224,2
Community 1,University of North Carolina at Chapel Hill,120,6959,0.01724385687598793,3
Community 1,Erasmus MC,117,6959,0.016812760454088232,4
Community 1,Leiden University Medical Center,112,6959,0.016094266417588734,5
Community 1,University of Copenhagen,100,6959,0.014369880729989942,6
Community 1,Karolinska Institutet,93,6959,0.013363989078890645,7
Community 1,University of Queensland,89,6959,0.012789193849691047,8
Community 1,Unknown institution,82,6959,0.011783302198591751,9
Community 1,Institute for Molecular Medicine Finland,80,6959,0.011495904583991953,10
Community 1,University of Oulu,77,6959,0.011064808162092255,11
Community 1,University of Tartu,77,6959,0.011064808162092255,12
Community 1,Imperial College London,75,6959,0.010777410547492455,13
Community 1,Massachusetts General Hospital,75,6959,0.010777410547492455,14
Community 1,University of Washington,70,6959,0.010058916510992959,15
Community 1,University of Helsinki,65,6959,0.009340422474493461,16
Community 1,Johns Hopkins University,64,6959,0.009196723667193563,17
Community 1,King's College London,60,6959,0.008621928437993965,18
Community 1,Harvard University,59,6959,0.008478229630694065,19
Community 1,Finnish Institute for Health and Welfare,52,6959,0.00747233797959477,20
Community 1,Broad Institute,51,6959,0.00732863917229487,21
Community 1,Helsinki University Hospital,49,6959,0.007041241557695071,22
Community 1,University of Oxford,49,6959,0.007041241557695071,23
Community 1,Boston University,48,6959,0.006897542750395172,24
Community 1,Vrije Universiteit Amsterdam,48,6959,0.006897542750395172,25
Community 1,23andMe Inc,47,6959,0.006753843943095273,26
Community 1,Icahn School of Medicine at Mount Sinai,46,6959,0.006610145135795373,27
Community 1,University of Colorado Anschutz Medical Campus,45,6959,0.006466446328495474,28
Community 1,University of Edinburgh,45,6959,0.006466446328495474,29
Community 1,Washington University in St. Louis,43,6959,0.006179048713895675,30
Community 1,The University of Osaka,41,6959,0.005891651099295876,31
Community 1,University of Minnesota Twin Cities,40,6959,0.005747952291995977,32
Community 1,Helmholtz Zentrum München,39,6959,0.005604253484696077,33
Community 1,"University of Maryland, Baltimore",38,6959,0.005460554677396178,34
Community 1,Lund University,37,6959,0.0053168558700962786,35
Community 1,Vanderbilt University Medical Center,37,6959,0.0053168558700962786,36
Community 1,Greifswald University Medicine,34,6959,0.00488575944819658,37
Community 1,"University of California, San Francisco",34,6959,0.00488575944819658,38
Community 1,Queen Mary University of London,33,6959,0.0047420606408966805,39
Community 1,University of Pennsylvania,33,6959,0.0047420606408966805,40
Community 1,The University of Texas Health Science Center at Houston,31,6959,0.0044546630262968815,41
Community 1,The University of Tokyo,31,6959,0.0044546630262968815,42
Community 1,University of Lausanne,31,6959,0.0044546630262968815,43
Community 1,University College London,29,6959,0.0041672654116970825,44
Community 1,University Medical Center Utrecht,28,6959,0.0040235666043971835,45
Community 1,"University of California, San Diego",28,6959,0.0040235666043971835,46
Community 1,Northwestern University,27,6959,0.003879867797097284,47
Community 1,Utrecht University,27,6959,0.003879867797097284,48
Community 1,Wellcome Centre for Human Genetics,27,6959,0.003879867797097284,49
Community 1,Boston Children's Hospital,26,6959,0.003736168989797385,50
Community 1,QIMR Berghofer Medical Research Institute,26,6959,0.003736168989797385,51
Community 1,Tampere University,26,6959,0.003736168989797385,52
Community 1,University of Amsterdam,26,6959,0.003736168989797385,53
Community 1,Wellcome Sanger Institute,26,6959,0.003736168989797385,54
Community 1,Duke University,25,6959,0.0035924701824974854,55
Community 1,University of Turku,25,6959,0.0035924701824974854,56
Community 1,Uppsala University,25,6959,0.0035924701824974854,57
Community 1,German Heart Centre,24,6959,0.003448771375197586,58
Community 1,University of Western Australia,24,6959,0.003448771375197586,59
Community 1,Aarhus University,23,6959,0.0033050725678976864,60
Community 1,Norwegian University of Science and Technology,23,6959,0.0033050725678976864,61
Community 1,Universidade de São Paulo,23,6959,0.0033050725678976864,62
Community 1,Amsterdam Neuroscience,22,6959,0.003161373760597787,63
Community 1,Wake Forest University,22,6959,0.003161373760597787,64
Community 1,German Centre for Cardiovascular Research,21,6959,0.003017674953297888,65
Community 1,Innsbruck Medical University,21,6959,0.003017674953297888,66
Community 1,Leipzig University,21,6959,0.003017674953297888,67
Community 1,Radboud University Nijmegen Medical Centre,21,6959,0.003017674953297888,68
Community 1,Stanford University,21,6959,0.003017674953297888,69
Community 1,Tohoku University,21,6959,0.003017674953297888,70
Community 1,"University of California, Los Angeles",21,6959,0.003017674953297888,71
Community 1,University of Colorado Boulder,21,6959,0.003017674953297888,72
Community 1,University of Southern California,21,6959,0.003017674953297888,73
Community 1,The Brigham and Women's Hospital Inc,20,6959,0.0028739761459979883,74
Community 1,University of Virginia,20,6959,0.0028739761459979883,75
Community 1,Brunel University London,19,6959,0.002730277338698089,76
Community 1,Genentech Inc,19,6959,0.002730277338698089,77
Community 1,Barcelona Supercomputing Center,18,6959,0.0025865785313981893,78
Community 1,Central Institute of Mental Health,18,6959,0.0025865785313981893,79
Community 1,LMU Klinikum,18,6959,0.0025865785313981893,80
Community 1,National Heart Lung and Blood Institute,18,6959,0.0025865785313981893,81
Community 1,National Human Genome Research Institute,18,6959,0.0025865785313981893,82
Community 1,The Pennsylvania State University,18,6959,0.0025865785313981893,83
Community 1,University of Freiburg,18,6959,0.0025865785313981893,84
Community 1,University of Pittsburgh,18,6959,0.0025865785313981893,85
Community 1,University of Regensburg,17,6959,0.00244287972409829,86
Community 1,Hospital District of Helsinki and Uusimaa,16,6959,0.0022991809167983907,87
Community 1,Medical University of Graz,16,6959,0.0022991809167983907,88
Community 1,Newcastle University,16,6959,0.0022991809167983907,89
Community 1,Nightingale Health Oyj,16,6959,0.0022991809167983907,90
Community 1,Pfizer Inc,16,6959,0.0022991809167983907,91
Community 1,Queensland University of Technology,16,6959,0.0022991809167983907,92
Community 1,Swiss Institute of Bioinformatics,16,6959,0.0022991809167983907,93
Community 1,University of Eastern Finland,16,6959,0.0022991809167983907,94
Community 1,University of Montreal,16,6959,0.0022991809167983907,95
Community 1,Albert Einstein College of Medicine,15,6959,0.0021554821094984912,96
Community 1,Children's Hospital of Philadelphia,15,6959,0.0021554821094984912,97
Community 1,IRCCS Materno Infantile Burlo Garofolo,15,6959,0.0021554821094984912,98
Community 1,Lundbeck Foundation,15,6959,0.0021554821094984912,99
Community 1,Max Planck Institute of Psychiatry,15,6959,0.0021554821094984912,100
Community 1,Queen's University Belfast,15,6959,0.0021554821094984912,101
Community 1,Sun Yat-sen University,15,6959,0.0021554821094984912,102
Community 1,University of Lübeck,15,6959,0.0021554821094984912,103
Community 1,University of Otago,15,6959,0.0021554821094984912,104
Community 1,Yale University,15,6959,0.0021554821094984912,105
Community 1,Charité - University Medicine Berlin,14,6959,0.0020117833021985917,106
Community 1,Copenhagen University Hospital,14,6959,0.0020117833021985917,107
Community 1,Fred Hutchinson Cancer Center,14,6959,0.0020117833021985917,108
Community 1,Institute for Biomedicine,14,6959,0.0020117833021985917,109
Community 1,Institute of Genetic and Biomedical Research,14,6959,0.0020117833021985917,110
Community 1,Ludwig-Maximilians-Universität München,14,6959,0.0020117833021985917,111
Community 1,Rush University Medical Center,14,6959,0.0020117833021985917,112
Community 1,Statens Serum Institut,14,6959,0.0020117833021985917,113
Community 1,UNSW Sydney,14,6959,0.0020117833021985917,114
Community 1,University of Jyväskylä,14,6959,0.0020117833021985917,115
Community 1,University of Southern Denmark,14,6959,0.0020117833021985917,116
Community 1,Rigshospitalet,13,6959,0.0018680844948986924,117
Community 1,Skåne University Hospital,13,6959,0.0018680844948986924,118
Community 1,University Hospital Schleswig-Holstein,13,6959,0.0018680844948986924,119
Community 1,University Hospital of Lausanne,13,6959,0.0018680844948986924,120
Community 1,University Medical Center Hamburg-Eppendorf,13,6959,0.0018680844948986924,121
Community 1,University of Cambridge,13,6959,0.0018680844948986924,122
Community 1,University of Ioannina,13,6959,0.0018680844948986924,123
Community 1,University of Mississippi Medical Center,13,6959,0.0018680844948986924,124
Community 1,University of Trieste,13,6959,0.0018680844948986924,125
Community 1,Harbor–UCLA Medical Center,12,6959,0.001724385687598793,126
Community 1,Hiroshima University,12,6959,0.001724385687598793,127
Community 1,Institute of Science Tokyo,12,6959,0.001724385687598793,128
Community 1,Korea National Institute of Health,12,6959,0.001724385687598793,129
Community 1,Medical University of Vienna,12,6959,0.001724385687598793,130
Community 1,National Institute for Public Health and the Environment,12,6959,0.001724385687598793,131
Community 1,Oslo University Hospital,12,6959,0.001724385687598793,132
Community 1,RIKEN Center for Integrative Medical Sciences,12,6959,0.001724385687598793,133
Community 1,University of Glasgow,12,6959,0.001724385687598793,134
Community 1,University of Gothenburg,12,6959,0.001724385687598793,135
Community 1,University of Melbourne,12,6959,0.001724385687598793,136
Community 1,University of Utah,12,6959,0.001724385687598793,137
Community 1,Kiel University,11,6959,0.0015806868802988934,138
Community 1,Kyoto University,11,6959,0.0015806868802988934,139
Community 1,McGill University,11,6959,0.0015806868802988934,140
Community 1,National Institute on Aging,11,6959,0.0015806868802988934,141
Community 1,Secretaria de Salud,11,6959,0.0015806868802988934,142
Community 1,Technical University of Munich,11,6959,0.0015806868802988934,143
Community 1,Umeå University,11,6959,0.0015806868802988934,144
Community 1,University Hospital Regensburg,11,6959,0.0015806868802988934,145
Community 1,University of Alabama at Birmingham,11,6959,0.0015806868802988934,146
Community 1,University of Newcastle Australia,11,6959,0.0015806868802988934,147
Community 1,Varsinais-Suomen Sairaanhoitopiiri,11,6959,0.0015806868802988934,148
Community 1,Baylor College of Medicine,10,6959,0.0014369880729989942,149
Community 1,Brown University,10,6959,0.0014369880729989942,150
Community 1,Cincinnati Children's Hospital Medical Center,10,6959,0.0014369880729989942,151
Community 1,GlaxoSmithKline LLC,10,6959,0.0014369880729989942,152
Community 1,Kyushu University,10,6959,0.0014369880729989942,153
Community 1,MRC Human Genetics Unit,10,6959,0.0014369880729989942,154
Community 1,Trinity College Dublin,10,6959,0.0014369880729989942,155
Community 1,University College Dublin,10,6959,0.0014369880729989942,156
Community 1,University of Chicago,10,6959,0.0014369880729989942,157
Community 1,University of Iowa,10,6959,0.0014369880729989942,158
Community 1,University of Massachusetts Amherst,10,6959,0.0014369880729989942,159
Community 1,Vall d'Hebron Hospital Universitari,10,6959,0.0014369880729989942,160
Community 1,Vanderbilt University,10,6959,0.0014369880729989942,161
Community 1,Weill Cornell Medicine - Qatar,10,6959,0.0014369880729989942,162
Community 1,Cedars-Sinai Medical Center,9,6959,0.0012932892656990947,163
Community 1,Centro de Investigación Biomédica en Red de Epidemiología y Salud Pública,9,6959,0.0012932892656990947,164
Community 1,Columbia University,9,6959,0.0012932892656990947,165
Community 1,Columbia University Irving Medical Center,9,6959,0.0012932892656990947,166
Community 1,Emory University,9,6959,0.0012932892656990947,167
Community 1,Harokopio University of Athens,9,6959,0.0012932892656990947,168
Community 1,Haukeland University Hospital,9,6959,0.0012932892656990947,169
Community 1,Lundquist Institute for Biomedical Innovation at Harbor-UCLA Medical Center,9,6959,0.0012932892656990947,170
Community 1,Nanyang Technological University,9,6959,0.0012932892656990947,171
Community 1,National University of Singapore,9,6959,0.0012932892656990947,172
Community 1,National and Kapodistrian University of Athens,9,6959,0.0012932892656990947,173
Community 1,Tampere University Hospital,9,6959,0.0012932892656990947,174
Community 1,The University of Sydney,9,6959,0.0012932892656990947,175
Community 1,University of Dundee,9,6959,0.0012932892656990947,176
Community 1,University of Oslo,9,6959,0.0012932892656990947,177
Community 1,University of Zurich,9,6959,0.0012932892656990947,178
Community 1,Western General Hospital,9,6959,0.0012932892656990947,179
Community 1,Westlake University,9,6959,0.0012932892656990947,180
Community 1,Amsterdam UMC Location VUmc,8,6959,0.0011495904583991954,181
Community 1,Amsterdam University Medical Centers,8,6959,0.0011495904583991954,182
Community 1,Centre for Cellular and Molecular Biology,8,6959,0.0011495904583991954,183
Community 1,Essen University Hospital,8,6959,0.0011495904583991954,184
Community 1,Federal University of São Paulo,8,6959,0.0011495904583991954,185
Community 1,Finnish Red Cross,8,6959,0.0011495904583991954,186
Community 1,Framingham Heart Study,8,6959,0.0011495904583991954,187
Community 1,Maastricht University Medical Centre,8,6959,0.0011495904583991954,188
Community 1,Mayo Clinic,8,6959,0.0011495904583991954,189
Community 1,Merck & Co Inc,8,6959,0.0011495904583991954,190
Community 1,"Northern Savo Hospital District, Kuopio, Finland",8,6959,0.0011495904583991954,191
Community 1,University of Bristol,8,6959,0.0011495904583991954,192
Community 1,"University of California, Irvine",8,6959,0.0011495904583991954,193
Community 1,University of Iceland,8,6959,0.0011495904583991954,194
Community 1,University of Manchester,8,6959,0.0011495904583991954,195
Community 1,University of Münster,8,6959,0.0011495904583991954,196
Community 1,University of Sheffield,8,6959,0.0011495904583991954,197
Community 1,University of Split,8,6959,0.0011495904583991954,198
Community 1,University of Toronto,8,6959,0.0011495904583991954,199
Community 1,University of Łódź,8,6959,0.0011495904583991954,200
Community 1,Aarhus University Hospital,7,6959,0.0010058916510992959,201
Community 1,Autonomous University of Barcelona,7,6959,0.0010058916510992959,202
Community 1,Cardiff University,7,6959,0.0010058916510992959,203
Community 1,GlaxoSmithKline Research and Development Ltd,7,6959,0.0010058916510992959,204
Community 1,Kuopio University Hospital,7,6959,0.0010058916510992959,205
Community 1,Loyola University Chicago,7,6959,0.0010058916510992959,206
Community 1,Martin Luther University Halle-Wittenberg,7,6959,0.0010058916510992959,207
Community 1,Medical College of Wisconsin,7,6959,0.0010058916510992959,208
Community 1,Merck Sharp & Dohme LLC,7,6959,0.0010058916510992959,209
Community 1,Montreal Heart Institute,7,6959,0.0010058916510992959,210
Community 1,NIHR Oxford Musculoskeletal Biomedical Research Centre,7,6959,0.0010058916510992959,211
Community 1,National Institute of Diabetes and Digestive and Kidney Diseases,7,6959,0.0010058916510992959,212
Community 1,New York University,7,6959,0.0010058916510992959,213
Community 1,Northern Ostrobothnia Hospital District,7,6959,0.0010058916510992959,214
Community 1,Pirkanmaa Hospital District,7,6959,0.0010058916510992959,215
Community 1,Poznan University of Medical Sciences,7,6959,0.0010058916510992959,216
Community 1,Royal Victoria Hospital,7,6959,0.0010058916510992959,217
Community 1,The University of Texas Rio Grande Valley,7,6959,0.0010058916510992959,218
Community 1,The University of Texas Southwestern Medical Center,7,6959,0.0010058916510992959,219
Community 1,"Tokushukai Group, Tokyo, Japan",7,6959,0.0010058916510992959,220
Community 1,Tufts University,7,6959,0.0010058916510992959,221
Community 1,University Hospital Bonn,7,6959,0.0010058916510992959,222
Community 1,University Medical Center of the Johannes Gutenberg University Mainz,7,6959,0.0010058916510992959,223
Community 1,University of Bonn,7,6959,0.0010058916510992959,224
Community 1,University of Duisburg-Essen,7,6959,0.0010058916510992959,225
Community 1,University of Kentucky,7,6959,0.0010058916510992959,226
Community 1,University of Leicester,7,6959,0.0010058916510992959,227
Community 1,University of Manitoba,7,6959,0.0010058916510992959,228
Community 1,University of Padua,7,6959,0.0010058916510992959,229
Community 1,University of Verona,7,6959,0.0010058916510992959,230
Community 1,Aalto University,6,6959,0.0008621928437993965,231
Community 1,Beth Israel Deaconess Medical Center,6,6959,0.0008621928437993965,232
Community 1,Bristol Myers Squibb Co,6,6959,0.0008621928437993965,233
Community 1,Capital Region of Denmark,6,6959,0.0008621928437993965,234
Community 1,Center for Clinical Research and Prevention,6,6959,0.0008621928437993965,235
Community 1,Chinese University of Hong Kong,6,6959,0.0008621928437993965,236
Community 1,Cleveland Clinic,6,6959,0.0008621928437993965,237
Community 1,Duke University Medical Center,6,6959,0.0008621928437993965,238
Community 1,Erasmus University Rotterdam,6,6959,0.0008621928437993965,239
Community 1,Hospital for Sick Children,6,6959,0.0008621928437993965,240
Community 1,Icelandic Heart Association,6,6959,0.0008621928437993965,241
Community 1,Institute of Neurology,6,6959,0.0008621928437993965,242
Community 1,KU Leuven,6,6959,0.0008621928437993965,243
Community 1,Karolinska University Hospital,6,6959,0.0008621928437993965,244
Community 1,MRC Epidemiology Unit,6,6959,0.0008621928437993965,245
Community 1,Monash University,6,6959,0.0008621928437993965,246
Community 1,National Bureau of Economic Research,6,6959,0.0008621928437993965,247
Community 1,National Cancer Institute,6,6959,0.0008621928437993965,248
Community 1,Norwegian Institute of Public Health,6,6959,0.0008621928437993965,249
Community 1,Oulu University Hospital,6,6959,0.0008621928437993965,250
Community 1,"Oxford Centre for Diabetes, Endocrinology and Metabolism",6,6959,0.0008621928437993965,251
Community 1,Regeneron Pharmaceuticals Inc,6,6959,0.0008621928437993965,252
Community 1,"Rutgers, The State University of New Jersey",6,6959,0.0008621928437993965,253
Community 1,Shanghai Institutes for Biological Sciences,6,6959,0.0008621928437993965,254
Community 1,Turku University Hospital,6,6959,0.0008621928437993965,255
Community 1,University Hospital of Geneva,6,6959,0.0008621928437993965,256
Community 1,University of Bergen,6,6959,0.0008621928437993965,257
Community 1,University of Cincinnati,6,6959,0.0008621928437993965,258
Community 1,University of Essex,6,6959,0.0008621928437993965,259
Community 1,University of Florida,6,6959,0.0008621928437993965,260
Community 1,University of Illinois at Chicago,6,6959,0.0008621928437993965,261
Community 1,University of Occupational and Environmental Health Japan,6,6959,0.0008621928437993965,262
Community 1,for the Chronic Kidney Disease Prognosis Consortium Investigators and Collaborators,6,6959,0.0008621928437993965,263
Community 1,AbbVie Inc,5,6959,0.0007184940364994971,264
Community 1,Center for Non-Communicable Diseases,5,6959,0.0007184940364994971,265
Community 1,Centre Hospitalier de l’Université de Montréal,5,6959,0.0007184940364994971,266
Community 1,Cornell University,5,6959,0.0007184940364994971,267
Community 1,Dalhousie University,5,6959,0.0007184940364994971,268
Community 1,Folkhälsans Forskningscentrum,5,6959,0.0007184940364994971,269
Community 1,Geisinger Health System,5,6959,0.0007184940364994971,270
Community 1,German Cancer Research Center,5,6959,0.0007184940364994971,271
Community 1,Glenfield Hospital,5,6959,0.0007184940364994971,272
Community 1,Hannover Medical School,5,6959,0.0007184940364994971,273
Community 1,Heidelberg University,5,6959,0.0007184940364994971,274
Community 1,IRCCS Ospedale San Raffaele,5,6959,0.0007184940364994971,275
Community 1,Kobe University,5,6959,0.0007184940364994971,276
Community 1,MRC Institute of Genetics and Molecular Medicine,5,6959,0.0007184940364994971,277
Community 1,MRC Integrative Epidemiology Unit,5,6959,0.0007184940364994971,278
Community 1,Max Delbrück Center for Molecular Medicine,5,6959,0.0007184940364994971,279
Community 1,National Heart and Lung Institute,5,6959,0.0007184940364994971,280
Community 1,National Research Council,5,6959,0.0007184940364994971,281
Community 1,National University Health System,5,6959,0.0007184940364994971,282
Community 1,National University Hospital of Iceland,5,6959,0.0007184940364994971,283
Community 1,New York Genome Center,5,6959,0.0007184940364994971,284
Community 1,Polish Mother’s Memorial Hospital Research Institute,5,6959,0.0007184940364994971,285
Community 1,Sahlgrenska University Hospital,5,6959,0.0007184940364994971,286
Community 1,Sanofi SA,5,6959,0.0007184940364994971,287
Community 1,Seoul National University,5,6959,0.0007184940364994971,288
Community 1,Singapore Eye Research Institute,5,6959,0.0007184940364994971,289
Community 1,State University of New York Downstate Health Sciences University,5,6959,0.0007184940364994971,290
Community 1,Taichung Veterans General Hospital,5,6959,0.0007184940364994971,291
Community 1,Tongji Medical College of Huazhong University of Science and Technology,5,6959,0.0007184940364994971,292
Community 1,UCL Institute of Child Health,5,6959,0.0007184940364994971,293
Community 1,University of Crete,5,6959,0.0007184940364994971,294
Community 1,University of Kelaniya,5,6959,0.0007184940364994971,295
Community 1,University of Miami,5,6959,0.0007184940364994971,296
Community 1,University of Surrey,5,6959,0.0007184940364994971,297
Community 1,University of Wisconsin–Milwaukee,5,6959,0.0007184940364994971,298
Community 1,VA Boston Healthcare System,5,6959,0.0007184940364994971,299
Community 1,Wageningen University & Research,5,6959,0.0007184940364994971,300
Community 1,Weill Medical College of Cornell University,5,6959,0.0007184940364994971,301
Community 1,Wenzhou Medical University,5,6959,0.0007184940364994971,302
Community 1,Aalborg University,4,6959,0.0005747952291995977,303
Community 1,Addenbrooke's Hospital,4,6959,0.0005747952291995977,304
Community 1,Amsterdam UMC Location AMC,4,6959,0.0005747952291995977,305
Community 1,Avera Health,4,6959,0.0005747952291995977,306
Community 1,BGI Shenzhen Co Ltd,4,6959,0.0005747952291995977,307
Community 1,"Baltimore, Maryland, United States",4,6959,0.0005747952291995977,308
Community 1,Boehringer Ingelheim International GmbH,4,6959,0.0005747952291995977,309
Community 1,"Boston, MA, Cambridge, MA, Zaragoza, Spain",4,6959,0.0005747952291995977,310
Community 1,Centre for Inflammation Research,4,6959,0.0005747952291995977,311
Community 1,Centro Medico Nacional Siglo XXI,4,6959,0.0005747952291995977,312
Community 1,Centro de Investigación Biomédica en Red Diabetes y Enfermedades Metabólicas Asociadas,4,6959,0.0005747952291995977,313
Community 1,Charles University,4,6959,0.0005747952291995977,314
Community 1,"City St George’s, University of London",4,6959,0.0005747952291995977,315
Community 1,Colorado School of Public Health,4,6959,0.0005747952291995977,316
Community 1,Dasman Diabetes Institute,4,6959,0.0005747952291995977,317
Community 1,European Bioinformatics Institute,4,6959,0.0005747952291995977,318
Community 1,Federal Almazov North-West Medical Research Centre,4,6959,0.0005747952291995977,319
Community 1,First Affiliated Hospital of Wenzhou Medical University,4,6959,0.0005747952291995977,320
Community 1,Genome Institute of Singapore,4,6959,0.0005747952291995977,321
Community 1,George Washington University,4,6959,0.0005747952291995977,322
Community 1,Ghent University Hospital,4,6959,0.0005747952291995977,323
Community 1,Hadassah University Hospital,4,6959,0.0005747952291995977,324
Community 1,Hospital de Sant Pau,4,6959,0.0005747952291995977,325
Community 1,Hospital del Mar Medical Research Institute,4,6959,0.0005747952291995977,326
Community 1,Institute of Science and Technology Austria,4,6959,0.0005747952291995977,327
Community 1,Jikei University School of Medicine,4,6959,0.0005747952291995977,328
Community 1,Kaiser Permanente,4,6959,0.0005747952291995977,329
Community 1,Kanazawa University,4,6959,0.0005747952291995977,330
Community 1,Keio University,4,6959,0.0005747952291995977,331
Community 1,La Trobe University,4,6959,0.0005747952291995977,332
Community 1,Maze Therapeutics Inc,4,6959,0.0005747952291995977,333
Community 1,Mental Health Services,4,6959,0.0005747952291995977,334
Community 1,National Health Research Institutes,4,6959,0.0005747952291995977,335
Community 1,National Hospital for Neurology and Neurosurgery,4,6959,0.0005747952291995977,336
Community 1,NewYork–Presbyterian Brooklyn Methodist Hospital,4,6959,0.0005747952291995977,337
Community 1,Ontario Institute for Cancer Research,4,6959,0.0005747952291995977,338
Community 1,Oregon Health & Science University,4,6959,0.0005747952291995977,339
Community 1,Oregon National Primate Research Center,4,6959,0.0005747952291995977,340
Community 1,Pennington Biomedical Research Center,4,6959,0.0005747952291995977,341
Community 1,Queen's University,4,6959,0.0005747952291995977,342
Community 1,Rechts der Isar Hospital,4,6959,0.0005747952291995977,343
Community 1,Royal College of Surgeons in Ireland,4,6959,0.0005747952291995977,344
Community 1,Singapore National Eye Center,4,6959,0.0005747952291995977,345
Community 1,Steno Diabetes Center,4,6959,0.0005747952291995977,346
Community 1,Universitair Ziekenhuis Leuven,4,6959,0.0005747952291995977,347
Community 1,University Hospital of Basel,4,6959,0.0005747952291995977,348
Community 1,University of Bern,4,6959,0.0005747952291995977,349
Community 1,University of Bologna,4,6959,0.0005747952291995977,350
Community 1,University of Bordeaux,4,6959,0.0005747952291995977,351
Community 1,University of British Columbia,4,6959,0.0005747952291995977,352
Community 1,University of Erlangen-Nuremberg,4,6959,0.0005747952291995977,353
Community 1,University of Hong Kong,4,6959,0.0005747952291995977,354
Community 1,University of Illinois at Urbana-Champaign,4,6959,0.0005747952291995977,355
Community 1,University of Nottingham,4,6959,0.0005747952291995977,356
Community 1,University of Patras,4,6959,0.0005747952291995977,357
Community 1,University of Sassari,4,6959,0.0005747952291995977,358
Community 1,University of Tsukuba,4,6959,0.0005747952291995977,359
Community 1,University of Vermont,4,6959,0.0005747952291995977,360
Community 1,University of Wollongong,4,6959,0.0005747952291995977,361
Community 1,Université de Toulouse,4,6959,0.0005747952291995977,362
Community 1,Urho Kaleva Kekkonen Institute,4,6959,0.0005747952291995977,363
Community 1,Virginia Commonwealth University,4,6959,0.0005747952291995977,364
Community 1,Vita-Salute San Raffaele University,4,6959,0.0005747952291995977,365
Community 1,Adelaide University,3,6959,0.00043109642189969824,366
Community 1,Aristotle University of Thessaloniki,3,6959,0.00043109642189969824,367
Community 1,August Pi i Sunyer Biomedical Research Institute,3,6959,0.00043109642189969824,368
Community 1,Avera McKennan Hospital & University Health Center,3,6959,0.00043109642189969824,369
Community 1,Barcelona Institute for Global Health,3,6959,0.00043109642189969824,370
Community 1,Beijing Tongren Hospital,3,6959,0.00043109642189969824,371
Community 1,Beijing University of Chinese Medicine,3,6959,0.00043109642189969824,372
Community 1,Biogen Inc,3,6959,0.00043109642189969824,373
Community 1,Boehringer Ingelheim Pharma GmbH and Co KG,3,6959,0.00043109642189969824,374
Community 1,"Cambridge, MA, Boston, MA, Seoul, Korea, Republic of, Suwon, Korea, Republic of",3,6959,0.00043109642189969824,375
Community 1,Case Western Reserve University,3,6959,0.00043109642189969824,376
Community 1,Celmatix Inc,3,6959,0.00043109642189969824,377
Community 1,Center for Information Technology,3,6959,0.00043109642189969824,378
Community 1,Centre Hospitalier Universitaire Sainte-Justine,3,6959,0.00043109642189969824,379
Community 1,Centre Hospitalier Universitaire de Nantes,3,6959,0.00043109642189969824,380
Community 1,Centre for Addiction and Mental Health,3,6959,0.00043109642189969824,381
Community 1,Centre for Genomic Regulation,3,6959,0.00043109642189969824,382
Community 1,"Charité - University Medicine Berlin, Campus Charité Mitte",3,6959,0.00043109642189969824,383
Community 1,Churchill Hospital,3,6959,0.00043109642189969824,384
Community 1,Coventry University,3,6959,0.00043109642189969824,385
Community 1,Curtin University,3,6959,0.00043109642189969824,386
Community 1,Decode Genetics ehf,3,6959,0.00043109642189969824,387
Community 1,Delft University of Technology,3,6959,0.00043109642189969824,388
Community 1,Friedrich-Loeffler-Institut,3,6959,0.00043109642189969824,389
Community 1,"Genetics of Type 2 Diabetes, Medical Research Council Harwell Institute, Oxford, UK",3,6959,0.00043109642189969824,390
Community 1,Hamad Medical Corporation,3,6959,0.00043109642189969824,391
Community 1,Hamad bin Khalifa University,3,6959,0.00043109642189969824,392
Community 1,Heinrich Heine University Düsseldorf,3,6959,0.00043109642189969824,393
Community 1,Helsinki Institute for Information Technology,3,6959,0.00043109642189969824,394
Community 1,Herlev Hospital,3,6959,0.00043109642189969824,395
Community 1,Hunter Medical Research Institute,3,6959,0.00043109642189969824,396
Community 1,ITMO University,3,6959,0.00043109642189969824,397
Community 1,Indian Institute of Science Bangalore,3,6959,0.00043109642189969824,398
Community 1,Institut de la Vision,3,6959,0.00043109642189969824,399
Community 1,Institute of Genetics and Biophysics,3,6959,0.00043109642189969824,400
Community 1,Institute of Mental Health,3,6959,0.00043109642189969824,401
Community 1,Institute of Psychiatry and Neuroscience of Paris,3,6959,0.00043109642189969824,402
Community 1,Instituto Nacional de Ciencias Médicas y Nutrición Salvador Zubirán,3,6959,0.00043109642189969824,403
Community 1,Istituto Neurologico Mediterraneo,3,6959,0.00043109642189969824,404
Community 1,Iwate Medical University,3,6959,0.00043109642189969824,405
Community 1,Jagiellonian University,3,6959,0.00043109642189969824,406
Community 1,King Faisal Specialist Hospital & Research Centre,3,6959,0.00043109642189969824,407
Community 1,Kumamoto University,3,6959,0.00043109642189969824,408
Community 1,Kurchatov Institute,3,6959,0.00043109642189969824,409
Community 1,Lipotype (Germany),3,6959,0.00043109642189969824,410
Community 1,Marshfield Clinic Research Institute,3,6959,0.00043109642189969824,411
Community 1,Massachusetts Institute of Technology,3,6959,0.00043109642189969824,412
Community 1,Max Planck Institute for Multidisciplinary Sciences,3,6959,0.00043109642189969824,413
Community 1,McMaster University,3,6959,0.00043109642189969824,414
Community 1,Medical University of Sofia,3,6959,0.00043109642189969824,415
Community 1,Michigan State University,3,6959,0.00043109642189969824,416
Community 1,Nagoya University,3,6959,0.00043109642189969824,417
Community 1,National Cancer Centre Japan,3,6959,0.00043109642189969824,418
Community 1,National Institute of Mental Health,3,6959,0.00043109642189969824,419
Community 1,National Institutes of Health,3,6959,0.00043109642189969824,420
Community 1,National Yang Ming Chiao Tung University,3,6959,0.00043109642189969824,421
Community 1,Ninewells Hospital,3,6959,0.00043109642189969824,422
Community 1,"Novartis Biomedical Research, Cambridge, MA, USA",3,6959,0.00043109642189969824,423
Community 1,Novartis Institutes for Biomedical Research Inc,3,6959,0.00043109642189969824,424
Community 1,Novozymes North America Inc,3,6959,0.00043109642189969824,425
Community 1,Odense University Hospital,3,6959,0.00043109642189969824,426
Community 1,Oklahoma Medical Research Foundation,3,6959,0.00043109642189969824,427
Community 1,Otsuka Pharmaceutical Co Ltd,3,6959,0.00043109642189969824,428
Community 1,Peking University Third Hospital,3,6959,0.00043109642189969824,429
Community 1,Pitié-Salpêtrière Hospital,3,6959,0.00043109642189969824,430
Community 1,Qatar Foundation,3,6959,0.00043109642189969824,431
Community 1,RIKEN,3,6959,0.00043109642189969824,432
Community 1,RWTH Aachen University,3,6959,0.00043109642189969824,433
Community 1,SURFsara (Netherlands),3,6959,0.00043109642189969824,434
Community 1,Shiga University of Medical Science,3,6959,0.00043109642189969824,435
Community 1,Sir Charles Gairdner Hospital,3,6959,0.00043109642189969824,436
Community 1,State University of Campinas,3,6959,0.00043109642189969824,437
Community 1,TU Dresden,3,6959,0.00043109642189969824,438
Community 1,Tartu University Hospital,3,6959,0.00043109642189969824,439
Community 1,The James Cancer Hospital,3,6959,0.00043109642189969824,440
Community 1,The University of Texas Health Science Center at San Antonio,3,6959,0.00043109642189969824,441
Community 1,Tianjin Medical University Eye Hospital,3,6959,0.00043109642189969824,442
Community 1,Tufts Medical Center Inc,3,6959,0.00043109642189969824,443
Community 1,Tulane University,3,6959,0.00043109642189969824,444
Community 1,University College Cork,3,6959,0.00043109642189969824,445
Community 1,University Hospital Heidelberg,3,6959,0.00043109642189969824,446
Community 1,University Medical Center Freiburg,3,6959,0.00043109642189969824,447
Community 1,University of Aberdeen,3,6959,0.00043109642189969824,448
Community 1,University of Arizona Health Sciences,3,6959,0.00043109642189969824,449
Community 1,University of Brighton,3,6959,0.00043109642189969824,450
Community 1,"University of California, Davis",3,6959,0.00043109642189969824,451
Community 1,University of Cologne,3,6959,0.00043109642189969824,452
Community 1,University of Colorado Denver,3,6959,0.00043109642189969824,453
Community 1,University of Insubria,3,6959,0.00043109642189969824,454
Community 1,University of Liverpool,3,6959,0.00043109642189969824,455
Community 1,University of Massachusetts Chan Medical School,3,6959,0.00043109642189969824,456
Community 1,University of Milan,3,6959,0.00043109642189969824,457
Community 1,University of Montpellier,3,6959,0.00043109642189969824,458
Community 1,University of San Carlos,3,6959,0.00043109642189969824,459
Community 1,University of Strasbourg,3,6959,0.00043109642189969824,460
Community 1,University of Turin,3,6959,0.00043109642189969824,461
Community 1,University of Tübingen,3,6959,0.00043109642189969824,462
Community 1,University of the Witwatersrand,3,6959,0.00043109642189969824,463
Community 1,Universitätsklinikum Erlangen,3,6959,0.00043109642189969824,464
Community 1,Universitätsmedizin Göttingen,3,6959,0.00043109642189969824,465
Community 1,Vall d'Hebron Institut de Recerca,3,6959,0.00043109642189969824,466
Community 1,Aalborg University Hospital,2,6959,0.00028739761459979884,467
Community 1,"Aarhus, Denmark, Southfield, MI, New York, NY, Greifswald, Germany, Regensburg, Germany, Boston, MA",2,6959,0.00028739761459979884,468
Community 1,Affymetrix Inc,2,6959,0.00028739761459979884,469
Community 1,Aix-Marseille University,2,6959,0.00028739761459979884,470
Community 1,Akershus University Hospital,2,6959,0.00028739761459979884,471
Community 1,Antwerp University Hospital,2,6959,0.00028739761459979884,472
Community 1,Australian National University,2,6959,0.00028739761459979884,473
Community 1,BioAge Labs Inc,2,6959,0.00028739761459979884,474
Community 1,"Biocomputing, Medical Research Council Harwell Institute, Oxford, UK",2,6959,0.00028739761459979884,475
Community 1,Biomedical Research Institute of Lleida,2,6959,0.00028739761459979884,476
Community 1,Bispebjerg and Frederiksberg Hospital,2,6959,0.00028739761459979884,477
Community 1,"Boston, MA, Salt Lake City, UT",2,6959,0.00028739761459979884,478
Community 1,Buck Institute for Research on Aging,2,6959,0.00028739761459979884,479
Community 1,Cayetano Heredia University,2,6959,0.00028739761459979884,480
Community 1,Center for Special Minimally Invasive and Robotic Surgery,2,6959,0.00028739761459979884,481
Community 1,Centre Hospitalier Universitaire de Lille,2,6959,0.00028739761459979884,482
Community 1,Centre Hospitalier Universitaire de Rouen,2,6959,0.00028739761459979884,483
Community 1,Centre for Psychiatry and Neuroscience,2,6959,0.00028739761459979884,484
Community 1,Centro de Investigación Biomédica en Red de Enfermedades Raras,2,6959,0.00028739761459979884,485
Community 1,Centro de Investigación Biomédica en Red de Fisiopatología de la Obesidad y Nutrición,2,6959,0.00028739761459979884,486
Community 1,Chiba University,2,6959,0.00028739761459979884,487
Community 1,Children's Hospital of Los Angeles,2,6959,0.00028739761459979884,488
Community 1,Children's Nutrition Research Center at Baylor College of Medicine,2,6959,0.00028739761459979884,489
Community 1,Clinic for Special Children,2,6959,0.00028739761459979884,490
Community 1,Dalarna University,2,6959,0.00028739761459979884,491
Community 1,Dayanand Medical College & Hospital,2,6959,0.00028739761459979884,492
Community 1,"Department of Vascular Surgery, Clinic Ottakring, Vienna, Austria",2,6959,0.00028739761459979884,493
Community 1,ETH Zurich,2,6959,0.00028739761459979884,494
Community 1,Ealing Hospital,2,6959,0.00028739761459979884,495
Community 1,Eisai Inc,2,6959,0.00028739761459979884,496
Community 1,Emory University Hospital,2,6959,0.00028739761459979884,497
Community 1,Ewha Womans University,2,6959,0.00028739761459979884,498
Community 1,F Hoffmann La Roche AG,2,6959,0.00028739761459979884,499
Community 1,Flinders University,2,6959,0.00028739761459979884,500
Community 1,Fondazione IRCCS Ca' Granda Ospedale Maggiore Policlinico,2,6959,0.00028739761459979884,501
Community 1,FrieslandCampina Nederland BV,2,6959,0.00028739761459979884,502
Community 1,"Fuwai Hospital, CAMS&PUMC",2,6959,0.00028739761459979884,503
Community 1,GGZ inGeest,2,6959,0.00028739761459979884,504
Community 1,"Genetic Biobank of the Faroe Islands, Tórshavn, Faroe Islands",2,6959,0.00028739761459979884,505
Community 1,German Center for Diabetes Research,2,6959,0.00028739761459979884,506
Community 1,German Center for Neurodegenerative Diseases,2,6959,0.00028739761459979884,507
Community 1,German Institute for Economic Research,2,6959,0.00028739761459979884,508
Community 1,German Institute of Human Nutrition,2,6959,0.00028739761459979884,509
Community 1,Ghent University,2,6959,0.00028739761459979884,510
Community 1,Hallym University,2,6959,0.00028739761459979884,511
Community 1,Herlev and Gentofte Hospital,2,6959,0.00028739761459979884,512
Community 1,Hospital de Clínicas de Porto Alegre,2,6959,0.00028739761459979884,513
Community 1,"Humanity Inc, Humanity, 177 Huntington Ave, Ste 1700, Humanity Inc - 91556, 02115, Boston, MA, USA",2,6959,0.00028739761459979884,514
Community 1,Hvidovre Hospital,2,6959,0.00028739761459979884,515
Community 1,Hôpital Broca,2,6959,0.00028739761459979884,516
Community 1,Hôpital Orthopédique de la Suisse Romande,2,6959,0.00028739761459979884,517
Community 1,Illumina Inc,2,6959,0.00028739761459979884,518
Community 1,Indiana University Bloomington,2,6959,0.00028739761459979884,519
Community 1,Institute of Animal Physiology and Genetics,2,6959,0.00028739761459979884,520
Community 1,Institute of Cardiology,2,6959,0.00028739761459979884,521
Community 1,Institute of Cytology and Genetics,2,6959,0.00028739761459979884,522
Community 1,Institute of Social and Preventive Medicine,2,6959,0.00028739761459979884,523
Community 1,Instituto Nacional de Salud Pública,2,6959,0.00028739761459979884,524
Community 1,Instituto de Investigación Biomédica de Málaga,2,6959,0.00028739761459979884,525
Community 1,"Intomics, Lottenborgvej 26, 2800 Lyngby (Copenhagen), Denmark",2,6959,0.00028739761459979884,526
Community 1,Istituto Neurologico Carlo Besta,2,6959,0.00028739761459979884,527
Community 1,Italian institute for Genomic Medicine,2,6959,0.00028739761459979884,528
Community 1,Jackson State University,2,6959,0.00028739761459979884,529
Community 1,Japanese Foundation for Cancer Research,2,6959,0.00028739761459979884,530
Community 1,Jena University Hospital,2,6959,0.00028739761459979884,531
Community 1,King Abdulaziz University,2,6959,0.00028739761459979884,532
Community 1,Klinički Bolnički Centar Split,2,6959,0.00028739761459979884,533
Community 1,Kochi Medical School,2,6959,0.00028739761459979884,534
Community 1,Kuopion Liikuntalääketieteen Tutkimuslaitos,2,6959,0.00028739761459979884,535
Community 1,Latvian Biomedical Research and Study Centre,2,6959,0.00028739761459979884,536
Community 1,Lerner Research Institute Cleveland Clinic,2,6959,0.00028739761459979884,537
Community 1,Lillebaelt Hospital,2,6959,0.00028739761459979884,538
Community 1,Lithuanian University of Health Sciences,2,6959,0.00028739761459979884,539
Community 1,London School of Economics and Political Science,2,6959,0.00028739761459979884,540
Community 1,"Lutia I Puava Ae Mapu I Fagalele, Apia, Samoa",2,6959,0.00028739761459979884,541
Community 1,Maastricht University,2,6959,0.00028739761459979884,542
Community 1,Marseille Public University Hospital System,2,6959,0.00028739761459979884,543
Community 1,Max Planck Institute for Human Development,2,6959,0.00028739761459979884,544
Community 1,Max Planck Institute of Immunobiology and Epigenetics,2,6959,0.00028739761459979884,545
Community 1,Mayo Clinic in Rochester,2,6959,0.00028739761459979884,546
Community 1,Medical Research Council,2,6959,0.00028739761459979884,547
Community 1,Michael J. Fox Foundation,2,6959,0.00028739761459979884,548
Community 1,Nagoya City University,2,6959,0.00028739761459979884,549
Community 1,Nanjing University,2,6959,0.00028739761459979884,550
Community 1,National Autonomous University of Mexico,2,6959,0.00028739761459979884,551
Community 1,National Center for Global Health and Medicine,2,6959,0.00028739761459979884,552
Community 1,National Health Service England,2,6959,0.00028739761459979884,553
Community 1,National Heart Centre Singapore,2,6959,0.00028739761459979884,554
Community 1,"National Institute of Biomedical Innovation, Health and Nutrition",2,6959,0.00028739761459979884,555
Community 1,National Institute of Genomic Medicine,2,6959,0.00028739761459979884,556
Community 1,National Taiwan University Hospital,2,6959,0.00028739761459979884,557
Community 1,Nationwide Children's Hospital,2,6959,0.00028739761459979884,558
Community 1,Netherlands Heart Institute,2,6959,0.00028739761459979884,559
Community 1,Nihon University,2,6959,0.00028739761459979884,560
Community 1,Niigata University,2,6959,0.00028739761459979884,561
Community 1,Nippon Medical School,2,6959,0.00028739761459979884,562
Community 1,Nofer Institute of Occupational Medicine,2,6959,0.00028739761459979884,563
Community 1,Nottingham Trent University,2,6959,0.00028739761459979884,564
Community 1,Novartis AG,2,6959,0.00028739761459979884,565
Community 1,OpenDNA Ltd,2,6959,0.00028739761459979884,566
Community 1,Paracelsus Medical University,2,6959,0.00028739761459979884,567
Community 1,Pasteur Institute of Lille,2,6959,0.00028739761459979884,568
Community 1,Philipps University of Marburg,2,6959,0.00028739761459979884,569
Community 1,RTI International,2,6959,0.00028739761459979884,570
Community 1,Radboud University Nijmegen,2,6959,0.00028739761459979884,571
Community 1,Roswell Park Comprehensive Cancer Center,2,6959,0.00028739761459979884,572
Community 1,Royal National Orthopaedic Hospital,2,6959,0.00028739761459979884,573
Community 1,Royal Women's Hospital,2,6959,0.00028739761459979884,574
Community 1,Saarland University,2,6959,0.00028739761459979884,575
Community 1,Salford Royal NHS Foundation Trust,2,6959,0.00028739761459979884,576
Community 1,Scripps Research Institute,2,6959,0.00028739761459979884,577
Community 1,Shanghai Institute of Nutrition and Health,2,6959,0.00028739761459979884,578
Community 1,Shantou University Medical College,2,6959,0.00028739761459979884,579
Community 1,Sheppard and Enoch Pratt Hospital,2,6959,0.00028739761459979884,580
Community 1,Shimane University,2,6959,0.00028739761459979884,581
Community 1,Society of Alcoholism and other Addictions,2,6959,0.00028739761459979884,582
Community 1,Southern Illinois University School of Medicine,2,6959,0.00028739761459979884,583
Community 1,St David's Medical Center,2,6959,0.00028739761459979884,584
Community 1,St Mary's Hospital,2,6959,0.00028739761459979884,585
Community 1,St Olav's University Hospital,2,6959,0.00028739761459979884,586
Community 1,St Peter's Hospital,2,6959,0.00028739761459979884,587
Community 1,State University of New York Upstate Medical University,2,6959,0.00028739761459979884,588
Community 1,Stellenbosch University,2,6959,0.00028739761459979884,589
Community 1,Stichting Epilepsie Instellingen Nederland,2,6959,0.00028739761459979884,590
Community 1,Sungkyunkwan University,2,6959,0.00028739761459979884,591
Community 1,Swiss Tropical and Public Health Institute,2,6959,0.00028739761459979884,592
Community 1,Tel Aviv University,2,6959,0.00028739761459979884,593
Community 1,The Ohio State University,2,6959,0.00028739761459979884,594
Community 1,Thomayer University Hospital,2,6959,0.00028739761459979884,595
Community 1,Tinbergen Institute,2,6959,0.00028739761459979884,596
Community 1,Tohoku University Hospital,2,6959,0.00028739761459979884,597
Community 1,Trimbos Institute,2,6959,0.00028739761459979884,598
Community 1,US Army Research Institute of Environmental Medicine,2,6959,0.00028739761459979884,599
Community 1,UiT The Arctic University of Norway,2,6959,0.00028739761459979884,600
Community 1,United States Department of Veterans Affairs,2,6959,0.00028739761459979884,601
Community 1,University Hospital Augsburg,2,6959,0.00028739761459979884,602
Community 1,University Hospital Würzburg,2,6959,0.00028739761459979884,603
Community 1,University Hospital of Bern,2,6959,0.00028739761459979884,604
Community 1,University of Antioquia,2,6959,0.00028739761459979884,605
Community 1,University of Arizona,2,6959,0.00028739761459979884,606
Community 1,University of Barcelona,2,6959,0.00028739761459979884,607
Community 1,University of Basel,2,6959,0.00028739761459979884,608
Community 1,University of Birmingham,2,6959,0.00028739761459979884,609
Community 1,"University of Campania ""Luigi Vanvitelli""",2,6959,0.00028739761459979884,610
Community 1,University of Exeter,2,6959,0.00028739761459979884,611
Community 1,University of Florence,2,6959,0.00028739761459979884,612
Community 1,University of Geneva,2,6959,0.00028739761459979884,613
Community 1,University of Greifswald,2,6959,0.00028739761459979884,614
Community 1,University of Groningen,2,6959,0.00028739761459979884,615
Community 1,University of Ibadan,2,6959,0.00028739761459979884,616
Community 1,University of KwaZulu-Natal,2,6959,0.00028739761459979884,617
Community 1,University of Lisbon,2,6959,0.00028739761459979884,618
Community 1,University of Milano-Bicocca,2,6959,0.00028739761459979884,619
Community 1,University of Parma,2,6959,0.00028739761459979884,620
Community 1,University of Potsdam,2,6959,0.00028739761459979884,621
Community 1,University of Salerno,2,6959,0.00028739761459979884,622
Community 1,University of South Florida,2,6959,0.00028739761459979884,623
Community 1,University of Southampton,2,6959,0.00028739761459979884,624
Community 1,University of Trento,2,6959,0.00028739761459979884,625
Community 1,University of Ulm,2,6959,0.00028739761459979884,626
Community 1,University of Zagreb,2,6959,0.00028739761459979884,627
Community 1,University of the West Indies at Mona,2,6959,0.00028739761459979884,628
Community 1,Universitätsklinikum Aachen,2,6959,0.00028739761459979884,629
Community 1,Université Laval,2,6959,0.00028739761459979884,630
Community 1,Université de Sherbrooke,2,6959,0.00028739761459979884,631
Community 1,Victoria University,2,6959,0.00028739761459979884,632
Community 1,Vilnius University,2,6959,0.00028739761459979884,633
Community 1,Wakayama Medical University,2,6959,0.00028739761459979884,634
Community 1,Wayne State University,2,6959,0.00028739761459979884,635
Community 1,Wilhelmina Children's Hospital,2,6959,0.00028739761459979884,636
Community 1,Yonsei University,2,6959,0.00028739761459979884,637
Community 1,École Polytechnique Fédérale de Lausanne,2,6959,0.00028739761459979884,638
Community 1,Établissement Français du Sang,2,6959,0.00028739761459979884,639
Community 1,Academy of Nutrition and Dietetics,1,6959,0.00014369880729989942,640
Community 1,"Albrecht Kossel Institute, University Clinic of Rostock, Rostock, Germany",1,6959,0.00014369880729989942,641
Community 1,Alexander Fleming Biomedical Sciences Research Center,1,6959,0.00014369880729989942,642
Community 1,Alexandria University,1,6959,0.00014369880729989942,643
Community 1,Alfred I. duPont Hospital for Children,1,6959,0.00014369880729989942,644
Community 1,"Altrecht Eating Disorders Rintveld, Netherlands",1,6959,0.00014369880729989942,645
Community 1,American Samoa Government,1,6959,0.00014369880729989942,646
Community 1,American University of Beirut,1,6959,0.00014369880729989942,647
Community 1,Andalusian Molecular Biology and Regenerative Medicine Centre,1,6959,0.00014369880729989942,648
Community 1,"Anogia Medical Centre, Anogia, Greece",1,6959,0.00014369880729989942,649
Community 1,Argosy University,1,6959,0.00014369880729989942,650
Community 1,Arkin,1,6959,0.00014369880729989942,651
Community 1,Aso Iizuka Hospital,1,6959,0.00014369880729989942,652
Community 1,Assistance Publique - Hôpitaux de Paris,1,6959,0.00014369880729989942,653
Community 1,AstraZeneca AB,1,6959,0.00014369880729989942,654
Community 1,AstraZeneca UK Ltd,1,6959,0.00014369880729989942,655
Community 1,Augusta University,1,6959,0.00014369880729989942,656
Community 1,Augusta University Research Institute Inc,1,6959,0.00014369880729989942,657
Community 1,Azienda Ospedale - Università Padova,1,6959,0.00014369880729989942,658
Community 1,Azienda Ospedaliera San Gerardo,1,6959,0.00014369880729989942,659
Community 1,Azienda Ospedaliera Universitaria Integrata Verona,1,6959,0.00014369880729989942,660
Community 1,Azienda Sanitaria di Firenze,1,6959,0.00014369880729989942,661
Community 1,Bar-Ilan University,1,6959,0.00014369880729989942,662
Community 1,Beaumont Hospital,1,6959,0.00014369880729989942,663
Community 1,Behavioral Health Services,1,6959,0.00014369880729989942,664
Community 1,Beijing Hypertension Prevention Association,1,6959,0.00014369880729989942,665
Community 1,Beijing Tian Tan Hospital,1,6959,0.00014369880729989942,666
Community 1,Berkshire Healthcare NHS Foundation Trust,1,6959,0.00014369880729989942,667
Community 1,Bio4Dreams (Italy),1,6959,0.00014369880729989942,668
Community 1,Biogipuzkoa Health Research Institute,1,6959,0.00014369880729989942,669
Community 1,"Biopsychosocial Corporation, Vienna, Austria.",1,6959,0.00014369880729989942,670
Community 1,Bloodworks Northwest,1,6959,0.00014369880729989942,671
Community 1,Bordeaux Population Health,1,6959,0.00014369880729989942,672
Community 1,"Boston Veteran’s Administration Healthcare, Boston MA, USA,",1,6959,0.00014369880729989942,673
Community 1,"Boston, MA, Barcelona, Spain, Cambridge, MA",1,6959,0.00014369880729989942,674
Community 1,"Boston, MA, Cambridge, MA",1,6959,0.00014369880729989942,675
Community 1,"Boston, MA, Cambridge, MA, La Jolla, CA",1,6959,0.00014369880729989942,676
Community 1,"Brain Sciences Department, Stremble Ventures, Limassol, Cyprus",1,6959,0.00014369880729989942,677
Community 1,Brigham Young University,1,6959,0.00014369880729989942,678
Community 1,Brighton and Sussex Medical School,1,6959,0.00014369880729989942,679
Community 1,British Columbia Children's Hospital,1,6959,0.00014369880729989942,680
Community 1,Butler Hospital,1,6959,0.00014369880729989942,681
Community 1,Bærum Sykehus,1,6959,0.00014369880729989942,682
Community 1,CIC bioGUNE,1,6959,0.00014369880729989942,683
Community 1,COMSATS University Islamabad,1,6959,0.00014369880729989942,684
Community 1,Cairo University,1,6959,0.00014369880729989942,685
Community 1,California Pacific Medical Center,1,6959,0.00014369880729989942,686
Community 1,California Pacific Medical Center Research Institute,1,6959,0.00014369880729989942,687
Community 1,Canisius-Wilhelmina Ziekenhuis,1,6959,0.00014369880729989942,688
Community 1,Carol Davila University of Medicine and Pharmacy,1,6959,0.00014369880729989942,689
Community 1,Case Comprehensive Cancer Center,1,6959,0.00014369880729989942,690
Community 1,Center for Human Genetics,1,6959,0.00014369880729989942,691
Community 1,Centraal Bureau voor de Statistiek,1,6959,0.00014369880729989942,692
Community 1,Central Finland Health Care District,1,6959,0.00014369880729989942,693
Community 1,"Central Hospital of Southern Ostrobothnia, Seinäjoki, Finland",1,6959,0.00014369880729989942,694
Community 1,Central Queensland University,1,6959,0.00014369880729989942,695
Community 1,Centre Hospitalier Régional Universitaire de Brest,1,6959,0.00014369880729989942,696
Community 1,Centre Hospitalier Universitaire Dijon Bourgogne,1,6959,0.00014369880729989942,697
Community 1,Centre Hospitalier Universitaire Voudois,1,6959,0.00014369880729989942,698
Community 1,Centre Hospitalier Universitaire de Poitiers,1,6959,0.00014369880729989942,699
Community 1,Centre Hospitalier Universitaire de Rennes,1,6959,0.00014369880729989942,700
Community 1,Centre Hospitalier Universitaire de Sherbrooke,1,6959,0.00014369880729989942,701
Community 1,Centre for Research in Epidemiology and Population Health,1,6959,0.00014369880729989942,702
Community 1,"Centre of Global Health Research, Diabetic Association of Bangladesh, Dhaka, Bangladesh",1,6959,0.00014369880729989942,703
Community 1,Centre of Research in Epidemiology and Statistics,1,6959,0.00014369880729989942,704
Community 1,"Centro de Estudios en Diabetes, Mexico City, Mexico",1,6959,0.00014369880729989942,705
Community 1,Centro de Investigación Biomédica en Red de Salud Mental,1,6959,0.00014369880729989942,706
Community 1,Chelsea and Westminster Hospital,1,6959,0.00014369880729989942,707
Community 1,Children's Memorial Health Institute,1,6959,0.00014369880729989942,708
Community 1,China National GeneBank,1,6959,0.00014369880729989942,709
Community 1,China Pharmaceutical University,1,6959,0.00014369880729989942,710
Community 1,China-Japan Friendship Hospital,1,6959,0.00014369880729989942,711
Community 1,Cleveland Clinic Foundation,1,6959,0.00014369880729989942,712
Community 1,Clinical Physiology Institute,1,6959,0.00014369880729989942,713
Community 1,"Clinical Research Center, Falun, Sweden",1,6959,0.00014369880729989942,714
Community 1,"Clinical Research, Grupo Médico Carracci, Mexico City, Mexico.",1,6959,0.00014369880729989942,715
Community 1,Cold Spring Harbor Laboratory,1,6959,0.00014369880729989942,716
Community 1,"Competence Centre Diabetes, Diakonissen-Wehrle Hospital, Salzburg, Austria",1,6959,0.00014369880729989942,717
Community 1,Copenhagen Prospective Studies on Asthma in Childhood,1,6959,0.00014369880729989942,718
Community 1,Creighton University,1,6959,0.00014369880729989942,719
Community 1,Cyprus University of Technology,1,6959,0.00014369880729989942,720
Community 1,"DETECT Early Intervention in Psychosis Services, Dun Laoghaire, Co. Dublin, Ireland",1,6959,0.00014369880729989942,721
Community 1,"DNALink, Seoul, Republic of Korea",1,6959,0.00014369880729989942,722
Community 1,Dana-Farber/Boston Children's Cancer and Blood Disorders Center,1,6959,0.00014369880729989942,723
Community 1,Danish Cancer Society,1,6959,0.00014369880729989942,724
Community 1,"Data Science Lab, Amsterdam, the Netherlands",1,6959,0.00014369880729989942,725
Community 1,Dayananda Sagar University,1,6959,0.00014369880729989942,726
Community 1,Democritus University of Thrace,1,6959,0.00014369880729989942,727
Community 1,"Department of Cardiovascular Medicine, Heart, Vascular & Thoracic Institute, Cleveland, OH, USA",1,6959,0.00014369880729989942,728
Community 1,"Department of Child and Adolescent Psychiatry, Klinikum Frankfurt/Oder, Frankfurt, Germany",1,6959,0.00014369880729989942,729
Community 1,"Department of Developmental Psychopathology, Behavioural Science Institute, Nijmegen, the Netherlands",1,6959,0.00014369880729989942,730
Community 1,Department of Internal Medicine,1,6959,0.00014369880729989942,731
Community 1,"Department of Internal Medicine VI, Psychosomatic Medicine and Psychotherapy, University Medical Hospital Tuebingen, Tuebingen, Germany",1,6959,0.00014369880729989942,732
Community 1,"Department of Internal Medicine, EwhaWomans University School of Medicine, Seoul, Korea",1,6959,0.00014369880729989942,733
Community 1,"Department of Nephrology, Geisinger, Danville, PA, USA",1,6959,0.00014369880729989942,734
Community 1,"Department of Obstetrics and Gynecology, Venizeleio and Pananio General Hospital of Heraklion, Heraklion, Crete, Greece, .",1,6959,0.00014369880729989942,735
Community 1,"Department of Paediatrics and NICU, CHC-Site St-Vincent, Liège-Rocourt, Belgium",1,6959,0.00014369880729989942,736
Community 1,"Department of Psychiatry, Rutgers Robert Wood Johnson Medical School",1,6959,0.00014369880729989942,737
Community 1,"Department of Respiratory Medicine and Clinical Immunology, Public Interest Incorporated Foundation, Nippon Life Saiseikai, Nippon Life Hospital, Osaka, Japan",1,6959,0.00014369880729989942,738
Community 1,"Division of Genetics and Cell Biology, San Raffele Hospital, Milano, Italy",1,6959,0.00014369880729989942,739
Community 1,"Division of Intramural Research, Population Sciences Branch, Framingham, MA 01702",1,6959,0.00014369880729989942,740
Community 1,Division of Pulmonary and Critical Care Medicine and.,1,6959,0.00014369880729989942,741
Community 1,Dokkyo Medical University,1,6959,0.00014369880729989942,742
Community 1,Donald & Barbara Zucker School of Medicine at Hofstra/Northwell,1,6959,0.00014369880729989942,743
Community 1,Dongguk University,1,6959,0.00014369880729989942,744
Community 1,Dortmund University of Applied Sciences and Arts,1,6959,0.00014369880729989942,745
Community 1,Dr. Humeira Badsha Medical Center,1,6959,0.00014369880729989942,746
Community 1,Dublin City University,1,6959,0.00014369880729989942,747
Community 1,Duke University Hospital,1,6959,0.00014369880729989942,748
Community 1,Duke-NUS Medical School,1,6959,0.00014369880729989942,749
Community 1,EMGO Institute for Health and Care Research,1,6959,0.00014369880729989942,750
Community 1,"Early Clinical Development, Pfizer Worldwide Research, Development and Medical, Cambridge, MA, USA",1,6959,0.00014369880729989942,751
Community 1,East Carolina University,1,6959,0.00014369880729989942,752
Community 1,"Eating Disorders Unit, Parklandklinik, Bad Wildungen, Germany",1,6959,0.00014369880729989942,753
Community 1,"Echinos Medical Centre, Echinos, Greece",1,6959,0.00014369880729989942,754
Community 1,Ehime University,1,6959,0.00014369880729989942,755
Community 1,Eli Lilly and Co,1,6959,0.00014369880729989942,756
Community 1,Emmes (United States),1,6959,0.00014369880729989942,757
Community 1,Environmental Protection Agency,1,6959,0.00014369880729989942,758
Community 1,Epilepsy Society,1,6959,0.00014369880729989942,759
Community 1,Eurac Research,1,6959,0.00014369880729989942,760
Community 1,European Molecular Biology Laboratory,1,6959,0.00014369880729989942,761
Community 1,European University of Madrid,1,6959,0.00014369880729989942,762
Community 1,Evelyn F & William L Mcknight Brain Institute of The University of Florida,1,6959,0.00014369880729989942,763
Community 1,Federal University of Paraná,1,6959,0.00014369880729989942,764
Community 1,Federation University,1,6959,0.00014369880729989942,765
Community 1,Finland,1,6959,0.00014369880729989942,766
Community 1,FinnGen.,1,6959,0.00014369880729989942,767
Community 1,"Finnish Biobank Cooperative – FINBB, Helsinki, Finland",1,6959,0.00014369880729989942,768
Community 1,First Affiliated Hospital of Sun Yat-sen University,1,6959,0.00014369880729989942,769
Community 1,Florey Institute of Neuroscience and Mental Health,1,6959,0.00014369880729989942,770
Community 1,Florida State University,1,6959,0.00014369880729989942,771
Community 1,Fondation Jean Dausset-CEPH,1,6959,0.00014369880729989942,772
Community 1,Fortius Clinic,1,6959,0.00014369880729989942,773
Community 1,Foundation for Research and Technology Hellas,1,6959,0.00014369880729989942,774
Community 1,Frederiksberg Hospital,1,6959,0.00014369880729989942,775
Community 1,Fujita Health University,1,6959,0.00014369880729989942,776
Community 1,Fukujuji Hospital,1,6959,0.00014369880729989942,777
Community 1,Fukuoka University,1,6959,0.00014369880729989942,778
Community 1,"Functional Genomics Center Zurich, ETH/UZH-Zurich, Zurich, Switzerland.",1,6959,0.00014369880729989942,779
Community 1,Fundación Cardiovascular de Colombia,1,6959,0.00014369880729989942,780
Community 1,Garvan Institute of Medical Research,1,6959,0.00014369880729989942,781
Community 1,Gdańsk University of Physical Education and Sport,1,6959,0.00014369880729989942,782
Community 1,Geisinger Medical Center,1,6959,0.00014369880729989942,783
Community 1,"Geisinger Research, Biomedical and Translational Informatics Institute, Rockville, MD, USA",1,6959,0.00014369880729989942,784
Community 1,Gelre Hospitals,1,6959,0.00014369880729989942,785
Community 1,General Hospital of Attica,1,6959,0.00014369880729989942,786
Community 1,Genomics Medicine (Ireland),1,6959,0.00014369880729989942,787
Community 1,Genomics PLC,1,6959,0.00014369880729989942,788
Community 1,Genos (Croatia),1,6959,0.00014369880729989942,789
Community 1,Genos Glycoscience Research Laboratory,1,6959,0.00014369880729989942,790
Community 1,George Mason University,1,6959,0.00014369880729989942,791
Community 1,Georgetown University,1,6959,0.00014369880729989942,792
Community 1,"Geriatric Unit, Local Health Toscana Centro, Florence, Italy",1,6959,0.00014369880729989942,793
Community 1,German Center for Lung Research,1,6959,0.00014369880729989942,794
Community 1,German Diabetes Center,1,6959,0.00014369880729989942,795
Community 1,Gladstone Institutes,1,6959,0.00014369880729989942,796
Community 1,"Glyfada Headache Clinic, Glyfada, Greece",1,6959,0.00014369880729989942,797
Community 1,Graz University Hospital,1,6959,0.00014369880729989942,798
Community 1,Great Ormond Street Hospital,1,6959,0.00014369880729989942,799
Community 1,Greifswald University Hospital,1,6959,0.00014369880729989942,800
Community 1,Griffith University,1,6959,0.00014369880729989942,801
Community 1,Grünenthal GmbH,1,6959,0.00014369880729989942,802
Community 1,Hammersmith Hospital,1,6959,0.00014369880729989942,803
Community 1,"Harvard T.H. Chan School of Public, Boston, Massachusetts, United States",1,6959,0.00014369880729989942,804
Community 1,Hasselt University,1,6959,0.00014369880729989942,805
Community 1,Hasso Plattner Institute,1,6959,0.00014369880729989942,806
Community 1,Haverford College,1,6959,0.00014369880729989942,807
Community 1,Health Research Board,1,6959,0.00014369880729989942,808
Community 1,Health Sciences University of Hokkaido,1,6959,0.00014369880729989942,809
Community 1,HealthPartners Institute,1,6959,0.00014369880729989942,810
Community 1,Hebrew University of Jerusalem,1,6959,0.00014369880729989942,811
Community 1,"Helmsley Medical Centre, Helmsley, York, UK",1,6959,0.00014369880729989942,812
Community 1,"Hennepin HealthCare, Minneapolis, Minnesota, United States",1,6959,0.00014369880729989942,813
Community 1,Henry Ford Health System,1,6959,0.00014369880729989942,814
Community 1,Henry Ford Hospital,1,6959,0.00014369880729989942,815
Community 1,Heriot-Watt University,1,6959,0.00014369880729989942,816
Community 1,Hirosaki University,1,6959,0.00014369880729989942,817
Community 1,Hiroshima University Hospital,1,6959,0.00014369880729989942,818
Community 1,Hong Kong Sanatorium and Hospital,1,6959,0.00014369880729989942,819
Community 1,Hospitais da Universidade de Coimbra,1,6959,0.00014369880729989942,820
Community 1,Hospital Sant Joan de Déu Barcelona,1,6959,0.00014369880729989942,821
Community 1,Hospital das Clínicas da Faculdade de Medicina da Universidade de São Paulo,1,6959,0.00014369880729989942,822
Community 1,Hospital for Special Surgery,1,6959,0.00014369880729989942,823
Community 1,Hull Royal Infirmary,1,6959,0.00014369880729989942,824
Community 1,"Humus, Reykjavik, Iceland",1,6959,0.00014369880729989942,825
Community 1,Hyogo Prefectural Kakogawa Medical Center,1,6959,0.00014369880729989942,826
Community 1,Hôpital Fernand-Widal,1,6959,0.00014369880729989942,827
Community 1,Hôpital Jeanne de Flandre,1,6959,0.00014369880729989942,828
Community 1,IRCCS Humanitas Research Hospital,1,6959,0.00014369880729989942,829
Community 1,Incheon St. Mary's Hospital,1,6959,0.00014369880729989942,830
Community 1,Indiana Hemophilia and Thrombosis Center,1,6959,0.00014369880729989942,831
Community 1,Indiana University School of Medicine,1,6959,0.00014369880729989942,832
Community 1,Inje University,1,6959,0.00014369880729989942,833
Community 1,Inserm,1,6959,0.00014369880729989942,834
Community 1,Institut Necker Enfants Malades,1,6959,0.00014369880729989942,835
Community 1,Institut Universitaire de Cardiologie et de Pneumologie de Québec,1,6959,0.00014369880729989942,836
Community 1,Institute for Molecular Bioscience IMB of UQ,1,6959,0.00014369880729989942,837
Community 1,"Institute for Respiratory Health, Harry Perkins Institute of Medical Research, University of Western Australia, Nedlands, Western Australia, Australia",1,6959,0.00014369880729989942,838
Community 1,"Institute of Biomedical Sciences, Academia Sinica",1,6959,0.00014369880729989942,839
Community 1,Institute of Biomedicine of Seville,1,6959,0.00014369880729989942,840
Community 1,Institute of Cardiometabolism and Nutrition,1,6959,0.00014369880729989942,841
Community 1,Institute of Evolutionary Biology,1,6959,0.00014369880729989942,842
Community 1,"Institute of Genetic and Biomedical Rsearch, Italian National Research Council, Monserrato, Italy",1,6959,0.00014369880729989942,843
Community 1,Institute of Genetics and Molecular and Cellular Biology,1,6959,0.00014369880729989942,844
Community 1,Institute of Genomics and Integrative Biology,1,6959,0.00014369880729989942,845
Community 1,Institute of Oceanology,1,6959,0.00014369880729989942,846
Community 1,Instituto Nacional de Psiquiatría,1,6959,0.00014369880729989942,847
Community 1,Integrated Cardio Metabolic Centre,1,6959,0.00014369880729989942,848
Community 1,Intermountain Medical Center,1,6959,0.00014369880729989942,849
Community 1,International Medical University,1,6959,0.00014369880729989942,850
Community 1,Isfahan University of Medical Sciences,1,6959,0.00014369880729989942,851
Community 1,Istituto Auxologico Italiano,1,6959,0.00014369880729989942,852
Community 1,Istituto di Genetica Molecolare,1,6959,0.00014369880729989942,853
Community 1,Ithaca College,1,6959,0.00014369880729989942,854
Community 1,James Cook University,1,6959,0.00014369880729989942,855
Community 1,Janssen Research and Development LLC,1,6959,0.00014369880729989942,856
Community 1,Jawaharlal Nehru University,1,6959,0.00014369880729989942,857
Community 1,Jean Mayer Human Nutrition Research Center on Aging,1,6959,0.00014369880729989942,858
Community 1,Jichi Medical University,1,6959,0.00014369880729989942,859
Community 1,Johannes Gutenberg University Mainz,1,6959,0.00014369880729989942,860
Community 1,Johannes Kepler University of Linz,1,6959,0.00014369880729989942,861
Community 1,Johnson and Johnson Innovation LLC,1,6959,0.00014369880729989942,862
Community 1,Jordan Hospital,1,6959,0.00014369880729989942,863
Community 1,Joslin Diabetes Center,1,6959,0.00014369880729989942,864
Community 1,Juntendo University School of Medicine,1,6959,0.00014369880729989942,865
Community 1,Jönköping University,1,6959,0.00014369880729989942,866
Community 1,Kanagawa University of Human Services,1,6959,0.00014369880729989942,867
Community 1,Kanta-Hämeen Keskussairaala,1,6959,0.00014369880729989942,868
Community 1,"Kartini Clinic, Portland, OR, USA",1,6959,0.00014369880729989942,869
Community 1,"Kiel Pain and Headache Center, Kiel, Germany.",1,6959,0.00014369880729989942,870
Community 1,King Edward Memorial Hospital Research Centre,1,6959,0.00014369880729989942,871
Community 1,Kingston University,1,6959,0.00014369880729989942,872
Community 1,Klinikum Passau,1,6959,0.00014369880729989942,873
Community 1,Kobe City Nishi-Kobe Medical Center,1,6959,0.00014369880729989942,874
Community 1,Konkuk University,1,6959,0.00014369880729989942,875
Community 1,Korea Institute of Science and Technology,1,6959,0.00014369880729989942,876
Community 1,Korea University Guro Hospital,1,6959,0.00014369880729989942,877
Community 1,Kurume University,1,6959,0.00014369880729989942,878
Community 1,Kuwait University,1,6959,0.00014369880729989942,879
Community 1,Kyung Hee University,1,6959,0.00014369880729989942,880
Community 1,Labcorp Holdings Inc,1,6959,0.00014369880729989942,881
Community 1,"Laboratory for Pharmacogenomics, RIKEN Center for Integrative Medical Sciences, 1-7-22 Suehiro-cho, Tsurumi-ku, Yokohama City, Kanagawa, 230-0045, Japan",1,6959,0.00014369880729989942,882
Community 1,"Laboratory for Statistical and Translational Genetics, RIKEN Center for Integrative Medical Sciences, 1-7-22 Suehiro-cho, Tsurumi-ku, Yokohama City, Kanagawa, 230-0045, Japan",1,6959,0.00014369880729989942,883
Community 1,Laiko General Hospital of Athens,1,6959,0.00014369880729989942,884
Community 1,Lancaster University,1,6959,0.00014369880729989942,885
Community 1,Leeds General Infirmary,1,6959,0.00014369880729989942,886
Community 1,Leiden University,1,6959,0.00014369880729989942,887
Community 1,Leidos Biomedical Research Inc,1,6959,0.00014369880729989942,888
Community 1,Levanger Hospital,1,6959,0.00014369880729989942,889
Community 1,Lieber Institute for Brain Development,1,6959,0.00014369880729989942,890
Community 1,"LifeOmic, Indianapolis, IN, USA.",1,6959,0.00014369880729989942,891
Community 1,"Lifelines Cohort Study, Groningen, Netherlands",1,6959,0.00014369880729989942,892
Community 1,Lindner Center of HOPE,1,6959,0.00014369880729989942,893
Community 1,London School of Hygiene & Tropical Medicine,1,6959,0.00014369880729989942,894
Community 1,Louisiana State University Health Sciences Center New Orleans,1,6959,0.00014369880729989942,895
Community 1,Lunenfeld-Tanenbaum Research Institute,1,6959,0.00014369880729989942,896
Community 1,"MAASHA Trust, 154 E Central St #205, 01760, Natick, MA, USA",1,6959,0.00014369880729989942,897
Community 1,"MONICA-FRIULI Study Group, Udine, Italy",1,6959,0.00014369880729989942,898
Community 1,MRC Biostatistics Unit,1,6959,0.00014369880729989942,899
Community 1,MRC Centre for Reproductive Health,1,6959,0.00014369880729989942,900
Community 1,MRC Unit the Gambia,1,6959,0.00014369880729989942,901
Community 1,Macau University of Science and Technology,1,6959,0.00014369880729989942,902
Community 1,Maine Medical Center Research Institute,1,6959,0.00014369880729989942,903
Community 1,Manchester Metropolitan University,1,6959,0.00014369880729989942,904
Community 1,Manipal Academy of Higher Education,1,6959,0.00014369880729989942,905
Community 1,Mario Negri Institute for Pharmacological Research,1,6959,0.00014369880729989942,906
Community 1,Marshfield Clinic Research Foundation,1,6959,0.00014369880729989942,907
Community 1,Masaryk Memorial Cancer Institute,1,6959,0.00014369880729989942,908
Community 1,Massachusetts Eye and Ear Infirmary,1,6959,0.00014369880729989942,909
Community 1,Mater Misericordiae University Hospital,1,6959,0.00014369880729989942,910
Community 1,"Maternal Newborn Health Innovations, PBC, Geneva, Switzerland",1,6959,0.00014369880729989942,911
Community 1,Max Planck Institute for Demographic Research,1,6959,0.00014369880729989942,912
Community 1,Max Planck Institute for Empirical Aesthetics,1,6959,0.00014369880729989942,913
Community 1,Max Planck Institute for Evolutionary Anthropology,1,6959,0.00014369880729989942,914
Community 1,Max Planck Institute of Biochemistry,1,6959,0.00014369880729989942,915
Community 1,Max Planck Society,1,6959,0.00014369880729989942,916
Community 1,Medical University of Białystok,1,6959,0.00014369880729989942,917
Community 1,Medical University of Lublin,1,6959,0.00014369880729989942,918
Community 1,Medical University of South Carolina,1,6959,0.00014369880729989942,919
Community 1,Medical University of Warsaw,1,6959,0.00014369880729989942,920
Community 1,Medstar Health Research Institute Inc,1,6959,0.00014369880729989942,921
Community 1,Medtronic Blood Systems Inc,1,6959,0.00014369880729989942,922
Community 1,Memorial University of Newfoundland,1,6959,0.00014369880729989942,923
Community 1,"Mental Health Centre Amager, Copenhagen, Denmark",1,6959,0.00014369880729989942,924
Community 1,Mersin University,1,6959,0.00014369880729989942,925
Community 1,Metabolon Inc,1,6959,0.00014369880729989942,926
Community 1,Metropolitan Hospital,1,6959,0.00014369880729989942,927
Community 1,Millennium Pharmaceuticals Inc,1,6959,0.00014369880729989942,928
Community 1,Missouri Breaks Industries Research (United States),1,6959,0.00014369880729989942,929
Community 1,Mohammed Bin Rashid University of Medicine and Health Sciences,1,6959,0.00014369880729989942,930
Community 1,Molde University College,1,6959,0.00014369880729989942,931
Community 1,Mondor Institute of Biomedical Research,1,6959,0.00014369880729989942,932
Community 1,"Monoceros Biosystems, 12636 High Bluff Drive, Suite 400, San Diego, CA, USA",1,6959,0.00014369880729989942,933
Community 1,Montpellier Business School,1,6959,0.00014369880729989942,934
Community 1,Moorfields Eye Hospital,1,6959,0.00014369880729989942,935
Community 1,Morgan State University,1,6959,0.00014369880729989942,936
Community 1,Moscow Institute of Physics and Technology,1,6959,0.00014369880729989942,937
Community 1,Mount Sinai Medical Center,1,6959,0.00014369880729989942,938
Community 1,Mount Vernon Cancer Centre,1,6959,0.00014369880729989942,939
Community 1,Murdoch Children's Research Institute,1,6959,0.00014369880729989942,940
Community 1,Mécanismes Moléculaires dans les Démences Neurodégénératives,1,6959,0.00014369880729989942,941
Community 1,Mútua Terrassa,1,6959,0.00014369880729989942,942
Community 1,N. I. Lobachevsky State University of Nizhny Novgorod,1,6959,0.00014369880729989942,943
Community 1,NHS Tayside,1,6959,0.00014369880729989942,944
Community 1,NIHR Nottingham Hearing Biomedical Research Unit,1,6959,0.00014369880729989942,945
Community 1,NIHR Southampton Biomedical Research Centre,1,6959,0.00014369880729989942,946
Community 1,Nanjing University of Chinese Medicine,1,6959,0.00014369880729989942,947
Community 1,National Cancer Centre Singapore,1,6959,0.00014369880729989942,948
Community 1,National Cerebral and Cardiovascular Center,1,6959,0.00014369880729989942,949
Community 1,National Defense Medical Center,1,6959,0.00014369880729989942,950
Community 1,National Health Laboratory Service,1,6959,0.00014369880729989942,951
Community 1,National Hospital Organization Hokkaido Medical Center,1,6959,0.00014369880729989942,952
Community 1,National Hospital Organization Kobe Medical Center,1,6959,0.00014369880729989942,953
Community 1,National Hospital Organization Matsue Medical Center,1,6959,0.00014369880729989942,954
Community 1,National Hospital Organization Osaka National Hospital,1,6959,0.00014369880729989942,955
Community 1,National Institute of Cardiovascular Diseases,1,6959,0.00014369880729989942,956
Community 1,National Institute of Environmental Health Sciences,1,6959,0.00014369880729989942,957
Community 1,National Taiwan University,1,6959,0.00014369880729989942,958
Community 1,National University of Samoa,1,6959,0.00014369880729989942,959
Community 1,NeuroCure Cluster of Excellence,1,6959,0.00014369880729989942,960
Community 1,New England Biolabs Inc,1,6959,0.00014369880729989942,961
Community 1,New Jersey Institute of Technology,1,6959,0.00014369880729989942,962
Community 1,New York Academy of Medicine,1,6959,0.00014369880729989942,963
Community 1,NewYork–Presbyterian Hospital,1,6959,0.00014369880729989942,964
Community 1,Nigerian Institute of Medical Research,1,6959,0.00014369880729989942,965
Community 1,Nord University,1,6959,0.00014369880729989942,966
Community 1,North Carolina State University,1,6959,0.00014369880729989942,967
Community 1,Northwest Cancer Research Hospital.,1,6959,0.00014369880729989942,968
Community 1,"Novartis Biomedical Research, 10675 John Jay Hopkins Drive, San Diego, CA, USA",1,6959,0.00014369880729989942,969
Community 1,Novo Nordisk AS,1,6959,0.00014369880729989942,970
Community 1,Novo Nordisk Foundation,1,6959,0.00014369880729989942,971
Community 1,"Næstved, Slagelse and Ringsted Hospitals",1,6959,0.00014369880729989942,972
Community 1,"Oneomics, Bucheon, Korea",1,6959,0.00014369880729989942,973
Community 1,Oregon Research Institute,1,6959,0.00014369880729989942,974
Community 1,Osaka International Cancer Institute,1,6959,0.00014369880729989942,975
Community 1,OsloMet – Oslo Metropolitan University,1,6959,0.00014369880729989942,976
Community 1,Ospedale Niguarda Ca' Granda,1,6959,0.00014369880729989942,977
Community 1,Ospedale di Parma,1,6959,0.00014369880729989942,978
Community 1,Oswaldo Cruz Foundation,1,6959,0.00014369880729989942,979
Community 1,Oxford University Hospitals NHS Trust,1,6959,0.00014369880729989942,980
Community 1,"Palacký University, Olomouc",1,6959,0.00014369880729989942,981
Community 1,Panagiotis & Aglaia Kyriakou Children's Hospital,1,6959,0.00014369880729989942,982
Community 1,Paris-Est Créteil University,1,6959,0.00014369880729989942,983
Community 1,Peking University,1,6959,0.00014369880729989942,984
Community 1,Peking University First Hospital,1,6959,0.00014369880729989942,985
Community 1,Peking University People's Hospital,1,6959,0.00014369880729989942,986
Community 1,Peninsula College of Medicine and Dentistry,1,6959,0.00014369880729989942,987
Community 1,Pfizer Products Inc,1,6959,0.00014369880729989942,988
Community 1,Polish Center for Technology Development,1,6959,0.00014369880729989942,989
Community 1,Pompeu Fabra University,1,6959,0.00014369880729989942,990
Community 1,Pontifical Bolivarian University,1,6959,0.00014369880729989942,991
Community 1,Portland VA Medical Center,1,6959,0.00014369880729989942,992
Community 1,Post Graduate Institute of Medical Education and Research,1,6959,0.00014369880729989942,993
Community 1,Premier Inc,1,6959,0.00014369880729989942,994
Community 1,Private University in the Principality of Liechtenstein,1,6959,0.00014369880729989942,995
Community 1,Psychiatric Hospital Sveti Ivan,1,6959,0.00014369880729989942,996
Community 1,Purdue University West Lafayette,1,6959,0.00014369880729989942,997
Community 1,Quantify Research (Sweden),1,6959,0.00014369880729989942,998
Community 1,RAND Corporation,1,6959,0.00014369880729989942,999
Community 1,RMIT University,1,6959,0.00014369880729989942,1000
Community 1,Radboud Institute for Molecular Life Sciences,1,6959,0.00014369880729989942,1001
Community 1,Research Organization of Information and Systems,1,6959,0.00014369880729989942,1002
Community 1,Robert Gordon University,1,6959,0.00014369880729989942,1003
Community 1,Roslin Institute,1,6959,0.00014369880729989942,1004
Community 1,Rovira i Virgili University,1,6959,0.00014369880729989942,1005
Community 1,Royal Children's Hospital,1,6959,0.00014369880729989942,1006
Community 1,Royal Melbourne Hospital,1,6959,0.00014369880729989942,1007
Community 1,Royal Surrey NHS Foundation Trust,1,6959,0.00014369880729989942,1008
Community 1,Royal United Hospital,1,6959,0.00014369880729989942,1009
Community 1,Ruhrlandklinik,1,6959,0.00014369880729989942,1010
Community 1,Saga University,1,6959,0.00014369880729989942,1011
Community 1,Sage Bionetworks,1,6959,0.00014369880729989942,1012
Community 1,San Diego State University,1,6959,0.00014369880729989942,1013
Community 1,"San Raffaele Research Institute, Milan, Italy",1,6959,0.00014369880729989942,1014
Community 1,"San Raffaele Research Institute, Milano, Italy",1,6959,0.00014369880729989942,1015
Community 1,Schön Klinik Roseneck,1,6959,0.00014369880729989942,1016
Community 1,Seattle University,1,6959,0.00014369880729989942,1017
Community 1,Semmelweis University,1,6959,0.00014369880729989942,1018
Community 1,Seoul National University Bundang Hospital,1,6959,0.00014369880729989942,1019
Community 1,"Service Apotheek Boterdiep, Groningen, The Netherlands",1,6959,0.00014369880729989942,1020
Community 1,Seton Hall University,1,6959,0.00014369880729989942,1021
Community 1,Shahid Beheshti University of Medical Sciences,1,6959,0.00014369880729989942,1022
Community 1,Shanghai Industrial Technology Institute,1,6959,0.00014369880729989942,1023
Community 1,Shanghai Institute of Hematology,1,6959,0.00014369880729989942,1024
Community 1,Shonan Kamakura General Hospital,1,6959,0.00014369880729989942,1025
Community 1,Sidra Medical and Research Center,1,6959,0.00014369880729989942,1026
Community 1,South Tyneside and Sunderland NHS Foundation Trust,1,6959,0.00014369880729989942,1027
Community 1,Southend Hospital,1,6959,0.00014369880729989942,1028
Community 1,Spitalul Clinic de Psihiatrie Alexandru Obregia,1,6959,0.00014369880729989942,1029
Community 1,St George’s University Hospitals NHS Foundation Trust,1,6959,0.00014369880729989942,1030
Community 1,State Key Laboratory of Cardiovascular Disease,1,6959,0.00014369880729989942,1031
Community 1,State University of New York at Stony Brook,1,6959,0.00014369880729989942,1032
Community 1,Staten Island University Hospital,1,6959,0.00014369880729989942,1033
Community 1,Stavanger University Hospital,1,6959,0.00014369880729989942,1034
Community 1,"Stella Maris Clinical Research Institute for Child and Adolescent Neuropsychiatry, Pisa, Italy.",1,6959,0.00014369880729989942,1035
Community 1,Stockholm School of Economics,1,6959,0.00014369880729989942,1036
Community 1,Stockholm University,1,6959,0.00014369880729989942,1037
Community 1,Swedish University of Agricultural Sciences,1,6959,0.00014369880729989942,1038
Community 1,Sygehus Sønderjylland,1,6959,0.00014369880729989942,1039
Community 1,Symbiosis International University,1,6959,0.00014369880729989942,1040
Community 1,Synapse BV,1,6959,0.00014369880729989942,1041
Community 1,Taipei Veterans General Hospital,1,6959,0.00014369880729989942,1042
Community 1,Taizhou Central Hospital,1,6959,0.00014369880729989942,1043
Community 1,Tan Tock Seng Hospital,1,6959,0.00014369880729989942,1044
Community 1,Technical University of Denmark,1,6959,0.00014369880729989942,1045
Community 1,Teesside University,1,6959,0.00014369880729989942,1046
Community 1,Tehran University of Medical Sciences,1,6959,0.00014369880729989942,1047
Community 1,Teikyo University,1,6959,0.00014369880729989942,1048
Community 1,"Tema BV, 2131 HE Hoofddorp, The Netherlands",1,6959,0.00014369880729989942,1049
Community 1,Texas Biomedical Research Institute,1,6959,0.00014369880729989942,1050
Community 1,Texas State University,1,6959,0.00014369880729989942,1051
Community 1,The Feinstein Institutes for Medical Research,1,6959,0.00014369880729989942,1052
Community 1,The International Endometriosis Genome Consortium,1,6959,0.00014369880729989942,1053
Community 1,The Maria Sklodowska-Curie National Research Institute of Oncology,1,6959,0.00014369880729989942,1054
Community 1,The Ohio State University Wexner Medical Center,1,6959,0.00014369880729989942,1055
Community 1,The Sense Innovation and Research Center,1,6959,0.00014369880729989942,1056
Community 1,The Seventh Affiliated Hospital of Sun Yat-sen University,1,6959,0.00014369880729989942,1057
Community 1,The University of Texas MD Anderson Cancer Center,1,6959,0.00014369880729989942,1058
Community 1,The University of Texas Medical Branch at Galveston,1,6959,0.00014369880729989942,1059
Community 1,The University of Texas at Austin,1,6959,0.00014369880729989942,1060
Community 1,Thomas B Thriges Fond,1,6959,0.00014369880729989942,1061
Community 1,Thomas Jefferson University,1,6959,0.00014369880729989942,1062
Community 1,Tianjin Medical University General Hospital,1,6959,0.00014369880729989942,1063
Community 1,Tokai University,1,6959,0.00014369880729989942,1064
Community 1,Tokushima University,1,6959,0.00014369880729989942,1065
Community 1,Tokyo Metropolitan Geriatric Hospital,1,6959,0.00014369880729989942,1066
Community 1,Toranomon Hospital,1,6959,0.00014369880729989942,1067
Community 1,Tougaloo College,1,6959,0.00014369880729989942,1068
Community 1,Turku PET Centre,1,6959,0.00014369880729989942,1069
Community 1,UAB Research Foundation,1,6959,0.00014369880729989942,1070
Community 1,UCLA Health System,1,6959,0.00014369880729989942,1071
Community 1,UCSF Benioff Children's Hospital,1,6959,0.00014369880729989942,1072
Community 1,UK Biobank,1,6959,0.00014369880729989942,1073
Community 1,UK Dementia Research Institute,1,6959,0.00014369880729989942,1074
Community 1,Uganda Virus Research Institute,1,6959,0.00014369880729989942,1075
Community 1,Umm al-Qura University,1,6959,0.00014369880729989942,1076
Community 1,Union College,1,6959,0.00014369880729989942,1077
Community 1,"Unit of Epidemiology and Statistics, Local Health Authority of Taranto, Taranto, Italy",1,6959,0.00014369880729989942,1078
Community 1,Universidad Autónoma Metropolitana,1,6959,0.00014369880729989942,1079
Community 1,Universidad de Guanajuato,1,6959,0.00014369880729989942,1080
Community 1,Universidad del Rosario,1,6959,0.00014369880729989942,1081
Community 1,Universidade Federal de Minas Gerais,1,6959,0.00014369880729989942,1082
Community 1,Universidade Federal de Pelotas,1,6959,0.00014369880729989942,1083
Community 1,Universidade Nova de Lisboa,1,6959,0.00014369880729989942,1084
Community 1,Universitas Nusa Mandiri,1,6959,0.00014369880729989942,1085
Community 1,University College Hospital,1,6959,0.00014369880729989942,1086
Community 1,University Hospital,1,6959,0.00014369880729989942,1087
Community 1,University Hospital Carl Gustav Carus,1,6959,0.00014369880729989942,1088
Community 1,University Hospital Frankfurt,1,6959,0.00014369880729989942,1089
Community 1,University Hospital Mútua de Terrassa,1,6959,0.00014369880729989942,1090
Community 1,University Hospital of North Norway,1,6959,0.00014369880729989942,1091
Community 1,University Hospitals of North Midlands NHS Trust,1,6959,0.00014369880729989942,1092
Community 1,University Mental Health Research Institute,1,6959,0.00014369880729989942,1093
Community 1,University of Alberta,1,6959,0.00014369880729989942,1094
Community 1,University of Applied Sciences and Arts of Southern Switzerland,1,6959,0.00014369880729989942,1095
Community 1,University of Auckland,1,6959,0.00014369880729989942,1096
Community 1,University of Augsburg,1,6959,0.00014369880729989942,1097
Community 1,University of Bari Aldo Moro,1,6959,0.00014369880729989942,1098
Community 1,University of Bradford,1,6959,0.00014369880729989942,1099
Community 1,University of Cagliari,1,6959,0.00014369880729989942,1100
Community 1,University of Calgary,1,6959,0.00014369880729989942,1101
Community 1,"University of California, Berkeley",1,6959,0.00014369880729989942,1102
Community 1,"University of California, Riverside",1,6959,0.00014369880729989942,1103
Community 1,"University of California, Santa Barbara",1,6959,0.00014369880729989942,1104
Community 1,University of Cape Town,1,6959,0.00014369880729989942,1105
Community 1,University of Chicago Research Bangladesh,1,6959,0.00014369880729989942,1106
Community 1,University of Chinese Academy of Sciences,1,6959,0.00014369880729989942,1107
Community 1,University of Coimbra,1,6959,0.00014369880729989942,1108
Community 1,University of Colorado Hospital,1,6959,0.00014369880729989942,1109
Community 1,University of Connecticut,1,6959,0.00014369880729989942,1110
Community 1,University of Cyprus,1,6959,0.00014369880729989942,1111
Community 1,University of Denver,1,6959,0.00014369880729989942,1112
Community 1,University of East Anglia,1,6959,0.00014369880729989942,1113
Community 1,University of Ferrara,1,6959,0.00014369880729989942,1114
Community 1,University of Foggia,1,6959,0.00014369880729989942,1115
Community 1,University of Galway,1,6959,0.00014369880729989942,1116
Community 1,University of Georgia,1,6959,0.00014369880729989942,1117
Community 1,University of Giessen,1,6959,0.00014369880729989942,1118
Community 1,University of Granada,1,6959,0.00014369880729989942,1119
Community 1,University of Hawaiʻi Cancer Center,1,6959,0.00014369880729989942,1120
Community 1,University of Konstanz,1,6959,0.00014369880729989942,1121
Community 1,University of Latvia,1,6959,0.00014369880729989942,1122
Community 1,University of Leeds,1,6959,0.00014369880729989942,1123
Community 1,University of Lille,1,6959,0.00014369880729989942,1124
Community 1,University of Lincoln,1,6959,0.00014369880729989942,1125
Community 1,University of Liège,1,6959,0.00014369880729989942,1126
Community 1,University of Lorraine,1,6959,0.00014369880729989942,1127
Community 1,University of Lyon (System),1,6959,0.00014369880729989942,1128
Community 1,University of Maine,1,6959,0.00014369880729989942,1129
Community 1,University of Malaya,1,6959,0.00014369880729989942,1130
Community 1,University of Massachusetts Lowell,1,6959,0.00014369880729989942,1131
Community 1,University of Mississippi,1,6959,0.00014369880729989942,1132
Community 1,University of Missouri Health System,1,6959,0.00014369880729989942,1133
Community 1,University of Missouri–Kansas City,1,6959,0.00014369880729989942,1134
Community 1,University of Nairobi,1,6959,0.00014369880729989942,1135
Community 1,"University of Nevada, Las Vegas",1,6959,0.00014369880729989942,1136
Community 1,University of New Mexico,1,6959,0.00014369880729989942,1137
Community 1,University of Nicosia,1,6959,0.00014369880729989942,1138
Community 1,University of North Dakota,1,6959,0.00014369880729989942,1139
Community 1,University of Oklahoma,1,6959,0.00014369880729989942,1140
Community 1,University of Oklahoma Health Sciences Center,1,6959,0.00014369880729989942,1141
Community 1,University of Ottawa,1,6959,0.00014369880729989942,1142
Community 1,University of Perugia,1,6959,0.00014369880729989942,1143
Community 1,University of Pisa,1,6959,0.00014369880729989942,1144
Community 1,University of Santiago de Compostela,1,6959,0.00014369880729989942,1145
Community 1,University of Siena,1,6959,0.00014369880729989942,1146
Community 1,University of Tasmania,1,6959,0.00014369880729989942,1147
Community 1,University of Technology Sydney,1,6959,0.00014369880729989942,1148
Community 1,University of Tennessee Health Science Center,1,6959,0.00014369880729989942,1149
Community 1,University of Teramo,1,6959,0.00014369880729989942,1150
Community 1,University of Thessaly,1,6959,0.00014369880729989942,1151
Community 1,University of Ulster,1,6959,0.00014369880729989942,1152
Community 1,University of Vic,1,6959,0.00014369880729989942,1153
Community 1,University of Warwick,1,6959,0.00014369880729989942,1154
Community 1,University of Wisconsin-Madison,1,6959,0.00014369880729989942,1155
Community 1,University of Worcester,1,6959,0.00014369880729989942,1156
Community 1,University of Würzburg,1,6959,0.00014369880729989942,1157
Community 1,University of Yamanashi,1,6959,0.00014369880729989942,1158
Community 1,University of Zaragoza,1,6959,0.00014369880729989942,1159
Community 1,University of the Basque Country,1,6959,0.00014369880729989942,1160
Community 1,Universitätsklinikum des Saarlandes,1,6959,0.00014369880729989942,1161
Community 1,Université Paris Cité,1,6959,0.00014369880729989942,1162
Community 1,Université Toulouse - Jean Jaurès,1,6959,0.00014369880729989942,1163
Community 1,VA Eastern Colorado Health Care System,1,6959,0.00014369880729989942,1164
Community 1,VA Pittsburgh Healthcare System,1,6959,0.00014369880729989942,1165
Community 1,VA San Francisco Health Care System,1,6959,0.00014369880729989942,1166
Community 1,Vaasa Central Hospital,1,6959,0.00014369880729989942,1167
Community 1,Veterans Health Administration,1,6959,0.00014369880729989942,1168
Community 1,Walton Centre,1,6959,0.00014369880729989942,1169
Community 1,Western Norway University of Applied Sciences,1,6959,0.00014369880729989942,1170
Community 1,Women's and Children's Hospital,1,6959,0.00014369880729989942,1171
Community 1,Wythenshawe Hospital,1,6959,0.00014369880729989942,1172
Community 1,Xiamen University,1,6959,0.00014369880729989942,1173
Community 1,Yale New Haven Hospital,1,6959,0.00014369880729989942,1174
Community 1,Yamagata University,1,6959,0.00014369880729989942,1175
Community 1,York University,1,6959,0.00014369880729989942,1176
Community 1,Yulius,1,6959,0.00014369880729989942,1177
Community 1,Zhongshan Hospital,1,6959,0.00014369880729989942,1178
Community 1,Zora Biosciences Oy,1,6959,0.00014369880729989942,1179
Community 1,Zucker Hillside Hospital,1,6959,0.00014369880729989942,1180
Community 1,Zurich University of Applied Sciences,1,6959,0.00014369880729989942,1181
Community 10,National Institutes of Health,68,1519,0.04476629361421988,1
Community 10,Queen Mary University of London,55,1519,0.03620803159973667,2
Community 10,Stanford University,51,1519,0.03357472021066491,3
Community 10,McGill University,45,1519,0.029624753127057275,4
Community 10,University College London,32,1519,0.02106649111257406,5
Community 10,Institute of Neurology,31,1519,0.02040816326530612,6
Community 10,Columbia University,27,1519,0.017774851876234364,7
Community 10,University of Pennsylvania,24,1519,0.015799868334430547,8
Community 10,Unknown institution,24,1519,0.015799868334430547,9
Community 10,National Institute of Neurological Disorders and Stroke,21,1519,0.013824884792626729,10
Community 10,Universitat Internacional de Catalunya,20,1519,0.013166556945358789,11
Community 10,Icahn School of Medicine at Mount Sinai,19,1519,0.012508229098090849,12
Community 10,Mayo Clinic in Florida,18,1519,0.01184990125082291,13
Community 10,Centro de Investigación Biomédica en Red de Enfermedades Neurodegenerativas,17,1519,0.01119157340355497,14
Community 10,University of Oxford,17,1519,0.01119157340355497,15
Community 10,Amsterdam Neuroscience,16,1519,0.01053324555628703,16
Community 10,Columbia University Irving Medical Center,16,1519,0.01053324555628703,17
Community 10,University of Cambridge,15,1519,0.009874917709019092,18
Community 10,A full list of IPDGC members is listed in Supplementary Table S1.,13,1519,0.008558262014483212,19
Community 10,Stanford University Medical Center,12,1519,0.007899934167215274,20
Community 10,German Center for Neurodegenerative Diseases,11,1519,0.007241606319947334,21
Community 10,The Ohio State University,11,1519,0.007241606319947334,22
Community 10,University of Eastern Finland,11,1519,0.007241606319947334,23
Community 10,Van Andel Institute,10,1519,0.0065832784726793945,24
Community 10,Washington University in St. Louis,10,1519,0.0065832784726793945,25
Community 10,King's College London,9,1519,0.005924950625411455,26
Community 10,Magna Graecia University,9,1519,0.005924950625411455,27
Community 10,Purdue University West Lafayette,9,1519,0.005924950625411455,28
Community 10,Erasmus MC,8,1519,0.005266622778143515,29
Community 10,Johns Hopkins University,8,1519,0.005266622778143515,30
Community 10,Juntendo University,8,1519,0.005266622778143515,31
Community 10,KromaTiD (United States),8,1519,0.005266622778143515,32
Community 10,Northwestern University,8,1519,0.005266622778143515,33
Community 10,Shanghai Jiao Tong University,8,1519,0.005266622778143515,34
Community 10,University of Oslo,8,1519,0.005266622778143515,35
Community 10,Yale University,8,1519,0.005266622778143515,36
Community 10,Fondazione IRCCS Ca' Granda Ospedale Maggiore Policlinico,7,1519,0.004608294930875576,37
Community 10,Hospital del Mar Medical Research Institute,7,1519,0.004608294930875576,38
Community 10,Humboldt-Universität zu Berlin,7,1519,0.004608294930875576,39
Community 10,Leeds Teaching Hospitals NHS Trust,7,1519,0.004608294930875576,40
Community 10,National Hospital for Neurology and Neurosurgery,7,1519,0.004608294930875576,41
Community 10,National Institute on Aging,7,1519,0.004608294930875576,42
Community 10,National and Kapodistrian University of Athens,7,1519,0.004608294930875576,43
Community 10,Cardiff University,6,1519,0.003949967083607637,44
Community 10,First Pavlov State Medical University of St. Petersburg,6,1519,0.003949967083607637,45
Community 10,Institut du Cerveau,6,1519,0.003949967083607637,46
Community 10,Pasqual Maragall Foundation,6,1519,0.003949967083607637,47
Community 10,Sun Yat-sen University,6,1519,0.003949967083607637,48
Community 10,"University of California, San Francisco",6,1519,0.003949967083607637,49
Community 10,"University of Campania ""Luigi Vanvitelli""",6,1519,0.003949967083607637,50
Community 10,University of Massachusetts Chan Medical School,6,1519,0.003949967083607637,51
Community 10,University of Miami,6,1519,0.003949967083607637,52
Community 10,Virginia Commonwealth University,6,1519,0.003949967083607637,53
Community 10,August Pi i Sunyer Biomedical Research Institute,5,1519,0.0032916392363396972,54
Community 10,Baylor College of Medicine,5,1519,0.0032916392363396972,55
Community 10,Biogipuzkoa Health Research Institute,5,1519,0.0032916392363396972,56
Community 10,Gladstone Institutes,5,1519,0.0032916392363396972,57
Community 10,Institute of Biomedicine of Seville,5,1519,0.0032916392363396972,58
Community 10,Istanbul University,5,1519,0.0032916392363396972,59
Community 10,LMU Klinikum,5,1519,0.0032916392363396972,60
Community 10,Laboratoire Bordelais de Recherche en Informatique,5,1519,0.0032916392363396972,61
Community 10,Ludwig-Maximilians-Universität München,5,1519,0.0032916392363396972,62
Community 10,National Center for Geriatrics and Gerontology,5,1519,0.0032916392363396972,63
Community 10,University Hospital Mútua de Terrassa,5,1519,0.0032916392363396972,64
Community 10,University of Gothenburg,5,1519,0.0032916392363396972,65
Community 10,University of Granada,5,1519,0.0032916392363396972,66
Community 10,University of Malaga,5,1519,0.0032916392363396972,67
Community 10,University of Oulu,5,1519,0.0032916392363396972,68
Community 10,Wellcome Centre for Mitochondrial Research,5,1519,0.0032916392363396972,69
Community 10,Amsterdam UMC Location VUmc,4,1519,0.0026333113890717576,70
Community 10,Aristotle University of Thessaloniki,4,1519,0.0026333113890717576,71
Community 10,Boston University,4,1519,0.0026333113890717576,72
Community 10,Catholic University of the Sacred Heart,4,1519,0.0026333113890717576,73
Community 10,Central University Hospital of Asturias,4,1519,0.0026333113890717576,74
Community 10,Centre Hospitalier Universitaire de Lille,4,1519,0.0026333113890717576,75
Community 10,Facteurs de risque et déterminants moléculaires des maladies liées au vieillissement,4,1519,0.0026333113890717576,76
Community 10,Helsinki University Hospital,4,1519,0.0026333113890717576,77
Community 10,Hertie Institute for Clinical Brain Research,4,1519,0.0026333113890717576,78
Community 10,Institut Gustave Roussy,4,1519,0.0026333113890717576,79
Community 10,Lerner Research Institute Cleveland Clinic,4,1519,0.0026333113890717576,80
Community 10,Massachusetts General Hospital,4,1519,0.0026333113890717576,81
Community 10,Medical University of Warsaw,4,1519,0.0026333113890717576,82
Community 10,Oslo University Hospital,4,1519,0.0026333113890717576,83
Community 10,University of Brescia,4,1519,0.0026333113890717576,84
Community 10,University of Cyprus,4,1519,0.0026333113890717576,85
Community 10,University of Helsinki,4,1519,0.0026333113890717576,86
Community 10,University of Illinois at Chicago,4,1519,0.0026333113890717576,87
Community 10,University of Lagos,4,1519,0.0026333113890717576,88
Community 10,University of Lisbon,4,1519,0.0026333113890717576,89
Community 10,"University of Maryland, Baltimore",4,1519,0.0026333113890717576,90
Community 10,University of Milan,4,1519,0.0026333113890717576,91
Community 10,University of North Carolina at Chapel Hill,4,1519,0.0026333113890717576,92
Community 10,University of Patras,4,1519,0.0026333113890717576,93
Community 10,University of Pisa,4,1519,0.0026333113890717576,94
Community 10,University of Turin,4,1519,0.0026333113890717576,95
Community 10,University of Tübingen,4,1519,0.0026333113890717576,96
Community 10,Utrecht University,4,1519,0.0026333113890717576,97
Community 10,Vrije Universiteit Amsterdam,4,1519,0.0026333113890717576,98
Community 10,"AG, Regensburg, Germany",3,1519,0.0019749835418038184,99
Community 10,Aligning Science Across Parkinson’s,3,1519,0.0019749835418038184,100
Community 10,Azienda Ospedaliera Citta' della Salute e della Scienza di Torino,3,1519,0.0019749835418038184,101
Community 10,Case Western Reserve University,3,1519,0.0019749835418038184,102
Community 10,Competence Network Multiple Sclerosis,3,1519,0.0019749835418038184,103
Community 10,Data Tecnica International (United States),3,1519,0.0019749835418038184,104
Community 10,Haukeland University Hospital,3,1519,0.0019749835418038184,105
Community 10,Henry M. Jackson Foundation,3,1519,0.0019749835418038184,106
Community 10,Hospital Universitario Ramón y Cajal,3,1519,0.0019749835418038184,107
Community 10,Hospital de Sant Pau,3,1519,0.0019749835418038184,108
Community 10,Institute of Genetic and Biomedical Research,3,1519,0.0019749835418038184,109
Community 10,Istituto Neurologico Carlo Besta,3,1519,0.0019749835418038184,110
Community 10,Karolinska Institutet,3,1519,0.0019749835418038184,111
Community 10,Lagos University Teaching Hospital,3,1519,0.0019749835418038184,112
Community 10,Leiden University Medical Center,3,1519,0.0019749835418038184,113
Community 10,Lund University,3,1519,0.0019749835418038184,114
Community 10,Marqués de Valdecilla University Hospital,3,1519,0.0019749835418038184,115
Community 10,National Institute of Allergy and Infectious Diseases,3,1519,0.0019749835418038184,116
Community 10,National Neuroscience Institute,3,1519,0.0019749835418038184,117
Community 10,Niigata University,3,1519,0.0019749835418038184,118
Community 10,Queen Elizabeth University Hospital,3,1519,0.0019749835418038184,119
Community 10,Rigshospitalet,3,1519,0.0019749835418038184,120
Community 10,Royal London Hospital,3,1519,0.0019749835418038184,121
Community 10,Sarah Network of Rehabilitation Hospitals,3,1519,0.0019749835418038184,122
Community 10,Sheba Medical Center,3,1519,0.0019749835418038184,123
Community 10,Singapore General Hospital,3,1519,0.0019749835418038184,124
Community 10,St Olav's University Hospital,3,1519,0.0019749835418038184,125
Community 10,Technical University of Denmark,3,1519,0.0019749835418038184,126
Community 10,University Hospital Coventry,3,1519,0.0019749835418038184,127
Community 10,University of Barcelona,3,1519,0.0019749835418038184,128
Community 10,"University of California, San Diego",3,1519,0.0019749835418038184,129
Community 10,University of Cologne,3,1519,0.0019749835418038184,130
Community 10,University of Duisburg-Essen,3,1519,0.0019749835418038184,131
Community 10,University of Edinburgh,3,1519,0.0019749835418038184,132
Community 10,University of Florida,3,1519,0.0019749835418038184,133
Community 10,University of Illinois at Urbana-Champaign,3,1519,0.0019749835418038184,134
Community 10,University of Lübeck,3,1519,0.0019749835418038184,135
Community 10,University of Paris-Saclay,3,1519,0.0019749835418038184,136
Community 10,University of Toronto,3,1519,0.0019749835418038184,137
Community 10,University of Zurich,3,1519,0.0019749835418038184,138
Community 10,Université Laval,3,1519,0.0019749835418038184,139
Community 10,Wellcome/MRC Cambridge Stem Cell Institute,3,1519,0.0019749835418038184,140
Community 10,23andMe Inc,2,1519,0.0013166556945358788,141
Community 10,Ahmadu Bello University,2,1519,0.0013166556945358788,142
Community 10,Aneurin Bevan University Health Board,2,1519,0.0013166556945358788,143
Community 10,Banner Sun Health Research Institute,2,1519,0.0013166556945358788,144
Community 10,Berlin Institute of Health at Charité - Universitätsmedizin Berlin,2,1519,0.0013166556945358788,145
Community 10,Biomedical Research Institute of Lleida,2,1519,0.0013166556945358788,146
Community 10,Bradford Teaching Hospital Foundation Trust,2,1519,0.0013166556945358788,147
Community 10,"CAEBI, Centro Andaluz de Estudios Bioinformáticos, Sevilla, Spain",2,1519,0.0013166556945358788,148
Community 10,Centogene GmbH,2,1519,0.0013166556945358788,149
Community 10,Centro San Giovanni di Dio Fatebenefratelli,2,1519,0.0013166556945358788,150
Community 10,Cyprus Institute of Neurology and Genetics,2,1519,0.0013166556945358788,151
Community 10,"DataTecnica LLC, Washington, DC 20037, USA.",2,1519,0.0013166556945358788,152
Community 10,Duke University,2,1519,0.0013166556945358788,153
Community 10,Duke-NUS Medical School,2,1519,0.0013166556945358788,154
Community 10,Genentech Inc,2,1519,0.0013166556945358788,155
Community 10,Genome Institute of Singapore,2,1519,0.0013166556945358788,156
Community 10,Griffith University,2,1519,0.0013166556945358788,157
Community 10,Harokopio University of Athens,2,1519,0.0013166556945358788,158
Community 10,Harvard University,2,1519,0.0013166556945358788,159
Community 10,Hospital Universitari i Politècnic La Fe,2,1519,0.0013166556945358788,160
Community 10,Hospital Universitario Virgen del Rocío,2,1519,0.0013166556945358788,161
Community 10,Institute of Cognitive Sciences and Technologies,2,1519,0.0013166556945358788,162
Community 10,Jackson Laboratory,2,1519,0.0013166556945358788,163
Community 10,Johns Hopkins Bayview Medical Center,2,1519,0.0013166556945358788,164
Community 10,Jos University Teaching Hospital,2,1519,0.0013166556945358788,165
Community 10,KU Leuven,2,1519,0.0013166556945358788,166
Community 10,Karolinska University Hospital,2,1519,0.0013166556945358788,167
Community 10,King's College Hospital NHS Foundation Trust,2,1519,0.0013166556945358788,168
Community 10,Kuopio University Hospital,2,1519,0.0013166556945358788,169
Community 10,Lithuanian University of Health Sciences,2,1519,0.0013166556945358788,170
Community 10,MRC Mitochondrial Biology Unit,2,1519,0.0013166556945358788,171
Community 10,Maastricht University,2,1519,0.0013166556945358788,172
Community 10,Mayo Clinic,2,1519,0.0013166556945358788,173
Community 10,Medical University of Sofia,2,1519,0.0013166556945358788,174
Community 10,Michael J. Fox Foundation,2,1519,0.0013166556945358788,175
Community 10,Murdoch University,2,1519,0.0013166556945358788,176
Community 10,National Health Service England,2,1519,0.0013166556945358788,177
Community 10,Neurocentre Magendie,2,1519,0.0013166556945358788,178
Community 10,"Neurology Unit, Department of Medicine, Federal Medical Center, Owo, Ondo State 341101, Nigeria.",2,1519,0.0013166556945358788,179
Community 10,Newcastle University,2,1519,0.0013166556945358788,180
Community 10,Nottingham University Hospitals NHS Trust,2,1519,0.0013166556945358788,181
Community 10,Ochsner Medical Center,2,1519,0.0013166556945358788,182
Community 10,Pacific Biosciences of California Inc,2,1519,0.0013166556945358788,183
Community 10,Queen's Hospital,2,1519,0.0013166556945358788,184
Community 10,Radboud University Nijmegen Medical Centre,2,1519,0.0013166556945358788,185
Community 10,Rechts der Isar Hospital,2,1519,0.0013166556945358788,186
Community 10,Research Centre for Medical Genetics,2,1519,0.0013166556945358788,187
Community 10,Rice University,2,1519,0.0013166556945358788,188
Community 10,Roche Diagnostics GmbH,2,1519,0.0013166556945358788,189
Community 10,Saitama Medical University,2,1519,0.0013166556945358788,190
Community 10,Semmelweis University,2,1519,0.0013166556945358788,191
Community 10,Sorbonne Université,2,1519,0.0013166556945358788,192
Community 10,Stellenbosch University,2,1519,0.0013166556945358788,193
Community 10,Tel Aviv University,2,1519,0.0013166556945358788,194
Community 10,The Francis Crick Institute Ltd,2,1519,0.0013166556945358788,195
Community 10,Tufts University,2,1519,0.0013166556945358788,196
Community 10,UCL Biomedical Research Centre,2,1519,0.0013166556945358788,197
Community 10,University Hospital Bonn,2,1519,0.0013166556945358788,198
Community 10,University Hospital Würzburg,2,1519,0.0013166556945358788,199
Community 10,University Hospital of Larissa,2,1519,0.0013166556945358788,200
Community 10,University Hospital of Wales,2,1519,0.0013166556945358788,201
Community 10,University Medical Center Utrecht,2,1519,0.0013166556945358788,202
Community 10,University of Abuja Teaching Hospital,2,1519,0.0013166556945358788,203
Community 10,University of Alberta,2,1519,0.0013166556945358788,204
Community 10,University of Antwerp,2,1519,0.0013166556945358788,205
Community 10,University of Benin,2,1519,0.0013166556945358788,206
Community 10,University of Bonn,2,1519,0.0013166556945358788,207
Community 10,University of Bordeaux,2,1519,0.0013166556945358788,208
Community 10,University of Bristol,2,1519,0.0013166556945358788,209
Community 10,"University of California, Los Angeles",2,1519,0.0013166556945358788,210
Community 10,"University of California, Santa Cruz",2,1519,0.0013166556945358788,211
Community 10,University of Chicago,2,1519,0.0013166556945358788,212
Community 10,University of Coimbra,2,1519,0.0013166556945358788,213
Community 10,University of Connecticut Health Center,2,1519,0.0013166556945358788,214
Community 10,University of Ilorin,2,1519,0.0013166556945358788,215
Community 10,University of Kansas Medical Center,2,1519,0.0013166556945358788,216
Community 10,University of Lille,2,1519,0.0013166556945358788,217
Community 10,University of Liverpool,2,1519,0.0013166556945358788,218
Community 10,University of Murcia,2,1519,0.0013166556945358788,219
Community 10,University of Nottingham,2,1519,0.0013166556945358788,220
Community 10,University of Otago,2,1519,0.0013166556945358788,221
Community 10,University of Pittsburgh,2,1519,0.0013166556945358788,222
Community 10,University of Port Harcourt Teaching Hospital,2,1519,0.0013166556945358788,223
Community 10,University of Puerto Rico System,2,1519,0.0013166556945358788,224
Community 10,University of Queensland,2,1519,0.0013166556945358788,225
Community 10,University of Santiago de Compostela,2,1519,0.0013166556945358788,226
Community 10,University of Southern Denmark,2,1519,0.0013166556945358788,227
Community 10,University of Stavanger,2,1519,0.0013166556945358788,228
Community 10,University of Strasbourg,2,1519,0.0013166556945358788,229
Community 10,University of Turku,2,1519,0.0013166556945358788,230
Community 10,Université de Toulouse,2,1519,0.0013166556945358788,231
Community 10,Uppsala University,2,1519,0.0013166556945358788,232
Community 10,VIB-KU Leuven Center for Brain & Disease Research,2,1519,0.0013166556945358788,233
Community 10,VIB-UAntwerp Center for Molecular Neurology,2,1519,0.0013166556945358788,234
Community 10,AIT Austrian Institute of Technology GmbH,1,1519,0.0006583278472679394,235
Community 10,Agostino Gemelli University Polyclinic,1,1519,0.0006583278472679394,236
Community 10,Al-Farabi Kazakh National University,1,1519,0.0006583278472679394,237
Community 10,Altınbaş University,1,1519,0.0006583278472679394,238
Community 10,"Alzheimer Research Center & Memory Clinic, Andalusian Institute for Neuroscience, Málaga, Spain",1,1519,0.0006583278472679394,239
Community 10,"Athens Association of Alzheimer's Disease and Related Disorders, Marousi, Greece",1,1519,0.0006583278472679394,240
Community 10,Azienda Ospedaliera San Gerardo,1,1519,0.0006583278472679394,241
Community 10,Azienda Ospedaliero-Universitaria Careggi,1,1519,0.0006583278472679394,242
Community 10,Bayero University Kano,1,1519,0.0006583278472679394,243
Community 10,Benue State University,1,1519,0.0006583278472679394,244
Community 10,Bioinformatics Institute,1,1519,0.0006583278472679394,245
Community 10,Boehringer Ingelheim Pharma GmbH and Co KG,1,1519,0.0006583278472679394,246
Community 10,Boston Medical Center,1,1519,0.0006583278472679394,247
Community 10,Brotman Baty Institute,1,1519,0.0006583278472679394,248
Community 10,Brown University,1,1519,0.0006583278472679394,249
Community 10,CIEN Foundation/Queen Sofia Foundation Alzheimer Center/Instituto de Salud Carlos III,1,1519,0.0006583278472679394,250
Community 10,"CIRD Centre d'Imagerie Rive Droite, Geneva, Switzerland",1,1519,0.0006583278472679394,251
Community 10,Carnegie Mellon University,1,1519,0.0006583278472679394,252
Community 10,Cedimat,1,1519,0.0006583278472679394,253
Community 10,Center for Research in Transplantation and Translational Immunology,1,1519,0.0006583278472679394,254
Community 10,Central Institute of Mental Health,1,1519,0.0006583278472679394,255
Community 10,Centre Hospitalier Universitaire de Bordeaux,1,1519,0.0006583278472679394,256
Community 10,Centre Hospitalier Universitaire de Liège,1,1519,0.0006583278472679394,257
Community 10,Centre Hospitalier Universitaire de Rouen,1,1519,0.0006583278472679394,258
Community 10,Centro de Investigación Biomédica en Red Diabetes y Enfermedades Metabólicas Asociadas,1,1519,0.0006583278472679394,259
Community 10,Charing Cross Hospital,1,1519,0.0006583278472679394,260
Community 10,Charité - University Medicine Berlin,1,1519,0.0006583278472679394,261
Community 10,Charles University,1,1519,0.0006583278472679394,262
Community 10,"City St George’s, University of London",1,1519,0.0006583278472679394,263
Community 10,Clinical Physiology Institute,1,1519,0.0006583278472679394,264
Community 10,Clínica Santa María,1,1519,0.0006583278472679394,265
Community 10,Colorado State University Fort Collins,1,1519,0.0006583278472679394,266
Community 10,Complejo Hospitalario Universitario de Granada,1,1519,0.0006583278472679394,267
Community 10,Cyceron,1,1519,0.0006583278472679394,268
Community 10,Delta State University,1,1519,0.0006583278472679394,269
Community 10,Democritus University of Thrace,1,1519,0.0006583278472679394,270
Community 10,Donostia Unibertsitate Ospitalea,1,1519,0.0006583278472679394,271
Community 10,East Tallinn Central Hospital,1,1519,0.0006583278472679394,272
Community 10,Essen University Hospital,1,1519,0.0006583278472679394,273
Community 10,Eunice Kennedy Shriver National Institute of Child Health and Human Development,1,1519,0.0006583278472679394,274
Community 10,European Bioinformatics Institute,1,1519,0.0006583278472679394,275
Community 10,Evelina London Children's Healthcare,1,1519,0.0006583278472679394,276
Community 10,"Federal Teaching Hospital, Gombe, Gombe State 760253, Nigeria.",1,1519,0.0006583278472679394,277
Community 10,"Federal University of Health Sciences Teaching Hospital, Azare, Bauchi State 751102, Nigeria.",1,1519,0.0006583278472679394,278
Community 10,Finnish Institute for Health and Welfare,1,1519,0.0006583278472679394,279
Community 10,Florey Institute of Neuroscience and Mental Health,1,1519,0.0006583278472679394,280
Community 10,Fondazione Santa Lucia,1,1519,0.0006583278472679394,281
Community 10,Fonna Hospital Trust,1,1519,0.0006583278472679394,282
Community 10,"General Hospital, Isolo, Lagos State 100263, Nigeria.",1,1519,0.0006583278472679394,283
Community 10,"General Hospital, Lagos Island, Lagos State 102273, Nigeria.",1,1519,0.0006583278472679394,284
Community 10,George Washington University,1,1519,0.0006583278472679394,285
Community 10,George Washington University Hospital,1,1519,0.0006583278472679394,286
Community 10,Government of the United States of America - National Institute of Neurological Disorders and Stroke (NINDS),1,1519,0.0006583278472679394,287
Community 10,Grigioni Foundation for Parkinson's disease,1,1519,0.0006583278472679394,288
Community 10,Hannover Medical School,1,1519,0.0006583278472679394,289
Community 10,Helmholtz Zentrum München,1,1519,0.0006583278472679394,290
Community 10,Herlev Hospital,1,1519,0.0006583278472679394,291
Community 10,Hiroshima University,1,1519,0.0006583278472679394,292
Community 10,Hong Kong University of Science and Technology,1,1519,0.0006583278472679394,293
Community 10,Hospitais da Universidade de Coimbra,1,1519,0.0006583278472679394,294
Community 10,Hospital Clínic de Barcelona,1,1519,0.0006583278472679394,295
Community 10,Hospital Sant Joan de Déu Barcelona,1,1519,0.0006583278472679394,296
Community 10,Hospital Universitario Fundación Jiménez Díaz,1,1519,0.0006583278472679394,297
Community 10,Hospital Universitario Miguel Servet,1,1519,0.0006583278472679394,298
Community 10,Hospital Universitario Virgen de la Arrixaca,1,1519,0.0006583278472679394,299
Community 10,Hospital Universitario Virgen de las Nieves,1,1519,0.0006583278472679394,300
Community 10,Hospital Universitario de Valme,1,1519,0.0006583278472679394,301
Community 10,Hospital de Clínicas de Porto Alegre,1,1519,0.0006583278472679394,302
Community 10,Humanitas University,1,1519,0.0006583278472679394,303
Community 10,Hôpital Broca,1,1519,0.0006583278472679394,304
Community 10,IRCCS Humanitas Research Hospital,1,1519,0.0006583278472679394,305
Community 10,Indiana University School of Medicine,1,1519,0.0006583278472679394,306
Community 10,Inserm,1,1519,0.0006583278472679394,307
Community 10,Institute of the Human Brain,1,1519,0.0006583278472679394,308
Community 10,Instituto de Investigación Biosanitaria,1,1519,0.0006583278472679394,309
Community 10,Invicro LLC,1,1519,0.0006583278472679394,310
Community 10,Irrua Specialist Teaching Hospital,1,1519,0.0006583278472679394,311
Community 10,Istituto Auxologico Italiano,1,1519,0.0006583278472679394,312
Community 10,Juntendo Tokyo Koto Geriatric Medical Center,1,1519,0.0006583278472679394,313
Community 10,Kaiser Permanente,1,1519,0.0006583278472679394,314
Community 10,King's College Hospital,1,1519,0.0006583278472679394,315
Community 10,Lagos State University,1,1519,0.0006583278472679394,316
Community 10,Lagos State University Teaching Hospital,1,1519,0.0006583278472679394,317
Community 10,Lancashire Teaching Hospital NHS Foundation Trust,1,1519,0.0006583278472679394,318
Community 10,Leibniz Institute for Analytical Sciences - ISAS,1,1519,0.0006583278472679394,319
Community 10,Leipzig University,1,1519,0.0006583278472679394,320
Community 10,Levvel,1,1519,0.0006583278472679394,321
Community 10,London Health Sciences Centre,1,1519,0.0006583278472679394,322
Community 10,Louisiana State University Health Sciences Center Shreveport,1,1519,0.0006583278472679394,323
Community 10,Macquarie University,1,1519,0.0006583278472679394,324
Community 10,"Manchester Centre for Clinical Neurosciences, Northern Care Alliance NHS Trust",1,1519,0.0006583278472679394,325
Community 10,Martin Luther University Halle-Wittenberg,1,1519,0.0006583278472679394,326
Community 10,Mayo Clinic - Florida - Department of Neuroscience,1,1519,0.0006583278472679394,327
Community 10,Mayo Clinic in Rochester,1,1519,0.0006583278472679394,328
Community 10,McMaster University,1,1519,0.0006583278472679394,329
Community 10,Medical University of South Carolina,1,1519,0.0006583278472679394,330
Community 10,Medical University of Vienna,1,1519,0.0006583278472679394,331
Community 10,Michigan State University,1,1519,0.0006583278472679394,332
Community 10,Mignot Laboratory,1,1519,0.0006583278472679394,333
Community 10,Moorfields Eye Hospital NHS Foundation Trust,1,1519,0.0006583278472679394,334
Community 10,Morehouse College,1,1519,0.0006583278472679394,335
Community 10,Mother and Teacher Pontifical Catholic University,1,1519,0.0006583278472679394,336
Community 10,Mount Sinai,1,1519,0.0006583278472679394,337
Community 10,National Autonomous University of Mexico,1,1519,0.0006583278472679394,338
Community 10,National Defense Medical College,1,1519,0.0006583278472679394,339
Community 10,National Heart Lung and Blood Institute,1,1519,0.0006583278472679394,340
Community 10,National Hospital Abuja,1,1519,0.0006583278472679394,341
Community 10,National Institute for Health and Care Research,1,1519,0.0006583278472679394,342
Community 10,National Institute of Health,1,1519,0.0006583278472679394,343
Community 10,National University Hospital of Iceland,1,1519,0.0006583278472679394,344
Community 10,National University of Singapore,1,1519,0.0006583278472679394,345
Community 10,Nnamdi Azikiwe University Teaching Hospital,1,1519,0.0006583278472679394,346
Community 10,Norwegian University of Science and Technology,1,1519,0.0006583278472679394,347
Community 10,Oak Ridge National Laboratory,1,1519,0.0006583278472679394,348
Community 10,Obafemi Awolowo University,1,1519,0.0006583278472679394,349
Community 10,Obafemi Awolowo University Teaching Hospitals Complex,1,1519,0.0006583278472679394,350
Community 10,Open University of Catalonia,1,1519,0.0006583278472679394,351
Community 10,Ospedale Vito Fazzi,1,1519,0.0006583278472679394,352
Community 10,Otto-von-Guericke University Magdeburg,1,1519,0.0006583278472679394,353
Community 10,Oulu University Hospital,1,1519,0.0006583278472679394,354
Community 10,Oxford University Hospitals NHS Trust,1,1519,0.0006583278472679394,355
Community 10,Paracelsus Elena Klinik Kassel,1,1519,0.0006583278472679394,356
Community 10,"Parkinson Institute, ASST Gaetano Pini-CTO, Milan, Italy",1,1519,0.0006583278472679394,357
Community 10,Parkinson's Foundation,1,1519,0.0006583278472679394,358
Community 10,Peking University,1,1519,0.0006583278472679394,359
Community 10,Philipps University of Marburg,1,1519,0.0006583278472679394,360
Community 10,Pitié-Salpêtrière Hospital,1,1519,0.0006583278472679394,361
Community 10,Polish Academy of Sciences,1,1519,0.0006583278472679394,362
Community 10,Pompeu Fabra University,1,1519,0.0006583278472679394,363
Community 10,Queen's University Belfast,1,1519,0.0006583278472679394,364
Community 10,Renal Research Institute LLC,1,1519,0.0006583278472679394,365
Community 10,Rivers State University,1,1519,0.0006583278472679394,366
Community 10,Roche Diagnostics International AG,1,1519,0.0006583278472679394,367
Community 10,"Rutgers, The State University of New Jersey",1,1519,0.0006583278472679394,368
Community 10,Saints Cyril and Methodius University of Skopje,1,1519,0.0006583278472679394,369
Community 10,See https://pdgenetics.org/partners,1,1519,0.0006583278472679394,370
Community 10,Southwestern University of Finance and Economics,1,1519,0.0006583278472679394,371
Community 10,St George’s University Hospitals NHS Foundation Trust,1,1519,0.0006583278472679394,372
Community 10,St. Anne´s University Hospital,1,1519,0.0006583278472679394,373
Community 10,St. Paul's Hospital,1,1519,0.0006583278472679394,374
Community 10,Steno Diabetes Center,1,1519,0.0006583278472679394,375
Community 10,Stockholm University,1,1519,0.0006583278472679394,376
Community 10,Swansea University,1,1519,0.0006583278472679394,377
Community 10,TU Dresden,1,1519,0.0006583278472679394,378
Community 10,"Takeda Pharmaceutical Company Ltd, Cambridge, United States",1,1519,0.0006583278472679394,379
Community 10,Technion Israel Institute of Technology,1,1519,0.0006583278472679394,380
Community 10,Tel Aviv Sourasky Medical Center,1,1519,0.0006583278472679394,381
Community 10,The Ohio State University Wexner Medical Center,1,1519,0.0006583278472679394,382
Community 10,The Royal Veterinary College,1,1519,0.0006583278472679394,383
Community 10,The University of Sydney,1,1519,0.0006583278472679394,384
Community 10,The University of Texas Health Science Center at Houston,1,1519,0.0006583278472679394,385
Community 10,The University of Texas Health Science Center at San Antonio,1,1519,0.0006583278472679394,386
Community 10,The University of Texas MD Anderson Cancer Center,1,1519,0.0006583278472679394,387
Community 10,The University of Texas Southwestern Medical Center,1,1519,0.0006583278472679394,388
Community 10,Toronto Western Hospital,1,1519,0.0006583278472679394,389
Community 10,Translational Genomics Research Institute,1,1519,0.0006583278472679394,390
Community 10,UK Centre for Ecology & Hydrology,1,1519,0.0006583278472679394,391
Community 10,UNSW Sydney,1,1519,0.0006583278472679394,392
Community 10,Uniformed Services University of the Health Sciences,1,1519,0.0006583278472679394,393
Community 10,Universidad Nacional Pedro Henríquez Ureña,1,1519,0.0006583278472679394,394
Community 10,Universitat Politècnica de Catalunya,1,1519,0.0006583278472679394,395
Community 10,Universitat Politècnica de València,1,1519,0.0006583278472679394,396
Community 10,"University College Hospital, Ibadan",1,1519,0.0006583278472679394,397
Community 10,University Hospital Cologne,1,1519,0.0006583278472679394,398
Community 10,University Hospital Schleswig-Holstein,1,1519,0.0006583278472679394,399
Community 10,University Hospital Ulm,1,1519,0.0006583278472679394,400
Community 10,University Hospitals Birmingham NHS Foundation Trust,1,1519,0.0006583278472679394,401
Community 10,University Hospitals Cleveland Medical Center,1,1519,0.0006583278472679394,402
Community 10,University Medical Center Groningen,1,1519,0.0006583278472679394,403
Community 10,University Medical Center Hamburg-Eppendorf,1,1519,0.0006583278472679394,404
Community 10,University of Abuja,1,1519,0.0006583278472679394,405
Community 10,University of Alabama at Birmingham,1,1519,0.0006583278472679394,406
Community 10,University of Bari Aldo Moro,1,1519,0.0006583278472679394,407
Community 10,University of Basel,1,1519,0.0006583278472679394,408
Community 10,University of Bern,1,1519,0.0006583278472679394,409
Community 10,University of Cagliari,1,1519,0.0006583278472679394,410
Community 10,University of Calabar,1,1519,0.0006583278472679394,411
Community 10,University of Calgary,1,1519,0.0006583278472679394,412
Community 10,University of Camerino,1,1519,0.0006583278472679394,413
Community 10,University of Cantabria,1,1519,0.0006583278472679394,414
Community 10,University of Canterbury,1,1519,0.0006583278472679394,415
Community 10,University of Catania,1,1519,0.0006583278472679394,416
Community 10,University of Cincinnati Medical Center,1,1519,0.0006583278472679394,417
Community 10,University of Colorado Boulder,1,1519,0.0006583278472679394,418
Community 10,University of Copenhagen,1,1519,0.0006583278472679394,419
Community 10,University of Florence,1,1519,0.0006583278472679394,420
Community 10,University of Ibadan,1,1519,0.0006583278472679394,421
Community 10,University of Ilorin Teaching Hospital,1,1519,0.0006583278472679394,422
Community 10,University of Maiduguri,1,1519,0.0006583278472679394,423
Community 10,University of Manchester,1,1519,0.0006583278472679394,424
Community 10,University of Melbourne,1,1519,0.0006583278472679394,425
Community 10,University of Milano-Bicocca,1,1519,0.0006583278472679394,426
Community 10,University of Montpellier,1,1519,0.0006583278472679394,427
Community 10,University of Nicosia,1,1519,0.0006583278472679394,428
Community 10,University of Nigeria Teaching Hospital,1,1519,0.0006583278472679394,429
Community 10,University of Ottawa,1,1519,0.0006583278472679394,430
Community 10,University of Parma,1,1519,0.0006583278472679394,431
Community 10,University of Perugia,1,1519,0.0006583278472679394,432
Community 10,University of Southampton,1,1519,0.0006583278472679394,433
Community 10,University of Southern California,1,1519,0.0006583278472679394,434
Community 10,University of Tartu,1,1519,0.0006583278472679394,435
Community 10,University of Warwick,1,1519,0.0006583278472679394,436
Community 10,University of Washington,1,1519,0.0006583278472679394,437
Community 10,University of Western Ontario,1,1519,0.0006583278472679394,438
Community 10,University of Würzburg,1,1519,0.0006583278472679394,439
Community 10,Universitätsmedizin Göttingen,1,1519,0.0006583278472679394,440
Community 10,VA Boston Healthcare System,1,1519,0.0006583278472679394,441
Community 10,VA San Diego Healthcare System,1,1519,0.0006583278472679394,442
Community 10,"Vadaskert Clinic for Child and Adolescent Psychiatry, Budapest, Hungary",1,1519,0.0006583278472679394,443
Community 10,Vanderbilt University,1,1519,0.0006583278472679394,444
Community 10,Virginia Polytechnic Institute and State University,1,1519,0.0006583278472679394,445
Community 10,Wake Forest University,1,1519,0.0006583278472679394,446
Community 10,Warneford Hospital,1,1519,0.0006583278472679394,447
Community 10,Wellcome Sanger Institute,1,1519,0.0006583278472679394,448
Community 10,Xinxiang Medical University,1,1519,0.0006583278472679394,449
Community 11,Massachusetts General Hospital,146,1505,0.09700996677740864,1
Community 11,Broad Institute,111,1505,0.07375415282392027,2
Community 11,Yale University,69,1505,0.04584717607973422,3
Community 11,Harvard University,62,1505,0.04119601328903655,4
Community 11,The Brigham and Women's Hospital Inc,59,1505,0.03920265780730897,5
Community 11,Vanderbilt University Medical Center,47,1505,0.03122923588039867,6
Community 11,Dana Farber Cancer Institute Inc,42,1505,0.027906976744186046,7
Community 11,Sungkyunkwan University,31,1505,0.020598006644518274,8
Community 11,University of British Columbia,31,1505,0.020598006644518274,9
Community 11,University of Pennsylvania,27,1505,0.017940199335548173,10
Community 11,Catholic University of Korea,23,1505,0.015282392026578074,11
Community 11,Queen's University,23,1505,0.015282392026578074,12
Community 11,Seoul National University,23,1505,0.015282392026578074,13
Community 11,Baylor College of Medicine,22,1505,0.014617940199335547,14
Community 11,Columbia University Irving Medical Center,18,1505,0.011960132890365448,15
Community 11,Thomas J Watson Research Center,18,1505,0.011960132890365448,16
Community 11,Beth Israel Deaconess Medical Center,17,1505,0.011295681063122924,17
Community 11,"University of California, San Francisco",16,1505,0.0106312292358804,18
Community 11,University Medical Center Hamburg-Eppendorf,15,1505,0.009966777408637873,19
Community 11,Beijing Institute of Genomics,14,1505,0.009302325581395349,20
Community 11,Boston University,14,1505,0.009302325581395349,21
Community 11,Indiana University School of Medicine,14,1505,0.009302325581395349,22
Community 11,Vanderbilt University,14,1505,0.009302325581395349,23
Community 11,"Fauna Bio, Emeryville, California, United States",13,1505,0.008637873754152824,24
Community 11,University of Massachusetts Chan Medical School,13,1505,0.008637873754152824,25
Community 11,Mass General Brigham Inc,12,1505,0.007973421926910298,26
Community 11,Spanish National Centre for Cardiovascular Research,12,1505,0.007973421926910298,27
Community 11,Columbia University,11,1505,0.007308970099667774,28
Community 11,Yonsei University,11,1505,0.007308970099667774,29
Community 11,Zhongshan Hospital,11,1505,0.007308970099667774,30
Community 11,Unknown institution,10,1505,0.006644518272425249,31
Community 11,Boston Children's Hospital,9,1505,0.005980066445182724,32
Community 11,Stanford University,9,1505,0.005980066445182724,33
Community 11,University of North Carolina at Chapel Hill,9,1505,0.005980066445182724,34
Community 11,Goethe University Frankfurt,8,1505,0.0053156146179402,35
Community 11,Shanghai Jiao Tong University,8,1505,0.0053156146179402,36
Community 11,University of Western Ontario,8,1505,0.0053156146179402,37
Community 11,Ajou University,7,1505,0.004651162790697674,38
Community 11,Amsterdam University Medical Centers,7,1505,0.004651162790697674,39
Community 11,Case Western Reserve University,7,1505,0.004651162790697674,40
Community 11,City University of Hong Kong,7,1505,0.004651162790697674,41
Community 11,Massachusetts Institute of Technology,7,1505,0.004651162790697674,42
Community 11,Seoul National University Hospital,7,1505,0.004651162790697674,43
Community 11,University of Amsterdam,7,1505,0.004651162790697674,44
Community 11,"University of California, San Diego",7,1505,0.004651162790697674,45
Community 11,University of Minnesota Twin Cities,7,1505,0.004651162790697674,46
Community 11,University of Toronto,7,1505,0.004651162790697674,47
Community 11,VA Boston Healthcare System,7,1505,0.004651162790697674,48
Community 11,Gladstone Institutes,6,1505,0.003986710963455149,49
Community 11,"IBM Research Israel, Haifa, Israel",6,1505,0.003986710963455149,50
Community 11,Icahn School of Medicine at Mount Sinai,6,1505,0.003986710963455149,51
Community 11,Seoul National University Bundang Hospital,6,1505,0.003986710963455149,52
Community 11,Allelica Inc,5,1505,0.0033222591362126247,53
Community 11,Johns Hopkins University,5,1505,0.0033222591362126247,54
Community 11,McMaster University,5,1505,0.0033222591362126247,55
Community 11,Second Affiliated Hospital & Yuying Children's Hospital of Wenzhou Medical University,5,1505,0.0033222591362126247,56
Community 11,State Key Laboratory of Microbial Metabolism,5,1505,0.0033222591362126247,57
Community 11,Tisch Cancer Institute,5,1505,0.0033222591362126247,58
Community 11,University of Melbourne,5,1505,0.0033222591362126247,59
Community 11,University of Queensland,5,1505,0.0033222591362126247,60
Community 11,University of Warmia and Mazury in Olsztyn,5,1505,0.0033222591362126247,61
Community 11,Amgen Inc,4,1505,0.0026578073089701,62
Community 11,Carnegie Mellon University,4,1505,0.0026578073089701,63
Community 11,Cleveland Clinic,4,1505,0.0026578073089701,64
Community 11,Color Health Inc,4,1505,0.0026578073089701,65
Community 11,Geisinger Health System,4,1505,0.0026578073089701,66
Community 11,IBM Research - Tokyo,4,1505,0.0026578073089701,67
Community 11,KU Leuven,4,1505,0.0026578073089701,68
Community 11,Leiden University Medical Center,4,1505,0.0026578073089701,69
Community 11,"Molecular Medicine, Columbia University Medical Center, New York (H.D., W.L., T.F., K.E.-U., T.X., S.A., M.Y., B.H., N.W., A.R.T.).",4,1505,0.0026578073089701,70
Community 11,Norwegian University of Science and Technology,4,1505,0.0026578073089701,71
Community 11,RIKEN Center for Integrative Medical Sciences,4,1505,0.0026578073089701,72
Community 11,Samsung Medical Center,4,1505,0.0026578073089701,73
Community 11,The University of Texas Southwestern Medical Center,4,1505,0.0026578073089701,74
Community 11,University of Chinese Academy of Sciences,4,1505,0.0026578073089701,75
Community 11,University of Michigan-Ann Arbor,4,1505,0.0026578073089701,76
Community 11,University of Tartu,4,1505,0.0026578073089701,77
Community 11,University of Virginia,4,1505,0.0026578073089701,78
Community 11,University of Washington,4,1505,0.0026578073089701,79
Community 11,Wenzhou Medical University,4,1505,0.0026578073089701,80
Community 11,"Allelica, Rome, Italy",3,1505,0.0019933554817275745,81
Community 11,Amsterdam UMC Location AMC,3,1505,0.0019933554817275745,82
Community 11,Bayer AG,3,1505,0.0019933554817275745,83
Community 11,Beijing Anzhen Hospital,3,1505,0.0019933554817275745,84
Community 11,Brown University,3,1505,0.0019933554817275745,85
Community 11,Centro Nacional de Análisis Genómico,3,1505,0.0019933554817275745,86
Community 11,Children's Hospital of Eastern Ontario,3,1505,0.0019933554817275745,87
Community 11,"Department of Translational Data Science and Informatics, Geisinger, Danville, PA, USA",3,1505,0.0019933554817275745,88
Community 11,IBM Research - Ireland,3,1505,0.0019933554817275745,89
Community 11,IRCCS Humanitas Research Hospital,3,1505,0.0019933554817275745,90
Community 11,Kingston Health Sciences Centre,3,1505,0.0019933554817275745,91
Community 11,Kyungpook National University,3,1505,0.0019933554817275745,92
Community 11,McGill University Health Centre,3,1505,0.0019933554817275745,93
Community 11,MultiMedica,3,1505,0.0019933554817275745,94
Community 11,The University of Texas MD Anderson Cancer Center,3,1505,0.0019933554817275745,95
Community 11,Trusteer Ltd,3,1505,0.0019933554817275745,96
Community 11,UNSW Sydney,3,1505,0.0019933554817275745,97
Community 11,"University of California, Los Angeles",3,1505,0.0019933554817275745,98
Community 11,University of Cambridge,3,1505,0.0019933554817275745,99
Community 11,University of Pittsburgh,3,1505,0.0019933554817275745,100
Community 11,University of Western Australia,3,1505,0.0019933554817275745,101
Community 11,VA Northeast Ohio Healthcare System,3,1505,0.0019933554817275745,102
Community 11,Washington University in St. Louis,3,1505,0.0019933554817275745,103
Community 11,Biomodal Ltd,2,1505,0.00132890365448505,104
Community 11,Chalmers University of Technology,2,1505,0.00132890365448505,105
Community 11,Chiba University,2,1505,0.00132890365448505,106
Community 11,Dartmouth College,2,1505,0.00132890365448505,107
Community 11,Emory University,2,1505,0.00132890365448505,108
Community 11,HES-SO Valais-Wallis,2,1505,0.00132890365448505,109
Community 11,Hartford Hospital,2,1505,0.00132890365448505,110
Community 11,Hebrew University of Jerusalem,2,1505,0.00132890365448505,111
Community 11,Hospital Universitario Virgen de la Arrixaca,2,1505,0.00132890365448505,112
Community 11,Institute of Science Tokyo,2,1505,0.00132890365448505,113
Community 11,John Walton Muscular Dystrophy Research Centre,2,1505,0.00132890365448505,114
Community 11,Lerner Research Institute Cleveland Clinic,2,1505,0.00132890365448505,115
Community 11,Mayo Clinic,2,1505,0.00132890365448505,116
Community 11,Medical College of Wisconsin,2,1505,0.00132890365448505,117
Community 11,Morehouse School of Medicine,2,1505,0.00132890365448505,118
Community 11,Mount Sinai Medical Center,2,1505,0.00132890365448505,119
Community 11,Murdoch University,2,1505,0.00132890365448505,120
Community 11,National Institute of Mental Health and Neurosciences,2,1505,0.00132890365448505,121
Community 11,National Institute of Neurological Disorders and Stroke,2,1505,0.00132890365448505,122
Community 11,National Institutes of Health,2,1505,0.00132890365448505,123
Community 11,National University of Singapore,2,1505,0.00132890365448505,124
Community 11,North Carolina State University,2,1505,0.00132890365448505,125
Community 11,Northwestern University,2,1505,0.00132890365448505,126
Community 11,"Novartis Institutes for BioMedical Research Forum 1, Basel, Switzerland (C.J.F., A.B.).",2,1505,0.00132890365448505,127
Community 11,Sapienza University of Rome,2,1505,0.00132890365448505,128
Community 11,The University of Notre Dame Australia,2,1505,0.00132890365448505,129
Community 11,The University of Tokyo,2,1505,0.00132890365448505,130
Community 11,Tufts Medical Center Inc,2,1505,0.00132890365448505,131
Community 11,United States Department of Veterans Affairs,2,1505,0.00132890365448505,132
Community 11,University Hospital Leipzig,2,1505,0.00132890365448505,133
Community 11,University of Colorado Anschutz Medical Campus,2,1505,0.00132890365448505,134
Community 11,University of Milan,2,1505,0.00132890365448505,135
Community 11,University of Vermont,2,1505,0.00132890365448505,136
Community 11,University of Wisconsin-Madison,2,1505,0.00132890365448505,137
Community 11,University of Zurich,2,1505,0.00132890365448505,138
Community 11,Université Laval,2,1505,0.00132890365448505,139
Community 11,Verily Life Sciences LLC,2,1505,0.00132890365448505,140
Community 11,Agostino Gemelli University Polyclinic,1,1505,0.000664451827242525,141
Community 11,Ain Shams University,1,1505,0.000664451827242525,142
Community 11,Albert Einstein College of Medicine,1,1505,0.000664451827242525,143
Community 11,Ambry Genetics Corp,1,1505,0.000664451827242525,144
Community 11,Amgen Europe GmbH,1,1505,0.000664451827242525,145
Community 11,Amsterdam Cardiovascular Sciences,1,1505,0.000664451827242525,146
Community 11,Argonne National Laboratory,1,1505,0.000664451827242525,147
Community 11,AstraZeneca AB,1,1505,0.000664451827242525,148
Community 11,Atrial Fibrillation NETwork,1,1505,0.000664451827242525,149
Community 11,Australian Catholic University,1,1505,0.000664451827242525,150
Community 11,Azienda Universitaria Ospedaliera Consorziale - Policlinico Bari,1,1505,0.000664451827242525,151
Community 11,"BOSTON VA HEALTHCARE SYSTEM, Wellesley, MA",1,1505,0.000664451827242525,152
Community 11,Bayer Pharma AG,1,1505,0.000664451827242525,153
Community 11,Beijing Luhe Hospital Affiliated to Capital Medical University,1,1505,0.000664451827242525,154
Community 11,Boramae Medical Center,1,1505,0.000664451827242525,155
Community 11,Boston Medical Center,1,1505,0.000664451827242525,156
Community 11,"Boston, MA, Cambridge, MA, Zaragoza, Spain",1,1505,0.000664451827242525,157
Community 11,Cardiovascular Research Center (Brazil),1,1505,0.000664451827242525,158
Community 11,Centre for Cancer Biology,1,1505,0.000664451827242525,159
Community 11,Children's Hospital of Philadelphia,1,1505,0.000664451827242525,160
Community 11,Cincinnati Children's Hospital Medical Center,1,1505,0.000664451827242525,161
Community 11,Copenhagen University Hospital,1,1505,0.000664451827242525,162
Community 11,Cukurova University,1,1505,0.000664451827242525,163
Community 11,Daegu University,1,1505,0.000664451827242525,164
Community 11,"Department of Obstetrics and Gynecology, Ain Hospital, Incheon, Korea",1,1505,0.000664451827242525,165
Community 11,"Department of Translational Data Science and Informatics, Geisinger, Danville, PA",1,1505,0.000664451827242525,166
Community 11,Duke University,1,1505,0.000664451827242525,167
Community 11,Duke University Medical Center,1,1505,0.000664451827242525,168
Community 11,Erasmus MC,1,1505,0.000664451827242525,169
Community 11,Eulji University,1,1505,0.000664451827242525,170
Community 11,First Affiliated Hospital of Wenzhou Medical University,1,1505,0.000664451827242525,171
Community 11,Folkhälsans Forskningscentrum,1,1505,0.000664451827242525,172
Community 11,Fudan University,1,1505,0.000664451827242525,173
Community 11,Gachon University Gil Medical Center,1,1505,0.000664451827242525,174
Community 11,Hacettepe University,1,1505,0.000664451827242525,175
Community 11,Hadassah University Hospital,1,1505,0.000664451827242525,176
Community 11,Hallym University,1,1505,0.000664451827242525,177
Community 11,Hasso Plattner Institute,1,1505,0.000664451827242525,178
Community 11,Heart Institute,1,1505,0.000664451827242525,179
Community 11,Henry Ford Health System,1,1505,0.000664451827242525,180
Community 11,"IBM Research, Israel",1,1505,0.000664451827242525,181
Community 11,Imperial College London,1,1505,0.000664451827242525,182
Community 11,Indian Institute of Technology Bombay,1,1505,0.000664451827242525,183
Community 11,Indian Institute of Technology Kharagpur,1,1505,0.000664451827242525,184
Community 11,Indiana University Bloomington,1,1505,0.000664451827242525,185
Community 11,Institute for Molecular Medicine Finland,1,1505,0.000664451827242525,186
Community 11,"Integrative Bioinformatics, Inc., Mountain View, CA, USA",1,1505,0.000664451827242525,187
Community 11,Intermountain Medical Center,1,1505,0.000664451827242525,188
Community 11,"Istenhegyi Genetic Diagnostic Centre, Molecular Genetic Laboratory, Budapest, Hungary",1,1505,0.000664451827242525,189
Community 11,James J. Peters VA Medical Center,1,1505,0.000664451827242525,190
Community 11,Johns Hopkins Medicine,1,1505,0.000664451827242525,191
Community 11,Joslin Diabetes Center,1,1505,0.000664451827242525,192
Community 11,Kangdong Sacred Heart Hospital,1,1505,0.000664451827242525,193
Community 11,Kangwon National University,1,1505,0.000664451827242525,194
Community 11,King's College London,1,1505,0.000664451827242525,195
Community 11,Korea Advanced Institute of Science and Technology,1,1505,0.000664451827242525,196
Community 11,Korea Institute of Science & Technology Information,1,1505,0.000664451827242525,197
Community 11,Korea University,1,1505,0.000664451827242525,198
Community 11,Kyung Hee University,1,1505,0.000664451827242525,199
Community 11,LMU Klinikum,1,1505,0.000664451827242525,200
Community 11,Lafayette School Corporation,1,1505,0.000664451827242525,201
Community 11,Leipzig University,1,1505,0.000664451827242525,202
Community 11,MGH Co Ltd,1,1505,0.000664451827242525,203
Community 11,Masaryk University,1,1505,0.000664451827242525,204
Community 11,Massachusetts Eye and Ear Infirmary,1,1505,0.000664451827242525,205
Community 11,Max Planck Institute for Heart and Lung Research,1,1505,0.000664451827242525,206
Community 11,Mayo Clinic in Florida,1,1505,0.000664451827242525,207
Community 11,McGill University,1,1505,0.000664451827242525,208
Community 11,Medical University of Gdańsk,1,1505,0.000664451827242525,209
Community 11,Medical University of South Carolina,1,1505,0.000664451827242525,210
Community 11,Medical University of Warsaw,1,1505,0.000664451827242525,211
Community 11,Merck Research Laboratories,1,1505,0.000664451827242525,212
Community 11,Methodist Debakey Heart & Vascular Center,1,1505,0.000664451827242525,213
Community 11,Michael E. DeBakey VA Medical Center,1,1505,0.000664451827242525,214
Community 11,"Milton Academy, Milton, MA",1,1505,0.000664451827242525,215
Community 11,Montreal Clinical Research Institute,1,1505,0.000664451827242525,216
Community 11,NYU Langone Health,1,1505,0.000664451827242525,217
Community 11,National Heart Lung and Blood Institute,1,1505,0.000664451827242525,218
Community 11,Nesta,1,1505,0.000664451827242525,219
Community 11,New York Genome Center,1,1505,0.000664451827242525,220
Community 11,Nihon University,1,1505,0.000664451827242525,221
Community 11,"OptumLabs, Eden Prairie (H.K.V.H.).",1,1505,0.000664451827242525,222
Community 11,Oregon Health & Science University,1,1505,0.000664451827242525,223
Community 11,Ospedale San Paolo,1,1505,0.000664451827242525,224
Community 11,Policlinico San Matteo Fondazione,1,1505,0.000664451827242525,225
Community 11,"Posit PBC, Boston, MA 02210, United States",1,1505,0.000664451827242525,226
Community 11,Providence VA Medical Center,1,1505,0.000664451827242525,227
Community 11,Pusan National University,1,1505,0.000664451827242525,228
Community 11,RIKEN,1,1505,0.000664451827242525,229
Community 11,RWTH Aachen University,1,1505,0.000664451827242525,230
Community 11,Radboud University Nijmegen Medical Centre,1,1505,0.000664451827242525,231
Community 11,Reading Hospital,1,1505,0.000664451827242525,232
Community 11,Rensselaer Polytechnic Institute,1,1505,0.000664451827242525,233
Community 11,Rice University,1,1505,0.000664451827242525,234
Community 11,Rigshospitalet,1,1505,0.000664451827242525,235
Community 11,Robarts Research Institute,1,1505,0.000664451827242525,236
Community 11,"Rutgers, The State University of New Jersey",1,1505,0.000664451827242525,237
Community 11,"SGMK Copernicus University, College of Medical Sciences, Olsztyn, Poland",1,1505,0.000664451827242525,238
Community 11,SINTEF Digital,1,1505,0.000664451827242525,239
Community 11,Saint Camillus International University of Health and Medical Sciences,1,1505,0.000664451827242525,240
Community 11,Skåne University Hospital,1,1505,0.000664451827242525,241
Community 11,Soonchunhyang University,1,1505,0.000664451827242525,242
Community 11,Soongsil University,1,1505,0.000664451827242525,243
Community 11,St David's Medical Center,1,1505,0.000664451827242525,244
Community 11,St Thomas' Hospital,1,1505,0.000664451827242525,245
Community 11,Taipei Veterans General Hospital,1,1505,0.000664451827242525,246
Community 11,Taiyuan University of Technology,1,1505,0.000664451827242525,247
Community 11,The Heart Research Institute,1,1505,0.000664451827242525,248
Community 11,The Ohio State University Wexner Medical Center,1,1505,0.000664451827242525,249
Community 11,The University of Texas Health Science Center at Houston,1,1505,0.000664451827242525,250
Community 11,The University of Texas at Dallas,1,1505,0.000664451827242525,251
Community 11,The University of Texas at San Antonio,1,1505,0.000664451827242525,252
Community 11,Thrombolysis in Myocardial Infarction Study Group,1,1505,0.000664451827242525,253
Community 11,Tri-Service General Hospital,1,1505,0.000664451827242525,254
Community 11,Ultragenyx Pharmaceutical Inc,1,1505,0.000664451827242525,255
Community 11,University Clinical Centre of Serbia,1,1505,0.000664451827242525,256
Community 11,University College London,1,1505,0.000664451827242525,257
Community 11,University Hospital Heidelberg,1,1505,0.000664451827242525,258
Community 11,University Hospitals Cleveland Medical Center,1,1505,0.000664451827242525,259
Community 11,University Medical Center Freiburg,1,1505,0.000664451827242525,260
Community 11,"University of California, Santa Cruz",1,1505,0.000664451827242525,261
Community 11,University of Chicago,1,1505,0.000664451827242525,262
Community 11,University of Gothenburg,1,1505,0.000664451827242525,263
Community 11,University of Iowa,1,1505,0.000664451827242525,264
Community 11,University of Kansas Medical Center,1,1505,0.000664451827242525,265
Community 11,University of Mississippi Medical Center,1,1505,0.000664451827242525,266
Community 11,University of Montreal,1,1505,0.000664451827242525,267
Community 11,University of Pittsburgh Medical Center,1,1505,0.000664451827242525,268
Community 11,University of Science and Technology of China,1,1505,0.000664451827242525,269
Community 11,University of Utah,1,1505,0.000664451827242525,270
Community 11,Universitätsklinikum des Saarlandes,1,1505,0.000664451827242525,271
Community 11,VA San Diego Healthcare System,1,1505,0.000664451827242525,272
Community 11,Vector Institute,1,1505,0.000664451827242525,273
Community 11,Victor Chang Cardiac Research Institute,1,1505,0.000664451827242525,274
Community 11,WellSpan Health,1,1505,0.000664451827242525,275
Community 11,Wellcome/Cancer Research UK Gurdon Institute,1,1505,0.000664451827242525,276
Community 11,Wonkwang University,1,1505,0.000664451827242525,277
Community 11,Wuhan University,1,1505,0.000664451827242525,278
Community 11,Yale School of Public Health - Department of Biostatistics,1,1505,0.000664451827242525,279
Community 11,École Polytechnique Fédérale de Lausanne,1,1505,0.000664451827242525,280
Community 12,University of Glasgow,222,1497,0.14829659318637275,1
Community 12,King's College London,178,1497,0.11890447561790247,2
Community 12,University of Edinburgh,136,1497,0.09084836339345358,3
Community 12,Cardiff University,105,1497,0.07014028056112225,4
Community 12,Deakin University,31,1497,0.020708082832331328,5
Community 12,University of Aberdeen,29,1497,0.019372077488309953,6
Community 12,Jazan University,19,1497,0.012692050768203072,7
Community 12,Newcastle University,16,1497,0.01068804275217101,8
Community 12,Icahn School of Medicine at Mount Sinai,15,1497,0.01002004008016032,9
Community 12,MRC/CSO Social and Public Health Sciences Unit,15,1497,0.01002004008016032,10
Community 12,University of Dundee,15,1497,0.01002004008016032,11
Community 12,St. Jude Children's Research Hospital,12,1497,0.008016032064128256,12
Community 12,University of Oxford,12,1497,0.008016032064128256,13
Community 12,Karolinska Institutet,11,1497,0.007348029392117568,14
Community 12,University of Bristol,11,1497,0.007348029392117568,15
Community 12,University of Exeter,11,1497,0.007348029392117568,16
Community 12,Centro Cardiologico Monzino,10,1497,0.006680026720106881,17
Community 12,University of York,10,1497,0.006680026720106881,18
Community 12,University of Bologna,9,1497,0.006012024048096192,19
Community 12,Unknown institution,9,1497,0.006012024048096192,20
Community 12,The University of Sydney,8,1497,0.005344021376085505,21
Community 12,University College London,8,1497,0.005344021376085505,22
Community 12,University of Cambridge,8,1497,0.005344021376085505,23
Community 12,University of Melbourne,8,1497,0.005344021376085505,24
Community 12,University of St Andrews,8,1497,0.005344021376085505,25
Community 12,Linköping University,7,1497,0.004676018704074816,26
Community 12,Queen Elizabeth University Hospital,7,1497,0.004676018704074816,27
Community 12,University of Modena and Reggio Emilia,7,1497,0.004676018704074816,28
Community 12,University of Southampton,7,1497,0.004676018704074816,29
Community 12,Eli Lilly and Co Ltd,6,1497,0.004008016032064128,30
Community 12,Novartis Pharma AG,6,1497,0.004008016032064128,31
Community 12,Queen Mary University of London,6,1497,0.004008016032064128,32
Community 12,Saint Louis University,6,1497,0.004008016032064128,33
Community 12,Seoul National University,6,1497,0.004008016032064128,34
Community 12,"University of California, San Francisco",6,1497,0.004008016032064128,35
Community 12,University of Nottingham,6,1497,0.004008016032064128,36
Community 12,University of Nottingham Ningbo China,6,1497,0.004008016032064128,37
Community 12,Columbia University,5,1497,0.0033400133600534404,38
Community 12,Dasman Diabetes Institute,5,1497,0.0033400133600534404,39
Community 12,Fondazione IRCCS Ca' Granda Ospedale Maggiore Policlinico,5,1497,0.0033400133600534404,40
Community 12,Imperial College London,5,1497,0.0033400133600534404,41
Community 12,Medical University of Silesia,5,1497,0.0033400133600534404,42
Community 12,National Taiwan University,5,1497,0.0033400133600534404,43
Community 12,Papworth Hospital NHS Foundation Trust,5,1497,0.0033400133600534404,44
Community 12,University of Amsterdam,5,1497,0.0033400133600534404,45
Community 12,University of Leicester,5,1497,0.0033400133600534404,46
Community 12,Amsterdam UMC Location VUmc,4,1497,0.0026720106880427524,47
Community 12,Erasmus MC,4,1497,0.0026720106880427524,48
Community 12,Glasgow Royal Infirmary,4,1497,0.0026720106880427524,49
Community 12,IRCCS Ospedale San Raffaele,4,1497,0.0026720106880427524,50
Community 12,King Fahad Central Hospital,4,1497,0.0026720106880427524,51
Community 12,Ministry of Health,4,1497,0.0026720106880427524,52
Community 12,NHS Greater Glasgow and Clyde,4,1497,0.0026720106880427524,53
Community 12,Royal College of Surgeons in Ireland,4,1497,0.0026720106880427524,54
Community 12,Southampton General Hospital,4,1497,0.0026720106880427524,55
Community 12,Surrey and Borders Partnership NHS Foundation Trust,4,1497,0.0026720106880427524,56
Community 12,Swansea University,4,1497,0.0026720106880427524,57
Community 12,The Edinburgh Cancer Research Centre,4,1497,0.0026720106880427524,58
Community 12,UK Dementia Research Institute,4,1497,0.0026720106880427524,59
Community 12,Universidade Nova de Lisboa,4,1497,0.0026720106880427524,60
Community 12,University of Bergen,4,1497,0.0026720106880427524,61
Community 12,University of Lorraine,4,1497,0.0026720106880427524,62
Community 12,University of Palermo,4,1497,0.0026720106880427524,63
Community 12,University of Ulster,4,1497,0.0026720106880427524,64
Community 12,Vita-Salute San Raffaele University,4,1497,0.0026720106880427524,65
Community 12,"Aparito Limited, Wrexham, UK",3,1497,0.002004008016032064,66
Community 12,Blood Transfusion Service of Namibia,3,1497,0.002004008016032064,67
Community 12,"City St George’s, University of London",3,1497,0.002004008016032064,68
Community 12,"Finnish Biobank Cooperative–FINBB, Turku, Finland",3,1497,0.002004008016032064,69
Community 12,Haukeland University Hospital,3,1497,0.002004008016032064,70
Community 12,Hong Kong Polytechnic University,3,1497,0.002004008016032064,71
Community 12,Karolinska University Hospital,3,1497,0.002004008016032064,72
Community 12,Leeds Beckett University,3,1497,0.002004008016032064,73
Community 12,MRC Human Genetics Unit,3,1497,0.002004008016032064,74
Community 12,Maastricht University,3,1497,0.002004008016032064,75
Community 12,NHS Lothian,3,1497,0.002004008016032064,76
Community 12,"Novartis Pharma AG, Dublin, Ireland",3,1497,0.002004008016032064,77
Community 12,Novartis Pharmaceuticals UK Ltd,3,1497,0.002004008016032064,78
Community 12,Novo Nordisk AS,3,1497,0.002004008016032064,79
Community 12,Public Health Scotland,3,1497,0.002004008016032064,80
Community 12,Queen's University Belfast,3,1497,0.002004008016032064,81
Community 12,Royal Edinburgh Hospital,3,1497,0.002004008016032064,82
Community 12,The Brigham and Women's Hospital Inc,3,1497,0.002004008016032064,83
Community 12,The University of Texas at Austin,3,1497,0.002004008016032064,84
Community 12,"University of California, San Diego",3,1497,0.002004008016032064,85
Community 12,University of Hong Kong,3,1497,0.002004008016032064,86
Community 12,University of Leeds,3,1497,0.002004008016032064,87
Community 12,University of Limerick,3,1497,0.002004008016032064,88
Community 12,University of Stirling,3,1497,0.002004008016032064,89
Community 12,University of Verona,3,1497,0.002004008016032064,90
Community 12,Utrecht University,3,1497,0.002004008016032064,91
Community 12,VIB-KU Leuven Center for Brain & Disease Research,3,1497,0.002004008016032064,92
Community 12,Adelaide University,2,1497,0.0013360053440213762,93
Community 12,Assistance Publique - Hôpitaux de Paris,2,1497,0.0013360053440213762,94
Community 12,August Pi i Sunyer Biomedical Research Institute,2,1497,0.0013360053440213762,95
Community 12,Bellvitge University Hospital,2,1497,0.0013360053440213762,96
Community 12,CSI Holdsworth Memorial Hospital,2,1497,0.0013360053440213762,97
Community 12,Catholic University of the Maule,2,1497,0.0013360053440213762,98
Community 12,Charité - University Medicine Berlin,2,1497,0.0013360053440213762,99
Community 12,China Medical University,2,1497,0.0013360053440213762,100
Community 12,Cornell University,2,1497,0.0013360053440213762,101
Community 12,Dalhousie University,2,1497,0.0013360053440213762,102
Community 12,"Global Research and Data Analytics, RGA Reinsurance Company, London, UK",2,1497,0.0013360053440213762,103
Community 12,Greifswald University Medicine,2,1497,0.0013360053440213762,104
Community 12,Gyroscope Therapeutics Ltd,2,1497,0.0013360053440213762,105
Community 12,"Health Analytics, Lane Clark & Peacock LLP, London, UK",2,1497,0.0013360053440213762,106
Community 12,Inserm,2,1497,0.0013360053440213762,107
Community 12,James J. Peters VA Medical Center,2,1497,0.0013360053440213762,108
Community 12,"Leyden Delta B.V., Nijmegen, the Netherlands",2,1497,0.0013360053440213762,109
Community 12,London School of Economics and Political Science,2,1497,0.0013360053440213762,110
Community 12,London School of Hygiene & Tropical Medicine,2,1497,0.0013360053440213762,111
Community 12,Ludwig-Maximilians-Universität München,2,1497,0.0013360053440213762,112
Community 12,MRC Centre for Reproductive Health,2,1497,0.0013360053440213762,113
Community 12,MRC Integrative Epidemiology Unit,2,1497,0.0013360053440213762,114
Community 12,Manchester Metropolitan University,2,1497,0.0013360053440213762,115
Community 12,Maria Cecilia Hospital,2,1497,0.0013360053440213762,116
Community 12,Medical University of Vienna,2,1497,0.0013360053440213762,117
Community 12,Mental Health Services,2,1497,0.0013360053440213762,118
Community 12,Monash University,2,1497,0.0013360053440213762,119
Community 12,Mondor Institute of Biomedical Research,2,1497,0.0013360053440213762,120
Community 12,Namibia University of Science and Technology,2,1497,0.0013360053440213762,121
Community 12,"National University of Ireland, Maynooth",2,1497,0.0013360053440213762,122
Community 12,Ninewells Hospital,2,1497,0.0013360053440213762,123
Community 12,Northumbria University,2,1497,0.0013360053440213762,124
Community 12,Novartis Healthcare Pvt Ltd,2,1497,0.0013360053440213762,125
Community 12,Novartis Pharmaceuticals Corp,2,1497,0.0013360053440213762,126
Community 12,Politecnico di Milano,2,1497,0.0013360053440213762,127
Community 12,Scottish Universities Environmental Research Centre,2,1497,0.0013360053440213762,128
Community 12,Shaanxi Normal University,2,1497,0.0013360053440213762,129
Community 12,Taipei Medical University,2,1497,0.0013360053440213762,130
Community 12,The University of Texas Southwestern Medical Center,2,1497,0.0013360053440213762,131
Community 12,The University of Texas at Dallas,2,1497,0.0013360053440213762,132
Community 12,Tongji Hospital Affiliated to Tongji Medical College of Huazhong University of Science & Technology,2,1497,0.0013360053440213762,133
Community 12,Trinity College Dublin,2,1497,0.0013360053440213762,134
Community 12,UiT The Arctic University of Norway,2,1497,0.0013360053440213762,135
Community 12,Universidade de São Paulo,2,1497,0.0013360053440213762,136
Community 12,Universiti Brunei Darussalam,2,1497,0.0013360053440213762,137
Community 12,University of Birmingham,2,1497,0.0013360053440213762,138
Community 12,University of Catania,2,1497,0.0013360053440213762,139
Community 12,University of Córdoba,2,1497,0.0013360053440213762,140
Community 12,University of Eastern Finland,2,1497,0.0013360053440213762,141
Community 12,University of Ferrara,2,1497,0.0013360053440213762,142
Community 12,University of Geneva,2,1497,0.0013360053440213762,143
Community 12,University of Granada,2,1497,0.0013360053440213762,144
Community 12,University of Groningen,2,1497,0.0013360053440213762,145
Community 12,University of Liverpool,2,1497,0.0013360053440213762,146
Community 12,University of Luxembourg,2,1497,0.0013360053440213762,147
Community 12,University of Milan,2,1497,0.0013360053440213762,148
Community 12,University of Münster,2,1497,0.0013360053440213762,149
Community 12,University of Opole,2,1497,0.0013360053440213762,150
Community 12,University of Pennsylvania,2,1497,0.0013360053440213762,151
Community 12,University of Queensland,2,1497,0.0013360053440213762,152
Community 12,University of South Carolina,2,1497,0.0013360053440213762,153
Community 12,University of Tartu,2,1497,0.0013360053440213762,154
Community 12,University of Toronto,2,1497,0.0013360053440213762,155
Community 12,University of Worcester,2,1497,0.0013360053440213762,156
Community 12,Université Laval,2,1497,0.0013360053440213762,157
Community 12,Université Libre de Bruxelles,2,1497,0.0013360053440213762,158
Community 12,World Cancer Research Fund International,2,1497,0.0013360053440213762,159
Community 12,ADD Study Team,1,1497,0.0006680026720106881,160
Community 12,Aarhus University,1,1497,0.0006680026720106881,161
Community 12,Aberdeen Royal Infirmary,1,1497,0.0006680026720106881,162
Community 12,AcroVizTechnology (Taiwan),1,1497,0.0006680026720106881,163
Community 12,Advanced Center for Chronic Diseases,1,1497,0.0006680026720106881,164
Community 12,Amsterdam UMC Location AMC,1,1497,0.0006680026720106881,165
Community 12,Amsterdam University Medical Centers,1,1497,0.0006680026720106881,166
Community 12,Appremed,1,1497,0.0006680026720106881,167
Community 12,Azienda Ospedaliera Universitaria Integrata Verona,1,1497,0.0006680026720106881,168
Community 12,Barts Health NHS Trust,1,1497,0.0006680026720106881,169
Community 12,Beatson West of Scotland Cancer Centre,1,1497,0.0006680026720106881,170
Community 12,Biotrial (France),1,1497,0.0006680026720106881,171
Community 12,"Bipolar UK, London, UK",1,1497,0.0006680026720106881,172
Community 12,Boston University,1,1497,0.0006680026720106881,173
Community 12,Brighton and Sussex Medical School,1,1497,0.0006680026720106881,174
Community 12,Broad Institute,1,1497,0.0006680026720106881,175
Community 12,CEDaR - Center for Eating and Feeding Disorders Research,1,1497,0.0006680026720106881,176
Community 12,Camden and Islington NHS Foundation Trust,1,1497,0.0006680026720106881,177
Community 12,Cardiff Metropolitan University,1,1497,0.0006680026720106881,178
Community 12,Castle Hill Hospital,1,1497,0.0006680026720106881,179
Community 12,Catholic University of the Most Holy Conception,1,1497,0.0006680026720106881,180
Community 12,Central Institute of Mental Health,1,1497,0.0006680026720106881,181
Community 12,Centro de Investigación Biomédica en Red,1,1497,0.0006680026720106881,182
Community 12,Centro de Investigación Biomédica en Red de Epidemiología y Salud Pública,1,1497,0.0006680026720106881,183
Community 12,China Medical University Hospital,1,1497,0.0006680026720106881,184
Community 12,Columbia University Irving Medical Center,1,1497,0.0006680026720106881,185
Community 12,Commonwealth Scientific and Industrial Research Organisation,1,1497,0.0006680026720106881,186
Community 12,Connolly Hospital Blanchardstown,1,1497,0.0006680026720106881,187
Community 12,"Cytox Ltd, Work.life, Core, Manchester, United Kingdom",1,1497,0.0006680026720106881,188
Community 12,Dana Farber Cancer Institute Inc,1,1497,0.0006680026720106881,189
Community 12,Danish National Genome Center,1,1497,0.0006680026720106881,190
Community 12,"Department of Imaging and Interventional Radiology, Narayana Multispecialty Hospital, Mysore, India",1,1497,0.0006680026720106881,191
Community 12,"Department of Internal Medicine, Huzhou Wuxing Hospital of Chinese Medicine, 313000, Huzhou, China",1,1497,0.0006680026720106881,192
Community 12,"Department of Radiology, Greater Glasgow and Clyde NHS, Glasgow, UK",1,1497,0.0006680026720106881,193
Community 12,Derriford Hospital,1,1497,0.0006680026720106881,194
Community 12,Diakonhjemmet Hospital,1,1497,0.0006680026720106881,195
Community 12,Diego Portales University,1,1497,0.0006680026720106881,196
Community 12,"Division of Neuroscience, IRCCS, San, Raffaele Hospital, Psychiatry and Clinical Psychobiology Unit",1,1497,0.0006680026720106881,197
Community 12,Eli Lilly and Co,1,1497,0.0006680026720106881,198
Community 12,Emory University,1,1497,0.0006680026720106881,199
Community 12,Essen University Hospital,1,1497,0.0006680026720106881,200
Community 12,Eunice Kennedy Shriver National Institute of Child Health and Human Development,1,1497,0.0006680026720106881,201
Community 12,"Finnish Biobank Cooperative – FINBB, Helsinki, Finland",1,1497,0.0006680026720106881,202
Community 12,"Finnish Clinical Biobank Tampere, Tampere, Finland",1,1497,0.0006680026720106881,203
Community 12,Flinders University,1,1497,0.0006680026720106881,204
Community 12,Fondation FondaMental,1,1497,0.0006680026720106881,205
Community 12,"Foundation for Research and Advocacy in Mental Health, Mysore, India",1,1497,0.0006680026720106881,206
Community 12,Freelance Science Communicator and Researcher,1,1497,0.0006680026720106881,207
Community 12,Gold Coast Hospital,1,1497,0.0006680026720106881,208
Community 12,Grünenthal GmbH,1,1497,0.0006680026720106881,209
Community 12,Hammersmith Hospital,1,1497,0.0006680026720106881,210
Community 12,Harvard University,1,1497,0.0006680026720106881,211
Community 12,Health Research Institute of the Balearic Islands,1,1497,0.0006680026720106881,212
Community 12,Hebrew University of Jerusalem,1,1497,0.0006680026720106881,213
Community 12,Helsinki University Hospital,1,1497,0.0006680026720106881,214
Community 12,Hospital General Universitario Gregorio Marañón,1,1497,0.0006680026720106881,215
Community 12,Hospital del Mar Medical Research Institute,1,1497,0.0006680026720106881,216
Community 12,IMDEA Food,1,1497,0.0006680026720106881,217
Community 12,Institute for Molecular Medicine Finland,1,1497,0.0006680026720106881,218
Community 12,Instituto Conmemorativo Gorgas de Estudios de la Salud,1,1497,0.0006680026720106881,219
Community 12,Instituto de Investigaciones del Sueño,1,1497,0.0006680026720106881,220
Community 12,KU Leuven,1,1497,0.0006680026720106881,221
Community 12,Kuopion Liikuntalääketieteen Tutkimuslaitos,1,1497,0.0006680026720106881,222
Community 12,Kwong Wah Hospital,1,1497,0.0006680026720106881,223
Community 12,LMU Klinikum,1,1497,0.0006680026720106881,224
Community 12,La Trobe University,1,1497,0.0006680026720106881,225
Community 12,Leiden University Medical Center,1,1497,0.0006680026720106881,226
Community 12,Lithuanian Sports University,1,1497,0.0006680026720106881,227
Community 12,Louis Stokes Cleveland VA Medical Center,1,1497,0.0006680026720106881,228
Community 12,MQ: Transforming Mental Health,1,1497,0.0006680026720106881,229
Community 12,MRC Institute of Genetics and Molecular Medicine,1,1497,0.0006680026720106881,230
Community 12,MRC Lifecourse Epidemiology Unit,1,1497,0.0006680026720106881,231
Community 12,Macquarie University,1,1497,0.0006680026720106881,232
Community 12,Magna,1,1497,0.0006680026720106881,233
Community 12,Major Depressive Disorder Working Group of the Psychiatric Genomics Consortium,1,1497,0.0006680026720106881,234
Community 12,Mario Negri Institute for Pharmacological Research,1,1497,0.0006680026720106881,235
Community 12,Massachusetts General Hospital,1,1497,0.0006680026720106881,236
Community 12,Medical University of Gdańsk,1,1497,0.0006680026720106881,237
Community 12,Medical University of Lodz,1,1497,0.0006680026720106881,238
Community 12,"Melbourne, Australia, Glasgow, United Kingdom",1,1497,0.0006680026720106881,239
Community 12,Moi Teaching and Referral Hospital,1,1497,0.0006680026720106881,240
Community 12,Mount Vernon Hospital,1,1497,0.0006680026720106881,241
Community 12,NHS Grampian,1,1497,0.0006680026720106881,242
Community 12,National Health Service England,1,1497,0.0006680026720106881,243
Community 12,National Institute for Health and Care Research,1,1497,0.0006680026720106881,244
Community 12,National Taiwan University Hospital,1,1497,0.0006680026720106881,245
Community 12,National University of Singapore,1,1497,0.0006680026720106881,246
Community 12,National and Kapodistrian University of Athens,1,1497,0.0006680026720106881,247
Community 12,Ningbo University,1,1497,0.0006680026720106881,248
Community 12,Northeastern University,1,1497,0.0006680026720106881,249
Community 12,Novartis Ireland Ltd,1,1497,0.0006680026720106881,250
Community 12,Novartis Sverige AB,1,1497,0.0006680026720106881,251
Community 12,"Novartis, Kuala Lumpur, Malaysia",1,1497,0.0006680026720106881,252
Community 12,Oasi Maria SS,1,1497,0.0006680026720106881,253
Community 12,Ohio University,1,1497,0.0006680026720106881,254
Community 12,"Ophthalmology Center, Prince Mohammed bin Nasser Hospital, Jazan, SAU.",1,1497,0.0006680026720106881,255
Community 12,Oulu University Hospital,1,1497,0.0006680026720106881,256
Community 12,PGC,1,1497,0.0006680026720106881,257
Community 12,Paris Cardiovascular Research Center,1,1497,0.0006680026720106881,258
Community 12,Parnassia Groep BV,1,1497,0.0006680026720106881,259
Community 12,Peninsula College of Medicine and Dentistry,1,1497,0.0006680026720106881,260
Community 12,"Pfizer WRD, Human Genetics and Computational Biomedicine, Granta Park, Cambridge, United Kingdom",1,1497,0.0006680026720106881,261
Community 12,Pitié-Salpêtrière Hospital,1,1497,0.0006680026720106881,262
Community 12,Queen Margaret University,1,1497,0.0006680026720106881,263
Community 12,Queen's Medical Centre,1,1497,0.0006680026720106881,264
Community 12,Radboud University Nijmegen Medical Centre,1,1497,0.0006680026720106881,265
Community 12,Rigshospitalet,1,1497,0.0006680026720106881,266
Community 12,"Rivierduinen Institute for Mental Health Care, Sandifortdreef 19, 2333 ZZ, Leiden, The Netherlands",1,1497,0.0006680026720106881,267
Community 12,Rovira i Virgili University,1,1497,0.0006680026720106881,268
Community 12,San Sebastián University,1,1497,0.0006680026720106881,269
Community 12,Science is People Ltd,1,1497,0.0006680026720106881,270
Community 12,Seoul National University Bundang Hospital,1,1497,0.0006680026720106881,271
Community 12,"Source Health economics, Oxford, UK , Oxford, United Kingdom of Great Britain & Northern Ireland",1,1497,0.0006680026720106881,272
Community 12,Southampton City Council,1,1497,0.0006680026720106881,273
Community 12,St Olav's University Hospital,1,1497,0.0006680026720106881,274
Community 12,State University of New York (System),1,1497,0.0006680026720106881,275
Community 12,State University of New York Downstate Health Sciences University,1,1497,0.0006680026720106881,276
Community 12,Tel Aviv University,1,1497,0.0006680026720106881,277
Community 12,Temuco Catholic University,1,1497,0.0006680026720106881,278
Community 12,The Alan Turing Institute,1,1497,0.0006680026720106881,279
Community 12,The Maria Sklodowska-Curie National Research Institute of Oncology,1,1497,0.0006680026720106881,280
Community 12,Translational Research Institute,1,1497,0.0006680026720106881,281
Community 12,Tufts University,1,1497,0.0006680026720106881,282
Community 12,UNSW Sydney,1,1497,0.0006680026720106881,283
Community 12,USC University Hospital Complex,1,1497,0.0006680026720106881,284
Community 12,Umm al-Qura University,1,1497,0.0006680026720106881,285
Community 12,University Hospital Llandough,1,1497,0.0006680026720106881,286
Community 12,University Hospital of Zurich,1,1497,0.0006680026720106881,287
Community 12,University Hospitals of Leicester NHS Trust,1,1497,0.0006680026720106881,288
Community 12,University of Agricultural Sciences and Veterinary Medicine of Cluj-Napoca,1,1497,0.0006680026720106881,289
Community 12,University of Alberta,1,1497,0.0006680026720106881,290
Community 12,University of Bath,1,1497,0.0006680026720106881,291
Community 12,University of Bordeaux,1,1497,0.0006680026720106881,292
Community 12,University of Bremen,1,1497,0.0006680026720106881,293
Community 12,University of British Columbia,1,1497,0.0006680026720106881,294
Community 12,University of Bío-Bío,1,1497,0.0006680026720106881,295
Community 12,"University of California, Davis",1,1497,0.0006680026720106881,296
Community 12,University of Castilla-La Mancha,1,1497,0.0006680026720106881,297
Community 12,University of Concepción,1,1497,0.0006680026720106881,298
Community 12,University of Copenhagen,1,1497,0.0006680026720106881,299
Community 12,University of Iceland,1,1497,0.0006680026720106881,300
Community 12,University of La Frontera,1,1497,0.0006680026720106881,301
Community 12,University of Lille,1,1497,0.0006680026720106881,302
Community 12,University of Michigan-Ann Arbor,1,1497,0.0006680026720106881,303
Community 12,University of Mississippi,1,1497,0.0006680026720106881,304
Community 12,University of Montreal,1,1497,0.0006680026720106881,305
Community 12,University of North Carolina at Chapel Hill,1,1497,0.0006680026720106881,306
Community 12,University of Oviedo,1,1497,0.0006680026720106881,307
Community 12,University of Padua,1,1497,0.0006680026720106881,308
Community 12,University of Perugia,1,1497,0.0006680026720106881,309
Community 12,University of Porto,1,1497,0.0006680026720106881,310
Community 12,University of Salford,1,1497,0.0006680026720106881,311
Community 12,University of Sheffield,1,1497,0.0006680026720106881,312
Community 12,University of Strathclyde,1,1497,0.0006680026720106881,313
Community 12,University of Sussex,1,1497,0.0006680026720106881,314
Community 12,University of Virginia,1,1497,0.0006680026720106881,315
Community 12,University of Westminster,1,1497,0.0006680026720106881,316
Community 12,University of the Basque Country,1,1497,0.0006680026720106881,317
Community 12,University of Évora,1,1497,0.0006680026720106881,318
Community 12,Université Paris Cité,1,1497,0.0006680026720106881,319
Community 12,Uppsala University,1,1497,0.0006680026720106881,320
Community 12,Wageningen University & Research,1,1497,0.0006680026720106881,321
Community 12,Washington University in St. Louis,1,1497,0.0006680026720106881,322
Community 12,Weill Medical College of Cornell University,1,1497,0.0006680026720106881,323
Community 12,Wenzhou Medical University,1,1497,0.0006680026720106881,324
Community 12,West Bengal State University,1,1497,0.0006680026720106881,325
Community 12,Women's College Hospital,1,1497,0.0006680026720106881,326
Community 12,Zhejiang University,1,1497,0.0006680026720106881,327
Community 12,Zhejiang University of Technology,1,1497,0.0006680026720106881,328
Community 2,National Cancer Institute,162,3657,0.044298605414273995,1
Community 2,International Agency for Research on Cancer,79,3657,0.021602406343997814,2
Community 2,University of Oxford,67,3657,0.018321028165162703,3
Community 2,German Cancer Research Center,65,3657,0.017774131802023516,4
Community 2,Washington University in St. Louis,62,3657,0.01695378725731474,5
Community 2,Johns Hopkins University,61,3657,0.016680339075745145,6
Community 2,University of Cambridge,57,3657,0.015586546349466776,7
Community 2,University of Southern California,54,3657,0.014766201804757998,8
Community 2,"University of California, San Francisco",52,3657,0.014219305441618812,9
Community 2,Fred Hutchinson Cancer Center,49,3657,0.013398960896910036,10
Community 2,Harvard University,47,3657,0.01285206453377085,11
Community 2,Unknown institution,44,3657,0.012031719989062073,12
Community 2,The Institute of Cancer Research: Royal Cancer Hospital,43,3657,0.01175827180749248,13
Community 2,Imperial College London,42,3657,0.011484823625922888,14
Community 2,Memorial Sloan Kettering Cancer Center,40,3657,0.010937927262783703,15
Community 2,Mayo Clinic,33,3657,0.009023789991796555,16
Community 2,The University of Texas MD Anderson Cancer Center,33,3657,0.009023789991796555,17
Community 2,St. Jude Children's Research Hospital,32,3657,0.008750341810226962,18
Community 2,University of Manchester,32,3657,0.008750341810226962,19
Community 2,University of Utah,32,3657,0.008750341810226962,20
Community 2,University College London,31,3657,0.00847689362865737,21
Community 2,Institut Gustave Roussy,26,3657,0.007109652720809406,22
Community 2,Baylor College of Medicine,25,3657,0.006836204539239814,23
Community 2,Umeå University,25,3657,0.006836204539239814,24
Community 2,Leiden University Medical Center,24,3657,0.006562756357670222,25
Community 2,University of Melbourne,22,3657,0.006015859994531037,26
Community 2,Emory University,21,3657,0.005742411812961444,27
Community 2,University of Minnesota Twin Cities,21,3657,0.005742411812961444,28
Community 2,University of Toronto,21,3657,0.005742411812961444,29
Community 2,Karolinska Institutet,20,3657,0.005468963631391851,30
Community 2,University Medical Center Utrecht,20,3657,0.005468963631391851,31
Community 2,University of Bristol,20,3657,0.005468963631391851,32
Community 2,Institut d'Investigació Biomédica de Bellvitge,19,3657,0.005195515449822259,33
Community 2,Kaiser Permanente,19,3657,0.005195515449822259,34
Community 2,University of Granada,19,3657,0.005195515449822259,35
Community 2,American Cancer Society,18,3657,0.004922067268252666,36
Community 2,Vanderbilt University Medical Center,18,3657,0.004922067268252666,37
Community 2,Moffitt Cancer Center,17,3657,0.004648619086683074,38
Community 2,Frederick National Laboratory for Cancer Research,16,3657,0.004375170905113481,39
Community 2,Massachusetts General Hospital,16,3657,0.004375170905113481,40
Community 2,Stanford University,16,3657,0.004375170905113481,41
Community 2,Centro de Investigación Biomédica en Red de Epidemiología y Salud Pública,15,3657,0.004101722723543888,42
Community 2,Lund University,15,3657,0.004101722723543888,43
Community 2,University of Washington,15,3657,0.004101722723543888,44
Community 2,Duke University,14,3657,0.0038282745419742957,45
Community 2,Hannover Medical School,14,3657,0.0038282745419742957,46
Community 2,Mercy Bioanalytics Inc,14,3657,0.0038282745419742957,47
Community 2,"University of California, Los Angeles",14,3657,0.0038282745419742957,48
Community 2,University of Leeds,14,3657,0.0038282745419742957,49
Community 2,University of Queensland,14,3657,0.0038282745419742957,50
Community 2,Vanderbilt-Ingram Cancer Center,14,3657,0.0038282745419742957,51
Community 2,University of North Carolina at Chapel Hill,13,3657,0.003554826360404703,52
Community 2,University of Turin,13,3657,0.003554826360404703,53
Community 2,Utrecht University,13,3657,0.003554826360404703,54
Community 2,Vanderbilt University,13,3657,0.003554826360404703,55
Community 2,Cedars-Sinai Medical Center,12,3657,0.003281378178835111,56
Community 2,Dana Farber Cancer Institute Inc,12,3657,0.003281378178835111,57
Community 2,London School of Hygiene & Tropical Medicine,12,3657,0.003281378178835111,58
Community 2,Northwestern University,12,3657,0.003281378178835111,59
Community 2,"University of California, San Diego",12,3657,0.003281378178835111,60
Community 2,University of Ioannina,12,3657,0.003281378178835111,61
Community 2,University of Pennsylvania,12,3657,0.003281378178835111,62
Community 2,National Heart Lung and Blood Institute,11,3657,0.0030079299972655183,63
Community 2,Queen's University Belfast,11,3657,0.0030079299972655183,64
Community 2,Universitair Ziekenhuis Leuven,11,3657,0.0030079299972655183,65
Community 2,Danish Cancer Society,10,3657,0.0027344818156959257,66
Community 2,Fachklinik Hornheide,10,3657,0.0027344818156959257,67
Community 2,Institut Català d'Oncologia,10,3657,0.0027344818156959257,68
Community 2,"Japan Specific Health Checkups (J-SHC) Study Group (T.K., K.Y., S.F., K.T., I.N., M.K., Y.S., K.I., T.M., M.K., K.A., Tsuyoshi Watanabe).",10,3657,0.0027344818156959257,69
Community 2,Myriad Genetics Inc,10,3657,0.0027344818156959257,70
Community 2,QIMR Berghofer Medical Research Institute,10,3657,0.0027344818156959257,71
Community 2,Radboud University Nijmegen Medical Centre,10,3657,0.0027344818156959257,72
Community 2,UiT The Arctic University of Norway,10,3657,0.0027344818156959257,73
Community 2,University of Hawaiʻi Cancer Center,10,3657,0.0027344818156959257,74
Community 2,University of Pittsburgh,10,3657,0.0027344818156959257,75
Community 2,Yale University,10,3657,0.0027344818156959257,76
Community 2,Charles University,9,3657,0.002461033634126333,77
Community 2,Fondazione IRCCS Istituto Nazionale dei Tumori,9,3657,0.002461033634126333,78
Community 2,Hospital Universitario La Paz,9,3657,0.002461033634126333,79
Community 2,Lunenfeld-Tanenbaum Research Institute,9,3657,0.002461033634126333,80
Community 2,Monash University,9,3657,0.002461033634126333,81
Community 2,Pomeranian Medical University,9,3657,0.002461033634126333,82
Community 2,University of Pisa,9,3657,0.002461033634126333,83
Community 2,University of Regensburg,9,3657,0.002461033634126333,84
Community 2,University of Virginia,9,3657,0.002461033634126333,85
Community 2,Universitätsklinikum Erlangen,9,3657,0.002461033634126333,86
Community 2,Aarhus University Hospital,8,3657,0.0021875854525567405,87
Community 2,Ambry Genetics Corp,8,3657,0.0021875854525567405,88
Community 2,Antoni van Leeuwenhoek Hospital,8,3657,0.0021875854525567405,89
Community 2,Boston University,8,3657,0.0021875854525567405,90
Community 2,Cancer Council Victoria,8,3657,0.0021875854525567405,91
Community 2,"Digestive Diseases and Microbiota Group, Department of Gastroenterology, Girona Biomedical Research Institute (IDIBGI), Hospital Universitari de Girona Dr. Josep Trueta, 17190 Salt, Spain;, lvila@idibgi.org, (L.V.-Q.);, efort.girona.ics@gencat.cat, (E.F.);, lpardo.girona.ics@gencat.cat, (L.P.);, mcapdevila@idibgi.org, (M.C.);, afeliu@idibgi.org, (A.F.);, abahi@idibgi.org, (A.B.);, eaguilar@idibgi.org, (E.A.);, dpozas@idibgi.org, (D.P.);, jesus.garcia@udg.edu, (L.J.G.-G.)",8,3657,0.0021875854525567405,92
Community 2,Erasmus MC,8,3657,0.0021875854525567405,93
Community 2,Erasmus MC Cancer Institute,8,3657,0.0021875854525567405,94
Community 2,Georgia Institute of Technology,8,3657,0.0021875854525567405,95
Community 2,German Institute of Human Nutrition,8,3657,0.0021875854525567405,96
Community 2,Mayo Clinic in Rochester,8,3657,0.0021875854525567405,97
Community 2,Medical College of Wisconsin,8,3657,0.0021875854525567405,98
Community 2,St Mary's Hospital,8,3657,0.0021875854525567405,99
Community 2,Tel Aviv University,8,3657,0.0021875854525567405,100
Community 2,The University of Texas Health Science Center at Houston,8,3657,0.0021875854525567405,101
Community 2,Universidade de São Paulo,8,3657,0.0021875854525567405,102
Community 2,Centre Léon Bérard,7,3657,0.0019141372709871479,103
Community 2,Dartmouth College,7,3657,0.0019141372709871479,104
Community 2,Georgetown University,7,3657,0.0019141372709871479,105
Community 2,Heidelberg University,7,3657,0.0019141372709871479,106
Community 2,Instituto de Salud Carlos III,7,3657,0.0019141372709871479,107
Community 2,Nanjing Drum Tower Hospital,7,3657,0.0019141372709871479,108
Community 2,New York University,7,3657,0.0019141372709871479,109
Community 2,Rigshospitalet,7,3657,0.0019141372709871479,110
Community 2,Roswell Park Comprehensive Cancer Center,7,3657,0.0019141372709871479,111
Community 2,Seoul National University,7,3657,0.0019141372709871479,112
Community 2,Shanghai Jiao Tong University,7,3657,0.0019141372709871479,113
Community 2,The University of Sydney,7,3657,0.0019141372709871479,114
Community 2,UNSW Sydney,7,3657,0.0019141372709871479,115
Community 2,University of Aberdeen,7,3657,0.0019141372709871479,116
Community 2,University of Southampton,7,3657,0.0019141372709871479,117
Community 2,University of Wisconsin-Madison,7,3657,0.0019141372709871479,118
Community 2,Wageningen University & Research,7,3657,0.0019141372709871479,119
Community 2,Aarhus University,6,3657,0.0016406890894175555,120
Community 2,Biogipuzkoa Health Research Institute,6,3657,0.0016406890894175555,121
Community 2,Carmel Medical Center,6,3657,0.0016406890894175555,122
Community 2,Cyprus Institute of Neurology and Genetics,6,3657,0.0016406890894175555,123
Community 2,Inserm,6,3657,0.0016406890894175555,124
Community 2,Instituto de Salud Pública de Navarra,6,3657,0.0016406890894175555,125
Community 2,National Health Service England,6,3657,0.0016406890894175555,126
Community 2,National Human Genome Research Institute,6,3657,0.0016406890894175555,127
Community 2,National Institute for Public Health and the Environment,6,3657,0.0016406890894175555,128
Community 2,National Institute of Environmental Health Sciences,6,3657,0.0016406890894175555,129
Community 2,Ontario Institute for Cancer Research,6,3657,0.0016406890894175555,130
Community 2,Queensland University of Technology,6,3657,0.0016406890894175555,131
Community 2,Salford Royal NHS Foundation Trust,6,3657,0.0016406890894175555,132
Community 2,University Hospital Centre Zagreb,6,3657,0.0016406890894175555,133
Community 2,University of Alberta,6,3657,0.0016406890894175555,134
Community 2,University of Eastern Piedmont Amadeo Avogadro,6,3657,0.0016406890894175555,135
Community 2,University of Glasgow,6,3657,0.0016406890894175555,136
Community 2,University of Michigan-Ann Arbor,6,3657,0.0016406890894175555,137
Community 2,University of Milan,6,3657,0.0016406890894175555,138
Community 2,University of Oslo,6,3657,0.0016406890894175555,139
Community 2,University of Otago,6,3657,0.0016406890894175555,140
Community 2,University of South Carolina,6,3657,0.0016406890894175555,141
Community 2,Amsterdam University Medical Centers,5,3657,0.0013672409078479629,142
Community 2,"Ariel Precision Medicine, Inc., Pittsburgh, Pennsylvania, USA;",5,3657,0.0013672409078479629,143
Community 2,Beth Israel Deaconess Medical Center,5,3657,0.0013672409078479629,144
Community 2,Binus University,5,3657,0.0013672409078479629,145
Community 2,Case Western Reserve University,5,3657,0.0013672409078479629,146
Community 2,Catholic University of Korea,5,3657,0.0013672409078479629,147
Community 2,Center for Cancer Research,5,3657,0.0013672409078479629,148
Community 2,Chinese Academy of Medical Sciences & Peking Union Medical College,5,3657,0.0013672409078479629,149
Community 2,"From the, ∗, Department of Medicine",5,3657,0.0013672409078479629,150
Community 2,Genetic Technologies Ltd,5,3657,0.0013672409078479629,151
Community 2,Haukeland University Hospital,5,3657,0.0013672409078479629,152
Community 2,Innsbruck Medical University,5,3657,0.0013672409078479629,153
Community 2,International Hereditary Cancer Center,5,3657,0.0013672409078479629,154
Community 2,Istituto Superiore di Sanità,5,3657,0.0013672409078479629,155
Community 2,Korle Bu Teaching Hospital,5,3657,0.0013672409078479629,156
Community 2,McGill University,5,3657,0.0013672409078479629,157
Community 2,Medical University of Vienna,5,3657,0.0013672409078479629,158
Community 2,Ospedale Policlinico San Martino,5,3657,0.0013672409078479629,159
Community 2,Princess Máxima Center,5,3657,0.0013672409078479629,160
Community 2,Spanish National Cancer Research Centre,5,3657,0.0013672409078479629,161
Community 2,USC Norris Comprehensive Cancer Center,5,3657,0.0013672409078479629,162
Community 2,University Hospital Ulm,5,3657,0.0013672409078479629,163
Community 2,University Hospitals Bristol NHS Foundation Trust,5,3657,0.0013672409078479629,164
Community 2,University Medical Center Hamburg-Eppendorf,5,3657,0.0013672409078479629,165
Community 2,University of Abuja,5,3657,0.0013672409078479629,166
Community 2,University of Duisburg-Essen,5,3657,0.0013672409078479629,167
Community 2,University of Eastern Finland,5,3657,0.0013672409078479629,168
Community 2,University of Edinburgh,5,3657,0.0013672409078479629,169
Community 2,University of Gothenburg,5,3657,0.0013672409078479629,170
Community 2,University of Münster,5,3657,0.0013672409078479629,171
Community 2,University of Rochester Medical Center,5,3657,0.0013672409078479629,172
Community 2,University of Vienna,5,3657,0.0013672409078479629,173
Community 2,University of Western Australia,5,3657,0.0013672409078479629,174
Community 2,Yonsei University,5,3657,0.0013672409078479629,175
Community 2,23andMe Inc,4,3657,0.0010937927262783702,176
Community 2,Alexander Fleming Biomedical Sciences Research Center,4,3657,0.0010937927262783702,177
Community 2,Andalusian School of Public Health,4,3657,0.0010937927262783702,178
Community 2,August Pi i Sunyer Biomedical Research Institute,4,3657,0.0010937927262783702,179
Community 2,Cancer Research UK Cambridge Center,4,3657,0.0010937927262783702,180
Community 2,"Centre for Proteomic and Genomic Research, Cape Town, South Africa",4,3657,0.0010937927262783702,181
Community 2,Cheikh Anta Diop University,4,3657,0.0010937927262783702,182
Community 2,Cleveland Clinic,4,3657,0.0010937927262783702,183
Community 2,Columbia University,4,3657,0.0010937927262783702,184
Community 2,Complejo Hospitalario de Jaén,4,3657,0.0010937927262783702,185
Community 2,European Institute of Oncology,4,3657,0.0010937927262783702,186
Community 2,Finnish Institute for Health and Welfare,4,3657,0.0010937927262783702,187
Community 2,Fundación Pública Galega de Medicina Xenómica,4,3657,0.0010937927262783702,188
Community 2,Genedata (Switzerland),4,3657,0.0010937927262783702,189
Community 2,Helsinki University Hospital,4,3657,0.0010937927262783702,190
Community 2,Herlev and Gentofte Hospital,4,3657,0.0010937927262783702,191
Community 2,Hospital Universitario 12 de Octubre,4,3657,0.0010937927262783702,192
Community 2,Hospital Universitario Virgen de las Nieves,4,3657,0.0010937927262783702,193
Community 2,IPO Porto,4,3657,0.0010937927262783702,194
Community 2,Institute of Biochemistry and Genetics of Ufa Scientific Centre,4,3657,0.0010937927262783702,195
Community 2,Institute of Experimental Medicine,4,3657,0.0010937927262783702,196
Community 2,KU Leuven,4,3657,0.0010937927262783702,197
Community 2,MRC Integrative Epidemiology Unit,4,3657,0.0010937927262783702,198
Community 2,Nanjing Medical University,4,3657,0.0010937927262783702,199
Community 2,Natera Inc,4,3657,0.0010937927262783702,200
Community 2,National Center for Tumor Diseases,4,3657,0.0010937927262783702,201
Community 2,National Institutes of Health,4,3657,0.0010937927262783702,202
Community 2,National and Kapodistrian University of Athens,4,3657,0.0010937927262783702,203
Community 2,Princess Margaret Cancer Centre,4,3657,0.0010937927262783702,204
Community 2,Rovira i Virgili University,4,3657,0.0010937927262783702,205
Community 2,Russian Academy of Sciences,4,3657,0.0010937927262783702,206
Community 2,Shanghai Cancer Institute,4,3657,0.0010937927262783702,207
Community 2,Shimane University,4,3657,0.0010937927262783702,208
Community 2,St James's University Hospital,4,3657,0.0010937927262783702,209
Community 2,Tehran University of Medical Sciences,4,3657,0.0010937927262783702,210
Community 2,The Brigham and Women's Hospital Inc,4,3657,0.0010937927262783702,211
Community 2,The Ohio State University,4,3657,0.0010937927262783702,212
Community 2,Universidad Católica San Antonio de Murcia,4,3657,0.0010937927262783702,213
Community 2,University Hospital Heidelberg,4,3657,0.0010937927262783702,214
Community 2,University Medical Center Groningen,4,3657,0.0010937927262783702,215
Community 2,University of Alabama at Birmingham,4,3657,0.0010937927262783702,216
Community 2,University of British Columbia,4,3657,0.0010937927262783702,217
Community 2,University of Cologne,4,3657,0.0010937927262783702,218
Community 2,University of Colorado Anschutz Medical Campus,4,3657,0.0010937927262783702,219
Community 2,University of Galway,4,3657,0.0010937927262783702,220
Community 2,University of Montreal,4,3657,0.0010937927262783702,221
Community 2,University of Naples Federico II,4,3657,0.0010937927262783702,222
Community 2,University of Oulu,4,3657,0.0010937927262783702,223
Community 2,University of Padua,4,3657,0.0010937927262783702,224
Community 2,University of Rochester,4,3657,0.0010937927262783702,225
Community 2,University of Sheffield,4,3657,0.0010937927262783702,226
Community 2,University of Southern Denmark,4,3657,0.0010937927262783702,227
Community 2,University of Surrey,4,3657,0.0010937927262783702,228
Community 2,University of Tennessee Health Science Center,4,3657,0.0010937927262783702,229
Community 2,Université Laval,4,3657,0.0010937927262783702,230
Community 2,Uppsala University,4,3657,0.0010937927262783702,231
Community 2,Wake Forest University,4,3657,0.0010937927262783702,232
Community 2,Yamagata University,4,3657,0.0010937927262783702,233
Community 2,37 Military Hospital,3,3657,0.0008203445447087777,234
Community 2,AC Camargo Hospital,3,3657,0.0008203445447087777,235
Community 2,Adelaide University,3,3657,0.0008203445447087777,236
Community 2,"Affiliations of authors:, Cancer Epidemiology Unit, Nuffield Department of Population Health, University of Oxford, Oxford, UK (RCT, AB, GKF, PNA, GKR, XSW, AWR, TG, JG, TJK, VB); Worldwide Epidemiology, GlaxoSmithKline R&D, Uxbridge, UK (AWR); Department of Oncoplastic Breast Surgery, Oxford University Hospitals NHS Trust, Oxford, UK (TG); Clinical Trial Service Unit and Epidemiological Studies Unit (CTSU), Nuffield Department of Population Health, University of Oxford, Oxford, UK (RP)",3,3657,0.0008203445447087777,237
Community 2,Albert Einstein College of Medicine,3,3657,0.0008203445447087777,238
Community 2,Alberta Health Services,3,3657,0.0008203445447087777,239
Community 2,Amsterdam UMC Location VUmc,3,3657,0.0008203445447087777,240
Community 2,Argonne National Laboratory,3,3657,0.0008203445447087777,241
Community 2,Australian National University,3,3657,0.0008203445447087777,242
Community 2,Barcelona Institute for Global Health,3,3657,0.0008203445447087777,243
Community 2,Bournemouth University,3,3657,0.0008203445447087777,244
Community 2,Brown University,3,3657,0.0008203445447087777,245
Community 2,Centre Hospitalier Universitaire de Nantes,3,3657,0.0008203445447087777,246
Community 2,City of Hope,3,3657,0.0008203445447087777,247
Community 2,City of Hope National Medical Center,3,3657,0.0008203445447087777,248
Community 2,Cornell University,3,3657,0.0008203445447087777,249
Community 2,Dan L Duncan Comprehensive Cancer Center,3,3657,0.0008203445447087777,250
Community 2,Edith Cowan University,3,3657,0.0008203445447087777,251
Community 2,Ghent University,3,3657,0.0008203445447087777,252
Community 2,Greifswald University Medicine,3,3657,0.0008203445447087777,253
Community 2,Gunma University,3,3657,0.0008203445447087777,254
Community 2,Health Sciences North,3,3657,0.0008203445447087777,255
Community 2,Hellenic Health Foundation,3,3657,0.0008203445447087777,256
Community 2,Henry Ford Hospital,3,3657,0.0008203445447087777,257
Community 2,Hospital Clínico San Carlos,3,3657,0.0008203445447087777,258
Community 2,Hospital de Câncer de Barretos,3,3657,0.0008203445447087777,259
Community 2,Huntsman Cancer Institute,3,3657,0.0008203445447087777,260
Community 2,Institut Universitari d'Investigació en Atenció Primària Jordi Gol,3,3657,0.0008203445447087777,261
Community 2,Istituto Ortopedico Rizzoli,3,3657,0.0008203445447087777,262
Community 2,James Cook University,3,3657,0.0008203445447087777,263
Community 2,Karolinska University Hospital,3,3657,0.0008203445447087777,264
Community 2,"Kode s.r.l., Lungarno Galileo Galilei 1, 56125 Pisa, Italy.",3,3657,0.0008203445447087777,265
Community 2,LMU Klinikum,3,3657,0.0008203445447087777,266
Community 2,Loughborough University,3,3657,0.0008203445447087777,267
Community 2,MRC Clinical Trials Unit,3,3657,0.0008203445447087777,268
Community 2,MRC Epidemiology Unit,3,3657,0.0008203445447087777,269
Community 2,Maastricht University Medical Centre,3,3657,0.0008203445447087777,270
Community 2,Medical University of Sofia,3,3657,0.0008203445447087777,271
Community 2,Medical University of South Carolina,3,3657,0.0008203445447087777,272
Community 2,NYU Langone Health,3,3657,0.0008203445447087777,273
Community 2,National Cancer Centre Singapore,3,3657,0.0008203445447087777,274
Community 2,"National Centre of Scientific Research ""Demokritos""",3,3657,0.0008203445447087777,275
Community 2,National Institute of Occupational Health,3,3657,0.0008203445447087777,276
Community 2,National Institute of Oncology,3,3657,0.0008203445447087777,277
Community 2,Newcastle University,3,3657,0.0008203445447087777,278
Community 2,Olink Proteomics,3,3657,0.0008203445447087777,279
Community 2,Oslo University Hospital,3,3657,0.0008203445447087777,280
Community 2,Queen Mary University of London,3,3657,0.0008203445447087777,281
Community 2,St. Louis Children's Hospital,3,3657,0.0008203445447087777,282
Community 2,Tempus AI Inc,3,3657,0.0008203445447087777,283
Community 2,The James Cancer Hospital,3,3657,0.0008203445447087777,284
Community 2,Uniformed Services University of the Health Sciences,3,3657,0.0008203445447087777,285
Community 2,University Hospital Münster,3,3657,0.0008203445447087777,286
Community 2,University of Arkansas for Medical Sciences,3,3657,0.0008203445447087777,287
Community 2,University of Auckland,3,3657,0.0008203445447087777,288
Community 2,"University of California, Berkeley",3,3657,0.0008203445447087777,289
Community 2,"University of California, Irvine",3,3657,0.0008203445447087777,290
Community 2,University of Dundee,3,3657,0.0008203445447087777,291
Community 2,University of Ghana,3,3657,0.0008203445447087777,292
Community 2,University of Helsinki,3,3657,0.0008203445447087777,293
Community 2,University of Ibadan,3,3657,0.0008203445447087777,294
Community 2,University of Kansas Medical Center,3,3657,0.0008203445447087777,295
Community 2,"University of Maryland, Baltimore",3,3657,0.0008203445447087777,296
Community 2,University of Newcastle Australia,3,3657,0.0008203445447087777,297
Community 2,University of Oviedo,3,3657,0.0008203445447087777,298
Community 2,University of Rennes,3,3657,0.0008203445447087777,299
Community 2,University of Zurich,3,3657,0.0008203445447087777,300
Community 2,Université Paris Cité,3,3657,0.0008203445447087777,301
Community 2,West China Hospital of Sichuan University,3,3657,0.0008203445447087777,302
Community 2,Aalborg University Hospital,2,3657,0.0005468963631391851,303
Community 2,Akershus University Hospital,2,3657,0.0005468963631391851,304
Community 2,Azienda Ospedaliera Universitaria Pisana,2,3657,0.0005468963631391851,305
Community 2,BC Cancer Agency,2,3657,0.0005468963631391851,306
Community 2,Beckman Research Institute of City of Hope,2,3657,0.0005468963631391851,307
Community 2,Cambridge University Hospitals NHS Foundation Trust,2,3657,0.0005468963631391851,308
Community 2,Cancer Therapy and Research Center,2,3657,0.0005468963631391851,309
Community 2,Centre de Recherche des Cordeliers,2,3657,0.0005468963631391851,310
Community 2,Centro di Riferimento Oncologico,2,3657,0.0005468963631391851,311
Community 2,Charité - University Medicine Berlin,2,3657,0.0005468963631391851,312
Community 2,Children's Hospital of Philadelphia,2,3657,0.0005468963631391851,313
Community 2,Children’s National Health System,2,3657,0.0005468963631391851,314
Community 2,Chonnam National University,2,3657,0.0005468963631391851,315
Community 2,"Clinical Epidemiology Unit, Institute for Cancer Research, Prevention and Clinical Network (ISPRO), Florence, Italy",2,3657,0.0005468963631391851,316
Community 2,Colorado School of Public Health,2,3657,0.0005468963631391851,317
Community 2,Columbia University Irving Medical Center,2,3657,0.0005468963631391851,318
Community 2,DNAnexus (United States),2,3657,0.0005468963631391851,319
Community 2,"Danish Cancer Institute, Diet, Cancer and Health, Copenhagen, Denmark",2,3657,0.0005468963631391851,320
Community 2,Department of Medical Sciences,2,3657,0.0005468963631391851,321
Community 2,"Department of Pathology and Laboratory Medicine, Institute of Oncology and Maria Sklodowska-Curie Cancer Center, Warsaw, Poland",2,3657,0.0005468963631391851,322
Community 2,Dr. Margarete Fischer-Bosch-Institute of Clinical Pharmacology,2,3657,0.0005468963631391851,323
Community 2,Duke University Hospital,2,3657,0.0005468963631391851,324
Community 2,Federal Institute for Risk Assessment,2,3657,0.0005468963631391851,325
Community 2,Fox Chase Cancer Center,2,3657,0.0005468963631391851,326
Community 2,Francisco de Vitoria University,2,3657,0.0005468963631391851,327
Community 2,GATC Biotech AG,2,3657,0.0005468963631391851,328
Community 2,Genome Institute of Singapore,2,3657,0.0005468963631391851,329
Community 2,Ghent University Hospital,2,3657,0.0005468963631391851,330
Community 2,Hallym University,2,3657,0.0005468963631391851,331
Community 2,Helmholtz Association of German Research Centres,2,3657,0.0005468963631391851,332
Community 2,Helmholtz Zentrum München,2,3657,0.0005468963631391851,333
Community 2,Hospital Universitario Puerta de Hierro Majadahonda,2,3657,0.0005468963631391851,334
Community 2,Information Management Services,2,3657,0.0005468963631391851,335
Community 2,Institut Universitaire de Cardiologie et de Pneumologie de Québec,2,3657,0.0005468963631391851,336
Community 2,Institute of Oncology NN Petrov,2,3657,0.0005468963631391851,337
Community 2,Istituto Oncologico Veneto,2,3657,0.0005468963631391851,338
Community 2,Jean Mayer Human Nutrition Research Center on Aging,2,3657,0.0005468963631391851,339
Community 2,Jena University Hospital,2,3657,0.0005468963631391851,340
Community 2,Jessa Hospital,2,3657,0.0005468963631391851,341
Community 2,Kaiser Permanente Oakland Medical Center,2,3657,0.0005468963631391851,342
Community 2,Kazan State Medical University,2,3657,0.0005468963631391851,343
Community 2,King's College London,2,3657,0.0005468963631391851,344
Community 2,Korea National Institute of Health,2,3657,0.0005468963631391851,345
Community 2,Krebsregister Saarland,2,3657,0.0005468963631391851,346
Community 2,Kristianstad University,2,3657,0.0005468963631391851,347
Community 2,Leibniz Research Centre for Working Environment and Human Factors,2,3657,0.0005468963631391851,348
Community 2,Lithuanian University of Health Sciences,2,3657,0.0005468963631391851,349
Community 2,Ludwig Cancer Research,2,3657,0.0005468963631391851,350
Community 2,MRC University of Glasgow Centre for Virus Research,2,3657,0.0005468963631391851,351
Community 2,Macedonian Academy of Sciences and Arts,2,3657,0.0005468963631391851,352
Community 2,Manchester Cancer Research Centre,2,3657,0.0005468963631391851,353
Community 2,Manchester Royal Infirmary,2,3657,0.0005468963631391851,354
Community 2,Mayo Clinic in Arizona,2,3657,0.0005468963631391851,355
Community 2,Mayo Clinic in Florida,2,3657,0.0005468963631391851,356
Community 2,Memorial University of Newfoundland,2,3657,0.0005468963631391851,357
Community 2,National Cancer Centre Japan,2,3657,0.0005468963631391851,358
Community 2,National Institute of Public Health,2,3657,0.0005468963631391851,359
Community 2,National Marrow Donor Program,2,3657,0.0005468963631391851,360
Community 2,NewYork-Presbyterian Weill Cornell Medical Center,2,3657,0.0005468963631391851,361
Community 2,Norwegian Institute of Public Health,2,3657,0.0005468963631391851,362
Community 2,Nova Southeastern University,2,3657,0.0005468963631391851,363
Community 2,"Oncology Section and Molecular Biology Laboratory, Hospital of Gastroenterology ""Dr. C.B. Udaondo"", Buenos Aires, Argentina",2,3657,0.0005468963631391851,364
Community 2,Oregon Health & Science University,2,3657,0.0005468963631391851,365
Community 2,Peking University,2,3657,0.0005468963631391851,366
Community 2,Perlmutter Cancer Center,2,3657,0.0005468963631391851,367
Community 2,Peter MacCallum Cancer Centre,2,3657,0.0005468963631391851,368
Community 2,Praxis für Humangenetik Tübingen,2,3657,0.0005468963631391851,369
Community 2,Predilife SA,2,3657,0.0005468963631391851,370
Community 2,"Proteomics Group, Functional Genomics Center Zurich, Zurich, Switzerland",2,3657,0.0005468963631391851,371
Community 2,RIKEN Center for Integrative Medical Sciences,2,3657,0.0005468963631391851,372
Community 2,Radboud Institute for Molecular Life Sciences,2,3657,0.0005468963631391851,373
Community 2,"Research Centre for Genetic Engineering and Biotechnology ‘Georgi D. Efremov’, MASA, Skopje, Republic of North Macedonia",2,3657,0.0005468963631391851,374
Community 2,Royal Marsden NHS Foundation Trust,2,3657,0.0005468963631391851,375
Community 2,Royal Women's Hospital,2,3657,0.0005468963631391851,376
Community 2,Seattle Children's Hospital,2,3657,0.0005468963631391851,377
Community 2,Servicio Gallego de Salud,2,3657,0.0005468963631391851,378
Community 2,Shanghai Institutes for Biological Sciences,2,3657,0.0005468963631391851,379
Community 2,Skåne University Hospital,2,3657,0.0005468963631391851,380
Community 2,Southmead Hospital,2,3657,0.0005468963631391851,381
Community 2,State Key Laboratory of Oncology in South China,2,3657,0.0005468963631391851,382
Community 2,State University of New York at Stony Brook,2,3657,0.0005468963631391851,383
Community 2,Stellenbosch University,2,3657,0.0005468963631391851,384
Community 2,Swansea University,2,3657,0.0005468963631391851,385
Community 2,Tampere University Hospital,2,3657,0.0005468963631391851,386
Community 2,Tenon Hospital,2,3657,0.0005468963631391851,387
Community 2,The Feinstein Institutes for Medical Research,2,3657,0.0005468963631391851,388
Community 2,The Kinghorn Cancer Centre,2,3657,0.0005468963631391851,389
Community 2,The University of Osaka,2,3657,0.0005468963631391851,390
Community 2,The University of Tokyo,2,3657,0.0005468963631391851,391
Community 2,Trinity College Dublin,2,3657,0.0005468963631391851,392
Community 2,USC University Hospital Complex,2,3657,0.0005468963631391851,393
Community 2,Universitair Ziekenhuis Brussel,2,3657,0.0005468963631391851,394
Community 2,University Cancer Center Hamburg,2,3657,0.0005468963631391851,395
Community 2,"University College Hospital, Ibadan",2,3657,0.0005468963631391851,396
Community 2,University Hospital Complex of Vigo,2,3657,0.0005468963631391851,397
Community 2,University Hospital Regensburg,2,3657,0.0005468963631391851,398
Community 2,University Hospital of Heraklion,2,3657,0.0005468963631391851,399
Community 2,University of Barcelona,2,3657,0.0005468963631391851,400
Community 2,University of Birmingham,2,3657,0.0005468963631391851,401
Community 2,"University of California, Davis",2,3657,0.0005468963631391851,402
Community 2,"University of California, Santa Cruz",2,3657,0.0005468963631391851,403
Community 2,University of Chicago,2,3657,0.0005468963631391851,404
Community 2,University of Copenhagen,2,3657,0.0005468963631391851,405
Community 2,University of Groningen,2,3657,0.0005468963631391851,406
Community 2,University of Hawaiʻi at Mānoa,2,3657,0.0005468963631391851,407
Community 2,University of Iceland,2,3657,0.0005468963631391851,408
Community 2,University of Iowa,2,3657,0.0005468963631391851,409
Community 2,University of Leicester,2,3657,0.0005468963631391851,410
Community 2,University of Liverpool,2,3657,0.0005468963631391851,411
Community 2,University of Massachusetts Amherst,2,3657,0.0005468963631391851,412
Community 2,University of Milano-Bicocca,2,3657,0.0005468963631391851,413
Community 2,University of Montpellier,2,3657,0.0005468963631391851,414
Community 2,University of Murcia,2,3657,0.0005468963631391851,415
Community 2,University of Pittsburgh Medical Center,2,3657,0.0005468963631391851,416
Community 2,University of Turku,2,3657,0.0005468963631391851,417
Community 2,University of Tübingen,2,3657,0.0005468963631391851,418
Community 2,University of Verona,2,3657,0.0005468963631391851,419
Community 2,University of Westminster,2,3657,0.0005468963631391851,420
Community 2,University of Zielona Góra,2,3657,0.0005468963631391851,421
Community 2,University of the Witwatersrand,2,3657,0.0005468963631391851,422
Community 2,Vall d'Hebron Hospital Universitari,2,3657,0.0005468963631391851,423
Community 2,Virginia Commonwealth University,2,3657,0.0005468963631391851,424
Community 2,Vita-Salute San Raffaele University,2,3657,0.0005468963631391851,425
Community 2,Wayne State University,2,3657,0.0005468963631391851,426
Community 2,Westat (United States),2,3657,0.0005468963631391851,427
Community 2,World Health Organization,2,3657,0.0005468963631391851,428
Community 2,Zhejiang University,2,3657,0.0005468963631391851,429
Community 2,Örebro University,2,3657,0.0005468963631391851,430
Community 2,"11Karolinks Institutet, Stockholm, Sweden",1,3657,0.00027344818156959256,431
Community 2,Abcodia (United Kingdom),1,3657,0.00027344818156959256,432
Community 2,Abramson Cancer Center,1,3657,0.00027344818156959256,433
Community 2,Academia Sinica,1,3657,0.00027344818156959256,434
Community 2,Aichi Cancer Center,1,3657,0.00027344818156959256,435
Community 2,Ajou University,1,3657,0.00027344818156959256,436
Community 2,Al-Farabi Kazakh National University,1,3657,0.00027344818156959256,437
Community 2,Alder Hey Children's NHS Foundation Trust,1,3657,0.00027344818156959256,438
Community 2,Ancestry.com Inc,1,3657,0.00027344818156959256,439
Community 2,Anhui Medical University,1,3657,0.00027344818156959256,440
Community 2,"Araújo Jorge Cancer Hospital, Associação de Combate ao Câncer em Goiás, Goiania, Brazil",1,3657,0.00027344818156959256,441
Community 2,"Ariel Precision Medicine, Pittsburgh, PA, USA",1,3657,0.00027344818156959256,442
Community 2,Ascension Providence Hospital,1,3657,0.00027344818156959256,443
Community 2,"Assmann-Stiftung für Prävention, Münster, Germany",1,3657,0.00027344818156959256,444
Community 2,Baker IDI Heart and Diabetes Institute,1,3657,0.00027344818156959256,445
Community 2,Bashkir State Medical University,1,3657,0.00027344818156959256,446
Community 2,Basque Government,1,3657,0.00027344818156959256,447
Community 2,Bay Path University,1,3657,0.00027344818156959256,448
Community 2,Beijing Tian Tan Hospital,1,3657,0.00027344818156959256,449
Community 2,Bellvitge University Hospital,1,3657,0.00027344818156959256,450
Community 2,"Biomedica Molecular Medicine SL, Madrid, Spain",1,3657,0.00027344818156959256,451
Community 2,Booz Allen Hamilton Inc,1,3657,0.00027344818156959256,452
Community 2,Boston Children's Hospital,1,3657,0.00027344818156959256,453
Community 2,California Pacific Medical Center Research Institute,1,3657,0.00027344818156959256,454
Community 2,Cancer Registry of Norway,1,3657,0.00027344818156959256,455
Community 2,Cancer Research Consortium of West Michigan NCORP,1,3657,0.00027344818156959256,456
Community 2,Cancer Research Institute Ghent,1,3657,0.00027344818156959256,457
Community 2,Cancer Research Malaysia,1,3657,0.00027344818156959256,458
Community 2,"Cancer Risk Factors and Life-Style Epidemiology Unit, Institute for Cancer Research, Prevention and Clinical Network - ISPRO, Florence, Italy",1,3657,0.00027344818156959256,459
Community 2,Candiolo Cancer Institute,1,3657,0.00027344818156959256,460
Community 2,Capital Medical University,1,3657,0.00027344818156959256,461
Community 2,Cardiff University,1,3657,0.00027344818156959256,462
Community 2,"Cardiology Department, Nordsjælland University Hospital, Hillerød, Denmark",1,3657,0.00027344818156959256,463
Community 2,Carol Davila University of Medicine and Pharmacy,1,3657,0.00027344818156959256,464
Community 2,Carolinas Healthcare System,1,3657,0.00027344818156959256,465
Community 2,Case Comprehensive Cancer Center,1,3657,0.00027344818156959256,466
Community 2,"Catch Bio, Chicago, IL",1,3657,0.00027344818156959256,467
Community 2,Central Finland Health Care District,1,3657,0.00027344818156959256,468
Community 2,Centre François Baclesse,1,3657,0.00027344818156959256,469
Community 2,Centre Hospitalier Universitaire d'Angers,1,3657,0.00027344818156959256,470
Community 2,Centre Hospitalier Universitaire de Bordeaux,1,3657,0.00027344818156959256,471
Community 2,Centre Hospitalier Universitaire de Rennes,1,3657,0.00027344818156959256,472
Community 2,Centre for Research in Epidemiology and Population Health,1,3657,0.00027344818156959256,473
Community 2,Centro Medico Nacional Siglo XXI,1,3657,0.00027344818156959256,474
Community 2,Centro de Investigación Biomédica en Red Diabetes y Enfermedades Metabólicas Asociadas,1,3657,0.00027344818156959256,475
Community 2,Centro de Investigación Biomédica en Red de Enfermedades Raras,1,3657,0.00027344818156959256,476
Community 2,Chiba Prefectural Institute of Public Health,1,3657,0.00027344818156959256,477
Community 2,Children's Hospital of Fudan University,1,3657,0.00027344818156959256,478
Community 2,Children's Hospital of Wisconsin,1,3657,0.00027344818156959256,479
Community 2,China Pharmaceutical University,1,3657,0.00027344818156959256,480
Community 2,Chonnam National University Hospital,1,3657,0.00027344818156959256,481
Community 2,Chonnam National University Hwasun Hospital,1,3657,0.00027344818156959256,482
Community 2,Christus Santa Rosa Health System,1,3657,0.00027344818156959256,483
Community 2,Cincinnati Children's Hospital Medical Center,1,3657,0.00027344818156959256,484
Community 2,City College of New York,1,3657,0.00027344818156959256,485
Community 2,"City St George’s, University of London",1,3657,0.00027344818156959256,486
Community 2,Clalit Health Services,1,3657,0.00027344818156959256,487
Community 2,"Coalition to End Loneliness, USA",1,3657,0.00027344818156959256,488
Community 2,Complutense University of Madrid,1,3657,0.00027344818156959256,489
Community 2,Copenhagen University Hospital,1,3657,0.00027344818156959256,490
Community 2,Curtin University,1,3657,0.00027344818156959256,491
Community 2,Dartmouth–Hitchcock Medical Center,1,3657,0.00027344818156959256,492
Community 2,Denver VA Medical Center,1,3657,0.00027344818156959256,493
Community 2,Departament de Salut,1,3657,0.00027344818156959256,494
Community 2,"Department of Clinical Genetics, Children’s Health Ireland (CHI) at Crumlin, Dublin, Ireland",1,3657,0.00027344818156959256,495
Community 2,"Department of Gynecology and Obstetrics, Helios Clinics Berlin-Buch, Berlin 13125, Germany",1,3657,0.00027344818156959256,496
Community 2,"Department of Gynecology and Obstetrics, Helios Clinics Berlin-Buch, Berlin, Germany",1,3657,0.00027344818156959256,497
Community 2,"Department of Gynecology, Wolfsburg Hospital, Wolfsburg, Germany",1,3657,0.00027344818156959256,498
Community 2,"Department of Histopathology and Cytology, Clinical Hospital Acibadem Sistina, Skopje, Macedonia (the former Yugoslav Republic of)",1,3657,0.00027344818156959256,499
Community 2,"Department of Urology, Evangelic Hospital, Paul Gerhardt Foundation, Lutherstadt Wittenberg, Germany",1,3657,0.00027344818156959256,500
Community 2,"Department of Urology, St.-Josefs-Hospital, Dortmund, Germany",1,3657,0.00027344818156959256,501
Community 2,Drexel University,1,3657,0.00027344818156959256,502
Community 2,Düsseldorf University Hospital,1,3657,0.00027344818156959256,503
Community 2,Edge Hill University,1,3657,0.00027344818156959256,504
Community 2,"Epidemiology and Prevention Unit, Milan, Italy",1,3657,0.00027344818156959256,505
Community 2,Essen University Hospital,1,3657,0.00027344818156959256,506
Community 2,Eunice Kennedy Shriver National Institute of Child Health and Human Development,1,3657,0.00027344818156959256,507
Community 2,Exponent Inc,1,3657,0.00027344818156959256,508
Community 2,FIRC Institute of Molecular Oncology,1,3657,0.00027344818156959256,509
Community 2,Federico II University Hospital,1,3657,0.00027344818156959256,510
Community 2,Finnish Cancer Registry,1,3657,0.00027344818156959256,511
Community 2,First Affiliated Hospital of Xi'an Jiaotong University,1,3657,0.00027344818156959256,512
Community 2,Flinders University,1,3657,0.00027344818156959256,513
Community 2,Friedrich Schiller University Jena,1,3657,0.00027344818156959256,514
Community 2,Fu Jen Catholic University,1,3657,0.00027344818156959256,515
Community 2,Fukushima Medical University,1,3657,0.00027344818156959256,516
Community 2,Fundación Santa Fe de Bogotá,1,3657,0.00027344818156959256,517
Community 2,Fundación para el Fomento de la Investigación Sanitaria y Biomédica de la Comunitat Valenciana,1,3657,0.00027344818156959256,518
Community 2,GGZ inGeest,1,3657,0.00027344818156959256,519
Community 2,GZA Ziekenhuizen Campus Sint-Augustinus,1,3657,0.00027344818156959256,520
Community 2,Garvan Institute of Medical Research,1,3657,0.00027344818156959256,521
Community 2,"General and Digestive Surgery Group, Department of Surgery, Girona Biomedical Research Institute (IDIBGI), Hospital Universitari de Girona Dr. Josep Trueta, 17007 Girona, Spain;, talbiol.girona.ics@gencat.cat",1,3657,0.00027344818156959256,522
Community 2,Genetikum,1,3657,0.00027344818156959256,523
Community 2,George Washington University,1,3657,0.00027344818156959256,524
Community 2,Georgetown Lombardi Comprehensive Cancer Center,1,3657,0.00027344818156959256,525
Community 2,Georgetown University Medical Center,1,3657,0.00027344818156959256,526
Community 2,German Breast group,1,3657,0.00027344818156959256,527
Community 2,German Diabetes Center,1,3657,0.00027344818156959256,528
Community 2,GlaxoSmithKline Research and Development Ltd,1,3657,0.00027344818156959256,529
Community 2,Griffith University,1,3657,0.00027344818156959256,530
Community 2,Guy's and St Thomas' NHS Foundation Trust,1,3657,0.00027344818156959256,531
Community 2,Harokopio University of Athens,1,3657,0.00027344818156959256,532
Community 2,Hasselt University,1,3657,0.00027344818156959256,533
Community 2,"Head and Neck Surgery Division, Women’s Association for Education and Fight Against Cancer/AFECC, Vitória, Brazil",1,3657,0.00027344818156959256,534
Community 2,Heart and Diabetes Center North Rhine-Westphalia,1,3657,0.00027344818156959256,535
Community 2,Hebrew University of Jerusalem,1,3657,0.00027344818156959256,536
Community 2,Hellenic Mediterranean University,1,3657,0.00027344818156959256,537
Community 2,Herbert Irving Comprehensive Cancer Center,1,3657,0.00027344818156959256,538
Community 2,Hillel Yaffe Medical Center,1,3657,0.00027344818156959256,539
Community 2,Hirosaki University,1,3657,0.00027344818156959256,540
Community 2,Hiroshima University,1,3657,0.00027344818156959256,541
Community 2,Hokkaido University,1,3657,0.00027344818156959256,542
Community 2,Holden Comprehensive Cancer Center,1,3657,0.00027344818156959256,543
Community 2,Hopp Children's Cancer Center Heidelberg,1,3657,0.00027344818156959256,544
Community 2,Hospital Del Mar,1,3657,0.00027344818156959256,545
Community 2,Hospital Israelita Albert Einstein,1,3657,0.00027344818156959256,546
Community 2,Hospital Monte Naranco,1,3657,0.00027344818156959256,547
Community 2,Hospital San Pedro de Alcántara,1,3657,0.00027344818156959256,548
Community 2,Hospital Sant Joan de Déu Barcelona,1,3657,0.00027344818156959256,549
Community 2,Hospital Universitari de Girona Doctor Josep Trueta,1,3657,0.00027344818156959256,550
Community 2,Hospital Universitario de Canarias,1,3657,0.00027344818156959256,551
Community 2,Hospital de Clínicas,1,3657,0.00027344818156959256,552
Community 2,Hospital de Sant Pau,1,3657,0.00027344818156959256,553
Community 2,Hospital for Sick Children,1,3657,0.00027344818156959256,554
Community 2,Hospital of Prato,1,3657,0.00027344818156959256,555
Community 2,Hospital of the University of Pennsylvania,1,3657,0.00027344818156959256,556
Community 2,Howard University Hospital,1,3657,0.00027344818156959256,557
Community 2,"Hyblean Association for Epidemiological Research (AIRE-ONLUS), Ragusa, Italy.",1,3657,0.00027344818156959256,558
Community 2,Hôpital Aristide Le Dantec,1,3657,0.00027344818156959256,559
Community 2,Hôpital Bichat-Claude-Bernard,1,3657,0.00027344818156959256,560
Community 2,Hôpital Lyon Sud,1,3657,0.00027344818156959256,561
Community 2,IRCCS Ospedale San Raffaele,1,3657,0.00027344818156959256,562
Community 2,"IZD Hannover, Hannover, Germany",1,3657,0.00027344818156959256,563
Community 2,Icahn School of Medicine at Mount Sinai,1,3657,0.00027344818156959256,564
Community 2,Indiana University Indianapolis,1,3657,0.00027344818156959256,565
Community 2,Institut Necker Enfants Malades,1,3657,0.00027344818156959256,566
Community 2,Institut d'Investigació Biomèdica de Girona,1,3657,0.00027344818156959256,567
Community 2,Institute Curie,1,3657,0.00027344818156959256,568
Community 2,Institute Paoli-Calmettes,1,3657,0.00027344818156959256,569
Community 2,Institute for Cancer Research,1,3657,0.00027344818156959256,570
Community 2,Institute for Prevention and Occupational Medicine,1,3657,0.00027344818156959256,571
Community 2,Institute for Research in Biomedicine,1,3657,0.00027344818156959256,572
Community 2,Institute of Cardiology,1,3657,0.00027344818156959256,573
Community 2,Instituto Murciano de Investigación Biosanitaria,1,3657,0.00027344818156959256,574
Community 2,Instituto Nacional do Câncer,1,3657,0.00027344818156959256,575
Community 2,Instituto de Salud Pública y Laboral de Navarra,1,3657,0.00027344818156959256,576
Community 2,Institutul National de Sanatate Publica,1,3657,0.00027344818156959256,577
Community 2,Intermountain Healthcare,1,3657,0.00027344818156959256,578
Community 2,Intermountain Medical Center,1,3657,0.00027344818156959256,579
Community 2,"International Organisation for Cancer Prevention and Research, Belgrade, Serbia",1,3657,0.00027344818156959256,580
Community 2,Isala,1,3657,0.00027344818156959256,581
Community 2,Istanbul University,1,3657,0.00027344818156959256,582
Community 2,Italian institute for Genomic Medicine,1,3657,0.00027344818156959256,583
Community 2,Jackson Laboratory,1,3657,0.00027344818156959256,584
Community 2,Jagiellonian University,1,3657,0.00027344818156959256,585
Community 2,Johanniter-Krankenhaus Bonn,1,3657,0.00027344818156959256,586
Community 2,Johnson and Johnson,1,3657,0.00027344818156959256,587
Community 2,KK Women's and Children's Hospital,1,3657,0.00027344818156959256,588
Community 2,KTH Royal Institute of Technology,1,3657,0.00027344818156959256,589
Community 2,Kaiser Permanente Washington Health Research Institute,1,3657,0.00027344818156959256,590
Community 2,Kanazawa Medical University,1,3657,0.00027344818156959256,591
Community 2,Kaohsiung Chang Gung Memorial Hospital,1,3657,0.00027344818156959256,592
Community 2,Karmanos Cancer Institute,1,3657,0.00027344818156959256,593
Community 2,King Juan Carlos University,1,3657,0.00027344818156959256,594
Community 2,Kliniken Essen-Mitte,1,3657,0.00027344818156959256,595
Community 2,Klinikum Mittelbaden,1,3657,0.00027344818156959256,596
Community 2,"Korea Medical Institute, Seoul, Korea",1,3657,0.00027344818156959256,597
Community 2,Krankenhaus Bruneck,1,3657,0.00027344818156959256,598
Community 2,Kuopio University Hospital,1,3657,0.00027344818156959256,599
Community 2,Kyoto First Red Cross Hospital,1,3657,0.00027344818156959256,600
Community 2,Leibniz Institute for Prevention Research and Epidemiology - BIPS,1,3657,0.00027344818156959256,601
Community 2,Leipzig University,1,3657,0.00027344818156959256,602
Community 2,Liaoning Provincial People's Hospital,1,3657,0.00027344818156959256,603
Community 2,Lomonosov Moscow State University,1,3657,0.00027344818156959256,604
Community 2,Ludwig-Maximilians-Universität München,1,3657,0.00027344818156959256,605
Community 2,Maasstad Ziekenhuis,1,3657,0.00027344818156959256,606
Community 2,Makerere University,1,3657,0.00027344818156959256,607
Community 2,Manchester Academic Health Science Centre,1,3657,0.00027344818156959256,608
Community 2,Markey Cancer Center,1,3657,0.00027344818156959256,609
Community 2,Martin Luther University Halle-Wittenberg,1,3657,0.00027344818156959256,610
Community 2,Masaryk Memorial Cancer Institute,1,3657,0.00027344818156959256,611
Community 2,Massachusetts Institute of Technology,1,3657,0.00027344818156959256,612
Community 2,Max Delbrück Center for Molecular Medicine,1,3657,0.00027344818156959256,613
Community 2,Mayo Clinic Comprehensive Cancer Center,1,3657,0.00027344818156959256,614
Community 2,Mays Cancer Center,1,3657,0.00027344818156959256,615
Community 2,McGill University Health Centre,1,3657,0.00027344818156959256,616
Community 2,McMaster University,1,3657,0.00027344818156959256,617
Community 2,MedStar Health,1,3657,0.00027344818156959256,618
Community 2,Medical Research Council,1,3657,0.00027344818156959256,619
Community 2,Medstar Health Research Institute Inc,1,3657,0.00027344818156959256,620
Community 2,Meharry Medical College,1,3657,0.00027344818156959256,621
Community 2,Moores Comprehensive Cancer Center,1,3657,0.00027344818156959256,622
Community 2,Morgan State University,1,3657,0.00027344818156959256,623
Community 2,Multiple Myeloma Research Foundation,1,3657,0.00027344818156959256,624
Community 2,N. I. Lobachevsky State University of Nizhny Novgorod,1,3657,0.00027344818156959256,625
Community 2,N.N. Alexandrov National Cancer Centre,1,3657,0.00027344818156959256,626
Community 2,NIHR Leeds Musculoskeletal Biomedical Research Unit,1,3657,0.00027344818156959256,627
Community 2,Nanjing University,1,3657,0.00027344818156959256,628
Community 2,Nanjing University of Chinese Medicine,1,3657,0.00027344818156959256,629
Community 2,National Cancer Center,1,3657,0.00027344818156959256,630
Community 2,National Cerebral and Cardiovascular Center,1,3657,0.00027344818156959256,631
Community 2,National Health Laboratory Service,1,3657,0.00027344818156959256,632
Community 2,National Hospital Organization Tokyo Medical Center,1,3657,0.00027344818156959256,633
Community 2,National Institute of Biomedical Genomics,1,3657,0.00027344818156959256,634
Community 2,National Institute on Minority Health and Health Disparities,1,3657,0.00027344818156959256,635
Community 2,National Taiwan University Hospital,1,3657,0.00027344818156959256,636
Community 2,"National University Cancer Institute, Singapore",1,3657,0.00027344818156959256,637
Community 2,National University Hospital,1,3657,0.00027344818156959256,638
Community 2,National University of Singapore,1,3657,0.00027344818156959256,639
Community 2,Nationwide Children's Hospital,1,3657,0.00027344818156959256,640
Community 2,Navarre Institute of Health Research,1,3657,0.00027344818156959256,641
Community 2,Netherlands Heart Institute,1,3657,0.00027344818156959256,642
Community 2,Newcastle upon Tyne Hospitals NHS Foundation Trust,1,3657,0.00027344818156959256,643
Community 2,Norfolk and Norwich University Hospitals NHS Foundation Trust,1,3657,0.00027344818156959256,644
Community 2,Northumbria University,1,3657,0.00027344818156959256,645
Community 2,Norwegian University of Science and Technology,1,3657,0.00027344818156959256,646
Community 2,Norwegian Veterinary Institute,1,3657,0.00027344818156959256,647
Community 2,Nottingham University Hospitals NHS Trust,1,3657,0.00027344818156959256,648
Community 2,Olink Holding AB,1,3657,0.00027344818156959256,649
Community 2,Origene Technologies Inc,1,3657,0.00027344818156959256,650
Community 2,"Oxford Centre for Diabetes, Endocrinology and Metabolism",1,3657,0.00027344818156959256,651
Community 2,Oxford University Hospitals NHS Trust,1,3657,0.00027344818156959256,652
Community 2,Pacific Cancer Research Consortium NCORP,1,3657,0.00027344818156959256,653
Community 2,Peking University Third Hospital,1,3657,0.00027344818156959256,654
Community 2,Pennington Biomedical Research Center,1,3657,0.00027344818156959256,655
Community 2,Peter Maccallum Cancer Centre,1,3657,0.00027344818156959256,656
Community 2,Pfizer Inc,1,3657,0.00027344818156959256,657
Community 2,Pfizer-University of Granada-Junta de Andalucía Centre for Genomics and Oncological Research,1,3657,0.00027344818156959256,658
Community 2,Pharmaceutical Product Development (United Kingdom),1,3657,0.00027344818156959256,659
Community 2,"Phenogen Sciences Inc, Charlotte, NC;",1,3657,0.00027344818156959256,660
Community 2,"Phenogen Sciences Inc, Charlotte, North Carolina",1,3657,0.00027344818156959256,661
Community 2,"Phenogen Sciences Inc, Charlotte, North Carolina, USA",1,3657,0.00027344818156959256,662
Community 2,Pompeu Fabra University,1,3657,0.00027344818156959256,663
Community 2,Portland State University,1,3657,0.00027344818156959256,664
Community 2,"Prevent Breast Cancer Research Unit, Manchester University Hospital Foundation NHS Trust, Manchester, UK",1,3657,0.00027344818156959256,665
Community 2,Princess Alexandra Eye Pavilion,1,3657,0.00027344818156959256,666
Community 2,Providence St. Vincent Medical Center,1,3657,0.00027344818156959256,667
Community 2,"Public Health Directorate, Asturias, Spain",1,3657,0.00027344818156959256,668
Community 2,"Public Health Division of Gipuzkoa, San Sebastian, Spain",1,3657,0.00027344818156959256,669
Community 2,Public Health Institute,1,3657,0.00027344818156959256,670
Community 2,Queen's University,1,3657,0.00027344818156959256,671
Community 2,Rabin Medical Center,1,3657,0.00027344818156959256,672
Community 2,Radiation Effects Research Foundation,1,3657,0.00027344818156959256,673
Community 2,"Rahat Clinics, Almaty, Kazakhstan",1,3657,0.00027344818156959256,674
Community 2,Reinnervate Ltd,1,3657,0.00027344818156959256,675
Community 2,"Retired, Maine Cancer Registry, Augusta, ME, USA",1,3657,0.00027344818156959256,676
Community 2,Rice University,1,3657,0.00027344818156959256,677
Community 2,Robert H. Lurie Comprehensive Cancer Center,1,3657,0.00027344818156959256,678
Community 2,Robert Koch Institute,1,3657,0.00027344818156959256,679
Community 2,Royal Brisbane and Women's Hospital,1,3657,0.00027344818156959256,680
Community 2,Royal Devon University Healthcare NHS Foundation Trust,1,3657,0.00027344818156959256,681
Community 2,Royal Melbourne Hospital,1,3657,0.00027344818156959256,682
Community 2,Rudjer Boskovic Institute,1,3657,0.00027344818156959256,683
Community 2,Rush University Medical Center,1,3657,0.00027344818156959256,684
Community 2,Russian Academy of Education,1,3657,0.00027344818156959256,685
Community 2,Rutgers Cancer Institute of New Jersey,1,3657,0.00027344818156959256,686
Community 2,"Rutgers, The State University of New Jersey",1,3657,0.00027344818156959256,687
Community 2,Saint Louis University,1,3657,0.00027344818156959256,688
Community 2,Saints Cyril and Methodius University of Skopje,1,3657,0.00027344818156959256,689
Community 2,"San Francisco, CA",1,3657,0.00027344818156959256,690
Community 2,"School of Medicine of São José do Rio Preto, São Paulo, Brazil",1,3657,0.00027344818156959256,691
Community 2,Scuola Normale Superiore,1,3657,0.00027344818156959256,692
Community 2,Semmelweis University,1,3657,0.00027344818156959256,693
Community 2,Sheba Medical Center,1,3657,0.00027344818156959256,694
Community 2,Siberian Branch of the Russian Academy of Sciences,1,3657,0.00027344818156959256,695
Community 2,Sidney Kimmel Cancer Center,1,3657,0.00027344818156959256,696
Community 2,Sidney Kimmel Comprehensive Cancer Center,1,3657,0.00027344818156959256,697
Community 2,Sinai Health System,1,3657,0.00027344818156959256,698
Community 2,Singapore General Hospital,1,3657,0.00027344818156959256,699
Community 2,Sjukhuset i Lidköping,1,3657,0.00027344818156959256,700
Community 2,South African Medical Research Council,1,3657,0.00027344818156959256,701
Community 2,South Australian Health and Medical Research Institute,1,3657,0.00027344818156959256,702
Community 2,Southampton Children's Hospital,1,3657,0.00027344818156959256,703
Community 2,Southampton General Hospital,1,3657,0.00027344818156959256,704
Community 2,Southern Medical University,1,3657,0.00027344818156959256,705
Community 2,St George’s University Hospitals NHS Foundation Trust,1,3657,0.00027344818156959256,706
Community 2,St Mark's Hospital,1,3657,0.00027344818156959256,707
Community 2,St. Vincent's University Hospital,1,3657,0.00027344818156959256,708
Community 2,Staffordshire University,1,3657,0.00027344818156959256,709
Community 2,Stanford Cancer Institute,1,3657,0.00027344818156959256,710
Community 2,Stanford University Medical Center,1,3657,0.00027344818156959256,711
Community 2,State Research Institute Centre for Innovative Medicine,1,3657,0.00027344818156959256,712
Community 2,State University of New York at Buffalo,1,3657,0.00027344818156959256,713
Community 2,Steno Diabetes Center,1,3657,0.00027344818156959256,714
Community 2,Stepping Hill Hospital,1,3657,0.00027344818156959256,715
Community 2,Stockholm South General Hospital,1,3657,0.00027344818156959256,716
Community 2,Sun Yat-sen University,1,3657,0.00027344818156959256,717
Community 2,Swiss Distance University of Applied Sciences,1,3657,0.00027344818156959256,718
Community 2,Sylvester Comprehensive Cancer Center,1,3657,0.00027344818156959256,719
Community 2,TU Dresden,1,3657,0.00027344818156959256,720
Community 2,Tampere University,1,3657,0.00027344818156959256,721
Community 2,Technical University of Munich,1,3657,0.00027344818156959256,722
Community 2,Texas A&M University,1,3657,0.00027344818156959256,723
Community 2,Texas Children's Hospital,1,3657,0.00027344818156959256,724
Community 2,The Alfred Hospital,1,3657,0.00027344818156959256,725
Community 2,The Christie NHS Foundation Trust,1,3657,0.00027344818156959256,726
Community 2,The Methodist Hospital,1,3657,0.00027344818156959256,727
Community 2,The University of Texas Southwestern Medical Center,1,3657,0.00027344818156959256,728
Community 2,The University of Texas at Austin,1,3657,0.00027344818156959256,729
Community 2,The Wallace H. Coulter Department of Biomedical Engineering at Georgia Tech and Emory University,1,3657,0.00027344818156959256,730
Community 2,Third Affiliated Hospital of Harbin Medical University,1,3657,0.00027344818156959256,731
Community 2,Tianjin Nankai Hospital,1,3657,0.00027344818156959256,732
Community 2,Tongji Hospital Affiliated to Tongji Medical College of Huazhong University of Science & Technology,1,3657,0.00027344818156959256,733
Community 2,Trakya University,1,3657,0.00027344818156959256,734
Community 2,Translational Research Institute,1,3657,0.00027344818156959256,735
Community 2,Tuskegee University,1,3657,0.00027344818156959256,736
Community 2,UCSF Helen Diller Family Comprehensive Cancer Center,1,3657,0.00027344818156959256,737
Community 2,"UMIT - Private Universität für Gesundheitswissenschaften, Medizinische Informatik und Technik",1,3657,0.00027344818156959256,738
Community 2,UPMC Hillman Cancer Center,1,3657,0.00027344818156959256,739
Community 2,Ufa University of Science and Technology,1,3657,0.00027344818156959256,740
Community 2,Umm al-Qura University,1,3657,0.00027344818156959256,741
Community 2,Universidade Federal do Espírito Santo,1,3657,0.00027344818156959256,742
Community 2,University Clinical Centre of Serbia,1,3657,0.00027344818156959256,743
Community 2,University College Cork,1,3657,0.00027344818156959256,744
Community 2,University College Dublin,1,3657,0.00027344818156959256,745
Community 2,University Health Network,1,3657,0.00027344818156959256,746
Community 2,University Hospital,1,3657,0.00027344818156959256,747
Community 2,University Hospital Carl Gustav Carus,1,3657,0.00027344818156959256,748
Community 2,University Hospital of Larissa,1,3657,0.00027344818156959256,749
Community 2,University Hospital of North Norway,1,3657,0.00027344818156959256,750
Community 2,University Hospital of Zurich,1,3657,0.00027344818156959256,751
Community 2,University Hospitals of Leicester NHS Trust,1,3657,0.00027344818156959256,752
Community 2,University Medical Centre Mannheim,1,3657,0.00027344818156959256,753
Community 2,University of Alcalá,1,3657,0.00027344818156959256,754
Community 2,University of Antioquia,1,3657,0.00027344818156959256,755
Community 2,University of Bergen,1,3657,0.00027344818156959256,756
Community 2,University of Bologna,1,3657,0.00027344818156959256,757
Community 2,University of Calgary,1,3657,0.00027344818156959256,758
Community 2,"University of Campania ""Luigi Vanvitelli""",1,3657,0.00027344818156959256,759
Community 2,University of Chester,1,3657,0.00027344818156959256,760
Community 2,University of Colorado Boulder,1,3657,0.00027344818156959256,761
Community 2,University of East Anglia,1,3657,0.00027344818156959256,762
Community 2,University of Florence,1,3657,0.00027344818156959256,763
Community 2,University of Freiburg,1,3657,0.00027344818156959256,764
Community 2,University of Hong Kong,1,3657,0.00027344818156959256,765
Community 2,University of Huelva,1,3657,0.00027344818156959256,766
Community 2,University of Iowa Hospitals and Clinics,1,3657,0.00027344818156959256,767
Community 2,University of Kansas Cancer Center,1,3657,0.00027344818156959256,768
Community 2,University of Kent,1,3657,0.00027344818156959256,769
Community 2,University of Kentucky,1,3657,0.00027344818156959256,770
Community 2,University of Lausanne,1,3657,0.00027344818156959256,771
Community 2,University of Ljubljana,1,3657,0.00027344818156959256,772
Community 2,University of Lübeck,1,3657,0.00027344818156959256,773
Community 2,University of Malaya,1,3657,0.00027344818156959256,774
Community 2,University of Massachusetts Chan Medical School,1,3657,0.00027344818156959256,775
Community 2,University of Mauritius,1,3657,0.00027344818156959256,776
Community 2,University of Miami,1,3657,0.00027344818156959256,777
Community 2,University of New Mexico,1,3657,0.00027344818156959256,778
Community 2,University of Nottingham Malaysia Campus,1,3657,0.00027344818156959256,779
Community 2,University of Osijek,1,3657,0.00027344818156959256,780
Community 2,University of Ottawa,1,3657,0.00027344818156959256,781
Community 2,University of Paris-Saclay,1,3657,0.00027344818156959256,782
Community 2,University of Salzburg,1,3657,0.00027344818156959256,783
Community 2,University of Santiago de Compostela,1,3657,0.00027344818156959256,784
Community 2,University of South Florida,1,3657,0.00027344818156959256,785
Community 2,University of Tartu,1,3657,0.00027344818156959256,786
Community 2,University of Tasmania,1,3657,0.00027344818156959256,787
Community 2,University of Technology Sydney,1,3657,0.00027344818156959256,788
Community 2,University of Tennessee Knoxville,1,3657,0.00027344818156959256,789
Community 2,University of Vic,1,3657,0.00027344818156959256,790
Community 2,University of West Attica,1,3657,0.00027344818156959256,791
Community 2,University of Zagreb,1,3657,0.00027344818156959256,792
Community 2,Universitätsmedizin Göttingen,1,3657,0.00027344818156959256,793
Community 2,Universitätsmedizin Rostock,1,3657,0.00027344818156959256,794
Community 2,Uro Care Hospital,1,3657,0.00027344818156959256,795
Community 2,Vitas (Norway),1,3657,0.00027344818156959256,796
Community 2,Vlaams Instituut voor Biotechnologie,1,3657,0.00027344818156959256,797
Community 2,Vrije Universiteit Amsterdam,1,3657,0.00027344818156959256,798
Community 2,Washington State University,1,3657,0.00027344818156959256,799
Community 2,Weill Medical College of Cornell University,1,3657,0.00027344818156959256,800
Community 2,Weizmann Institute of Science,1,3657,0.00027344818156959256,801
Community 2,Wellcome Centre for Human Genetics,1,3657,0.00027344818156959256,802
Community 2,Wellcome Sanger Institute,1,3657,0.00027344818156959256,803
Community 2,West Virginia University,1,3657,0.00027344818156959256,804
Community 2,Western General Hospital,1,3657,0.00027344818156959256,805
Community 2,Winship Cancer Institute,1,3657,0.00027344818156959256,806
Community 2,"Wisconsin NCORP, Marshfield, WI",1,3657,0.00027344818156959256,807
Community 2,Wythenshawe Hospital,1,3657,0.00027344818156959256,808
Community 2,XinHua Hospital,1,3657,0.00027344818156959256,809
Community 2,Zhengzhou University,1,3657,0.00027344818156959256,810
Community 2,for the Chronic Kidney Disease Prognosis Consortium Investigators and Collaborators,1,3657,0.00027344818156959256,811
Community 3,University of Oslo,119,2646,0.04497354497354497,1
Community 3,Wellcome Centre for Integrative Neuroimaging,67,2646,0.025321239606953892,2
Community 3,King's College London,66,2646,0.024943310657596373,3
Community 3,University of Cambridge,65,2646,0.02456538170823885,4
Community 3,University of Southern California,62,2646,0.02343159486016629,5
Community 3,"University of California, San Diego",57,2646,0.021541950113378686,6
Community 3,University of Oxford,54,2646,0.02040816326530612,7
Community 3,Radboud University Nijmegen Medical Centre,48,2646,0.018140589569160998,8
Community 3,UNSW Sydney,41,2646,0.015495086923658353,9
Community 3,Erasmus MC,37,2646,0.013983371126228269,10
Community 3,"University of Maryland, Baltimore",31,2646,0.011715797430083144,11
Community 3,Washington University in St. Louis,30,2646,0.011337868480725623,12
Community 3,Amsterdam Neuroscience,29,2646,0.010959939531368102,13
Community 3,Yale University,29,2646,0.010959939531368102,14
Community 3,Max Planck Institute for Psycholinguistics,28,2646,0.010582010582010581,15
Community 3,Oslo University Hospital,26,2646,0.009826152683295541,16
Community 3,University of Minnesota Twin Cities,26,2646,0.009826152683295541,17
Community 3,University College London,24,2646,0.009070294784580499,18
Community 3,University of Nottingham,24,2646,0.009070294784580499,19
Community 3,Maastricht University,23,2646,0.008692365835222978,20
Community 3,University of Bordeaux,23,2646,0.008692365835222978,21
Community 3,Unknown institution,23,2646,0.008692365835222978,22
Community 3,Institut Pasteur,22,2646,0.008314436885865457,23
Community 3,McGill University,22,2646,0.008314436885865457,24
Community 3,University of Montreal,21,2646,0.007936507936507936,25
Community 3,Radboud University Nijmegen,20,2646,0.007558578987150416,26
Community 3,University of Galway,20,2646,0.007558578987150416,27
Community 3,"University of Maryland, College Park",20,2646,0.007558578987150416,28
Community 3,Center for Translational Research in Neuroimaging and Data Science,18,2646,0.006802721088435374,29
Community 3,Hospital for Sick Children,18,2646,0.006802721088435374,30
Community 3,Karolinska Institutet,18,2646,0.006802721088435374,31
Community 3,Massachusetts General Hospital,18,2646,0.006802721088435374,32
Community 3,University of Paris-Saclay,18,2646,0.006802721088435374,33
Community 3,Max Planck Institute for Human Cognitive and Brain Sciences,17,2646,0.006424792139077854,34
Community 3,Georgia State University,16,2646,0.006046863189720333,35
Community 3,Pitié-Salpêtrière Hospital,16,2646,0.006046863189720333,36
Community 3,University of Toronto,16,2646,0.006046863189720333,37
Community 3,Leiden University Medical Center,15,2646,0.005668934240362812,38
Community 3,National Institute of Mental Health,15,2646,0.005668934240362812,39
Community 3,University of Bari Aldo Moro,15,2646,0.005668934240362812,40
Community 3,University of Münster,15,2646,0.005668934240362812,41
Community 3,University of Pennsylvania,15,2646,0.005668934240362812,42
Community 3,Vrije Universiteit Amsterdam,15,2646,0.005668934240362812,43
Community 3,University Medical Center Utrecht,14,2646,0.005291005291005291,44
Community 3,AMRA Medical AB,13,2646,0.0049130763416477706,45
Community 3,Centre Hospitalier Universitaire Sainte-Justine,13,2646,0.0049130763416477706,46
Community 3,Fudan University,12,2646,0.0045351473922902496,47
Community 3,MRC Cognition and Brain Sciences Unit,12,2646,0.0045351473922902496,48
Community 3,Oxford Health NHS Foundation Trust,12,2646,0.0045351473922902496,49
Community 3,"University of California, San Francisco",12,2646,0.0045351473922902496,50
Community 3,University of Melbourne,12,2646,0.0045351473922902496,51
Community 3,Utrecht University,12,2646,0.0045351473922902496,52
Community 3,XinHua Hospital,12,2646,0.0045351473922902496,53
Community 3,Central Institute of Mental Health,11,2646,0.0041572184429327285,54
Community 3,Trinity College Dublin,11,2646,0.0041572184429327285,55
Community 3,University of Cape Town,11,2646,0.0041572184429327285,56
Community 3,University of Chinese Academy of Sciences,11,2646,0.0041572184429327285,57
Community 3,University of Vermont,11,2646,0.0041572184429327285,58
Community 3,Boston Children's Hospital,10,2646,0.003779289493575208,59
Community 3,Georgia Institute of Technology,10,2646,0.003779289493575208,60
Community 3,Philipps University of Marburg,10,2646,0.003779289493575208,61
Community 3,Charité - University Medicine Berlin,9,2646,0.003401360544217687,62
Community 3,Diakonhjemmet Hospital,9,2646,0.003401360544217687,63
Community 3,Icahn School of Medicine at Mount Sinai,9,2646,0.003401360544217687,64
Community 3,Institut du Cerveau,9,2646,0.003401360544217687,65
Community 3,Royal College of Surgeons in Ireland,9,2646,0.003401360544217687,66
Community 3,The University of Texas Health Science Center at Houston,9,2646,0.003401360544217687,67
Community 3,University of British Columbia,9,2646,0.003401360544217687,68
Community 3,"University of California, Irvine",9,2646,0.003401360544217687,69
Community 3,"University of California, Los Angeles",9,2646,0.003401360544217687,70
Community 3,University of Iowa,9,2646,0.003401360544217687,71
Community 3,Virginia Commonwealth University,9,2646,0.003401360544217687,72
Community 3,Boston University,8,2646,0.0030234315948601664,73
Community 3,Children's Hospital of Philadelphia,8,2646,0.0030234315948601664,74
Community 3,Emory University,8,2646,0.0030234315948601664,75
Community 3,"Faculty of Health, Medicine and Life Sciences (Honours Programme)",8,2646,0.0030234315948601664,76
Community 3,Fujita Health University,8,2646,0.0030234315948601664,77
Community 3,Inserm,8,2646,0.0030234315948601664,78
Community 3,Jeonbuk National University,8,2646,0.0030234315948601664,79
Community 3,Lieber Institute for Brain Development,8,2646,0.0030234315948601664,80
Community 3,Maastricht University Medical Centre,8,2646,0.0030234315948601664,81
Community 3,Medical University of Graz,8,2646,0.0030234315948601664,82
Community 3,National University of Singapore,8,2646,0.0030234315948601664,83
Community 3,Princeton University,8,2646,0.0030234315948601664,84
Community 3,University of Gothenburg,8,2646,0.0030234315948601664,85
Community 3,Imperial College London,7,2646,0.0026455026455026454,86
Community 3,Institute of Automation,7,2646,0.0026455026455026454,87
Community 3,Linköping University,7,2646,0.0026455026455026454,88
Community 3,Max Planck Institute for Human Development,7,2646,0.0026455026455026454,89
Community 3,Neurodegeneratives Diseases Institute,7,2646,0.0026455026455026454,90
Community 3,Sunnaas sykehus,7,2646,0.0026455026455026454,91
Community 3,TU Dresden,7,2646,0.0026455026455026454,92
Community 3,The University of Texas Health Science Center at San Antonio,7,2646,0.0026455026455026454,93
Community 3,University of Amsterdam,7,2646,0.0026455026455026454,94
Community 3,University of Barcelona,7,2646,0.0026455026455026454,95
Community 3,University of Bergen,7,2646,0.0026455026455026454,96
Community 3,University of Edinburgh,7,2646,0.0026455026455026454,97
Community 3,University of Queensland,7,2646,0.0026455026455026454,98
Community 3,Centre Hospitalier Universitaire Voudois,6,2646,0.0022675736961451248,99
Community 3,Cornell University,6,2646,0.0022675736961451248,100
Community 3,Greifswald University Medicine,6,2646,0.0022675736961451248,101
Community 3,Harvard University,6,2646,0.0022675736961451248,102
Community 3,Heidelberg University,6,2646,0.0022675736961451248,103
Community 3,Laureate Institute for Brain Research,6,2646,0.0022675736961451248,104
Community 3,National Institute of Neurological Disorders and Stroke,6,2646,0.0022675736961451248,105
Community 3,State University of New York Upstate Medical University,6,2646,0.0022675736961451248,106
Community 3,The University of Texas Southwestern Medical Center,6,2646,0.0022675736961451248,107
Community 3,Umeå University,6,2646,0.0022675736961451248,108
Community 3,University Medical Center Groningen,6,2646,0.0022675736961451248,109
Community 3,University of Tübingen,6,2646,0.0022675736961451248,110
Community 3,Universitätsmedizin Göttingen,6,2646,0.0022675736961451248,111
Community 3,Vanderbilt University Medical Center,6,2646,0.0022675736961451248,112
Community 3,Amsterdam UMC Location AMC,5,2646,0.001889644746787604,113
Community 3,Ariana Pharmaceuticals SA,5,2646,0.001889644746787604,114
Community 3,Cardiff University,5,2646,0.001889644746787604,115
Community 3,Hospital General Universitario Gregorio Marañón,5,2646,0.001889644746787604,116
Community 3,Hvidovre Hospital,5,2646,0.001889644746787604,117
Community 3,Institute of Neurology,5,2646,0.001889644746787604,118
Community 3,Johns Hopkins University,5,2646,0.001889644746787604,119
Community 3,King's College Hospital NHS Foundation Trust,5,2646,0.001889644746787604,120
Community 3,Kyoto University,5,2646,0.001889644746787604,121
Community 3,Marqués de Valdecilla University Hospital,5,2646,0.001889644746787604,122
Community 3,Max Planck Institute of Psychiatry,5,2646,0.001889644746787604,123
Community 3,Oregon Health & Science University,5,2646,0.001889644746787604,124
Community 3,Ruijin Hospital,5,2646,0.001889644746787604,125
Community 3,Universidad del Desarrollo,5,2646,0.001889644746787604,126
Community 3,University Hospital Frankfurt,5,2646,0.001889644746787604,127
Community 3,University of Basel,5,2646,0.001889644746787604,128
Community 3,University of New Mexico,5,2646,0.001889644746787604,129
Community 3,University of North Carolina at Chapel Hill,5,2646,0.001889644746787604,130
Community 3,University of Pittsburgh,5,2646,0.001889644746787604,131
Community 3,Banner Health,4,2646,0.0015117157974300832,132
Community 3,Centre for Addiction and Mental Health,4,2646,0.0015117157974300832,133
Community 3,Cleveland Clinic,4,2646,0.0015117157974300832,134
Community 3,Columbia University,4,2646,0.0015117157974300832,135
Community 3,East China Normal University,4,2646,0.0015117157974300832,136
Community 3,Erasmus MC - Sophia Children’s Hospital,4,2646,0.0015117157974300832,137
Community 3,F Hoffmann La Roche AG,4,2646,0.0015117157974300832,138
Community 3,Forschungszentrum Jülich,4,2646,0.0015117157974300832,139
Community 3,Institute for Biomedical Engineering,4,2646,0.0015117157974300832,140
Community 3,Institute of Psychiatry and Neuroscience of Paris,4,2646,0.0015117157974300832,141
Community 3,Kunming University of Science and Technology,4,2646,0.0015117157974300832,142
Community 3,LMU Klinikum,4,2646,0.0015117157974300832,143
Community 3,Melbourne Health,4,2646,0.0015117157974300832,144
Community 3,National Center of Human Genomics Research,4,2646,0.0015117157974300832,145
Community 3,National Institute of Mental Health and Neurosciences,4,2646,0.0015117157974300832,146
Community 3,Physikalisch-Technische Bundesanstalt,4,2646,0.0015117157974300832,147
Community 3,Pontificia Universidad Católica de Chile,4,2646,0.0015117157974300832,148
Community 3,Queen's University,4,2646,0.0015117157974300832,149
Community 3,The University of Sydney,4,2646,0.0015117157974300832,150
Community 3,Tsinghua University,4,2646,0.0015117157974300832,151
Community 3,University Medical Center Hamburg-Eppendorf,4,2646,0.0015117157974300832,152
Community 3,"University of California, Davis",4,2646,0.0015117157974300832,153
Community 3,University of Colorado Boulder,4,2646,0.0015117157974300832,154
Community 3,University of Houston,4,2646,0.0015117157974300832,155
Community 3,University of Zurich,4,2646,0.0015117157974300832,156
Community 3,Aarhus University,3,2646,0.0011337868480725624,157
Community 3,Amsterdam University Medical Centers,3,2646,0.0011337868480725624,158
Community 3,Bicêtre Hospital,3,2646,0.0011337868480725624,159
Community 3,Biogen Inc,3,2646,0.0011337868480725624,160
Community 3,Broad Institute,3,2646,0.0011337868480725624,161
Community 3,Brown University,3,2646,0.0011337868480725624,162
Community 3,CEA Paris-Saclay,3,2646,0.0011337868480725624,163
Community 3,Cambridgeshire and Peterborough NHS Foundation Trust,3,2646,0.0011337868480725624,164
Community 3,Capital Medical University,3,2646,0.0011337868480725624,165
Community 3,"Cegedim R&D, Boulogne-Billancourt, France",3,2646,0.0011337868480725624,166
Community 3,Centro San Giovanni di Dio Fatebenefratelli,3,2646,0.0011337868480725624,167
Community 3,Cyceron,3,2646,0.0011337868480725624,168
Community 3,Eli Lilly and Co,3,2646,0.0011337868480725624,169
Community 3,Epilepsy Society,3,2646,0.0011337868480725624,170
Community 3,Federal University of São Paulo,3,2646,0.0011337868480725624,171
Community 3,German Center for Neurodegenerative Diseases,3,2646,0.0011337868480725624,172
Community 3,Heinrich Heine University Düsseldorf,3,2646,0.0011337868480725624,173
Community 3,Humboldt-Universität zu Berlin,3,2646,0.0011337868480725624,174
Community 3,Hôpital Louis-H Lafontaine,3,2646,0.0011337868480725624,175
Community 3,Hôpital Robert-Debré,3,2646,0.0011337868480725624,176
Community 3,Indiana University School of Medicine,3,2646,0.0011337868480725624,177
Community 3,Jena University Hospital,3,2646,0.0011337868480725624,178
Community 3,King Saud bin Abdulaziz University for Health Sciences,3,2646,0.0011337868480725624,179
Community 3,Korea University,3,2646,0.0011337868480725624,180
Community 3,Nanyang Technological University,3,2646,0.0011337868480725624,181
Community 3,National Human Genome Research Institute,3,2646,0.0011337868480725624,182
Community 3,National University Health System,3,2646,0.0011337868480725624,183
Community 3,National University of Defense Technology,3,2646,0.0011337868480725624,184
Community 3,Netherlands Institute for Neuroscience,3,2646,0.0011337868480725624,185
Community 3,Norwegian University of Science and Technology,3,2646,0.0011337868480725624,186
Community 3,Oxford University Hospitals NHS Trust,3,2646,0.0011337868480725624,187
Community 3,Politecnico di Milano,3,2646,0.0011337868480725624,188
Community 3,Shanghai Jiao Tong University,3,2646,0.0011337868480725624,189
Community 3,Shanxi University,3,2646,0.0011337868480725624,190
Community 3,Simon Fraser University,3,2646,0.0011337868480725624,191
Community 3,St Olav's University Hospital,3,2646,0.0011337868480725624,192
Community 3,St. James's Hospital,3,2646,0.0011337868480725624,193
Community 3,State Key Laboratory of Cognitive Neuroscience and Learning,3,2646,0.0011337868480725624,194
Community 3,Sykehuset i Vestfold,3,2646,0.0011337868480725624,195
Community 3,University of Lausanne,3,2646,0.0011337868480725624,196
Community 3,University of Liverpool,3,2646,0.0011337868480725624,197
Community 3,"University of Maryland, Baltimore County",3,2646,0.0011337868480725624,198
Community 3,University of Newcastle Australia,3,2646,0.0011337868480725624,199
Community 3,University of Rennes,3,2646,0.0011337868480725624,200
Community 3,University of Southampton,3,2646,0.0011337868480725624,201
Community 3,University of Würzburg,3,2646,0.0011337868480725624,202
Community 3,Université du Québec à Chicoutimi,3,2646,0.0011337868480725624,203
Community 3,Victorian Clinical Genetics Services,3,2646,0.0011337868480725624,204
Community 3,Wake Forest University,3,2646,0.0011337868480725624,205
Community 3,Warneford Hospital,3,2646,0.0011337868480725624,206
Community 3,Western Norway University of Applied Sciences,3,2646,0.0011337868480725624,207
Community 3,École Normale Supérieure Paris-Saclay,3,2646,0.0011337868480725624,208
Community 3,Örebro University,3,2646,0.0011337868480725624,209
Community 3,Akershus University Hospital,2,2646,0.0007558578987150416,210
Community 3,Assistance Publique - Hôpitaux de Paris,2,2646,0.0007558578987150416,211
Community 3,Bordeaux Population Health,2,2646,0.0007558578987150416,212
Community 3,Cambridge University Hospitals NHS Foundation Trust,2,2646,0.0007558578987150416,213
Community 3,Casa Sollievo della Sofferenza,2,2646,0.0007558578987150416,214
Community 3,Case Western Reserve University,2,2646,0.0007558578987150416,215
Community 3,"Cuban Center for Neuroscience, La Habana, Cuba",2,2646,0.0007558578987150416,216
Community 3,Decode Genetics ehf,2,2646,0.0007558578987150416,217
Community 3,"Digital Imaging, Philips Research Hamburg, Hamburg, Germany",2,2646,0.0007558578987150416,218
Community 3,Emory National Primate Research Center,2,2646,0.0007558578987150416,219
Community 3,Erasmus Hospital,2,2646,0.0007558578987150416,220
Community 3,Framingham Heart Study,2,2646,0.0007558578987150416,221
Community 3,George Washington University,2,2646,0.0007558578987150416,222
Community 3,Ghent University,2,2646,0.0007558578987150416,223
Community 3,Glostrup Hospital,2,2646,0.0007558578987150416,224
Community 3,Griffith University,2,2646,0.0007558578987150416,225
Community 3,H Lundbeck AS,2,2646,0.0007558578987150416,226
Community 3,Hebrew SeniorLife,2,2646,0.0007558578987150416,227
Community 3,Hertie Institute for Clinical Brain Research,2,2646,0.0007558578987150416,228
Community 3,Holland Bloorview Kids Rehabilitation Hospital,2,2646,0.0007558578987150416,229
Community 3,Icelandic Heart Association,2,2646,0.0007558578987150416,230
Community 3,Illinois Institute of Technology,2,2646,0.0007558578987150416,231
Community 3,Institut Guttmann,2,2646,0.0007558578987150416,232
Community 3,Institute of Mental Health,2,2646,0.0007558578987150416,233
Community 3,Istituto Giannina Gaslini,2,2646,0.0007558578987150416,234
Community 3,John Radcliffe Hospital,2,2646,0.0007558578987150416,235
Community 3,Ljubljana University Medical Centre,2,2646,0.0007558578987150416,236
Community 3,London Health Sciences Centre,2,2646,0.0007558578987150416,237
Community 3,Ludwig-Maximilians-Universität München,2,2646,0.0007558578987150416,238
Community 3,Massachusetts Institute of Technology,2,2646,0.0007558578987150416,239
Community 3,Modum Bad – Gordon Johnsens stiftelse,2,2646,0.0007558578987150416,240
Community 3,Nanjing University of Aeronautics and Astronautics,2,2646,0.0007558578987150416,241
Community 3,National Hospital for Neurology and Neurosurgery,2,2646,0.0007558578987150416,242
Community 3,National Institutes of Health,2,2646,0.0007558578987150416,243
Community 3,National Scientific and Technical Research Council,2,2646,0.0007558578987150416,244
Community 3,National University Hospital of Iceland,2,2646,0.0007558578987150416,245
Community 3,"National University of Ireland, Maynooth",2,2646,0.0007558578987150416,246
Community 3,Neuroscience Research Australia,2,2646,0.0007558578987150416,247
Community 3,New York Genome Center,2,2646,0.0007558578987150416,248
Community 3,Peking University,2,2646,0.0007558578987150416,249
Community 3,Pennington Biomedical Research Center,2,2646,0.0007558578987150416,250
Community 3,Pfizer Inc,2,2646,0.0007558578987150416,251
Community 3,QIMR Berghofer Medical Research Institute,2,2646,0.0007558578987150416,252
Community 3,Qilu University of Technology,2,2646,0.0007558578987150416,253
Community 3,Queensland University of Technology,2,2646,0.0007558578987150416,254
Community 3,Radboud Institute for Molecular Life Sciences,2,2646,0.0007558578987150416,255
Community 3,Rush University Medical Center,2,2646,0.0007558578987150416,256
Community 3,Shaare Zedek Medical Center,2,2646,0.0007558578987150416,257
Community 3,Shahid Beheshti University,2,2646,0.0007558578987150416,258
Community 3,Singapore Eye Research Institute,2,2646,0.0007558578987150416,259
Community 3,St. Francis Xavier University,2,2646,0.0007558578987150416,260
Community 3,Stanford University,2,2646,0.0007558578987150416,261
Community 3,The Alan Turing Institute,2,2646,0.0007558578987150416,262
Community 3,The Pennsylvania State University,2,2646,0.0007558578987150416,263
Community 3,The University of Osaka,2,2646,0.0007558578987150416,264
Community 3,The University of Texas Rio Grande Valley,2,2646,0.0007558578987150416,265
Community 3,Tohoku University,2,2646,0.0007558578987150416,266
Community 3,University Health Network,2,2646,0.0007558578987150416,267
Community 3,University Hospital Carl Gustav Carus,2,2646,0.0007558578987150416,268
Community 3,University Hospital of Basel,2,2646,0.0007558578987150416,269
Community 3,University Hospitals of Cleveland,2,2646,0.0007558578987150416,270
Community 3,University of Alabama at Birmingham,2,2646,0.0007558578987150416,271
Community 3,University of Arkansas for Medical Sciences,2,2646,0.0007558578987150416,272
Community 3,University of Bath,2,2646,0.0007558578987150416,273
Community 3,University of Bologna,2,2646,0.0007558578987150416,274
Community 3,University of Bonn,2,2646,0.0007558578987150416,275
Community 3,University of Bristol,2,2646,0.0007558578987150416,276
Community 3,University of Calgary,2,2646,0.0007558578987150416,277
Community 3,University of Colorado Anschutz Medical Campus,2,2646,0.0007558578987150416,278
Community 3,University of Glasgow,2,2646,0.0007558578987150416,279
Community 3,University of Miami,2,2646,0.0007558578987150416,280
Community 3,University of Padua,2,2646,0.0007558578987150416,281
Community 3,University of St Andrews,2,2646,0.0007558578987150416,282
Community 3,University of Western Ontario,2,2646,0.0007558578987150416,283
Community 3,Wellcome Centre for Human Neuroimaging,2,2646,0.0007558578987150416,284
Community 3,Zhejiang University,2,2646,0.0007558578987150416,285
Community 3,"Age Labs AS, Oslo, Norway",1,2646,0.0003779289493575208,286
Community 3,"Agency for Science, Technology and Research",1,2646,0.0003779289493575208,287
Community 3,Alfred Wegener Institute for Polar and Marine Research,1,2646,0.0003779289493575208,288
Community 3,Amen Clinics,1,2646,0.0003779289493575208,289
Community 3,American Psychiatric Association,1,2646,0.0003779289493575208,290
Community 3,Anna Freud Centre,1,2646,0.0003779289493575208,291
Community 3,Aristotle University of Thessaloniki,1,2646,0.0003779289493575208,292
Community 3,Aston University,1,2646,0.0003779289493575208,293
Community 3,August Pi i Sunyer Biomedical Research Institute,1,2646,0.0003779289493575208,294
Community 3,Azienda Universitaria Ospedaliera Consorziale - Policlinico Bari,1,2646,0.0003779289493575208,295
Community 3,Bar-Ilan University,1,2646,0.0003779289493575208,296
Community 3,Beijing University of Posts and Telecommunications,1,2646,0.0003779289493575208,297
Community 3,Belfast Health and Social Care Trust,1,2646,0.0003779289493575208,298
Community 3,Bernstein Center for Computational Neuroscience Berlin,1,2646,0.0003779289493575208,299
Community 3,Beth Israel Deaconess Medical Center,1,2646,0.0003779289493575208,300
Community 3,BioTechMed-Graz,1,2646,0.0003779289493575208,301
Community 3,Brain Research New Zealand,1,2646,0.0003779289493575208,302
Community 3,Brigham Young University,1,2646,0.0003779289493575208,303
Community 3,Butler Hospital,1,2646,0.0003779289493575208,304
Community 3,Canisius-Wilhelmina Ziekenhuis,1,2646,0.0003779289493575208,305
Community 3,CatoSenteret,1,2646,0.0003779289493575208,306
Community 3,Central South University,1,2646,0.0003779289493575208,307
Community 3,CentraleSupélec,1,2646,0.0003779289493575208,308
Community 3,Centre Hospitalier Universitaire de Bordeaux,1,2646,0.0003779289493575208,309
Community 3,Centre d'Imagerie BioMedicale,1,2646,0.0003779289493575208,310
Community 3,Centre de Recherche des Cordeliers,1,2646,0.0003779289493575208,311
Community 3,"Centre for Frontier AI Research, A*STAR, Singapore (Y.P., I.W.T.).",1,2646,0.0003779289493575208,312
Community 3,Chapel Allerton Hospital,1,2646,0.0003779289493575208,313
Community 3,"Charité - University Medicine Berlin, Campus Benjamin Franklin",1,2646,0.0003779289493575208,314
Community 3,"Charité - University Medicine Berlin, Campus Charité Mitte",1,2646,0.0003779289493575208,315
Community 3,Child Mind Institute,1,2646,0.0003779289493575208,316
Community 3,Children's Hospital of Los Angeles,1,2646,0.0003779289493575208,317
Community 3,Children's Mercy Hospital,1,2646,0.0003779289493575208,318
Community 3,Chinese Institute for Brain Research,1,2646,0.0003779289493575208,319
Community 3,Chinese University of Hong Kong,1,2646,0.0003779289493575208,320
Community 3,Chonnam National University,1,2646,0.0003779289493575208,321
Community 3,Cleveland Clinic Lerner College of Medicine,1,2646,0.0003779289493575208,322
Community 3,"Clinical Infection Microbiology and Immunology, Institute of Infection, Veterinary and Ecological Sciences, Liverpool, United Kingdom",1,2646,0.0003779289493575208,323
Community 3,Columbia University Irving Medical Center,1,2646,0.0003779289493575208,324
Community 3,Constructor University,1,2646,0.0003779289493575208,325
Community 3,Cuban Neuroscience Center,1,2646,0.0003779289493575208,326
Community 3,Curtin University,1,2646,0.0003779289493575208,327
Community 3,Dagestan State University,1,2646,0.0003779289493575208,328
Community 3,"Data used in preparation of this article were obtained from the Pediatric Imaging, Neurocognition and Genetics Study (PING) database (, http://ping.chd.ucsd.edu, ). As such, the investigators within PING contributed to the design and implementation of PING and/or provided data but did not participate in analysis or writing of this report. A complete listing of PING investigators can be found at, https://ping-dataportal.ucsd.edu/sharing/Authors10222012.pdf",1,2646,0.0003779289493575208,329
Community 3,Delft University of Technology,1,2646,0.0003779289493575208,330
Community 3,"Departamento de Psicología Clínica Psicobiología y Metodología, La Laguna, Santa Cruz de Tenerife, Spain",1,2646,0.0003779289493575208,331
Community 3,Digestive Health Research Institute,1,2646,0.0003779289493575208,332
Community 3,Don Carlo Gnocchi Foundation,1,2646,0.0003779289493575208,333
Community 3,Drexel University,1,2646,0.0003779289493575208,334
Community 3,Duke University Medical Center,1,2646,0.0003779289493575208,335
Community 3,Eli Lilly and Co Ltd,1,2646,0.0003779289493575208,336
Community 3,Enrico Fermi Center for Study and Research,1,2646,0.0003779289493575208,337
Community 3,Erasmus University Rotterdam,1,2646,0.0003779289493575208,338
Community 3,Fealinx (France),1,2646,0.0003779289493575208,339
Community 3,Florida State University,1,2646,0.0003779289493575208,340
Community 3,Frankfurt Institute for Advanced Studies,1,2646,0.0003779289493575208,341
Community 3,Freie Universität Berlin,1,2646,0.0003779289493575208,342
Community 3,French Institute for Research in Computer Science and Automation,1,2646,0.0003779289493575208,343
Community 3,French National Centre for Scientific Research,1,2646,0.0003779289493575208,344
Community 3,Fundació Institut d'Investigació en Ciències de la Salut Germans Trias i Pujol,1,2646,0.0003779289493575208,345
Community 3,Fundación Instituto de Investigación Marqués de Valdecilla,1,2646,0.0003779289493575208,346
Community 3,GE Healthcare Ltd,1,2646,0.0003779289493575208,347
Community 3,Geisinger Health System,1,2646,0.0003779289493575208,348
Community 3,Genes to Mental Health Network,1,2646,0.0003779289493575208,349
Community 3,Genomics England Ltd,1,2646,0.0003779289493575208,350
Community 3,Ghent University Hospital,1,2646,0.0003779289493575208,351
Community 3,Gilead Sciences Inc,1,2646,0.0003779289493575208,352
Community 3,"GmbH, Heidelberg, Germany",1,2646,0.0003779289493575208,353
Community 3,Guy's and St Thomas' NHS Foundation Trust,1,2646,0.0003779289493575208,354
Community 3,HEC Montréal,1,2646,0.0003779289493575208,355
Community 3,Hartford Hospital,1,2646,0.0003779289493575208,356
Community 3,Haskins Laboratories,1,2646,0.0003779289493575208,357
Community 3,Haukeland University Hospital,1,2646,0.0003779289493575208,358
Community 3,Helsinki Children's Hospital,1,2646,0.0003779289493575208,359
Community 3,Hospital Universitario Virgen del Rocío,1,2646,0.0003779289493575208,360
Community 3,Hospital Universitario de la Princesa,1,2646,0.0003779289493575208,361
Community 3,Hospital of the University of Pennsylvania,1,2646,0.0003779289493575208,362
Community 3,Huashan Hospital,1,2646,0.0003779289493575208,363
Community 3,Hôpital Cochin,1,2646,0.0003779289493575208,364
Community 3,INFN Sezione di Bari,1,2646,0.0003779289493575208,365
Community 3,IRCCS Ospedale San Raffaele,1,2646,0.0003779289493575208,366
Community 3,Indiana University Bloomington,1,2646,0.0003779289493575208,367
Community 3,Innlandet Hospital Trust,1,2646,0.0003779289493575208,368
Community 3,Institució Catalana de Recerca i Estudis Avançats,1,2646,0.0003779289493575208,369
Community 3,Institut Universitaire de Gériatrie de Montréal,1,2646,0.0003779289493575208,370
Community 3,Institut de Neurosciences de la Timone,1,2646,0.0003779289493575208,371
Community 3,Institut de Recerca Sant Pau,1,2646,0.0003779289493575208,372
Community 3,Institute of Psychology,1,2646,0.0003779289493575208,373
Community 3,Institutul National Victor Babes,1,2646,0.0003779289493575208,374
Community 3,"Institutul National pentru Sanatatea Mamei si Copilului ""Alessandrescu-Rusescu""",1,2646,0.0003779289493575208,375
Community 3,KTH Royal Institute of Technology,1,2646,0.0003779289493575208,376
Community 3,KU Leuven,1,2646,0.0003779289493575208,377
Community 3,King Edward Memorial Hospital,1,2646,0.0003779289493575208,378
Community 3,King Saud University,1,2646,0.0003779289493575208,379
Community 3,Kobe City Medical Center General Hospital,1,2646,0.0003779289493575208,380
Community 3,Korea University Anam Hospital,1,2646,0.0003779289493575208,381
Community 3,LUM Jean Monnet University,1,2646,0.0003779289493575208,382
Community 3,Laboratoire Traitement et Communication de l’Information,1,2646,0.0003779289493575208,383
Community 3,Laboratory for the Psychology of Child Development and Education,1,2646,0.0003779289493575208,384
Community 3,Lagos State University,1,2646,0.0003779289493575208,385
Community 3,Lancaster University,1,2646,0.0003779289493575208,386
Community 3,Leiden University,1,2646,0.0003779289493575208,387
Community 3,Lerner Research Institute Cleveland Clinic,1,2646,0.0003779289493575208,388
Community 3,Lomonosov Moscow State University,1,2646,0.0003779289493575208,389
Community 3,London School of Economics and Political Science,1,2646,0.0003779289493575208,390
Community 3,Lund University,1,2646,0.0003779289493575208,391
Community 3,Lundbeck Foundation,1,2646,0.0003779289493575208,392
Community 3,MCPHS University,1,2646,0.0003779289493575208,393
Community 3,MRC Biostatistics Unit,1,2646,0.0003779289493575208,394
Community 3,MRC Centre for Reproductive Health,1,2646,0.0003779289493575208,395
Community 3,MRC Integrative Epidemiology Unit,1,2646,0.0003779289493575208,396
Community 3,MRC Laboratory of Molecular Biology,1,2646,0.0003779289493575208,397
Community 3,Maryland Psychiatric Research Center.,1,2646,0.0003779289493575208,398
Community 3,Max Planck Institute for Biological Cybernetics,1,2646,0.0003779289493575208,399
Community 3,Max Planck Institute for Empirical Aesthetics,1,2646,0.0003779289493575208,400
Community 3,Max Planck Institute for Metabolism Research,1,2646,0.0003779289493575208,401
Community 3,Mayo Clinic,1,2646,0.0003779289493575208,402
Community 3,Mayo Clinic in Florida,1,2646,0.0003779289493575208,403
Community 3,McGill University and Génome Québec Innovation Centre,1,2646,0.0003779289493575208,404
Community 3,McLean Hospital,1,2646,0.0003779289493575208,405
Community 3,Medical University of Lodz,1,2646,0.0003779289493575208,406
Community 3,Medical University of South Carolina,1,2646,0.0003779289493575208,407
Community 3,Medical University of Vienna,1,2646,0.0003779289493575208,408
Community 3,Mevis Research GmbH,1,2646,0.0003779289493575208,409
Community 3,Monash University,1,2646,0.0003779289493575208,410
Community 3,Montana State University – Bozeman,1,2646,0.0003779289493575208,411
Community 3,Montreal Neurological Institute and Hospital,1,2646,0.0003779289493575208,412
Community 3,Murdoch Children's Research Institute,1,2646,0.0003779289493575208,413
Community 3,Murdoch University,1,2646,0.0003779289493575208,414
Community 3,Namsos Hospital,1,2646,0.0003779289493575208,415
Community 3,National Ageing Research Institute,1,2646,0.0003779289493575208,416
Community 3,National Heart Lung and Blood Institute,1,2646,0.0003779289493575208,417
Community 3,National Institute for Physiological Sciences,1,2646,0.0003779289493575208,418
Community 3,National Institute on Alcohol Abuse and Alcoholism,1,2646,0.0003779289493575208,419
Community 3,National Tsing Hua University,1,2646,0.0003779289493575208,420
Community 3,National Yang Ming Chiao Tung University,1,2646,0.0003779289493575208,421
Community 3,Naval Medical Center Portsmouth,1,2646,0.0003779289493575208,422
Community 3,New York University,1,2646,0.0003779289493575208,423
Community 3,Newcastle University,1,2646,0.0003779289493575208,424
Community 3,Norfolk and Norwich University Hospital,1,2646,0.0003779289493575208,425
Community 3,Northwestern University,1,2646,0.0003779289493575208,426
Community 3,Norwegian Institute of Public Health,1,2646,0.0003779289493575208,427
Community 3,Orygen,1,2646,0.0003779289493575208,428
Community 3,OsloMet – Oslo Metropolitan University,1,2646,0.0003779289493575208,429
Community 3,Oxford Brookes University,1,2646,0.0003779289493575208,430
Community 3,PSL University,1,2646,0.0003779289493575208,431
Community 3,"Participant Advisory Committee, Province of Ontario Neurodevelopmental Network, Toronto, Canada",1,2646,0.0003779289493575208,432
Community 3,Pharnext SA,1,2646,0.0003779289493575208,433
Community 3,Policlinico S.Orsola-Malpighi,1,2646,0.0003779289493575208,434
Community 3,Poznan University of Medical Sciences,1,2646,0.0003779289493575208,435
Community 3,Praxis für Humangenetik,1,2646,0.0003779289493575208,436
Community 3,Prince Sattam Bin Abdulaziz University,1,2646,0.0003779289493575208,437
Community 3,Princess Máxima Center,1,2646,0.0003779289493575208,438
Community 3,Qilu Hospital of Shandong University,1,2646,0.0003779289493575208,439
Community 3,Queen's Medical Centre,1,2646,0.0003779289493575208,440
Community 3,RWTH Aachen University,1,2646,0.0003779289493575208,441
Community 3,Rady Children's Hospital-San Diego,1,2646,0.0003779289493575208,442
Community 3,Red Cross War Memorial Children's Hospital,1,2646,0.0003779289493575208,443
Community 3,Research Ireland,1,2646,0.0003779289493575208,444
Community 3,San Diego State University,1,2646,0.0003779289493575208,445
Community 3,Sechenov University,1,2646,0.0003779289493575208,446
Community 3,Seoul National University,1,2646,0.0003779289493575208,447
Community 3,Seoul National University Bundang Hospital,1,2646,0.0003779289493575208,448
Community 3,Servicio Gallego de Salud,1,2646,0.0003779289493575208,449
Community 3,Shanxi Medical University,1,2646,0.0003779289493575208,450
Community 3,Siemens Healthcare Ltd,1,2646,0.0003779289493575208,451
Community 3,Simons Foundation,1,2646,0.0003779289493575208,452
Community 3,Singapore Management University,1,2646,0.0003779289493575208,453
Community 3,Southeast University,1,2646,0.0003779289493575208,454
Community 3,Southwest University,1,2646,0.0003779289493575208,455
Community 3,Spedali Civili di Brescia,1,2646,0.0003779289493575208,456
Community 3,Stichting Epilepsie Instellingen Nederland,1,2646,0.0003779289493575208,457
Community 3,Sørlandet Hospital Kristiansand,1,2646,0.0003779289493575208,458
Community 3,Technical University of Madrid,1,2646,0.0003779289493575208,459
Community 3,Telemark Hospital,1,2646,0.0003779289493575208,460
Community 3,"The Bipolar Disorder, Schizophrenia, Post-Traumatic Stress Disorder, Attention-Deficit/Hyperactivity Disorder, Major Depressive Disorder, Autism Spectrum Disorder and Copy Number Variation working groups of the Psychiatric Genomics Consortium",1,2646,0.0003779289493575208,461
Community 3,The Brigham and Women's Hospital Inc,1,2646,0.0003779289493575208,462
Community 3,The Ohio State University,1,2646,0.0003779289493575208,463
Community 3,"The School of Pharmacy and Biomolecular Sciences, RCSI Dublin, Republic of Ireland",1,2646,0.0003779289493575208,464
Community 3,The University of Texas MD Anderson Cancer Center,1,2646,0.0003779289493575208,465
Community 3,The University of Texas at San Antonio,1,2646,0.0003779289493575208,466
Community 3,The University of Tokyo,1,2646,0.0003779289493575208,467
Community 3,Tilburg University,1,2646,0.0003779289493575208,468
Community 3,Translational Genomics Research Institute,1,2646,0.0003779289493575208,469
Community 3,Tufts University,1,2646,0.0003779289493575208,470
Community 3,UCL Institute of Child Health,1,2646,0.0003779289493575208,471
Community 3,UK Dementia Research Institute,1,2646,0.0003779289493575208,472
Community 3,UiT The Arctic University of Norway,1,2646,0.0003779289493575208,473
Community 3,Universidad Fernando Pessoa Canarias,1,2646,0.0003779289493575208,474
Community 3,Universidad de Panamá,1,2646,0.0003779289493575208,475
Community 3,Universidade Federal do ABC,1,2646,0.0003779289493575208,476
Community 3,Universitair Ziekenhuis Leuven,1,2646,0.0003779289493575208,477
Community 3,"University Children's Hospital, Belgrade",1,2646,0.0003779289493575208,478
Community 3,University Hospital Bonn,1,2646,0.0003779289493575208,479
Community 3,University Hospital Leipzig,1,2646,0.0003779289493575208,480
Community 3,University Hospital Münster,1,2646,0.0003779289493575208,481
Community 3,University Hospital of Lausanne,1,2646,0.0003779289493575208,482
Community 3,University of Arizona Health Sciences,1,2646,0.0003779289493575208,483
Community 3,University of Auckland,1,2646,0.0003779289493575208,484
Community 3,University of Brescia,1,2646,0.0003779289493575208,485
Community 3,"University of California, Riverside",1,2646,0.0003779289493575208,486
Community 3,"University of California, Santa Barbara",1,2646,0.0003779289493575208,487
Community 3,"University of California, Santa Cruz",1,2646,0.0003779289493575208,488
Community 3,University of Connecticut,1,2646,0.0003779289493575208,489
Community 3,University of Copenhagen,1,2646,0.0003779289493575208,490
Community 3,University of Denver,1,2646,0.0003779289493575208,491
Community 3,University of Dundee,1,2646,0.0003779289493575208,492
Community 3,University of Eastern Finland,1,2646,0.0003779289493575208,493
Community 3,University of Electronic Science and Technology of China,1,2646,0.0003779289493575208,494
Community 3,University of Foggia,1,2646,0.0003779289493575208,495
Community 3,University of Freiburg,1,2646,0.0003779289493575208,496
Community 3,University of Geneva,1,2646,0.0003779289493575208,497
Community 3,University of Greenwich,1,2646,0.0003779289493575208,498
Community 3,University of Groningen,1,2646,0.0003779289493575208,499
Community 3,University of Jyväskylä,1,2646,0.0003779289493575208,500
Community 3,University of Luxembourg,1,2646,0.0003779289493575208,501
Community 3,University of Lübeck,1,2646,0.0003779289493575208,502
Community 3,University of Milan,1,2646,0.0003779289493575208,503
Community 3,University of Mississippi Medical Center,1,2646,0.0003779289493575208,504
Community 3,University of Pennsylvania Health System,1,2646,0.0003779289493575208,505
Community 3,University of Perugia,1,2646,0.0003779289493575208,506
Community 3,University of Pinar del Río,1,2646,0.0003779289493575208,507
Community 3,University of Salamanca,1,2646,0.0003779289493575208,508
Community 3,University of Santiago de Compostela,1,2646,0.0003779289493575208,509
Community 3,University of Seville,1,2646,0.0003779289493575208,510
Community 3,University of South Carolina,1,2646,0.0003779289493575208,511
Community 3,University of Sussex,1,2646,0.0003779289493575208,512
Community 3,University of Tartu,1,2646,0.0003779289493575208,513
Community 3,University of Technology Sydney,1,2646,0.0003779289493575208,514
Community 3,University of Tulsa,1,2646,0.0003779289493575208,515
Community 3,University of Turku,1,2646,0.0003779289493575208,516
Community 3,University of Verona,1,2646,0.0003779289493575208,517
Community 3,University of Washington,1,2646,0.0003779289493575208,518
Community 3,University of Western Australia,1,2646,0.0003779289493575208,519
Community 3,University of York,1,2646,0.0003779289493575208,520
Community 3,University of the Basque Country,1,2646,0.0003779289493575208,521
Community 3,University of the Witwatersrand,1,2646,0.0003779289493575208,522
Community 3,University of Évry Val d'Essonne,1,2646,0.0003779289493575208,523
Community 3,Universitätsklinikum Aachen,1,2646,0.0003779289493575208,524
Community 3,Université Libre de Bruxelles,1,2646,0.0003779289493575208,525
Community 3,Université de Toulouse,1,2646,0.0003779289493575208,526
Community 3,Uppsala University,1,2646,0.0003779289493575208,527
Community 3,Vitas (Norway),1,2646,0.0003779289493575208,528
Community 3,Wakayama Medical University,1,2646,0.0003779289493575208,529
Community 3,Weill Medical College of Cornell University,1,2646,0.0003779289493575208,530
Community 3,West China Hospital of Sichuan University,1,2646,0.0003779289493575208,531
Community 3,Western General Hospital,1,2646,0.0003779289493575208,532
Community 3,Westmead Institute,1,2646,0.0003779289493575208,533
Community 3,"Wrightington, Wigan and Leigh NHSFT, United Kingdom.",1,2646,0.0003779289493575208,534
Community 3,York University,1,2646,0.0003779289493575208,535
Community 3,École Normale Supérieure de Lyon,1,2646,0.0003779289493575208,536
Community 4,Princess Royal Hospital,36,2207,0.016311735387403714,1
Community 4,University of Oxford,35,2207,0.0158586316266425,2
Community 4,University of Siena,31,2207,0.014046216583597644,3
Community 4,Barts Health NHS Trust,30,2207,0.01359311282283643,4
Community 4,University of Edinburgh,30,2207,0.01359311282283643,5
Community 4,Imperial College London,29,2207,0.013140009062075216,6
Community 4,Royal Blackburn Teaching Hospital,28,2207,0.012686905301314002,7
Community 4,Roslin Institute,26,2207,0.011780697779791573,8
Community 4,Royal Hallamshire Hospital,25,2207,0.011327594019030359,9
Community 4,University of Liverpool,25,2207,0.011327594019030359,10
Community 4,Calderdale Royal Hospital,23,2207,0.01042138649750793,11
Community 4,Queen Elizabeth Hospital,23,2207,0.01042138649750793,12
Community 4,St George's Hospital,22,2207,0.009968282736746714,13
Community 4,Western General Hospital,22,2207,0.009968282736746714,14
Community 4,Azienda Ospedaliera Universitaria Senese,21,2207,0.0095151789759855,15
Community 4,North Middlesex University Hospital NHS Trust,20,2207,0.009062075215224286,16
Community 4,Public Health England,20,2207,0.009062075215224286,17
Community 4,Salford Royal Hospital,20,2207,0.009062075215224286,18
Community 4,Countess of Chester Hospital,19,2207,0.008608971454463071,19
Community 4,National Institute for Health and Care Research,19,2207,0.008608971454463071,20
Community 4,North Manchester General Hospital,19,2207,0.008608971454463071,21
Community 4,St Richard's Hospital,19,2207,0.008608971454463071,22
Community 4,Alexandra Hospital,18,2207,0.008155867693701857,23
Community 4,Unknown institution,17,2207,0.007702763932940644,24
Community 4,Darent Valley Hospital,16,2207,0.007249660172179429,25
Community 4,Glan Clwyd Hospital,16,2207,0.007249660172179429,26
Community 4,Ilford Imaging UK Ltd,16,2207,0.007249660172179429,27
Community 4,Royal Berkshire NHS Foundation Trust,15,2207,0.006796556411418215,28
Community 4,Royal Oldham Hospital,15,2207,0.006796556411418215,29
Community 4,Royal Surrey County Hospital,15,2207,0.006796556411418215,30
Community 4,University of Nottingham,15,2207,0.006796556411418215,31
Community 4,Bradford Royal Infirmary,14,2207,0.006343452650657001,32
Community 4,Chesterfield Royal Hospital,14,2207,0.006343452650657001,33
Community 4,Kingston Hospital,14,2207,0.006343452650657001,34
Community 4,Royal Alexandra Hospital,14,2207,0.006343452650657001,35
Community 4,Southampton General Hospital,14,2207,0.006343452650657001,36
Community 4,Bedford Hospital,13,2207,0.0058903488898957865,37
Community 4,Forth Valley Royal Hospital,13,2207,0.0058903488898957865,38
Community 4,MRC University of Glasgow Centre for Virus Research,13,2207,0.0058903488898957865,39
Community 4,Papworth Hospital,13,2207,0.0058903488898957865,40
Community 4,Pinderfields Hospital,13,2207,0.0058903488898957865,41
Community 4,Poole Hospital,13,2207,0.0058903488898957865,42
Community 4,Sandwell General Hospital,13,2207,0.0058903488898957865,43
Community 4,University of Cambridge,13,2207,0.0058903488898957865,44
Community 4,Blackpool Victoria Hospital,12,2207,0.005437245129134572,45
Community 4,Edinburgh Royal Infirmary,12,2207,0.005437245129134572,46
Community 4,North Devon District Hospital,12,2207,0.005437245129134572,47
Community 4,Queen Elizabeth University Hospital,12,2207,0.005437245129134572,48
Community 4,Queen Elizabeth the Queen Mother Hospital,12,2207,0.005437245129134572,49
Community 4,Royal Gwent Hospital,12,2207,0.005437245129134572,50
Community 4,St Thomas' Hospital,12,2207,0.005437245129134572,51
Community 4,Alder Hey Children's Hospital,11,2207,0.004984141368373357,52
Community 4,Barnsley Hospital,11,2207,0.004984141368373357,53
Community 4,Bristol Royal Infirmary,11,2207,0.004984141368373357,54
Community 4,Charing Cross Hospital,11,2207,0.004984141368373357,55
Community 4,Lincoln County Hospital,11,2207,0.004984141368373357,56
Community 4,Northumbria Healthcare NHS Foundation Trust,11,2207,0.004984141368373357,57
Community 4,Royal Brompton Hospital,11,2207,0.004984141368373357,58
Community 4,University College Hospital,11,2207,0.004984141368373357,59
Community 4,University of Glasgow,11,2207,0.004984141368373357,60
Community 4,Wythenshawe Hospital,11,2207,0.004984141368373357,61
Community 4,Yeovil District Hospital NHS Foundation Trust,11,2207,0.004984141368373357,62
Community 4,Diana Princess of Wales Hospital,10,2207,0.004531037607612143,63
Community 4,Harefield Hospital,10,2207,0.004531037607612143,64
Community 4,Heartlands Hospital,10,2207,0.004531037607612143,65
Community 4,King's College Hospital,10,2207,0.004531037607612143,66
Community 4,Medawar Building for Pathogen Research,10,2207,0.004531037607612143,67
Community 4,Oxford University Hospitals NHS Trust,10,2207,0.004531037607612143,68
Community 4,Prince Charles Hospital,10,2207,0.004531037607612143,69
Community 4,Public Health Scotland,10,2207,0.004531037607612143,70
Community 4,Raigmore Hospital,10,2207,0.004531037607612143,71
Community 4,Scunthorpe General Hospital,10,2207,0.004531037607612143,72
Community 4,Southmead Hospital,10,2207,0.004531037607612143,73
Community 4,The Royal Free Hospital,10,2207,0.004531037607612143,74
Community 4,Eastbourne District General Hospital,9,2207,0.0040779338468509285,75
Community 4,Fondazione IRCCS Istituto Nazionale dei Tumori,9,2207,0.0040779338468509285,76
Community 4,James Cook University Hospital,9,2207,0.0040779338468509285,77
Community 4,Morriston Hospital,9,2207,0.0040779338468509285,78
Community 4,Princess Alexandra Hospital,9,2207,0.0040779338468509285,79
Community 4,Royal Devon and Exeter Hospital,9,2207,0.0040779338468509285,80
Community 4,Royal Glamorgan Hospital,9,2207,0.0040779338468509285,81
Community 4,Sheffield Children's Hospital,9,2207,0.0040779338468509285,82
Community 4,Tameside Hospital,9,2207,0.0040779338468509285,83
Community 4,University of Milan,9,2207,0.0040779338468509285,84
Community 4,University of Sheffield,9,2207,0.0040779338468509285,85
Community 4,Walsall Manor Hospital,9,2207,0.0040779338468509285,86
Community 4,Wishaw General Hospital,9,2207,0.0040779338468509285,87
Community 4,Addenbrooke's Hospital,8,2207,0.0036248300860897147,88
Community 4,Airedale General Hospital,8,2207,0.0036248300860897147,89
Community 4,Basingstoke and North Hampshire Hospital,8,2207,0.0036248300860897147,90
Community 4,Glangwili General Hospital,8,2207,0.0036248300860897147,91
Community 4,MRC Human Genetics Unit,8,2207,0.0036248300860897147,92
Community 4,Macclesfield District General Hospital,8,2207,0.0036248300860897147,93
Community 4,Musgrove Park Hospital,8,2207,0.0036248300860897147,94
Community 4,Public Health Wales,8,2207,0.0036248300860897147,95
Community 4,Queen Alexandra Hospital,8,2207,0.0036248300860897147,96
Community 4,Royal Liverpool University Hospital,8,2207,0.0036248300860897147,97
Community 4,Russells Hall Hospital,8,2207,0.0036248300860897147,98
Community 4,St James's University Hospital,8,2207,0.0036248300860897147,99
Community 4,The Christie NHS Foundation Trust,8,2207,0.0036248300860897147,100
Community 4,University College London,8,2207,0.0036248300860897147,101
Community 4,University Hospital Lewisham,8,2207,0.0036248300860897147,102
Community 4,Victoria Hospital,8,2207,0.0036248300860897147,103
Community 4,Whittington Hospital,8,2207,0.0036248300860897147,104
Community 4,William Harvey Hospital,8,2207,0.0036248300860897147,105
Community 4,Aberdeen Royal Infirmary,7,2207,0.0031717263253285004,106
Community 4,Bronglais General Hospital,7,2207,0.0031717263253285004,107
Community 4,Casa Sollievo della Sofferenza,7,2207,0.0031717263253285004,108
Community 4,East Surrey Hospital,7,2207,0.0031717263253285004,109
Community 4,Fairfield General Hospital,7,2207,0.0031717263253285004,110
Community 4,Hull Royal Infirmary,7,2207,0.0031717263253285004,111
Community 4,King's College London,7,2207,0.0031717263253285004,112
Community 4,Leicester Royal Infirmary,7,2207,0.0031717263253285004,113
Community 4,New Cross Hospital,7,2207,0.0031717263253285004,114
Community 4,Norfolk and Norwich University Hospital,7,2207,0.0031717263253285004,115
Community 4,Royal Bolton Hospital,7,2207,0.0031717263253285004,116
Community 4,Royal Derby Hospital,7,2207,0.0031717263253285004,117
Community 4,Royal Marsden Hospital,7,2207,0.0031717263253285004,118
Community 4,Royal Victoria Hospital,7,2207,0.0031717263253285004,119
Community 4,Stepping Hill Hospital,7,2207,0.0031717263253285004,120
Community 4,Stoke Mandeville Hospital,7,2207,0.0031717263253285004,121
Community 4,Sunderland Royal Hospital,7,2207,0.0031717263253285004,122
Community 4,University of Birmingham,7,2207,0.0031717263253285004,123
Community 4,University of Naples Federico II,7,2207,0.0031717263253285004,124
Community 4,Warrington Hospital,7,2207,0.0031717263253285004,125
Community 4,Warwick Hospital,7,2207,0.0031717263253285004,126
Community 4,Wrexham Maelor Hospital,7,2207,0.0031717263253285004,127
Community 4,York Hospital,7,2207,0.0031717263253285004,128
Community 4,Arrowe Park Hospital,6,2207,0.002718622564567286,129
Community 4,Basildon Hospital,6,2207,0.002718622564567286,130
Community 4,Birmingham Children's Hospital,6,2207,0.002718622564567286,131
Community 4,Derriford Hospital,6,2207,0.002718622564567286,132
Community 4,Dorset County Hospital,6,2207,0.002718622564567286,133
Community 4,Frimley Park Hospital,6,2207,0.002718622564567286,134
Community 4,Glasgow Royal Infirmary,6,2207,0.002718622564567286,135
Community 4,Hairmyres Hospital,6,2207,0.002718622564567286,136
Community 4,Homerton University Hospital,6,2207,0.002718622564567286,137
Community 4,London School of Hygiene & Tropical Medicine,6,2207,0.002718622564567286,138
Community 4,Manchester Royal Infirmary,6,2207,0.002718622564567286,139
Community 4,NIHR Oxford Musculoskeletal Biomedical Research Centre,6,2207,0.002718622564567286,140
Community 4,National Heart and Lung Institute,6,2207,0.002718622564567286,141
Community 4,Ospedale San Donato,6,2207,0.002718622564567286,142
Community 4,Pilgrim Hospital,6,2207,0.002718622564567286,143
Community 4,Prince Philip Hospital,6,2207,0.002718622564567286,144
Community 4,Rotherham General Hospital,6,2207,0.002718622564567286,145
Community 4,Royal Stoke University Hospital,6,2207,0.002718622564567286,146
Community 4,Royal United Hospital,6,2207,0.002718622564567286,147
Community 4,Royal Victoria Infirmary,6,2207,0.002718622564567286,148
Community 4,Scarborough General Hospital,6,2207,0.002718622564567286,149
Community 4,Southport and Formby District General Hospital,6,2207,0.002718622564567286,150
Community 4,St John's Hospital,6,2207,0.002718622564567286,151
Community 4,Watford General Hospital,6,2207,0.002718622564567286,152
Community 4,Wellcome Sanger Institute,6,2207,0.002718622564567286,153
Community 4,West Cumberland Hospital,6,2207,0.002718622564567286,154
Community 4,Withybush General Hospital,6,2207,0.002718622564567286,155
Community 4,Broomfield Hospital,5,2207,0.0022655188038060714,156
Community 4,County Hospital,5,2207,0.0022655188038060714,157
Community 4,Croydon University Hospital,5,2207,0.0022655188038060714,158
Community 4,Darlington Memorial Hospital,5,2207,0.0022655188038060714,159
Community 4,"Department of Preventive Medicine, Azienda USL Toscana Sud Est, Arezzo, Italy",5,2207,0.0022655188038060714,160
Community 4,Good Hope Hospital,5,2207,0.0022655188038060714,161
Community 4,John Radcliffe Hospital,5,2207,0.0022655188038060714,162
Community 4,Kings Mill Hospital,5,2207,0.0022655188038060714,163
Community 4,Liverpool Heart and Chest Hospital,5,2207,0.0022655188038060714,164
Community 4,Maidstone Hospital,5,2207,0.0022655188038060714,165
Community 4,Medway Maritime Hospital,5,2207,0.0022655188038060714,166
Community 4,Milton Keynes Hospital,5,2207,0.0022655188038060714,167
Community 4,Ninewells Hospital,5,2207,0.0022655188038060714,168
Community 4,Northwick Park Hospital,5,2207,0.0022655188038060714,169
Community 4,Ospedale Misericordia di Grosseto,5,2207,0.0022655188038060714,170
Community 4,Queen's Hospital,5,2207,0.0022655188038060714,171
Community 4,Royal Albert Edward Infirmary,5,2207,0.0022655188038060714,172
Community 4,Royal Alexandra Children's Hospital,5,2207,0.0022655188038060714,173
Community 4,Royal Cornwall Hospital,5,2207,0.0022655188038060714,174
Community 4,Royal Hospital for Children,5,2207,0.0022655188038060714,175
Community 4,Southend Hospital,5,2207,0.0022655188038060714,176
Community 4,St Mary's Hospital,5,2207,0.0022655188038060714,177
Community 4,St Peter's Hospital,5,2207,0.0022655188038060714,178
Community 4,Torbay Hospital,5,2207,0.0022655188038060714,179
Community 4,"United Kingdom Health Security Agency, Porton Down, Wiltshire, England",5,2207,0.0022655188038060714,180
Community 4,University of Modena and Reggio Emilia,5,2207,0.0022655188038060714,181
Community 4,Aintree University Hospital,4,2207,0.0018124150430448573,182
Community 4,Barnet Hospital,4,2207,0.0018124150430448573,183
Community 4,Cambridge University Hospitals NHS Foundation Trust,4,2207,0.0018124150430448573,184
Community 4,Chelsea and Westminster Hospital NHS Foundation Trust,4,2207,0.0018124150430448573,185
Community 4,Craigavon Area Hospital,4,2207,0.0018124150430448573,186
Community 4,Ealing Hospital,4,2207,0.0018124150430448573,187
Community 4,Gloucestershire Royal Hospital,4,2207,0.0018124150430448573,188
Community 4,Golden Jubilee National Hospital,4,2207,0.0018124150430448573,189
Community 4,Great Western Hospital,4,2207,0.0018124150430448573,190
Community 4,Harrogate and District NHS Foundation Trust,4,2207,0.0018124150430448573,191
Community 4,National Hospital for Neurology and Neurosurgery,4,2207,0.0018124150430448573,192
Community 4,Northumbria University,4,2207,0.0018124150430448573,193
Community 4,Queen Elizabeth Hospital Birmingham,4,2207,0.0018124150430448573,194
Community 4,Royal Bournemouth Hospital,4,2207,0.0018124150430448573,195
Community 4,Royal Hampshire County Hospital,4,2207,0.0018124150430448573,196
Community 4,Royal Manchester Children's Hospital,4,2207,0.0018124150430448573,197
Community 4,Royal Sussex County Hospital,4,2207,0.0018124150430448573,198
Community 4,University Hospital of North Durham,4,2207,0.0018124150430448573,199
Community 4,University Hospital of North Tees,4,2207,0.0018124150430448573,200
Community 4,University of Brescia,4,2207,0.0018124150430448573,201
Community 4,West Middlesex University Hospital,4,2207,0.0018124150430448573,202
Community 4,West Suffolk Hospital,4,2207,0.0018124150430448573,203
Community 4,Wexham Park Hospital,4,2207,0.0018124150430448573,204
Community 4,Borders General Hospital,3,2207,0.001359311282283643,205
Community 4,Cardiff University,3,2207,0.001359311282283643,206
Community 4,Curtin University,3,2207,0.001359311282283643,207
Community 4,"First Aid Department, Luigi Curto Hospital, Polla, Salerno, Italy",3,2207,0.001359311282283643,208
Community 4,Ipswich Hospital,3,2207,0.001359311282283643,209
Community 4,James Paget University Hospital,3,2207,0.001359311282283643,210
Community 4,Kent and Canterbury Hospital,3,2207,0.001359311282283643,211
Community 4,Monklands Hospital,3,2207,0.001359311282283643,212
Community 4,Monogram Biosciences Inc,3,2207,0.001359311282283643,213
Community 4,Newcastle University,3,2207,0.001359311282283643,214
Community 4,Newcastle upon Tyne Hospitals NHS Foundation Trust,3,2207,0.001359311282283643,215
Community 4,Nottingham University Hospitals NHS Trust,3,2207,0.001359311282283643,216
Community 4,Policlinico San Matteo Fondazione,3,2207,0.001359311282283643,217
Community 4,Princess of Wales Hospital,3,2207,0.001359311282283643,218
Community 4,Royal Free London NHS Foundation Trust,3,2207,0.001359311282283643,219
Community 4,Royal Lancaster Infirmary,3,2207,0.001359311282283643,220
Community 4,Salisbury District Hospital,3,2207,0.001359311282283643,221
Community 4,Sheffield Teaching Hospitals NHS Foundation Trust,3,2207,0.001359311282283643,222
Community 4,St. Vincent's University Hospital,3,2207,0.001359311282283643,223
Community 4,"Territorial Scientific Technician Department, Azienda USL Toscana Sud Est, Arezzo, Italy",3,2207,0.001359311282283643,224
Community 4,University Hospital Crosshouse,3,2207,0.001359311282283643,225
Community 4,University Hospitals Coventry and Warwickshire NHS Trust,3,2207,0.001359311282283643,226
Community 4,University of Exeter,3,2207,0.001359311282283643,227
Community 4,University of Manchester,3,2207,0.001359311282283643,228
Community 4,University of Verona,3,2207,0.001359311282283643,229
Community 4,University of Warwick,3,2207,0.001359311282283643,230
Community 4,Wellcome Centre for Human Genetics,3,2207,0.001359311282283643,231
Community 4,"West of Scotland Specialist Virology Centre, Glasgow, UK",3,2207,0.001359311282283643,232
Community 4,Whiston Hospital,3,2207,0.001359311282283643,233
Community 4,"Agency for Science, Technology and Research",2,2207,0.0009062075215224287,234
Community 4,Agostino Gemelli University Polyclinic,2,2207,0.0009062075215224287,235
Community 4,Ca' Foncello Hospital,2,2207,0.0009062075215224287,236
Community 4,Centre Hospitalier Universitaire de Toulouse,2,2207,0.0009062075215224287,237
Community 4,Cumberland Infirmary,2,2207,0.0009062075215224287,238
Community 4,"Department of Internal Medicine, ASST Valtellina e Alto Lario, Sondrio, Italy",2,2207,0.0009062075215224287,239
Community 4,"Department of Respiratory Diseases, Azienda Ospedaliera di Cremona, Cremona, Italy",2,2207,0.0009062075215224287,240
Community 4,Dumfries and Galloway Royal Infirmary,2,2207,0.0009062075215224287,241
Community 4,Furness General Hospital,2,2207,0.0009062075215224287,242
Community 4,George Eliot Hospital NHS Trust,2,2207,0.0009062075215224287,243
Community 4,Hammersmith Hospital,2,2207,0.0009062075215224287,244
Community 4,Hinchingbrooke Hospital,2,2207,0.0009062075215224287,245
Community 4,Istituti di Ricovero e Cura a Carattere Scientifico,2,2207,0.0009062075215224287,246
Community 4,Istituto di Biologia e Biotecnologia Agraria,2,2207,0.0009062075215224287,247
Community 4,Leighton Hospital,2,2207,0.0009062075215224287,248
Community 4,Manchester University NHS Foundation Trust,2,2207,0.0009062075215224287,249
Community 4,"Medical Genetics and Laboratory of Medical Genetics Unit, A.O.R.N. “Antonio Cardarelli”, Naples, Italy",2,2207,0.0009062075215224287,250
Community 4,Northampton General Hospital NHS Trust,2,2207,0.0009062075215224287,251
Community 4,Ospedale Bassini,2,2207,0.0009062075215224287,252
Community 4,Ospedale Policlinico San Martino,2,2207,0.0009062075215224287,253
Community 4,Politecnico di Milano,2,2207,0.0009062075215224287,254
Community 4,Quadram Institute,2,2207,0.0009062075215224287,255
Community 4,Royal Preston Hospital,2,2207,0.0009062075215224287,256
Community 4,Sandwell & West Birmingham Hospitals NHS Trust,2,2207,0.0009062075215224287,257
Community 4,The Queen's Medical Research Institute,2,2207,0.0009062075215224287,258
Community 4,Tunbridge Wells Hospital,2,2207,0.0009062075215224287,259
Community 4,University Hospital Southampton NHS Foundation Trust,2,2207,0.0009062075215224287,260
Community 4,University Hospital of Wales,2,2207,0.0009062075215224287,261
Community 4,University of Bologna,2,2207,0.0009062075215224287,262
Community 4,University of Perugia,2,2207,0.0009062075215224287,263
Community 4,University of Surrey,2,2207,0.0009062075215224287,264
Community 4,Ysbyty Gwynedd Hospital NHS Trust,2,2207,0.0009062075215224287,265
Community 4,Adelaide University,1,2207,0.00045310376076121433,266
Community 4,Azienda Ospedaliera Ospedale Maggiore,1,2207,0.00045310376076121433,267
Community 4,"Barking, Havering And Redbridge University Hospitals NHS Trust",1,2207,0.00045310376076121433,268
Community 4,Brighton and Sussex Medical School,1,2207,0.00045310376076121433,269
Community 4,Cambridge University Health Partners,1,2207,0.00045310376076121433,270
Community 4,Cardiff and Vale University Health Board,1,2207,0.00045310376076121433,271
Community 4,Centre for Inflammation Research,1,2207,0.00045310376076121433,272
Community 4,Chinese University of Hong Kong,1,2207,0.00045310376076121433,273
Community 4,Coventry University,1,2207,0.00045310376076121433,274
Community 4,"Dementia Centre of Excellence, enAble Institute",1,2207,0.00045310376076121433,275
Community 4,"Department of Paediatric Rheumatology, Leeds Children Hospital, Leeds, United Kingdom",1,2207,0.00045310376076121433,276
Community 4,Duke University,1,2207,0.00045310376076121433,277
Community 4,Genomics England Ltd,1,2207,0.00045310376076121433,278
Community 4,Great Ormond Street Hospital,1,2207,0.00045310376076121433,279
Community 4,Guy's and St Thomas' NHS Foundation Trust,1,2207,0.00045310376076121433,280
Community 4,Hospital Sant Joan de Déu Barcelona,1,2207,0.00045310376076121433,281
Community 4,IRCCS Humanitas Research Hospital,1,2207,0.00045310376076121433,282
Community 4,Imperial College Healthcare NHS Trust,1,2207,0.00045310376076121433,283
Community 4,"Independent Data Scientist, Milan, Italy",1,2207,0.00045310376076121433,284
Community 4,"Independent Medical Scientist, Milan, Italy",1,2207,0.00045310376076121433,285
Community 4,"Infectious Diseases Clinic, Belluno, Italy",1,2207,0.00045310376076121433,286
Community 4,Institute of Informatics and Telematics,1,2207,0.00045310376076121433,287
Community 4,Intensive Care National Audit & Research Centre,1,2207,0.00045310376076121433,288
Community 4,Istituto Giannina Gaslini,1,2207,0.00045310376076121433,289
Community 4,Leeds Teaching Hospitals NHS Trust,1,2207,0.00045310376076121433,290
Community 4,Lister Hospital,1,2207,0.00045310376076121433,291
Community 4,Liverpool School of Tropical Medicine,1,2207,0.00045310376076121433,292
Community 4,"Local Health Unit, Pharmaceutical Department of Grosseto, Toscana Sud Est Local Health Unit, Grosseto, Italy",1,2207,0.00045310376076121433,293
Community 4,London School of Economics and Political Science,1,2207,0.00045310376076121433,294
Community 4,Mahidol Oxford Tropical Medicine Research Unit,1,2207,0.00045310376076121433,295
Community 4,McGill University and Génome Québec Innovation Centre,1,2207,0.00045310376076121433,296
Community 4,Monash University,1,2207,0.00045310376076121433,297
Community 4,MultiMedica,1,2207,0.00045310376076121433,298
Community 4,NHS Lothian,1,2207,0.00045310376076121433,299
Community 4,NHS Tayside,1,2207,0.00045310376076121433,300
Community 4,NIHR Nottingham Hearing Biomedical Research Unit,1,2207,0.00045310376076121433,301
Community 4,Nanyang Technological University,1,2207,0.00045310376076121433,302
Community 4,Nationwide Children's Hospital,1,2207,0.00045310376076121433,303
Community 4,Olabisi Onabanjo University,1,2207,0.00045310376076121433,304
Community 4,Ospedale Monaldi,1,2207,0.00045310376076121433,305
Community 4,Peterborough City Hospital,1,2207,0.00045310376076121433,306
Community 4,Portsmouth Hospitals NHS Trust,1,2207,0.00045310376076121433,307
Community 4,Queen Mary University of London,1,2207,0.00045310376076121433,308
Community 4,Royal Melbourne Hospital,1,2207,0.00045310376076121433,309
Community 4,South Tees Hospitals NHS Foundation Trust,1,2207,0.00045310376076121433,310
Community 4,Sun Yat-sen University,1,2207,0.00045310376076121433,311
Community 4,Technical University of Denmark,1,2207,0.00045310376076121433,312
Community 4,The Institute of Cancer Research: Royal Cancer Hospital,1,2207,0.00045310376076121433,313
Community 4,The Royal Veterinary College,1,2207,0.00045310376076121433,314
Community 4,The University of Sydney,1,2207,0.00045310376076121433,315
Community 4,UK Health Security Agency,1,2207,0.00045310376076121433,316
Community 4,United Arab Emirates University,1,2207,0.00045310376076121433,317
Community 4,University College Dublin,1,2207,0.00045310376076121433,318
Community 4,University Hospitals of Leicester NHS Trust,1,2207,0.00045310376076121433,319
Community 4,University of Brighton,1,2207,0.00045310376076121433,320
Community 4,University of Bristol,1,2207,0.00045310376076121433,321
Community 4,"University of California, San Francisco",1,2207,0.00045310376076121433,322
Community 4,University of Galway,1,2207,0.00045310376076121433,323
Community 4,University of Leeds,1,2207,0.00045310376076121433,324
Community 4,University of Lisbon,1,2207,0.00045310376076121433,325
Community 4,University of Melbourne,1,2207,0.00045310376076121433,326
Community 4,University of Padua,1,2207,0.00045310376076121433,327
Community 4,University of Pavia,1,2207,0.00045310376076121433,328
Community 4,University of Portsmouth,1,2207,0.00045310376076121433,329
Community 4,University of Rome Tor Vergata,1,2207,0.00045310376076121433,330
Community 4,Université Côte d'Azur,1,2207,0.00045310376076121433,331
Community 5,University of Cambridge,226,2086,0.10834132310642378,1
Community 5,Wellcome Sanger Institute,91,2086,0.0436241610738255,2
Community 5,University of Hong Kong,88,2086,0.04218600191754554,3
Community 5,AstraZeneca UK Ltd,69,2086,0.03307766059443912,4
Community 5,Queen Mary University of London,59,2086,0.02828379674017258,5
Community 5,MRC Epidemiology Unit,55,2086,0.026366251198465963,6
Community 5,University of Manchester,34,2086,0.016299137104506232,7
Community 5,University of Leicester,33,2086,0.015819750719079578,8
Community 5,AstraZeneca AB,29,2086,0.013902205177372963,9
Community 5,University of Oxford,28,2086,0.013422818791946308,10
Community 5,Wellcome/MRC Institute of Metabolic Science,28,2086,0.013422818791946308,11
Community 5,Addenbrooke's Hospital,27,2086,0.012943432406519654,12
Community 5,Unknown institution,26,2086,0.012464046021093002,13
Community 5,Berlin Institute of Health at Charité - Universitätsmedizin Berlin,23,2086,0.01102588686481304,14
Community 5,University College London,23,2086,0.01102588686481304,15
Community 5,Baylor College of Medicine,20,2086,0.009587727708533078,16
Community 5,Genomics PLC,19,2086,0.009108341323106424,17
Community 5,Biogen Inc,18,2086,0.00862895493767977,18
Community 5,Helmholtz Zentrum München,18,2086,0.00862895493767977,19
Community 5,Glenfield Hospital,17,2086,0.008149568552253116,20
Community 5,Universidade de São Paulo,17,2086,0.008149568552253116,21
Community 5,Charité - University Medicine Berlin,16,2086,0.007670182166826462,22
Community 5,University of Toronto,16,2086,0.007670182166826462,23
Community 5,Cambridge University Hospitals NHS Foundation Trust,15,2086,0.007190795781399808,24
Community 5,King's College London,15,2086,0.007190795781399808,25
Community 5,La Trobe University,15,2086,0.007190795781399808,26
Community 5,MedGenome Labs (India),15,2086,0.007190795781399808,27
Community 5,AstraZeneca Pharmaceuticals LP,14,2086,0.006711409395973154,28
Community 5,Bristol Myers Squibb Co,14,2086,0.006711409395973154,29
Community 5,Children's Nutrition Research Center at Baylor College of Medicine,14,2086,0.006711409395973154,30
Community 5,Jagiellonian University,14,2086,0.006711409395973154,31
Community 5,Newcastle University,14,2086,0.006711409395973154,32
Community 5,University of Edinburgh,14,2086,0.006711409395973154,33
Community 5,Harvard University,13,2086,0.006232023010546501,34
Community 5,University of Aberdeen,13,2086,0.006232023010546501,35
Community 5,European Bioinformatics Institute,12,2086,0.005752636625119847,36
Community 5,Baker IDI Heart and Diabetes Institute,11,2086,0.0052732502396931925,37
Community 5,GlaxoSmithKline LLC,11,2086,0.0052732502396931925,38
Community 5,Imperial College London,11,2086,0.0052732502396931925,39
Community 5,Thermo Fisher Scientific Inc,11,2086,0.0052732502396931925,40
Community 5,"University of California, San Diego",11,2086,0.0052732502396931925,41
Community 5,Vanderbilt University Medical Center,11,2086,0.0052732502396931925,42
Community 5,City University of New York,10,2086,0.004793863854266539,43
Community 5,Emory University,10,2086,0.004793863854266539,44
Community 5,The University of Texas Southwestern Medical Center,10,2086,0.004793863854266539,45
Community 5,Tianjin Medical University,10,2086,0.004793863854266539,46
Community 5,"Victor Chang Cadiac Rsch Institute, Sydney, Australia",10,2086,0.004793863854266539,47
Community 5,NHS Blood and Transplant,9,2086,0.004314477468839885,48
Community 5,Radboud University Nijmegen,9,2086,0.004314477468839885,49
Community 5,University of Melbourne,9,2086,0.004314477468839885,50
Community 5,William Harvey Research Institute,9,2086,0.004314477468839885,51
Community 5,Dana Farber Cancer Institute Inc,8,2086,0.003835091083413231,52
Community 5,GlaxoSmithKline Research and Development Ltd,8,2086,0.003835091083413231,53
Community 5,Human Technopole,8,2086,0.003835091083413231,54
Community 5,Memorial Sloan Kettering Cancer Center,8,2086,0.003835091083413231,55
Community 5,Microsoft Corp,8,2086,0.003835091083413231,56
Community 5,University of Exeter,8,2086,0.003835091083413231,57
Community 5,Federation University,7,2086,0.003355704697986577,58
Community 5,Hong Kong Polytechnic University,7,2086,0.003355704697986577,59
Community 5,Sanquin,7,2086,0.003355704697986577,60
Community 5,University of Birmingham,7,2086,0.003355704697986577,61
Community 5,University of Southern California,7,2086,0.003355704697986577,62
Community 5,University of Warwick,7,2086,0.003355704697986577,63
Community 5,Wellcome Centre for Human Genetics,7,2086,0.003355704697986577,64
Community 5,"Ardigen, Krakow, Poland",6,2086,0.0028763183125599234,65
Community 5,Chinese University of Hong Kong,6,2086,0.0028763183125599234,66
Community 5,Eli Lilly and Co,6,2086,0.0028763183125599234,67
Community 5,"Guangzhou Twelfth People's Hospital, Guangzhou, China",6,2086,0.0028763183125599234,68
Community 5,Novo Nordisk AS,6,2086,0.0028763183125599234,69
Community 5,Pfizer Inc,6,2086,0.0028763183125599234,70
Community 5,The Pennsylvania State University,6,2086,0.0028763183125599234,71
Community 5,Washington University in St. Louis,6,2086,0.0028763183125599234,72
Community 5,CUNY Advanced Science Research Center,5,2086,0.0023969319271332696,73
Community 5,Iqvia Inc,5,2086,0.0023969319271332696,74
Community 5,John Radcliffe Hospital,5,2086,0.0023969319271332696,75
Community 5,MRC Biostatistics Unit,5,2086,0.0023969319271332696,76
Community 5,Madras Diabetes Research Foundation,5,2086,0.0023969319271332696,77
Community 5,Medical University of Silesia,5,2086,0.0023969319271332696,78
Community 5,Merck & Co Inc,5,2086,0.0023969319271332696,79
Community 5,NIHR BioResource,5,2086,0.0023969319271332696,80
Community 5,National Autonomous University of Mexico,5,2086,0.0023969319271332696,81
Community 5,National Health Service England,5,2086,0.0023969319271332696,82
Community 5,Politecnico di Milano,5,2086,0.0023969319271332696,83
Community 5,Sun Yat-sen University,5,2086,0.0023969319271332696,84
Community 5,UCL Eastman Dental Institute,5,2086,0.0023969319271332696,85
Community 5,University of Bergen,5,2086,0.0023969319271332696,86
Community 5,University of Dundee,5,2086,0.0023969319271332696,87
Community 5,University of Liverpool,5,2086,0.0023969319271332696,88
Community 5,University of Sheffield,5,2086,0.0023969319271332696,89
Community 5,Barts Health NHS Trust,4,2086,0.0019175455417066154,90
Community 5,"Cambridge, United Kingdom, Gothenburg, Sweden, Gaithersburg, MD, Warsaw, Poland",4,2086,0.0019175455417066154,91
Community 5,Cardiff University,4,2086,0.0019175455417066154,92
Community 5,Columbia University,4,2086,0.0019175455417066154,93
Community 5,Dr. Mohan's Diabetes Specialities Centre,4,2086,0.0019175455417066154,94
Community 5,Genentech Inc,4,2086,0.0019175455417066154,95
Community 5,"Genetics Department, Indus Health Plus, Pune, India",4,2086,0.0019175455417066154,96
Community 5,German Center for Lung Research,4,2086,0.0019175455417066154,97
Community 5,Great Ormond Street Hospital,4,2086,0.0019175455417066154,98
Community 5,Guy's and St Thomas' NHS Foundation Trust,4,2086,0.0019175455417066154,99
Community 5,KU Leuven,4,2086,0.0019175455417066154,100
Community 5,Karolinska Institutet,4,2086,0.0019175455417066154,101
Community 5,Lunenfeld-Tanenbaum Research Institute,4,2086,0.0019175455417066154,102
Community 5,MRC Integrative Epidemiology Unit,4,2086,0.0019175455417066154,103
Community 5,Massachusetts General Hospital,4,2086,0.0019175455417066154,104
Community 5,Max Planck Institute for Metabolism Research,4,2086,0.0019175455417066154,105
Community 5,Oxford University Hospitals NHS Trust,4,2086,0.0019175455417066154,106
Community 5,Poznan University of Medical Sciences,4,2086,0.0019175455417066154,107
Community 5,University of Amsterdam,4,2086,0.0019175455417066154,108
Community 5,University of Bristol,4,2086,0.0019175455417066154,109
Community 5,University of Michigan-Ann Arbor,4,2086,0.0019175455417066154,110
Community 5,West China Hospital of Sichuan University,4,2086,0.0019175455417066154,111
Community 5,Yokohama City University,4,2086,0.0019175455417066154,112
Community 5,Amrita Institute of Medical Sciences and Research Centre,3,2086,0.0014381591562799617,113
Community 5,Amsterdam University Medical Centers,3,2086,0.0014381591562799617,114
Community 5,Boston Children's Hospital,3,2086,0.0014381591562799617,115
Community 5,Cancer Research UK Cambridge Center,3,2086,0.0014381591562799617,116
Community 5,Columbia University Irving Medical Center,3,2086,0.0014381591562799617,117
Community 5,Essen University Hospital,3,2086,0.0014381591562799617,118
Community 5,"GSK R&D, Cambridge, MA, USA",3,2086,0.0014381591562799617,119
Community 5,Genomics Ltd,3,2086,0.0014381591562799617,120
Community 5,Heidelberg University,3,2086,0.0014381591562799617,121
Community 5,Hospital Authority,3,2086,0.0014381591562799617,122
Community 5,Institut NeuroMyoGène,3,2086,0.0014381591562799617,123
Community 5,Iowa State University Research Foundation Inc,3,2086,0.0014381591562799617,124
Community 5,Istituto Neurologico Mediterraneo,3,2086,0.0014381591562799617,125
Community 5,Janssen Research and Development LLC,3,2086,0.0014381591562799617,126
Community 5,MRC Metabolic Diseases Unit,3,2086,0.0014381591562799617,127
Community 5,MRC Weatherall Institute of Molecular Medicine,3,2086,0.0014381591562799617,128
Community 5,Max Delbrück Center for Molecular Medicine,3,2086,0.0014381591562799617,129
Community 5,Medical University of Vienna,3,2086,0.0014381591562799617,130
Community 5,Metabolon Inc,3,2086,0.0014381591562799617,131
Community 5,Novo Nordisk Research Centre Oxford Ltd,3,2086,0.0014381591562799617,132
Community 5,Radboud University Nijmegen Medical Centre,3,2086,0.0014381591562799617,133
Community 5,"Ribocure Pharmaceuticals AB, Mölndal, Sweden",3,2086,0.0014381591562799617,134
Community 5,SomaLogic Inc,3,2086,0.0014381591562799617,135
Community 5,Stanford University,3,2086,0.0014381591562799617,136
Community 5,"The Graduate Center, CUNY",3,2086,0.0014381591562799617,137
Community 5,UCL Institute of Child Health,3,2086,0.0014381591562799617,138
Community 5,University Hospital Cologne,3,2086,0.0014381591562799617,139
Community 5,University of Barcelona,3,2086,0.0014381591562799617,140
Community 5,University of Brescia,3,2086,0.0014381591562799617,141
Community 5,University of Glasgow,3,2086,0.0014381591562799617,142
Community 5,University of Hull,3,2086,0.0014381591562799617,143
Community 5,Vanderbilt University,3,2086,0.0014381591562799617,144
Community 5,Vrije Universiteit Amsterdam,3,2086,0.0014381591562799617,145
Community 5,Wellcome/Cancer Research UK Gurdon Institute,3,2086,0.0014381591562799617,146
Community 5,Aga Khan University Hospital Nairobi,2,2086,0.0009587727708533077,147
Community 5,Antoni van Leeuwenhoek Hospital,2,2086,0.0009587727708533077,148
Community 5,Arkema Inc,2,2086,0.0009587727708533077,149
Community 5,AstraZeneca (Poland),2,2086,0.0009587727708533077,150
Community 5,August Pi i Sunyer Biomedical Research Institute,2,2086,0.0009587727708533077,151
Community 5,Azienda Ospedaliero-Universitaria Careggi,2,2086,0.0009587727708533077,152
Community 5,Barcelona Supercomputing Center,2,2086,0.0009587727708533077,153
Community 5,Beth Israel Deaconess Medical Center,2,2086,0.0009587727708533077,154
Community 5,Bicêtre Hospital,2,2086,0.0009587727708533077,155
Community 5,Bristol Institute for Transfusion Sciences,2,2086,0.0009587727708533077,156
Community 5,Brown University,2,2086,0.0009587727708533077,157
Community 5,Cambridge Biomedical Campus,2,2086,0.0009587727708533077,158
Community 5,Cellzome GmbH,2,2086,0.0009587727708533077,159
Community 5,Centre for Genomic Regulation,2,2086,0.0009587727708533077,160
Community 5,Children's Hospital of Philadelphia,2,2086,0.0009587727708533077,161
Community 5,"City St George’s, University of London",2,2086,0.0009587727708533077,162
Community 5,Duke University,2,2086,0.0009587727708533077,163
Community 5,Erasmus MC,2,2086,0.0009587727708533077,164
Community 5,Eternal Hospital,2,2086,0.0009587727708533077,165
Community 5,Finnish Institute for Health and Welfare,2,2086,0.0009587727708533077,166
Community 5,"Genome Biology Unit, European Molecular Biological Laboratory, Heidelberg, Germany",2,2086,0.0009587727708533077,167
Community 5,Genomics England Ltd,2,2086,0.0009587727708533077,168
Community 5,George Eliot Hospital,2,2086,0.0009587727708533077,169
Community 5,Golden Jubilee National Hospital,2,2086,0.0009587727708533077,170
Community 5,Hammersmith Hospital,2,2086,0.0009587727708533077,171
Community 5,Heartlands Hospital,2,2086,0.0009587727708533077,172
Community 5,Hospital General de Niños Ricardo Gutierrez,2,2086,0.0009587727708533077,173
Community 5,Hospital for Sick Children,2,2086,0.0009587727708533077,174
Community 5,Hôpital de la Timone,2,2086,0.0009587727708533077,175
Community 5,Illumina Cambridge Ltd,2,2086,0.0009587727708533077,176
Community 5,Imperial College Healthcare NHS Trust,2,2086,0.0009587727708533077,177
Community 5,Institut Pasteur,2,2086,0.0009587727708533077,178
Community 5,Institute of Neurology,2,2086,0.0009587727708533077,179
Community 5,Iowa State University of Science and Technology,2,2086,0.0009587727708533077,180
Community 5,Johnson and Johnson Enterprise Innovation Inc,2,2086,0.0009587727708533077,181
Community 5,Kovai Medical Center and Hospital,2,2086,0.0009587727708533077,182
Community 5,Leeds Teaching Hospitals NHS Trust,2,2086,0.0009587727708533077,183
Community 5,Lund University,2,2086,0.0009587727708533077,184
Community 5,MRC Cognition and Brain Sciences Unit,2,2086,0.0009587727708533077,185
Community 5,Manchester University NHS Foundation Trust,2,2086,0.0009587727708533077,186
Community 5,Maze Therapeutics Inc,2,2086,0.0009587727708533077,187
Community 5,McGill University,2,2086,0.0009587727708533077,188
Community 5,Medical University of Graz,2,2086,0.0009587727708533077,189
Community 5,Murdoch Children's Research Institute,2,2086,0.0009587727708533077,190
Community 5,Nankai University,2,2086,0.0009587727708533077,191
Community 5,Narayana Health,2,2086,0.0009587727708533077,192
Community 5,National Heart and Lung Institute,2,2086,0.0009587727708533077,193
Community 5,National Human Genome Research Institute,2,2086,0.0009587727708533077,194
Community 5,National and Kapodistrian University of Athens,2,2086,0.0009587727708533077,195
Community 5,New York Genome Center,2,2086,0.0009587727708533077,196
Community 5,Newcastle upon Tyne Hospitals NHS Foundation Trust,2,2086,0.0009587727708533077,197
Community 5,Ninewells Hospital,2,2086,0.0009587727708533077,198
Community 5,"Nonacus Ltd., Quinton Business Park, Birmingham B32 1AF, UK",2,2086,0.0009587727708533077,199
Community 5,"Oxford Centre for Diabetes, Endocrinology and Metabolism",2,2086,0.0009587727708533077,200
Community 5,Papworth Hospital,2,2086,0.0009587727708533077,201
Community 5,"Rare Blood Disorders, Sanofi, Waltham, MA",2,2086,0.0009587727708533077,202
Community 5,Royal Brompton Hospital,2,2086,0.0009587727708533077,203
Community 5,Royal United Hospital Bath NHS Trust,2,2086,0.0009587727708533077,204
Community 5,Saint Louis University,2,2086,0.0009587727708533077,205
Community 5,Second Affiliated Hospital of Zhejiang University School of Medicine,2,2086,0.0009587727708533077,206
Community 5,Spanish National Cancer Research Centre,2,2086,0.0009587727708533077,207
Community 5,Stockholm University,2,2086,0.0009587727708533077,208
Community 5,The Institute of Cancer Research: Royal Cancer Hospital,2,2086,0.0009587727708533077,209
Community 5,The Queen's Medical Research Institute,2,2086,0.0009587727708533077,210
Community 5,UK Dementia Research Institute,2,2086,0.0009587727708533077,211
Community 5,University Hospital of Bern,2,2086,0.0009587727708533077,212
Community 5,University Medical Center Utrecht,2,2086,0.0009587727708533077,213
Community 5,"University of California, Santa Cruz",2,2086,0.0009587727708533077,214
Community 5,University of Copenhagen,2,2086,0.0009587727708533077,215
Community 5,University of Duisburg-Essen,2,2086,0.0009587727708533077,216
Community 5,University of Gothenburg,2,2086,0.0009587727708533077,217
Community 5,University of Lübeck,2,2086,0.0009587727708533077,218
Community 5,University of Northampton,2,2086,0.0009587727708533077,219
Community 5,University of Oviedo,2,2086,0.0009587727708533077,220
Community 5,University of Pavia,2,2086,0.0009587727708533077,221
Community 5,University of Southampton,2,2086,0.0009587727708533077,222
Community 5,University of Surrey,2,2086,0.0009587727708533077,223
Community 5,University of Tartu,2,2086,0.0009587727708533077,224
Community 5,University of Turku,2,2086,0.0009587727708533077,225
Community 5,University of Valencia,2,2086,0.0009587727708533077,226
Community 5,University of Western Australia,2,2086,0.0009587727708533077,227
Community 5,University of Würzburg,2,2086,0.0009587727708533077,228
Community 5,Université Laval,2,2086,0.0009587727708533077,229
Community 5,Walton Centre,2,2086,0.0009587727708533077,230
Community 5,Wellcome/MRC Cambridge Stem Cell Institute,2,2086,0.0009587727708533077,231
Community 5,affiliation not provided to SSRN,2,2086,0.0009587727708533077,232
Community 5,Aarhus University Hospital,1,2086,0.00047938638542665386,233
Community 5,"Activinsight, Limited, Kimbolton, United Kingdom;",1,2086,0.00047938638542665386,234
Community 5,"Advanced Light Microscopy Facility (ALMF), European Molecular Biological Laboratory, Heidelberg, Germany",1,2086,0.00047938638542665386,235
Community 5,Agostino Gemelli University Polyclinic,1,2086,0.00047938638542665386,236
Community 5,Albany House Medical Centre,1,2086,0.00047938638542665386,237
Community 5,Alexion Pharmaceuticals Inc,1,2086,0.00047938638542665386,238
Community 5,Alnylam Pharmaceuticals Inc,1,2086,0.00047938638542665386,239
Community 5,"Altos Labs, Granta Park, Cambridge, UK",1,2086,0.00047938638542665386,240
Community 5,Amgen Inc,1,2086,0.00047938638542665386,241
Community 5,Amsterdam Neuroscience,1,2086,0.00047938638542665386,242
Community 5,Anglia Ruskin University,1,2086,0.00047938638542665386,243
Community 5,Assistance Publique - Hôpitaux de Paris,1,2086,0.00047938638542665386,244
Community 5,Aston University,1,2086,0.00047938638542665386,245
Community 5,AstraZeneca SpA,1,2086,0.00047938638542665386,246
Community 5,Australian National University,1,2086,0.00047938638542665386,247
Community 5,Autonomous University of Madrid,1,2086,0.00047938638542665386,248
Community 5,Blood Bank,1,2086,0.00047938638542665386,249
Community 5,Bradford Teaching Hospitals NHS Foundation Trust,1,2086,0.00047938638542665386,250
Community 5,Broad Institute,1,2086,0.00047938638542665386,251
Community 5,Cancer Research UK Manchester Institute,1,2086,0.00047938638542665386,252
Community 5,Carl von Ossietzky University of Oldenburg,1,2086,0.00047938638542665386,253
Community 5,Champalimaud Foundation,1,2086,0.00047938638542665386,254
Community 5,"Changping Laboratory, Yard-28, Science Park Road, Changping District, Beijing, P. R. China",1,2086,0.00047938638542665386,255
Community 5,Copenhagen University Hospital,1,2086,0.00047938638542665386,256
Community 5,"Cyprus Cancer Research Institute, Nicosia, Cyprus",1,2086,0.00047938638542665386,257
Community 5,Danderyds sjukhus,1,2086,0.00047938638542665386,258
Community 5,Dasman Diabetes Institute,1,2086,0.00047938638542665386,259
Community 5,"Departamento de Clínica Médica, Av. Dr. Arnaldo, 455 - Cerqueira César, 01246903 São Paulo - SP, Brazil",1,2086,0.00047938638542665386,260
Community 5,"Department of Health Care, Silesian Medical College, Katowice, Poland",1,2086,0.00047938638542665386,261
Community 5,"Division of Developmental Biology, MRC, National Institute for Medical Research, London, UK",1,2086,0.00047938638542665386,262
Community 5,Domain Therapeutics SA,1,2086,0.00047938638542665386,263
Community 5,ETH Zurich,1,2086,0.00047938638542665386,264
Community 5,Fondation Ophtalmologique Adolphe de Rothschild,1,2086,0.00047938638542665386,265
Community 5,Frederick National Laboratory for Cancer Research,1,2086,0.00047938638542665386,266
Community 5,"GSK R&D, Stevenage, Hertfordshire, United Kingdom",1,2086,0.00047938638542665386,267
Community 5,General University Hospital of Patras,1,2086,0.00047938638542665386,268
Community 5,"Genomic Sciences, GSK Research and Development, Stevenage, UK",1,2086,0.00047938638542665386,269
Community 5,Genomics;,1,2086,0.00047938638542665386,270
Community 5,German Center for Neurodegenerative Diseases,1,2086,0.00047938638542665386,271
Community 5,German Institute of Human Nutrition,1,2086,0.00047938638542665386,272
Community 5,Ghent University,1,2086,0.00047938638542665386,273
Community 5,Glasgow Royal Infirmary,1,2086,0.00047938638542665386,274
Community 5,Great Ormond Street Hospital for Children NHS Foundation Trust,1,2086,0.00047938638542665386,275
Community 5,"Greater Bay Area Public Health Research Collaboration, China.",1,2086,0.00047938638542665386,276
Community 5,Guy's Hospital,1,2086,0.00047938638542665386,277
Community 5,Haukeland University Hospital,1,2086,0.00047938638542665386,278
Community 5,Heidelberg Institute for Stem Cell Technology and Experimental Medicine,1,2086,0.00047938638542665386,279
Community 5,Heritage Valley Beaver,1,2086,0.00047938638542665386,280
Community 5,Hong Kong,1,2086,0.00047938638542665386,281
Community 5,Hospitais da Universidade de Coimbra,1,2086,0.00047938638542665386,282
Community 5,Hospital Del Mar,1,2086,0.00047938638542665386,283
Community 5,Hospital Universitario Virgen de la Arrixaca,1,2086,0.00047938638542665386,284
Community 5,Hospital de Sant Pau,1,2086,0.00047938638542665386,285
Community 5,Humanitas University,1,2086,0.00047938638542665386,286
Community 5,Humboldt-Universität zu Berlin,1,2086,0.00047938638542665386,287
Community 5,Hôpital Necker-Enfants Malades,1,2086,0.00047938638542665386,288
Community 5,Hôpital Saint-Antoine,1,2086,0.00047938638542665386,289
Community 5,"IBM, Ballarat, Victoria, Australia, michal.chorev@ibm.com",1,2086,0.00047938638542665386,290
Community 5,INSERM Délégation Paris 11,1,2086,0.00047938638542665386,291
Community 5,IRCCS Policlinico San Donato,1,2086,0.00047938638542665386,292
Community 5,Idorsia Pharmaceuticals Ltd,1,2086,0.00047938638542665386,293
Community 5,Indiana University Indianapolis,1,2086,0.00047938638542665386,294
Community 5,Institute for Molecular Medicine Finland,1,2086,0.00047938638542665386,295
Community 5,Institute of Evolutionary Biology,1,2086,0.00047938638542665386,296
Community 5,International Centre for Diarrhoeal Disease Research,1,2086,0.00047938638542665386,297
Community 5,Johns Hopkins University,1,2086,0.00047938638542665386,298
Community 5,Johnson and Johnson,1,2086,0.00047938638542665386,299
Community 5,Kenya Medical Research Institute,1,2086,0.00047938638542665386,300
Community 5,King Abdullah University of Science and Technology,1,2086,0.00047938638542665386,301
Community 5,King Edward Memorial Hospital Research Centre,1,2086,0.00047938638542665386,302
Community 5,King Saud bin Abdulaziz University for Health Sciences,1,2086,0.00047938638542665386,303
Community 5,Kyung Hee University,1,2086,0.00047938638542665386,304
Community 5,LMU Klinikum,1,2086,0.00047938638542665386,305
Community 5,Leicester General Hospital,1,2086,0.00047938638542665386,306
Community 5,London School of Economics and Political Science,1,2086,0.00047938638542665386,307
Community 5,London School of Hygiene & Tropical Medicine,1,2086,0.00047938638542665386,308
Community 5,Lucile Packard Children's Hospital,1,2086,0.00047938638542665386,309
Community 5,MRC Human Nutrition Research,1,2086,0.00047938638542665386,310
Community 5,MRC Lifecourse Epidemiology Unit,1,2086,0.00047938638542665386,311
Community 5,Madras Medical Mission,1,2086,0.00047938638542665386,312
Community 5,Mahidol University,1,2086,0.00047938638542665386,313
Community 5,Manchester Royal Infirmary,1,2086,0.00047938638542665386,314
Community 5,Massachusetts Institute of Technology,1,2086,0.00047938638542665386,315
Community 5,"MedGenome Inc., Foster City, California",1,2086,0.00047938638542665386,316
Community 5,Middle Tennessee State University,1,2086,0.00047938638542665386,317
Community 5,Millennium Pharmaceuticals Inc,1,2086,0.00047938638542665386,318
Community 5,Monash University,1,2086,0.00047938638542665386,319
Community 5,"Moulton Surgery, Northampton Lane, Northampton, United Kingdom",1,2086,0.00047938638542665386,320
Community 5,NIHR Leicester Biomedical Research Centre,1,2086,0.00047938638542665386,321
Community 5,National Hospital for Neurology and Neurosurgery,1,2086,0.00047938638542665386,322
Community 5,National University Health System,1,2086,0.00047938638542665386,323
Community 5,New York Blood Center,1,2086,0.00047938638542665386,324
Community 5,Norfolk and Norwich University Hospital,1,2086,0.00047938638542665386,325
Community 5,Norfolk and Norwich University Hospitals NHS Foundation Trust,1,2086,0.00047938638542665386,326
Community 5,Norwegian Institute of Public Health,1,2086,0.00047938638542665386,327
Community 5,Novozymes North America Inc,1,2086,0.00047938638542665386,328
Community 5,"Næstved, Slagelse and Ringsted Hospitals",1,2086,0.00047938638542665386,329
Community 5,Oxford Health NHS Foundation Trust,1,2086,0.00047938638542665386,330
Community 5,Penn State Milton S. Hershey Medical Center,1,2086,0.00047938638542665386,331
Community 5,Policlinico San Matteo Fondazione,1,2086,0.00047938638542665386,332
Community 5,Pontifical Catholic University of Rio Grande do Sul,1,2086,0.00047938638542665386,333
Community 5,Public Health Wales,1,2086,0.00047938638542665386,334
Community 5,Queen Elizabeth University Hospital,1,2086,0.00047938638542665386,335
Community 5,Queen's Medical Centre,1,2086,0.00047938638542665386,336
Community 5,Queen's University Belfast,1,2086,0.00047938638542665386,337
Community 5,RWTH Aachen University,1,2086,0.00047938638542665386,338
Community 5,Rice University,1,2086,0.00047938638542665386,339
Community 5,Rigshospitalet,1,2086,0.00047938638542665386,340
Community 5,Royal Bournemouth Hospital,1,2086,0.00047938638542665386,341
Community 5,Royal Free London NHS Foundation Trust,1,2086,0.00047938638542665386,342
Community 5,Royal Hallamshire Hospital,1,2086,0.00047938638542665386,343
Community 5,Royal London Hospital,1,2086,0.00047938638542665386,344
Community 5,Royal Manchester Children's Hospital,1,2086,0.00047938638542665386,345
Community 5,Sheffield Teaching Hospitals NHS Foundation Trust,1,2086,0.00047938638542665386,346
Community 5,"South Leicestershire Medical Group, Kibworth Beauchamp LE8 0LG, UK",1,2086,0.00047938638542665386,347
Community 5,St Bartholomew's Hospital,1,2086,0.00047938638542665386,348
Community 5,St James's University Hospital,1,2086,0.00047938638542665386,349
Community 5,St Mark's Hospital,1,2086,0.00047938638542665386,350
Community 5,St Vincent's Hospital Sydney,1,2086,0.00047938638542665386,351
Community 5,"St Vincent’s Clinical School, University of NSW Sydney, Kensington (S.E.I., L.M.-C., D.W.M., S.L.D., D.F., R.M.G., E.G.).",1,2086,0.00047938638542665386,352
Community 5,"St. Anna’s Hospital, 32-200 Miechow, Poland",1,2086,0.00047938638542665386,353
Community 5,St. Josef-Hospital,1,2086,0.00047938638542665386,354
Community 5,St. Jude Children's Research Hospital,1,2086,0.00047938638542665386,355
Community 5,Swinburne University of Technology,1,2086,0.00047938638542665386,356
Community 5,Synapse BV,1,2086,0.00047938638542665386,357
Community 5,Taizhou People's Hospital,1,2086,0.00047938638542665386,358
Community 5,Texas Children's Hospital,1,2086,0.00047938638542665386,359
Community 5,The Brigham and Women's Hospital Inc,1,2086,0.00047938638542665386,360
Community 5,The Francis Crick Institute Ltd,1,2086,0.00047938638542665386,361
Community 5,The Royal Free Hospital,1,2086,0.00047938638542665386,362
Community 5,"Thermo Fisher Scientific, 3450 Central Expressway, Santa Clara, CA 94306",1,2086,0.00047938638542665386,363
Community 5,Torbay Hospital,1,2086,0.00047938638542665386,364
Community 5,Tulane University,1,2086,0.00047938638542665386,365
Community 5,UK Biobank,1,2086,0.00047938638542665386,366
Community 5,"UNIQUE Charity, Oxted, UK",1,2086,0.00047938638542665386,367
Community 5,Uncommon Bio Ltd,1,2086,0.00047938638542665386,368
Community 5,Universidade Federal de Pelotas,1,2086,0.00047938638542665386,369
Community 5,Universidade Nova de Lisboa,1,2086,0.00047938638542665386,370
Community 5,University College London Hospitals NHS Foundation Trust,1,2086,0.00047938638542665386,371
Community 5,University Hospital Ulm,1,2086,0.00047938638542665386,372
Community 5,University Hospital of Geneva,1,2086,0.00047938638542665386,373
Community 5,University Hospital of Wales,1,2086,0.00047938638542665386,374
Community 5,University Hospitals Birmingham NHS Foundation Trust,1,2086,0.00047938638542665386,375
Community 5,University Hospitals of Leicester NHS Trust,1,2086,0.00047938638542665386,376
Community 5,University Medical Center Groningen,1,2086,0.00047938638542665386,377
Community 5,University Medical Centre Mannheim,1,2086,0.00047938638542665386,378
Community 5,University of Auckland,1,2086,0.00047938638542665386,379
Community 5,University of British Columbia,1,2086,0.00047938638542665386,380
Community 5,"University of California, Los Angeles",1,2086,0.00047938638542665386,381
Community 5,"University of California, San Francisco",1,2086,0.00047938638542665386,382
Community 5,University of Chile,1,2086,0.00047938638542665386,383
Community 5,University of Colorado Denver,1,2086,0.00047938638542665386,384
Community 5,University of Connecticut Health Center,1,2086,0.00047938638542665386,385
Community 5,University of Florida,1,2086,0.00047938638542665386,386
Community 5,University of Giessen,1,2086,0.00047938638542665386,387
Community 5,University of Graz,1,2086,0.00047938638542665386,388
Community 5,University of Iceland,1,2086,0.00047938638542665386,389
Community 5,University of Lausanne,1,2086,0.00047938638542665386,390
Community 5,University of Lille,1,2086,0.00047938638542665386,391
Community 5,University of Macau,1,2086,0.00047938638542665386,392
Community 5,University of Naples Federico II,1,2086,0.00047938638542665386,393
Community 5,University of Oslo,1,2086,0.00047938638542665386,394
Community 5,University of Plymouth,1,2086,0.00047938638542665386,395
Community 5,University of Santiago de Compostela,1,2086,0.00047938638542665386,396
Community 5,University of Tsukuba,1,2086,0.00047938638542665386,397
Community 5,University of Tübingen,1,2086,0.00047938638542665386,398
Community 5,University of Yaoundé I,1,2086,0.00047938638542665386,399
Community 5,Université Paris Cité,1,2086,0.00047938638542665386,400
Community 5,VA Tennessee Valley Healthcare System,1,2086,0.00047938638542665386,401
Community 5,Victor Chang Cardiac Research Institute,1,2086,0.00047938638542665386,402
Community 5,Vilnius University,1,2086,0.00047938638542665386,403
Community 5,"Waltham Forest Council, Waltham Forest Town Hall, Forest Road, Walthamstow E17 4JF, UK",1,2086,0.00047938638542665386,404
Community 5,Wellcome Trust Ltd,1,2086,0.00047938638542665386,405
Community 5,Western General Hospital,1,2086,0.00047938638542665386,406
Community 5,"Willowbrook Medical Centre, Leicester LE5 2NL, UK",1,2086,0.00047938638542665386,407
Community 5,Xap Therapeutics Ltd,1,2086,0.00047938638542665386,408
Community 6,Stanford University,249,1948,0.12782340862422997,1
Community 6,University of Pennsylvania,179,1948,0.09188911704312115,2
Community 6,Universitätsklinikum Aachen,73,1948,0.03747433264887064,3
Community 6,for the VA Million Veteran Program,69,1948,0.03542094455852156,4
Community 6,Columbia University,55,1948,0.028234086242299793,5
Community 6,University of Michigan-Ann Arbor,54,1948,0.027720739219712527,6
Community 6,Emory University,48,1948,0.024640657084188913,7
Community 6,Vanderbilt University Medical Center,42,1948,0.021560574948665298,8
Community 6,Cincinnati Children's Hospital Medical Center,33,1948,0.016940451745379878,9
Community 6,Alnylam Pharmaceuticals Inc,32,1948,0.01642710472279261,10
Community 6,Children's Hospital of Philadelphia,31,1948,0.01591375770020534,11
Community 6,Shahid Beheshti University of Medical Sciences,30,1948,0.015400410677618069,12
Community 6,Harvard University,29,1948,0.014887063655030801,13
Community 6,Duke University,26,1948,0.013347022587268994,14
Community 6,Columbia University Irving Medical Center,22,1948,0.011293634496919919,15
Community 6,RWTH Aachen University,21,1948,0.010780287474332649,16
Community 6,Mayo Clinic,20,1948,0.01026694045174538,17
Community 6,"University of California, Los Angeles",19,1948,0.009753593429158111,18
Community 6,Virginia Commonwealth University,19,1948,0.009753593429158111,19
Community 6,University of Cincinnati,17,1948,0.008726899383983572,20
Community 6,Cedars-Sinai Medical Center,14,1948,0.007186858316221766,21
Community 6,Shanghai East Hospital,13,1948,0.006673511293634497,22
Community 6,TU Dresden,13,1948,0.006673511293634497,23
Community 6,National Heart Lung and Blood Institute,12,1948,0.006160164271047228,24
Community 6,Northwestern University,12,1948,0.006160164271047228,25
Community 6,University of Washington,12,1948,0.006160164271047228,26
Community 6,VA Boston Healthcare System,12,1948,0.006160164271047228,27
Community 6,Unknown institution,12,1948,0.006160164271047228,28
Community 6,University of Florida,11,1948,0.005646817248459959,29
Community 6,Wake Forest University,11,1948,0.005646817248459959,30
Community 6,McGill University Health Centre,10,1948,0.00513347022587269,31
Community 6,"University of California, San Diego",10,1948,0.00513347022587269,32
Community 6,Baylor College of Medicine,9,1948,0.004620123203285421,33
Community 6,Calico Life Sciences LLC,9,1948,0.004620123203285421,34
Community 6,Imam Abdulrahman Bin Faisal University,9,1948,0.004620123203285421,35
Community 6,Johns Hopkins University,9,1948,0.004620123203285421,36
Community 6,Millennium Pharmaceuticals Inc,9,1948,0.004620123203285421,37
Community 6,The Brigham and Women's Hospital Inc,9,1948,0.004620123203285421,38
Community 6,University of Bordeaux,9,1948,0.004620123203285421,39
Community 6,"University of California, San Francisco",9,1948,0.004620123203285421,40
Community 6,Mayo Clinic in Rochester,8,1948,0.004106776180698152,41
Community 6,Michigan Medicine,8,1948,0.004106776180698152,42
Community 6,Rancho BioSciences (United States),8,1948,0.004106776180698152,43
Community 6,United States Department of Veterans Affairs,8,1948,0.004106776180698152,44
Community 6,University of Cologne,8,1948,0.004106776180698152,45
Community 6,"1MyOme, Menlo Park, CA;",7,1948,0.003593429158110883,46
Community 6,Bayer AG,7,1948,0.003593429158110883,47
Community 6,European Bioinformatics Institute,7,1948,0.003593429158110883,48
Community 6,Hamad bin Khalifa University,7,1948,0.003593429158110883,49
Community 6,Maastricht University,7,1948,0.003593429158110883,50
Community 6,Massachusetts Institute of Technology,7,1948,0.003593429158110883,51
Community 6,Merck & Co Inc,7,1948,0.003593429158110883,52
Community 6,National Human Genome Research Institute,7,1948,0.003593429158110883,53
Community 6,"University of California, Berkeley",7,1948,0.003593429158110883,54
Community 6,Vanderbilt University,7,1948,0.003593429158110883,55
Community 6,"Galatea Bio Inc, 14350 Commerce Way, 33016, Miami Lakes, FL, USA",6,1948,0.003080082135523614,56
Community 6,Hospital of the University of Pennsylvania,6,1948,0.003080082135523614,57
Community 6,Maastricht University Medical Centre,6,1948,0.003080082135523614,58
Community 6,McGill University,6,1948,0.003080082135523614,59
Community 6,Shanghai Jiao Tong University,6,1948,0.003080082135523614,60
Community 6,Stanford University Medical Center,6,1948,0.003080082135523614,61
Community 6,Tenaya Therapeutics Inc,6,1948,0.003080082135523614,62
Community 6,The University of Texas Health Science Center at Houston,6,1948,0.003080082135523614,63
Community 6,Broad Institute,5,1948,0.002566735112936345,64
Community 6,Charité - University Medicine Berlin,5,1948,0.002566735112936345,65
Community 6,Invia LLC,5,1948,0.002566735112936345,66
Community 6,Marshfield Clinic Research Institute,5,1948,0.002566735112936345,67
Community 6,Massachusetts General Hospital,5,1948,0.002566735112936345,68
Community 6,University of Illinois at Chicago,5,1948,0.002566735112936345,69
Community 6,Uppsala University,5,1948,0.002566735112936345,70
Community 6,AbbVie Inc,4,1948,0.002053388090349076,71
Community 6,Adelaide University,4,1948,0.002053388090349076,72
Community 6,Centre Hospitalier Universitaire de Lille,4,1948,0.002053388090349076,73
Community 6,Children's Health Ireland at Crumlin,4,1948,0.002053388090349076,74
Community 6,Edith Nourse Rogers Memorial Veterans Hospital,4,1948,0.002053388090349076,75
Community 6,"Genomelink, Inc, 2150 Shattuck Avenue, 94704, Berkeley, CA, USA",4,1948,0.002053388090349076,76
Community 6,Icahn School of Medicine at Mount Sinai,4,1948,0.002053388090349076,77
Community 6,Institute for Lung Health,4,1948,0.002053388090349076,78
Community 6,Instituto Nacional de Ciencias Médicas y Nutrición Salvador Zubirán,4,1948,0.002053388090349076,79
Community 6,Istituto Giannina Gaslini,4,1948,0.002053388090349076,80
Community 6,KU Leuven,4,1948,0.002053388090349076,81
Community 6,Kaiser Permanente Washington Health Research Institute,4,1948,0.002053388090349076,82
Community 6,Leibniz Research Centre for Working Environment and Human Factors,4,1948,0.002053388090349076,83
Community 6,Oak Ridge National Laboratory,4,1948,0.002053388090349076,84
Community 6,Sanofi Pasteur Biologics LLC,4,1948,0.002053388090349076,85
Community 6,TU Dortmund University,4,1948,0.002053388090349076,86
Community 6,"Takeda Development Center Americas, Inc., San Diego, California, United States of America",4,1948,0.002053388090349076,87
Community 6,Tehran University of Medical Sciences,4,1948,0.002053388090349076,88
Community 6,Tianjin Medical University,4,1948,0.002053388090349076,89
Community 6,University of Calgary,4,1948,0.002053388090349076,90
Community 6,University of Nebraska Medical Center,4,1948,0.002053388090349076,91
Community 6,University of Utah,4,1948,0.002053388090349076,92
Community 6,Argonne National Laboratory,3,1948,0.001540041067761807,93
Community 6,Cleveland Clinic,3,1948,0.001540041067761807,94
Community 6,Fred Hutchinson Cancer Center,3,1948,0.001540041067761807,95
Community 6,Geisinger Health System,3,1948,0.001540041067761807,96
Community 6,Gladstone Institutes,3,1948,0.001540041067761807,97
Community 6,Hospices Civils de Lyon,3,1948,0.001540041067761807,98
Community 6,Iran University of Medical Sciences,3,1948,0.001540041067761807,99
Community 6,Jagiellonian University,3,1948,0.001540041067761807,100
Community 6,Max Planck Institute for Heart and Lung Research,3,1948,0.001540041067761807,101
Community 6,Medical University of Warsaw,3,1948,0.001540041067761807,102
Community 6,"MyOme, Inc, Menlo Park, CA;",3,1948,0.001540041067761807,103
Community 6,Spedali Civili di Brescia,3,1948,0.001540041067761807,104
Community 6,The Ohio State University,3,1948,0.001540041067761807,105
Community 6,The Pennsylvania State University,3,1948,0.001540041067761807,106
Community 6,The University of Texas Southwestern Medical Center,3,1948,0.001540041067761807,107
Community 6,The University of Tokyo,3,1948,0.001540041067761807,108
Community 6,University Hospital of Bern,3,1948,0.001540041067761807,109
Community 6,University of Alabama at Birmingham,3,1948,0.001540041067761807,110
Community 6,University of British Columbia,3,1948,0.001540041067761807,111
Community 6,"University of California, Irvine",3,1948,0.001540041067761807,112
Community 6,University of Massachusetts Chan Medical School,3,1948,0.001540041067761807,113
Community 6,University of Parma,3,1948,0.001540041067761807,114
Community 6,University of Virginia,3,1948,0.001540041067761807,115
Community 6,University of Wisconsin-Madison,3,1948,0.001540041067761807,116
Community 6,Aga Khan University,2,1948,0.001026694045174538,117
Community 6,Agostino Gemelli University Polyclinic,2,1948,0.001026694045174538,118
Community 6,Beaujon Hospital,2,1948,0.001026694045174538,119
Community 6,BioMarin (United Kingdom),2,1948,0.001026694045174538,120
Community 6,Capital Medical University,2,1948,0.001026694045174538,121
Community 6,"Center for Precision Medicine, Department of Biomedical Informatics",2,1948,0.001026694045174538,122
Community 6,China Academy of Chinese Medical Sciences,2,1948,0.001026694045174538,123
Community 6,Chinese Academy of Medical Sciences & Peking Union Medical College,2,1948,0.001026694045174538,124
Community 6,Denver VA Medical Center,2,1948,0.001026694045174538,125
Community 6,Duke University Medical Center,2,1948,0.001026694045174538,126
Community 6,Florida State University,2,1948,0.001026694045174538,127
Community 6,Fudan University,2,1948,0.001026694045174538,128
Community 6,Ghent University,2,1948,0.001026694045174538,129
Community 6,Hacettepe University,2,1948,0.001026694045174538,130
Community 6,Hamad Medical Corporation,2,1948,0.001026694045174538,131
Community 6,Hannover Medical School,2,1948,0.001026694045174538,132
Community 6,Heidelberg University,2,1948,0.001026694045174538,133
Community 6,Hôpital de la Timone,2,1948,0.001026694045174538,134
Community 6,Imperial College London,2,1948,0.001026694045174538,135
Community 6,Isfahan University of Medical Sciences,2,1948,0.001026694045174538,136
Community 6,Karolinska Institutet,2,1948,0.001026694045174538,137
Community 6,Karolinska University Hospital,2,1948,0.001026694045174538,138
Community 6,Korea Advanced Institute of Science and Technology,2,1948,0.001026694045174538,139
Community 6,Liverpool John Moores University,2,1948,0.001026694045174538,140
Community 6,Marseille Public University Hospital System,2,1948,0.001026694045174538,141
Community 6,Medical University of Silesia,2,1948,0.001026694045174538,142
Community 6,Medizinische Hochschule Brandenburg Theodor Fontane,2,1948,0.001026694045174538,143
Community 6,Meharry Medical College,2,1948,0.001026694045174538,144
Community 6,Memorial Sloan Kettering Cancer Center,2,1948,0.001026694045174538,145
Community 6,"Mynomx Inc., Palo Alto, CA, United States of America",2,1948,0.001026694045174538,146
Community 6,National Institutes of Health Clinical Center,2,1948,0.001026694045174538,147
Community 6,National Taiwan University,2,1948,0.001026694045174538,148
Community 6,National University of Singapore,2,1948,0.001026694045174538,149
Community 6,New York University,2,1948,0.001026694045174538,150
Community 6,Oak Ridge Associated Universities,2,1948,0.001026694045174538,151
Community 6,Oregon Health & Science University,2,1948,0.001026694045174538,152
Community 6,"Palo Alto, CA, Stanford, CA",2,1948,0.001026694045174538,153
Community 6,Polish Mother’s Memorial Hospital Research Institute,2,1948,0.001026694045174538,154
Community 6,Poznan University of Medical Sciences,2,1948,0.001026694045174538,155
Community 6,Queen Elizabeth Hospital,2,1948,0.001026694045174538,156
Community 6,Radboud University Nijmegen Medical Centre,2,1948,0.001026694045174538,157
Community 6,Scripps Research Institute,2,1948,0.001026694045174538,158
Community 6,Texas Medical Center,2,1948,0.001026694045174538,159
Community 6,The University of Texas Medical Branch at Galveston,2,1948,0.001026694045174538,160
Community 6,Universitat Politècnica de Catalunya,2,1948,0.001026694045174538,161
Community 6,University College London,2,1948,0.001026694045174538,162
Community 6,University Medical Centre Mannheim,2,1948,0.001026694045174538,163
Community 6,University of Glasgow,2,1948,0.001026694045174538,164
Community 6,University of Kentucky,2,1948,0.001026694045174538,165
Community 6,University of Montreal,2,1948,0.001026694045174538,166
Community 6,University of North Carolina at Chapel Hill,2,1948,0.001026694045174538,167
Community 6,University of Pittsburgh,2,1948,0.001026694045174538,168
Community 6,University of Pittsburgh Medical Center,2,1948,0.001026694045174538,169
Community 6,University of Split,2,1948,0.001026694045174538,170
Community 6,University of Vienna,2,1948,0.001026694045174538,171
Community 6,University of Western Australia,2,1948,0.001026694045174538,172
Community 6,University of Zurich,2,1948,0.001026694045174538,173
Community 6,University of the Basque Country,2,1948,0.001026694045174538,174
Community 6,Universitätsmedizin Göttingen,2,1948,0.001026694045174538,175
Community 6,VA Salt Lake City Health Care System,2,1948,0.001026694045174538,176
Community 6,"Vaiomer, Labège, France",2,1948,0.001026694045174538,177
Community 6,Washington University in St. Louis,2,1948,0.001026694045174538,178
Community 6,Affiliated Hospital of Shaanxi University of Chinese Medicine,1,1948,0.000513347022587269,179
Community 6,Agricultural Research & Education Organization,1,1948,0.000513347022587269,180
Community 6,"Amphora Health, Morelia, Michoacan, Mexico",1,1948,0.000513347022587269,181
Community 6,Amsterdam UMC Location VUmc,1,1948,0.000513347022587269,182
Community 6,Arak University of Medical Sciences,1,1948,0.000513347022587269,183
Community 6,Atlanta VA Medical Center,1,1948,0.000513347022587269,184
Community 6,"Azienda Ospedaliera Universitaria Policlinico ""G. Martino""",1,1948,0.000513347022587269,185
Community 6,Bar-Ilan University,1,1948,0.000513347022587269,186
Community 6,Beijing Hospital,1,1948,0.000513347022587269,187
Community 6,Beijing University of Chinese Medicine,1,1948,0.000513347022587269,188
Community 6,Ben-Gurion University of the Negev,1,1948,0.000513347022587269,189
Community 6,Boston Children's Hospital,1,1948,0.000513347022587269,190
Community 6,Boston University,1,1948,0.000513347022587269,191
Community 6,Brown University,1,1948,0.000513347022587269,192
Community 6,Cairo University,1,1948,0.000513347022587269,193
Community 6,California University of Science and Medicine,1,1948,0.000513347022587269,194
Community 6,"Cardiac and Vascular Care, Inc., 2030 Forest Ave, San Jose, CA, USA, ;",1,1948,0.000513347022587269,195
Community 6,Carnegie Mellon University,1,1948,0.000513347022587269,196
Community 6,Case Western Reserve University,1,1948,0.000513347022587269,197
Community 6,"Center for Precision Health Research, National Human Genome Institute, Bethesda, Maryland, USA",1,1948,0.000513347022587269,198
Community 6,Central South University,1,1948,0.000513347022587269,199
Community 6,Centre Hospitalier Universitaire de Bordeaux,1,1948,0.000513347022587269,200
Community 6,"Centre of Excellence of Cardiovascular Sciences, Gemelli Isola Hospital, Rome, Italy.",1,1948,0.000513347022587269,201
Community 6,Chan Zuckerberg Biohub San Francisco,1,1948,0.000513347022587269,202
Community 6,Chengdu Third People's Hospital,1,1948,0.000513347022587269,203
Community 6,Children’s Mercy Research Institute,1,1948,0.000513347022587269,204
Community 6,Churchill Hospital,1,1948,0.000513347022587269,205
Community 6,"Ciccarone Center for the Prevention of Atherosclerotic Cardiovascular Disease, Baltimore, Maryland",1,1948,0.000513347022587269,206
Community 6,"Cluster of Excellence ""Cardio-Pulmonary Institute""",1,1948,0.000513347022587269,207
Community 6,Delft University of Technology,1,1948,0.000513347022587269,208
Community 6,"Department of Gastroenterology, Geriatrics, Internal and Intensive Care Medicine (Co-MIK), Zuyderland Medical Centre, Sittard-Geleen, the Netherlands.",1,1948,0.000513347022587269,209
Community 6,"Department of Internal Medicine, St. Josefs-Hospital Potsdam, Brandenburg Medical School, Potsdam, Germany",1,1948,0.000513347022587269,210
Community 6,"Department of Medicine, Stanford, Stanford, CA",1,1948,0.000513347022587269,211
Community 6,"Department of Molecular Medicine and Surgery, Karolinska Inistitutet, Stockholm, Sweden",1,1948,0.000513347022587269,212
Community 6,Duke University Hospital,1,1948,0.000513347022587269,213
Community 6,Düsseldorf University Hospital,1,1948,0.000513347022587269,214
Community 6,Eastern Virginia Medical School,1,1948,0.000513347022587269,215
Community 6,Ente Ospedaliero Cantonale,1,1948,0.000513347022587269,216
Community 6,Environmental Protection Agency,1,1948,0.000513347022587269,217
Community 6,European Foundation for the Study of Chronic Liver Failure,1,1948,0.000513347022587269,218
Community 6,FORTH Institute of Molecular Biology and Biotechnology,1,1948,0.000513347022587269,219
Community 6,Flagship Pioneering Inc,1,1948,0.000513347022587269,220
Community 6,Forward Inc,1,1948,0.000513347022587269,221
Community 6,Fujian University of Traditional Chinese Medicine,1,1948,0.000513347022587269,222
Community 6,"Galatea Bio, Inc, 14350 Commerce Way, 33146, Miami Lakes, FL, USA",1,1948,0.000513347022587269,223
Community 6,Gansu University of Traditional Chinese Medicine,1,1948,0.000513347022587269,224
Community 6,"Geisinger College of Health Science, Danville, Pennsylvania, United States",1,1948,0.000513347022587269,225
Community 6,Genentech Inc,1,1948,0.000513347022587269,226
Community 6,"Genomelink, Inc, . 2150 Shattuck Avenue, Berkeley, California 94704, United States of America",1,1948,0.000513347022587269,227
Community 6,Genomic Health Inc,1,1948,0.000513347022587269,228
Community 6,"Georgia Heart Institute, Gainesville, GA, USA",1,1948,0.000513347022587269,229
Community 6,German Cancer Research Center,1,1948,0.000513347022587269,230
Community 6,Glenfield Hospital,1,1948,0.000513347022587269,231
Community 6,"Global Genomics Group, LLC, . Midlothian, VA, USA",1,1948,0.000513347022587269,232
Community 6,Grail Inc,1,1948,0.000513347022587269,233
Community 6,Hallym University,1,1948,0.000513347022587269,234
Community 6,Helsinki Children's Hospital,1,1948,0.000513347022587269,235
Community 6,Helsinki University Hospital,1,1948,0.000513347022587269,236
Community 6,Henry Ford Hospital,1,1948,0.000513347022587269,237
Community 6,Hormozgan University of Medical Sciences,1,1948,0.000513347022587269,238
Community 6,Hospital Regional Universitario de Málaga,1,1948,0.000513347022587269,239
Community 6,Hospital Universitario La Paz,1,1948,0.000513347022587269,240
Community 6,Hospital Universitario Virgen del Rocío,1,1948,0.000513347022587269,241
Community 6,Hospital das Clínicas da Faculdade de Medicina da Universidade de São Paulo,1,1948,0.000513347022587269,242
Community 6,Huashan Hospital,1,1948,0.000513347022587269,243
Community 6,Huazhong Agricultural University,1,1948,0.000513347022587269,244
Community 6,HudsonAlpha Institute for Biotechnology,1,1948,0.000513347022587269,245
Community 6,Hôpital Paul-Brousse,1,1948,0.000513347022587269,246
Community 6,Hôpital Pellegrin,1,1948,0.000513347022587269,247
Community 6,"Inova Schar Heart and Vascular, Fairfax, Virginia",1,1948,0.000513347022587269,248
Community 6,"Inova Schar Heart and Vascular, Inova Health, Fairfax, VA, USA.",1,1948,0.000513347022587269,249
Community 6,"Institute of Chemistry, Academia Sinica",1,1948,0.000513347022587269,250
Community 6,Iqvia Inc,1,1948,0.000513347022587269,251
Community 6,Kaiser Permanente,1,1948,0.000513347022587269,252
Community 6,"Labcorp Genetics, San Francisco, CA",1,1948,0.000513347022587269,253
Community 6,Lawrence Berkeley National Laboratory,1,1948,0.000513347022587269,254
Community 6,Leibniz Institute on Aging - Fritz Lipmann Institute,1,1948,0.000513347022587269,255
Community 6,Lerner Research Institute Cleveland Clinic,1,1948,0.000513347022587269,256
Community 6,LifeArc,1,1948,0.000513347022587269,257
Community 6,Linköping University,1,1948,0.000513347022587269,258
Community 6,"Ludwigsfelde-Teltow academic teaching hospital, Ludwigsfelde, Germany",1,1948,0.000513347022587269,259
Community 6,Marshfield Clinic Research Foundation,1,1948,0.000513347022587269,260
Community 6,Mass General Brigham Inc,1,1948,0.000513347022587269,261
Community 6,Max Planck Institute for Evolutionary Anthropology,1,1948,0.000513347022587269,262
Community 6,Max Planck Institute for Metabolism Research,1,1948,0.000513347022587269,263
Community 6,"McGovern Medical School UT Health, Houston, Texas, United States",1,1948,0.000513347022587269,264
Community 6,MedStar Georgetown University Hospital,1,1948,0.000513347022587269,265
Community 6,Medical College of Wisconsin,1,1948,0.000513347022587269,266
Community 6,"Medical Department I, Frankfurt University Hospital, Leverkusen, Germany",1,1948,0.000513347022587269,267
Community 6,Medical University of Lublin,1,1948,0.000513347022587269,268
Community 6,Medical University of Vienna,1,1948,0.000513347022587269,269
Community 6,Methodist Debakey Heart & Vascular Center,1,1948,0.000513347022587269,270
Community 6,Michael E. DeBakey VA Medical Center,1,1948,0.000513347022587269,271
Community 6,Mondor Institute of Biomedical Research,1,1948,0.000513347022587269,272
Community 6,Montefiore Medical Center,1,1948,0.000513347022587269,273
Community 6,"MyOme Inc, Menlo Park, CA, USA",1,1948,0.000513347022587269,274
Community 6,National Autonomous University of Mexico,1,1948,0.000513347022587269,275
Community 6,National Cancer Institute,1,1948,0.000513347022587269,276
Community 6,National Institute of Allergy and Infectious Diseases,1,1948,0.000513347022587269,277
Community 6,National Institutes of Health,1,1948,0.000513347022587269,278
Community 6,National University Health System,1,1948,0.000513347022587269,279
Community 6,National Yang Ming Chiao Tung University,1,1948,0.000513347022587269,280
Community 6,National Yunlin University of Science and Technology,1,1948,0.000513347022587269,281
Community 6,Northwell Health Inc,1,1948,0.000513347022587269,282
Community 6,Northwestern Medicine,1,1948,0.000513347022587269,283
Community 6,Northwestern Memorial Hospital,1,1948,0.000513347022587269,284
Community 6,Nova Southeastern University,1,1948,0.000513347022587269,285
Community 6,Novartis Institutes for Biomedical Research Inc,1,1948,0.000513347022587269,286
Community 6,Novo Nordisk Research Centre Oxford Ltd,1,1948,0.000513347022587269,287
Community 6,Office of Chief Medical Examiner,1,1948,0.000513347022587269,288
Community 6,Ospedale Policlinico San Martino,1,1948,0.000513347022587269,289
Community 6,Palo Alto Institute for Research & Education Inc,1,1948,0.000513347022587269,290
Community 6,Paris Cardiovascular Research Center,1,1948,0.000513347022587269,291
Community 6,"Pediatric Gastroenterology Department, Hôpitaux pédiatriques de Nice CHU-Lenval, Nice, France",1,1948,0.000513347022587269,292
Community 6,Peking University,1,1948,0.000513347022587269,293
Community 6,Pennsylvania Hospital,1,1948,0.000513347022587269,294
Community 6,Philadelphia VA Medical Center,1,1948,0.000513347022587269,295
Community 6,Phoenix VA Health Care System,1,1948,0.000513347022587269,296
Community 6,Pomeranian Medical University,1,1948,0.000513347022587269,297
Community 6,Prince of Songkla University,1,1948,0.000513347022587269,298
Community 6,"Providence VA Healthcare System, Providence, RI",1,1948,0.000513347022587269,299
Community 6,Rechts der Isar Hospital,1,1948,0.000513347022587269,300
Community 6,Regeneron Pharmaceuticals Inc,1,1948,0.000513347022587269,301
Community 6,Research Institute for Endocrine Sciences,1,1948,0.000513347022587269,302
Community 6,Ruijin Hospital,1,1948,0.000513347022587269,303
Community 6,Saints Cyril and Methodius University of Skopje,1,1948,0.000513347022587269,304
Community 6,"Santiago High School, Corona, CA",1,1948,0.000513347022587269,305
Community 6,Sapienza University of Rome,1,1948,0.000513347022587269,306
Community 6,Second Affiliated Hospital of Chongqing Medical University,1,1948,0.000513347022587269,307
Community 6,"Section of Heart Failure, Cardiac Transplant, and Mechanical Circulatory Support, and Department, Stanford, Stanford, CA",1,1948,0.000513347022587269,308
Community 6,Seoul National University,1,1948,0.000513347022587269,309
Community 6,"Service de génétique-oncogénétique moléculaire Eurofins-Biomnis, Lyon, France",1,1948,0.000513347022587269,310
Community 6,Shahid Beheshti University,1,1948,0.000513347022587269,311
Community 6,Shahid Sadoughi University of Medical Sciences,1,1948,0.000513347022587269,312
Community 6,Shandong First Medical University & Shandong Academy of Medical Sciences,1,1948,0.000513347022587269,313
Community 6,South Australia Pathology,1,1948,0.000513347022587269,314
Community 6,South Valley University,1,1948,0.000513347022587269,315
Community 6,Southern Cross University,1,1948,0.000513347022587269,316
Community 6,"Stanford University, Ottawa, Ontario, Canada",1,1948,0.000513347022587269,317
Community 6,Tarbiat Modares University,1,1948,0.000513347022587269,318
Community 6,Temple University,1,1948,0.000513347022587269,319
Community 6,Texas A&M University,1,1948,0.000513347022587269,320
Community 6,Tianjin Medical University Eye Hospital,1,1948,0.000513347022587269,321
Community 6,Tohoku University,1,1948,0.000513347022587269,322
Community 6,Toronto Metropolitan University,1,1948,0.000513347022587269,323
Community 6,Tsinghua University,1,1948,0.000513347022587269,324
Community 6,UNM Children's Hospital,1,1948,0.000513347022587269,325
Community 6,Universidade Federal de Minas Gerais,1,1948,0.000513347022587269,326
Community 6,"University Children's Hospital, Medical Faculty of Skopje, Skopje, Macedonia.",1,1948,0.000513347022587269,327
Community 6,University Hospital Heidelberg,1,1948,0.000513347022587269,328
Community 6,University of Alberta,1,1948,0.000513347022587269,329
Community 6,University of Arizona Health Sciences,1,1948,0.000513347022587269,330
Community 6,University of Auckland,1,1948,0.000513347022587269,331
Community 6,University of Bari Aldo Moro,1,1948,0.000513347022587269,332
Community 6,University of Bonn,1,1948,0.000513347022587269,333
Community 6,University of Cambridge,1,1948,0.000513347022587269,334
Community 6,University of Chicago,1,1948,0.000513347022587269,335
Community 6,University of Colorado Anschutz Medical Campus,1,1948,0.000513347022587269,336
Community 6,University of Copenhagen,1,1948,0.000513347022587269,337
Community 6,University of Economics Prague,1,1948,0.000513347022587269,338
Community 6,University of Freiburg,1,1948,0.000513347022587269,339
Community 6,University of Gdańsk,1,1948,0.000513347022587269,340
Community 6,University of Helsinki,1,1948,0.000513347022587269,341
Community 6,University of Hong Kong,1,1948,0.000513347022587269,342
Community 6,University of Leicester,1,1948,0.000513347022587269,343
Community 6,University of Louisville,1,1948,0.000513347022587269,344
Community 6,University of Melbourne,1,1948,0.000513347022587269,345
Community 6,University of Miami,1,1948,0.000513347022587269,346
Community 6,University of Minnesota Twin Cities,1,1948,0.000513347022587269,347
Community 6,University of Missouri-Columbia,1,1948,0.000513347022587269,348
Community 6,University of Missouri–Kansas City,1,1948,0.000513347022587269,349
Community 6,University of Murcia,1,1948,0.000513347022587269,350
Community 6,University of North Carolina at Charlotte,1,1948,0.000513347022587269,351
Community 6,University of Ottawa,1,1948,0.000513347022587269,352
Community 6,University of Regensburg,1,1948,0.000513347022587269,353
Community 6,University of Southern California,1,1948,0.000513347022587269,354
Community 6,University of Tasmania,1,1948,0.000513347022587269,355
Community 6,University of Tehran,1,1948,0.000513347022587269,356
Community 6,University of Toronto,1,1948,0.000513347022587269,357
Community 6,University of Verona,1,1948,0.000513347022587269,358
Community 6,University of Washington Medical Center,1,1948,0.000513347022587269,359
Community 6,University of Zielona Góra,1,1948,0.000513347022587269,360
Community 6,Utrecht University,1,1948,0.000513347022587269,361
Community 6,VA Puget Sound Health Care System,1,1948,0.000513347022587269,362
Community 6,Verily Life Sciences LLC,1,1948,0.000513347022587269,363
Community 6,West Virginia University,1,1948,0.000513347022587269,364
Community 6,Wihuri Research Institute,1,1948,0.000513347022587269,365
Community 6,Yale University,1,1948,0.000513347022587269,366
Community 6,Zhejiang Chinese Medical University,1,1948,0.000513347022587269,367
Community 7,University College London,141,1819,0.07751511819681144,1
Community 7,King's College London,131,1819,0.0720175920835624,2
Community 7,Imperial College London,107,1819,0.058823529411764705,3
Community 7,University of Oxford,76,1819,0.04178119846069269,4
Community 7,Queen Mary University of London,69,1819,0.03793293018141836,5
Community 7,National Heart and Lung Institute,49,1819,0.026937877954920284,6
Community 7,Technical University of Munich,49,1819,0.026937877954920284,7
Community 7,Perspectum Ltd,42,1819,0.02308960967564596,8
Community 7,London School of Hygiene & Tropical Medicine,34,1819,0.018691588785046728,9
Community 7,St Bartholomew's Hospital,31,1819,0.017042330951072018,10
Community 7,University of Leeds,27,1819,0.014843320505772403,11
Community 7,Yale University,26,1819,0.014293567894447499,12
Community 7,University of Barcelona,19,1819,0.010445299615173173,13
Community 7,University of Sheffield,17,1819,0.009345794392523364,14
Community 7,University of Amsterdam,16,1819,0.008796041781198461,15
Community 7,Medical Research Council,14,1819,0.007696536558548653,16
Community 7,Unknown institution,14,1819,0.007696536558548653,17
Community 7,Guy's and St Thomas' NHS Foundation Trust,13,1819,0.007146783947223749,18
Community 7,Radboud University Nijmegen Medical Centre,13,1819,0.007146783947223749,19
Community 7,University of Freiburg,13,1819,0.007146783947223749,20
Community 7,MRC Lifecourse Epidemiology Unit,12,1819,0.006597031335898846,21
Community 7,University Medical Center Freiburg,12,1819,0.006597031335898846,22
Community 7,University of Auckland,11,1819,0.006047278724573941,23
Community 7,Utrecht University,11,1819,0.006047278724573941,24
Community 7,Inserm,10,1819,0.005497526113249038,25
Community 7,University Hospital of Lausanne,10,1819,0.005497526113249038,26
Community 7,University of Michigan-Ann Arbor,10,1819,0.005497526113249038,27
Community 7,WellSpan Health,10,1819,0.005497526113249038,28
Community 7,Bayer AG,9,1819,0.004947773501924134,29
Community 7,Charité - University Medicine Berlin,9,1819,0.004947773501924134,30
Community 7,Circle Cardiovascular Imaging Inc,9,1819,0.004947773501924134,31
Community 7,Universidade Federal de Minas Gerais,9,1819,0.004947773501924134,32
Community 7,University of Edinburgh,9,1819,0.004947773501924134,33
Community 7,Khalifa University of Science and Technology,8,1819,0.0043980208905992305,34
Community 7,Mayo Clinic,8,1819,0.0043980208905992305,35
Community 7,Research Centre INRIA Sophia Antipolis - Méditerranée,8,1819,0.0043980208905992305,36
Community 7,Royal London Hospital,8,1819,0.0043980208905992305,37
Community 7,Stanford University,8,1819,0.0043980208905992305,38
Community 7,University Medical Center Hamburg-Eppendorf,8,1819,0.0043980208905992305,39
Community 7,University of Bristol,8,1819,0.0043980208905992305,40
Community 7,University of Manchester,8,1819,0.0043980208905992305,41
Community 7,Duke University,7,1819,0.0038482682792743265,42
Community 7,Erasmus MC,7,1819,0.0038482682792743265,43
Community 7,"Reading, United Kingdom, Oxford, United Kingdom, Lugano, Switzerland, London, United Kingdom",7,1819,0.0038482682792743265,44
Community 7,Semmelweis University,7,1819,0.0038482682792743265,45
Community 7,University Hospital Heidelberg,7,1819,0.0038482682792743265,46
Community 7,University of Alabama at Birmingham,7,1819,0.0038482682792743265,47
Community 7,University of Liverpool,7,1819,0.0038482682792743265,48
Community 7,University of Montreal,7,1819,0.0038482682792743265,49
Community 7,University of Toronto,7,1819,0.0038482682792743265,50
Community 7,University of Zaragoza,7,1819,0.0038482682792743265,51
Community 7,Folkhälsans Forskningscentrum,6,1819,0.003298515667949423,52
Community 7,Greifswald University Medicine,6,1819,0.003298515667949423,53
Community 7,Johns Hopkins University,6,1819,0.003298515667949423,54
Community 7,Massachusetts General Hospital,6,1819,0.003298515667949423,55
Community 7,National Heart Centre Singapore,6,1819,0.003298515667949423,56
Community 7,Southampton General Hospital,6,1819,0.003298515667949423,57
Community 7,University Medical Center Utrecht,6,1819,0.003298515667949423,58
Community 7,University of Cambridge,6,1819,0.003298515667949423,59
Community 7,University of Chieti-Pescara,6,1819,0.003298515667949423,60
Community 7,William Harvey Research Institute,6,1819,0.003298515667949423,61
Community 7,Amsterdam Cardiovascular Sciences,5,1819,0.002748763056624519,62
Community 7,ETH Zurich,5,1819,0.002748763056624519,63
Community 7,GlaxoSmithKline Research and Development Ltd,5,1819,0.002748763056624519,64
Community 7,Harvard University,5,1819,0.002748763056624519,65
Community 7,LMU Klinikum,5,1819,0.002748763056624519,66
Community 7,MRC Unit for Lifelong Health and Ageing,5,1819,0.002748763056624519,67
Community 7,Maastricht University Medical Centre,5,1819,0.002748763056624519,68
Community 7,Mahidol University,5,1819,0.002748763056624519,69
Community 7,Manchester University NHS Foundation Trust,5,1819,0.002748763056624519,70
Community 7,Medical University of South Carolina,5,1819,0.002748763056624519,71
Community 7,Papworth Hospital NHS Foundation Trust,5,1819,0.002748763056624519,72
Community 7,Royal Brompton & Harefield NHS Foundation Trust,5,1819,0.002748763056624519,73
Community 7,Shahid Beheshti University,5,1819,0.002748763056624519,74
Community 7,Siemens Healthineers (United States),5,1819,0.002748763056624519,75
Community 7,South Central University for Nationalities,5,1819,0.002748763056624519,76
Community 7,The Hyve (Netherlands),5,1819,0.002748763056624519,77
Community 7,University of Birmingham,5,1819,0.002748763056624519,78
Community 7,Beth Israel Deaconess Medical Center,4,1819,0.0021990104452996153,79
Community 7,Duke-NUS Medical School,4,1819,0.0021990104452996153,80
Community 7,Essen University Hospital,4,1819,0.0021990104452996153,81
Community 7,Glenfield Hospital,4,1819,0.0021990104452996153,82
Community 7,Homerton University Hospital,4,1819,0.0021990104452996153,83
Community 7,Innsbruck Medical University,4,1819,0.0021990104452996153,84
Community 7,Institut Pasteur,4,1819,0.0021990104452996153,85
Community 7,Institute of Neurology,4,1819,0.0021990104452996153,86
Community 7,Karolinska Institutet,4,1819,0.0021990104452996153,87
Community 7,Leiden University Medical Center,4,1819,0.0021990104452996153,88
Community 7,Magdi Yacoub Heart Foundation,4,1819,0.0021990104452996153,89
Community 7,Oxford University Hospitals NHS Trust,4,1819,0.0021990104452996153,90
Community 7,Pompeu Fabra University,4,1819,0.0021990104452996153,91
Community 7,Royal Brompton Hospital,4,1819,0.0021990104452996153,92
Community 7,Swedish University of Agricultural Sciences,4,1819,0.0021990104452996153,93
Community 7,The Brigham and Women's Hospital Inc,4,1819,0.0021990104452996153,94
Community 7,Universidade de São Paulo,4,1819,0.0021990104452996153,95
Community 7,University of Colorado Anschutz Medical Campus,4,1819,0.0021990104452996153,96
Community 7,University of Geneva,4,1819,0.0021990104452996153,97
Community 7,University of Pennsylvania,4,1819,0.0021990104452996153,98
Community 7,University of Stuttgart,4,1819,0.0021990104452996153,99
Community 7,University of Virginia,4,1819,0.0021990104452996153,100
Community 7,University of Warwick,4,1819,0.0021990104452996153,101
Community 7,Universitätsklinikum Tübingen,4,1819,0.0021990104452996153,102
Community 7,Uppsala University,4,1819,0.0021990104452996153,103
Community 7,Azienda Ospedaliero-Universitaria Careggi,3,1819,0.0016492578339747114,104
Community 7,CeMM Research Center for Molecular Medicine,3,1819,0.0016492578339747114,105
Community 7,Center for Magnetic Resonance in Biology and Medicine,3,1819,0.0016492578339747114,106
Community 7,"City St George’s, University of London",3,1819,0.0016492578339747114,107
Community 7,Cleveland Clinic,3,1819,0.0016492578339747114,108
Community 7,Duke University Hospital,3,1819,0.0016492578339747114,109
Community 7,Epilepsy Society,3,1819,0.0016492578339747114,110
Community 7,Flinders University,3,1819,0.0016492578339747114,111
Community 7,James Cook University,3,1819,0.0016492578339747114,112
Community 7,MRC Laboratory of Molecular Biology,3,1819,0.0016492578339747114,113
Community 7,MRC/CSO Social and Public Health Sciences Unit,3,1819,0.0016492578339747114,114
Community 7,Mayo Clinic in Rochester,3,1819,0.0016492578339747114,115
Community 7,Medical University of Graz,3,1819,0.0016492578339747114,116
Community 7,Montreal Heart Institute,3,1819,0.0016492578339747114,117
Community 7,NIHR Bristol Biomedical Research Centre,3,1819,0.0016492578339747114,118
Community 7,NIHR Oxford Musculoskeletal Biomedical Research Centre,3,1819,0.0016492578339747114,119
Community 7,National Heart Lung and Blood Institute,3,1819,0.0016492578339747114,120
Community 7,Netherlands Heart Institute,3,1819,0.0016492578339747114,121
Community 7,Norfolk and Norwich University Hospital,3,1819,0.0016492578339747114,122
Community 7,Northwestern University,3,1819,0.0016492578339747114,123
Community 7,Oswaldo Cruz Foundation,3,1819,0.0016492578339747114,124
Community 7,"Philips Research, Medisys, Paris, France",3,1819,0.0016492578339747114,125
Community 7,Siemens SRL,3,1819,0.0016492578339747114,126
Community 7,The University of Sydney,3,1819,0.0016492578339747114,127
Community 7,The University of Tokyo,3,1819,0.0016492578339747114,128
Community 7,University Hospital Southampton NHS Foundation Trust,3,1819,0.0016492578339747114,129
Community 7,"University of California, San Francisco",3,1819,0.0016492578339747114,130
Community 7,University of Queensland,3,1819,0.0016492578339747114,131
Community 7,University of Southampton,3,1819,0.0016492578339747114,132
Community 7,University of Trieste,3,1819,0.0016492578339747114,133
Community 7,University of Tübingen,3,1819,0.0016492578339747114,134
Community 7,University of Verona,3,1819,0.0016492578339747114,135
Community 7,Wellcome Centre for Integrative Neuroimaging,3,1819,0.0016492578339747114,136
Community 7,"enGenome, Pavia, Italy.",3,1819,0.0016492578339747114,137
Community 7,Ab.Acus (Italy),2,1819,0.0010995052226498076,138
Community 7,"All India Institute of Medical Sciences, New Delhi",2,1819,0.0010995052226498076,139
Community 7,Amsterdam Neuroscience,2,1819,0.0010995052226498076,140
Community 7,Amsterdam UMC Location VUmc,2,1819,0.0010995052226498076,141
Community 7,Amsterdam University Medical Centers,2,1819,0.0010995052226498076,142
Community 7,British Geological Survey,2,1819,0.0010995052226498076,143
Community 7,Centre d'Imagerie BioMedicale,2,1819,0.0010995052226498076,144
Community 7,Children's Hospital of Philadelphia,2,1819,0.0010995052226498076,145
Community 7,Christina Vogel and Janis Baird joint last authors,2,1819,0.0010995052226498076,146
Community 7,Cincinnati Children's Hospital Medical Center,2,1819,0.0010995052226498076,147
Community 7,Cliniques Universitaires Saint-Luc,2,1819,0.0010995052226498076,148
Community 7,"Dallas, TX, OXFORD, United Kingdom",2,1819,0.0010995052226498076,149
Community 7,"Department of Internal Medicine and Cardiology, University Hospital Brno and Masaryk University, Czech Republic (I.A., T.N., M.M.).",2,1819,0.0010995052226498076,150
Community 7,"Division of Cardiovascular Medicine, Radcliffe Department of Medicine, Oxford, United Kingdom of Great Britain & Northern Ireland",2,1819,0.0010995052226498076,151
Community 7,Farr Institute,2,1819,0.0010995052226498076,152
Community 7,Federal University of Rio Grande do Sul,2,1819,0.0010995052226498076,153
Community 7,Fisk University,2,1819,0.0010995052226498076,154
Community 7,German Cancer Research Center,2,1819,0.0010995052226498076,155
Community 7,German Centre for Cardiovascular Research,2,1819,0.0010995052226498076,156
Community 7,GlaxoSmithKline LLC,2,1819,0.0010995052226498076,157
Community 7,Health Data Research UK,2,1819,0.0010995052226498076,158
Community 7,Heidelberg University,2,1819,0.0010995052226498076,159
Community 7,Hong Kong University of Science and Technology,2,1819,0.0010995052226498076,160
Community 7,Hôpital de la Timone,2,1819,0.0010995052226498076,161
Community 7,Imperial College Healthcare NHS Trust,2,1819,0.0010995052226498076,162
Community 7,Indiana University School of Medicine—Bloomington,2,1819,0.0010995052226498076,163
Community 7,Institute of Cardiometabolism and Nutrition,2,1819,0.0010995052226498076,164
Community 7,Istituto Auxologico Italiano,2,1819,0.0010995052226498076,165
Community 7,Labcorp Holdings Inc,2,1819,0.0010995052226498076,166
Community 7,Lahey Hospital & Medical Center,2,1819,0.0010995052226498076,167
Community 7,Leeds Teaching Hospitals NHS Trust,2,1819,0.0010995052226498076,168
Community 7,Ludwig-Maximilians-Universität München,2,1819,0.0010995052226498076,169
Community 7,Mario Negri Institute for Pharmacological Research,2,1819,0.0010995052226498076,170
Community 7,Mass General Brigham Inc,2,1819,0.0010995052226498076,171
Community 7,Max Delbrück Center for Molecular Medicine,2,1819,0.0010995052226498076,172
Community 7,Max Planck Institute for Intelligent Systems,2,1819,0.0010995052226498076,173
Community 7,Medical University of Vienna,2,1819,0.0010995052226498076,174
Community 7,NYU Langone Health,2,1819,0.0010995052226498076,175
Community 7,Nvidia Corp,2,1819,0.0010995052226498076,176
Community 7,Politecnico di Milano,2,1819,0.0010995052226498076,177
Community 7,Rechts der Isar Hospital,2,1819,0.0010995052226498076,178
Community 7,Sant'Anna School of Advanced Studies,2,1819,0.0010995052226498076,179
Community 7,Sidra Medical and Research Center,2,1819,0.0010995052226498076,180
Community 7,Siemens Healthcare GmbH,2,1819,0.0010995052226498076,181
Community 7,Siemens Healthineers AG,2,1819,0.0010995052226498076,182
Community 7,South London and Maudsley NHS Foundation Trust,2,1819,0.0010995052226498076,183
Community 7,St Mary's Hospital,2,1819,0.0010995052226498076,184
Community 7,Swansea University,2,1819,0.0010995052226498076,185
Community 7,The Alan Turing Institute,2,1819,0.0010995052226498076,186
Community 7,University Hospital Augsburg,2,1819,0.0010995052226498076,187
Community 7,University Hospital of Geneva,2,1819,0.0010995052226498076,188
Community 7,University of Bern,2,1819,0.0010995052226498076,189
Community 7,University of British Columbia,2,1819,0.0010995052226498076,190
Community 7,University of Buenos Aires,2,1819,0.0010995052226498076,191
Community 7,University of Chicago,2,1819,0.0010995052226498076,192
Community 7,University of Copenhagen,2,1819,0.0010995052226498076,193
Community 7,University of Florence,2,1819,0.0010995052226498076,194
Community 7,University of Glasgow,2,1819,0.0010995052226498076,195
Community 7,University of Lausanne,2,1819,0.0010995052226498076,196
Community 7,University of Leicester,2,1819,0.0010995052226498076,197
Community 7,University of Oulu,2,1819,0.0010995052226498076,198
Community 7,University of Pisa,2,1819,0.0010995052226498076,199
Community 7,University of the Republic,2,1819,0.0010995052226498076,200
Community 7,Université Côte d'Azur,2,1819,0.0010995052226498076,201
Community 7,Vanderbilt University Medical Center,2,1819,0.0010995052226498076,202
Community 7,"Aragon Institute of Engineering Research, Electronic and Communications Engineering Department , Zaragoza ,",1,1819,0.0005497526113249038,203
Community 7,Arizona Liver Health,1,1819,0.0005497526113249038,204
Community 7,AstraZeneca UK Ltd,1,1819,0.0005497526113249038,205
Community 7,Baker IDI Heart and Diabetes Institute,1,1819,0.0005497526113249038,206
Community 7,Barts Health NHS Trust,1,1819,0.0005497526113249038,207
Community 7,Bayer Pharma AG,1,1819,0.0005497526113249038,208
Community 7,Beacon Hospital,1,1819,0.0005497526113249038,209
Community 7,Belfast City Hospital,1,1819,0.0005497526113249038,210
Community 7,"BioPharmaceuticals Medical, AstraZeneca - Medical and Scientific Affairs",1,1819,0.0005497526113249038,211
Community 7,Boston Medical Center,1,1819,0.0005497526113249038,212
Community 7,Boston University,1,1819,0.0005497526113249038,213
Community 7,Bradford Teaching Hospitals NHS Foundation Trust,1,1819,0.0005497526113249038,214
Community 7,Brazilian Institute of Geography and Statistics,1,1819,0.0005497526113249038,215
Community 7,Bristol Myers Squibb Co,1,1819,0.0005497526113249038,216
Community 7,British Library,1,1819,0.0005497526113249038,217
Community 7,California Institute of Technology,1,1819,0.0005497526113249038,218
Community 7,Cambridgeshire and Peterborough NHS Foundation Trust,1,1819,0.0005497526113249038,219
Community 7,Cardiff Metropolitan University,1,1819,0.0005497526113249038,220
Community 7,"Cardiology Care for Children, Lancaster, PA, USA",1,1819,0.0005497526113249038,221
Community 7,Carnegie Mellon University,1,1819,0.0005497526113249038,222
Community 7,Cedars-Sinai Medical Center,1,1819,0.0005497526113249038,223
Community 7,Centre Hospitalier d'Orsay,1,1819,0.0005497526113249038,224
Community 7,Centro San Giovanni di Dio Fatebenefratelli,1,1819,0.0005497526113249038,225
Community 7,Chelsea and Westminster Hospital,1,1819,0.0005497526113249038,226
Community 7,Children's Healthcare of Atlanta,1,1819,0.0005497526113249038,227
Community 7,Chinese University of Hong Kong,1,1819,0.0005497526113249038,228
Community 7,Chris Hani Baragwanath Hospital,1,1819,0.0005497526113249038,229
Community 7,Chulabhorn Royal Academy,1,1819,0.0005497526113249038,230
Community 7,Churchill Hospital,1,1819,0.0005497526113249038,231
Community 7,Cold Spring Harbor Laboratory,1,1819,0.0005497526113249038,232
Community 7,Complexo Hospitalario Universitario A Coruña,1,1819,0.0005497526113249038,233
Community 7,Cornell University,1,1819,0.0005497526113249038,234
Community 7,Daegu-Gyeongbuk Medical Innovation Foundation,1,1819,0.0005497526113249038,235
Community 7,Department of Neuroradiology,1,1819,0.0005497526113249038,236
Community 7,"Digital Technology and Innovation, Siemens Healthineers, Bangalore, India",1,1819,0.0005497526113249038,237
Community 7,"Durham, NC",1,1819,0.0005497526113249038,238
Community 7,European Bioinformatics Institute,1,1819,0.0005497526113249038,239
Community 7,European Molecular Biology Laboratory,1,1819,0.0005497526113249038,240
Community 7,F Hoffmann La Roche AG,1,1819,0.0005497526113249038,241
Community 7,Federal University of São João del-Rei,1,1819,0.0005497526113249038,242
Community 7,Fondazione Toscana Gabriele Monasterio,1,1819,0.0005497526113249038,243
Community 7,GE Healthcare Technologies Inc,1,1819,0.0005497526113249038,244
Community 7,Garvan Institute of Medical Research,1,1819,0.0005497526113249038,245
Community 7,German Heart Centre,1,1819,0.0005497526113249038,246
Community 7,Golden Jubilee National Hospital,1,1819,0.0005497526113249038,247
Community 7,Harokopio University of Athens,1,1819,0.0005497526113249038,248
Community 7,HeartFlow Inc,1,1819,0.0005497526113249038,249
Community 7,Hinchingbrooke Hospital,1,1819,0.0005497526113249038,250
Community 7,Hospital Prof. Dr. Fernando Fonseca,1,1819,0.0005497526113249038,251
Community 7,Hospital Universitário da Universidade de São Paulo,1,1819,0.0005497526113249038,252
Community 7,Hospital das Clínicas da Universidade Federal de Minas Gerais,1,1819,0.0005497526113249038,253
Community 7,Hospital for Sick Children,1,1819,0.0005497526113249038,254
Community 7,Hospital of the University of Pennsylvania,1,1819,0.0005497526113249038,255
Community 7,IBM Research - Almaden,1,1819,0.0005497526113249038,256
Community 7,Icahn School of Medicine at Mount Sinai,1,1819,0.0005497526113249038,257
Community 7,Institució Catalana de Recerca i Estudis Avançats,1,1819,0.0005497526113249038,258
Community 7,Institut Universitaire de France,1,1819,0.0005497526113249038,259
Community 7,Institut de Mathématiques de Marseille,1,1819,0.0005497526113249038,260
Community 7,Institut de Recherches Internationales Servier,1,1819,0.0005497526113249038,261
Community 7,Institute for Biomedical Engineering,1,1819,0.0005497526113249038,262
Community 7,Istituto Neurologico Carlo Besta,1,1819,0.0005497526113249038,263
Community 7,Italy,1,1819,0.0005497526113249038,264
Community 7,Janssen Research and Development LLC,1,1819,0.0005497526113249038,265
Community 7,John Radcliffe Hospital,1,1819,0.0005497526113249038,266
Community 7,Karolinska University Hospital,1,1819,0.0005497526113249038,267
Community 7,Kuwait University,1,1819,0.0005497526113249038,268
Community 7,Lamarr Institute,1,1819,0.0005497526113249038,269
Community 7,Liverpool Heart and Chest Hospital,1,1819,0.0005497526113249038,270
Community 7,London,1,1819,0.0005497526113249038,271
Community 7,Manchester Metropolitan University,1,1819,0.0005497526113249038,272
Community 7,Max Planck Institute for Heart and Lung Research,1,1819,0.0005497526113249038,273
Community 7,Mayo Clinic in Florida,1,1819,0.0005497526113249038,274
Community 7,McGill University Health Centre,1,1819,0.0005497526113249038,275
Community 7,MedStar Heart & Vascular Institute,1,1819,0.0005497526113249038,276
Community 7,Medisch Spectrum Twente,1,1819,0.0005497526113249038,277
Community 7,Methodist Debakey Heart & Vascular Center,1,1819,0.0005497526113249038,278
Community 7,Meyer Children's Hospital,1,1819,0.0005497526113249038,279
Community 7,Microsoft Research (United Kingdom),1,1819,0.0005497526113249038,280
Community 7,"Milan Polytechnic, Milan, Italy",1,1819,0.0005497526113249038,281
Community 7,Morristown Medical Center,1,1819,0.0005497526113249038,282
Community 7,Musgrove Park Hospital,1,1819,0.0005497526113249038,283
Community 7,NIHR Leicester Biomedical Research Centre,1,1819,0.0005497526113249038,284
Community 7,National Health Service England,1,1819,0.0005497526113249038,285
Community 7,National Institute for Health and Care Research,1,1819,0.0005497526113249038,286
Community 7,National Institute of Industrial Engineering,1,1819,0.0005497526113249038,287
Community 7,National Institutes of Health Clinical Center,1,1819,0.0005497526113249038,288
Community 7,National University Hospital,1,1819,0.0005497526113249038,289
Community 7,National University of Colombia,1,1819,0.0005497526113249038,290
Community 7,National University of Defense Technology,1,1819,0.0005497526113249038,291
Community 7,National University of Singapore,1,1819,0.0005497526113249038,292
Community 7,National University of the Littoral,1,1819,0.0005497526113249038,293
Community 7,National and Kapodistrian University of Athens,1,1819,0.0005497526113249038,294
Community 7,Newcastle University,1,1819,0.0005497526113249038,295
Community 7,Northeast Forestry University,1,1819,0.0005497526113249038,296
Community 7,Northeastern University London,1,1819,0.0005497526113249038,297
Community 7,"Odysseus Data Services GmbH , Berlin, Germany",1,1819,0.0005497526113249038,298
Community 7,Opko Health Inc,1,1819,0.0005497526113249038,299
Community 7,"Oxford Centre for Diabetes, Endocrinology and Metabolism",1,1819,0.0005497526113249038,300
Community 7,Pfizer Inc,1,1819,0.0005497526113249038,301
Community 7,Pinnacle Clinical Research,1,1819,0.0005497526113249038,302
Community 7,Pitié-Salpêtrière Hospital,1,1819,0.0005497526113249038,303
Community 7,Pontificia Universidad Católica de Chile,1,1819,0.0005497526113249038,304
Community 7,Queen Elizabeth Hospital Birmingham,1,1819,0.0005497526113249038,305
Community 7,Reading,1,1819,0.0005497526113249038,306
Community 7,Royal Berkshire Hospital,1,1819,0.0005497526113249038,307
Community 7,"Samsung AI, Cambridge, CB1 2RE, United Kingdom of Great Britain and Northern Ireland",1,1819,0.0005497526113249038,308
Community 7,Shanghai University of Traditional Chinese Medicine,1,1819,0.0005497526113249038,309
Community 7,Sharif University of Technology,1,1819,0.0005497526113249038,310
Community 7,Sheffield Teaching Hospitals NHS Foundation Trust,1,1819,0.0005497526113249038,311
Community 7,Siemens Healthcare Ltd,1,1819,0.0005497526113249038,312
Community 7,Siemens Medical Solutions USA Inc,1,1819,0.0005497526113249038,313
Community 7,Sorbonne Université,1,1819,0.0005497526113249038,314
Community 7,Southern Health NHS Foundation Trust,1,1819,0.0005497526113249038,315
Community 7,St Thomas' Hospital,1,1819,0.0005497526113249038,316
Community 7,St. George's University,1,1819,0.0005497526113249038,317
Community 7,State Key Laboratory of Information Engineering in Surveying Mapping and Remote Sensing,1,1819,0.0005497526113249038,318
Community 7,Steno Diabetes Center,1,1819,0.0005497526113249038,319
Community 7,Stichting Epilepsie Instellingen Nederland,1,1819,0.0005497526113249038,320
Community 7,Sutton Coldfield,1,1819,0.0005497526113249038,321
Community 7,Texas Children's Hospital,1,1819,0.0005497526113249038,322
Community 7,The Ohio State University Wexner Medical Center,1,1819,0.0005497526113249038,323
Community 7,The University of Texas at Austin,1,1819,0.0005497526113249038,324
Community 7,Tongji University,1,1819,0.0005497526113249038,325
Community 7,Tufts Medical Center Inc,1,1819,0.0005497526113249038,326
Community 7,UK Biobank,1,1819,0.0005497526113249038,327
Community 7,UK Dementia Research Institute,1,1819,0.0005497526113249038,328
Community 7,UNSW Sydney,1,1819,0.0005497526113249038,329
Community 7,Universities of Giessen and Marburg Lung Center,1,1819,0.0005497526113249038,330
Community 7,University Centre of Legal Medicine,1,1819,0.0005497526113249038,331
Community 7,University Health Network,1,1819,0.0005497526113249038,332
Community 7,University Hospital Münster,1,1819,0.0005497526113249038,333
Community 7,University Hospital of Bern,1,1819,0.0005497526113249038,334
Community 7,University Medical Center Groningen,1,1819,0.0005497526113249038,335
Community 7,University of Aberdeen,1,1819,0.0005497526113249038,336
Community 7,University of Antwerp,1,1819,0.0005497526113249038,337
Community 7,University of Bordeaux,1,1819,0.0005497526113249038,338
Community 7,University of Bradford,1,1819,0.0005497526113249038,339
Community 7,University of California San Francisco Medical Center,1,1819,0.0005497526113249038,340
Community 7,University of Cape Town,1,1819,0.0005497526113249038,341
Community 7,University of Coimbra,1,1819,0.0005497526113249038,342
Community 7,University of Colorado Denver,1,1819,0.0005497526113249038,343
Community 7,University of Dundee,1,1819,0.0005497526113249038,344
Community 7,University of Exeter,1,1819,0.0005497526113249038,345
Community 7,University of Girona,1,1819,0.0005497526113249038,346
Community 7,University of Guelph,1,1819,0.0005497526113249038,347
Community 7,University of Ljubljana,1,1819,0.0005497526113249038,348
Community 7,University of Massachusetts Boston,1,1819,0.0005497526113249038,349
Community 7,University of Melbourne,1,1819,0.0005497526113249038,350
Community 7,University of Minnesota Twin Cities,1,1819,0.0005497526113249038,351
Community 7,University of Nottingham,1,1819,0.0005497526113249038,352
Community 7,University of Padua,1,1819,0.0005497526113249038,353
Community 7,University of Pittsburgh,1,1819,0.0005497526113249038,354
Community 7,University of Pittsburgh Medical Center,1,1819,0.0005497526113249038,355
Community 7,University of Plymouth,1,1819,0.0005497526113249038,356
Community 7,University of Southern California,1,1819,0.0005497526113249038,357
Community 7,University of Surrey,1,1819,0.0005497526113249038,358
Community 7,University of Sussex,1,1819,0.0005497526113249038,359
Community 7,University of Ulster,1,1819,0.0005497526113249038,360
Community 7,University of Utah,1,1819,0.0005497526113249038,361
Community 7,University of Valparaíso,1,1819,0.0005497526113249038,362
Community 7,University of Vermont,1,1819,0.0005497526113249038,363
Community 7,University of Virginia Health System,1,1819,0.0005497526113249038,364
Community 7,University of Western Australia,1,1819,0.0005497526113249038,365
Community 7,University of Western Ontario,1,1819,0.0005497526113249038,366
Community 7,University of Westminster,1,1819,0.0005497526113249038,367
Community 7,University of Wisconsin-Madison,1,1819,0.0005497526113249038,368
Community 7,Universität Innsbruck,1,1819,0.0005497526113249038,369
Community 7,Universitätsklinikum Erlangen,1,1819,0.0005497526113249038,370
Community 7,Virginia Commonwealth University,1,1819,0.0005497526113249038,371
Community 7,Vita-Salute San Raffaele University,1,1819,0.0005497526113249038,372
Community 7,Watford General Hospital,1,1819,0.0005497526113249038,373
Community 7,Wellcome Centre for Human Genetics,1,1819,0.0005497526113249038,374
Community 7,Whipps Cross University Hospital,1,1819,0.0005497526113249038,375
Community 7,"Wisdom Panel Research Team, Wisdom Panel, Kinship, Helsinki, Finland",1,1819,0.0005497526113249038,376
Community 7,Yale New Haven Health System,1,1819,0.0005497526113249038,377
Community 7,Yale New Haven Hospital,1,1819,0.0005497526113249038,378
Community 8,University of Leeds,84,1649,0.050939963614311703,1
Community 8,"University of California, San Francisco",66,1649,0.04002425712553062,2
Community 8,University of Melbourne,49,1649,0.02971497877501516,3
Community 8,Chinese University of Hong Kong,48,1649,0.029108550636749546,4
Community 8,for the UK Biobank Eye and Vision Consortium,46,1649,0.027895694360218316,5
Community 8,Singapore Eye Research Institute,45,1649,0.0272892662219527,6
Community 8,Shanghai Jiao Tong University,42,1649,0.025469981807155852,7
Community 8,Harvard University,36,1649,0.021831412977562158,8
Community 8,National Institute for Health and Care Research,32,1649,0.019405700424499697,9
Community 8,QIMR Berghofer Medical Research Institute,31,1649,0.01879927228623408,10
Community 8,Cardiff University,30,1649,0.018192844147968467,11
Community 8,National University of Singapore,25,1649,0.015160703456640388,12
Community 8,The University of Sydney,23,1649,0.013947847180109158,13
Community 8,Flinders University,21,1649,0.012734990903577926,14
Community 8,King's College London,20,1649,0.01212856276531231,15
Community 8,University of Oxford,20,1649,0.01212856276531231,16
Community 8,University of Lausanne,19,1649,0.011522134627046696,17
Community 8,University of Queensland,19,1649,0.011522134627046696,18
Community 8,University of Washington,18,1649,0.010915706488781079,19
Community 8,Erasmus MC,17,1649,0.010309278350515464,20
Community 8,National Yang Ming Chiao Tung University,17,1649,0.010309278350515464,21
Community 8,Sidra Medical and Research Center,16,1649,0.009702850212249849,22
Community 8,UCL Institute of Ophthalmology,16,1649,0.009702850212249849,23
Community 8,University of Edinburgh,16,1649,0.009702850212249849,24
Community 8,University of Southampton,15,1649,0.009096422073984234,25
Community 8,Moorfields Eye Hospital NHS Foundation Trust,14,1649,0.008489993935718617,26
Community 8,Yonsei University,14,1649,0.008489993935718617,27
Community 8,Kaiser Permanente,13,1649,0.007883565797453002,28
Community 8,Icahn School of Medicine at Mount Sinai,12,1649,0.0072771376591873865,29
Community 8,Institute of High Performance Computing,12,1649,0.0072771376591873865,30
Community 8,Queen's University Belfast,12,1649,0.0072771376591873865,31
Community 8,University of Bristol,12,1649,0.0072771376591873865,32
Community 8,University of Liverpool,12,1649,0.0072771376591873865,33
Community 8,St James's University Hospital,11,1649,0.0066707095209217705,34
Community 8,Unknown institution,11,1649,0.0066707095209217705,35
Community 8,Centre for Eye Research Australia,10,1649,0.006064281382656155,36
Community 8,"City St George’s, University of London",10,1649,0.006064281382656155,37
Community 8,Medical University of Vienna,10,1649,0.006064281382656155,38
Community 8,University of Basel,10,1649,0.006064281382656155,39
Community 8,Cancer Research UK Manchester Institute,9,1649,0.005457853244390539,40
Community 8,European Bioinformatics Institute,9,1649,0.005457853244390539,41
Community 8,Massachusetts General Hospital,9,1649,0.005457853244390539,42
Community 8,University College London,9,1649,0.005457853244390539,43
Community 8,Karolinska Institutet,8,1649,0.004851425106124924,44
Community 8,Stanford University,8,1649,0.004851425106124924,45
Community 8,University of East Anglia,8,1649,0.004851425106124924,46
Community 8,University of Miami,8,1649,0.004851425106124924,47
Community 8,University of Western Australia,8,1649,0.004851425106124924,48
Community 8,Columbia University,7,1649,0.004244996967859308,49
Community 8,Kyoto Prefectural University of Medicine,7,1649,0.004244996967859308,50
Community 8,Mediwhale Inc,7,1649,0.004244996967859308,51
Community 8,Qatar Foundation,7,1649,0.004244996967859308,52
Community 8,Swansea University,7,1649,0.004244996967859308,53
Community 8,UCL Institute of Child Health,7,1649,0.004244996967859308,54
Community 8,University Medical Center of the Johannes Gutenberg University Mainz,7,1649,0.004244996967859308,55
Community 8,University of Hong Kong,7,1649,0.004244996967859308,56
Community 8,University of Malaya,7,1649,0.004244996967859308,57
Community 8,University of Manchester,7,1649,0.004244996967859308,58
Community 8,University of Sheffield,7,1649,0.004244996967859308,59
Community 8,University of Tasmania,7,1649,0.004244996967859308,60
Community 8,Beijing Tongren Hospital,6,1649,0.0036385688295936932,61
Community 8,Case Western Reserve University,6,1649,0.0036385688295936932,62
Community 8,Columbia University Irving Medical Center,6,1649,0.0036385688295936932,63
Community 8,Duke-NUS Medical School,6,1649,0.0036385688295936932,64
Community 8,Indiana University Indianapolis,6,1649,0.0036385688295936932,65
Community 8,Kingston University,6,1649,0.0036385688295936932,66
Community 8,Leeds Teaching Hospitals NHS Trust,6,1649,0.0036385688295936932,67
Community 8,Mondragon University,6,1649,0.0036385688295936932,68
Community 8,Peking Union Medical College Hospital,6,1649,0.0036385688295936932,69
Community 8,"Prenuvo, Vancouver, Canada.",6,1649,0.0036385688295936932,70
Community 8,"Singapore, Singapore, Seoul, Republic of Korea",6,1649,0.0036385688295936932,71
Community 8,Swiss Institute of Bioinformatics,6,1649,0.0036385688295936932,72
Community 8,Tsinghua University,6,1649,0.0036385688295936932,73
Community 8,University of Copenhagen,6,1649,0.0036385688295936932,74
Community 8,"Department of Ophthalmology, Seattle, Washington, USA (CAP, JCW, MRB, PPC, KDB, AYL)",5,1649,0.0030321406913280777,75
Community 8,Flinders Medical Centre,5,1649,0.0030321406913280777,76
Community 8,Mahidol University,5,1649,0.0030321406913280777,77
Community 8,New York University,5,1649,0.0030321406913280777,78
Community 8,Newcastle University,5,1649,0.0030321406913280777,79
Community 8,Quadram Institute,5,1649,0.0030321406913280777,80
Community 8,Tongji Hospital Affiliated to Tongji Medical College of Huazhong University of Science & Technology,5,1649,0.0030321406913280777,81
Community 8,University of Cambridge,5,1649,0.0030321406913280777,82
Community 8,University of Utah,5,1649,0.0030321406913280777,83
Community 8,Aeye Health LLC,4,1649,0.002425712553062462,84
Community 8,August Pi i Sunyer Biomedical Research Institute,4,1649,0.002425712553062462,85
Community 8,Centre Hospitalier Universitaire de Bordeaux,4,1649,0.002425712553062462,86
Community 8,Emory University,4,1649,0.002425712553062462,87
Community 8,Johns Hopkins University,4,1649,0.002425712553062462,88
Community 8,King's College Hospital NHS Foundation Trust,4,1649,0.002425712553062462,89
Community 8,Microsoft Corp,4,1649,0.002425712553062462,90
Community 8,Moorfields Eye Hospital,4,1649,0.002425712553062462,91
Community 8,National University Health System,4,1649,0.002425712553062462,92
Community 8,Rigshospitalet,4,1649,0.002425712553062462,93
Community 8,Singapore General Hospital,4,1649,0.002425712553062462,94
Community 8,State University of Campinas,4,1649,0.002425712553062462,95
Community 8,Tamkang University,4,1649,0.002425712553062462,96
Community 8,"University of California, Los Angeles",4,1649,0.002425712553062462,97
Community 8,University of Delaware,4,1649,0.002425712553062462,98
Community 8,University of Michigan-Ann Arbor,4,1649,0.002425712553062462,99
Community 8,Adelaide University,3,1649,0.0018192844147968466,100
Community 8,General University Hospital in Prague,3,1649,0.0018192844147968466,101
Community 8,"HONG KONG DIABETES BIOBANK STUDY GROUP, Sha Tin, Hong Kong, Exeter, United Kingdom, Hong Kong, Hong Kong",3,1649,0.0018192844147968466,102
Community 8,Hong Kong Polytechnic University,3,1649,0.0018192844147968466,103
Community 8,Hôpital Ophtalmique Jules-Gonin,3,1649,0.0018192844147968466,104
Community 8,Institute of Molecular and Clinical Ophthalmology Basel,3,1649,0.0018192844147968466,105
Community 8,Institute of Science Tokyo,3,1649,0.0018192844147968466,106
Community 8,Kilimanjaro Christian Medical Centre,3,1649,0.0018192844147968466,107
Community 8,"Max Kelsen, Brisbane, Australia",3,1649,0.0018192844147968466,108
Community 8,Monash University,3,1649,0.0018192844147968466,109
Community 8,NIHR Leeds Musculoskeletal Biomedical Research Unit,3,1649,0.0018192844147968466,110
Community 8,"National Amyloidosis Centre, London, UK",3,1649,0.0018192844147968466,111
Community 8,National Health Service England,3,1649,0.0018192844147968466,112
Community 8,Odense University Hospital,3,1649,0.0018192844147968466,113
Community 8,Oregon Health & Science University,3,1649,0.0018192844147968466,114
Community 8,Prince of Wales Hospital,3,1649,0.0018192844147968466,115
Community 8,Sankara Nethralaya,3,1649,0.0018192844147968466,116
Community 8,Second Affiliated Hospital of Chongqing Medical University,3,1649,0.0018192844147968466,117
Community 8,Southampton General Hospital,3,1649,0.0018192844147968466,118
Community 8,Thapar Institute of Engineering & Technology,3,1649,0.0018192844147968466,119
Community 8,The Lowy Medical Research Institute,3,1649,0.0018192844147968466,120
Community 8,The Royal Victorian Eye & Ear Hospital,3,1649,0.0018192844147968466,121
Community 8,Trinity College Dublin,3,1649,0.0018192844147968466,122
Community 8,University of Tartu,3,1649,0.0018192844147968466,123
Community 8,University of Wisconsin-Madison,3,1649,0.0018192844147968466,124
Community 8,Walter and Eliza Hall Institute of Medical Research,3,1649,0.0018192844147968466,125
Community 8,Washington University in St. Louis,3,1649,0.0018192844147968466,126
Community 8,23andMe Inc,2,1649,0.001212856276531231,127
Community 8,Beatson Institute for Cancer Research,2,1649,0.001212856276531231,128
Community 8,Boston Children's Hospital,2,1649,0.001212856276531231,129
Community 8,Boston University,2,1649,0.001212856276531231,130
Community 8,Carlos III University of Madrid,2,1649,0.001212856276531231,131
Community 8,Changsha University of Science and Technology,2,1649,0.001212856276531231,132
Community 8,Computer Sciences Corp,2,1649,0.001212856276531231,133
Community 8,Cornea Eye Institute,2,1649,0.001212856276531231,134
Community 8,Duke University,2,1649,0.001212856276531231,135
Community 8,Garvan Institute of Medical Research,2,1649,0.001212856276531231,136
Community 8,Genome Institute of Singapore,2,1649,0.001212856276531231,137
Community 8,Heidelberg University,2,1649,0.001212856276531231,138
Community 8,Imperial College London,2,1649,0.001212856276531231,139
Community 8,Institut Pasteur,2,1649,0.001212856276531231,140
Community 8,Institute of Neurology,2,1649,0.001212856276531231,141
Community 8,Jackson Laboratory,2,1649,0.001212856276531231,142
Community 8,Kazan Federal University,2,1649,0.001212856276531231,143
Community 8,Kyoto University,2,1649,0.001212856276531231,144
Community 8,Legacy Health,2,1649,0.001212856276531231,145
Community 8,MRC Epidemiology Unit,2,1649,0.001212856276531231,146
Community 8,Macquarie University,2,1649,0.001212856276531231,147
Community 8,"Medi Whale, Seoul, South Korea.",2,1649,0.001212856276531231,148
Community 8,National Eye Institute,2,1649,0.001212856276531231,149
Community 8,National Institutes of Health,2,1649,0.001212856276531231,150
Community 8,National University Hospital,2,1649,0.001212856276531231,151
Community 8,National University of Sciences and Technology,2,1649,0.001212856276531231,152
Community 8,Prince Charles Hospital,2,1649,0.001212856276531231,153
Community 8,Princess Alexandra Hospital,2,1649,0.001212856276531231,154
Community 8,Rajavithi Hospital,2,1649,0.001212856276531231,155
Community 8,Scripps Research Institute,2,1649,0.001212856276531231,156
Community 8,Seoul National University Hospital,2,1649,0.001212856276531231,157
Community 8,Stanford University Medical Center,2,1649,0.001212856276531231,158
Community 8,State University of New York at Buffalo,2,1649,0.001212856276531231,159
Community 8,Sun Yat-sen University,2,1649,0.001212856276531231,160
Community 8,The Brigham and Women's Hospital Inc,2,1649,0.001212856276531231,161
Community 8,Tohoku University,2,1649,0.001212856276531231,162
Community 8,Topcon Healthcare Solutions Inc,2,1649,0.001212856276531231,163
Community 8,Tufts University,2,1649,0.001212856276531231,164
Community 8,Union Hospital Tongji Medical College Huazhong University of Science and Technology,2,1649,0.001212856276531231,165
Community 8,Universiti Sains Malaysia,2,1649,0.001212856276531231,166
Community 8,University Hospital Southampton NHS Foundation Trust,2,1649,0.001212856276531231,167
Community 8,University Hospitals Birmingham NHS Foundation Trust,2,1649,0.001212856276531231,168
Community 8,University of Amsterdam,2,1649,0.001212856276531231,169
Community 8,University of Birmingham,2,1649,0.001212856276531231,170
Community 8,University of Dundee,2,1649,0.001212856276531231,171
Community 8,University of Ibadan,2,1649,0.001212856276531231,172
Community 8,University of Iowa,2,1649,0.001212856276531231,173
Community 8,University of London,2,1649,0.001212856276531231,174
Community 8,University of Otago,2,1649,0.001212856276531231,175
Community 8,University of Turin,2,1649,0.001212856276531231,176
Community 8,University of York,2,1649,0.001212856276531231,177
Community 8,University of Zurich,2,1649,0.001212856276531231,178
Community 8,Weill Cornell Medicine - Qatar,2,1649,0.001212856276531231,179
Community 8,Western Sydney University,2,1649,0.001212856276531231,180
Community 8,"2QIMR Institute, Australia;",1,1649,0.0006064281382656155,181
Community 8,"8Istituto Valenciano de Oncologia, Spain;",1,1649,0.0006064281382656155,182
Community 8,A full list of the CREAM members and their affiliations appear in the Supporting Information,1,1649,0.0006064281382656155,183
Community 8,"AIM Medical Imaging, Vancouver, Canada.",1,1649,0.0006064281382656155,184
Community 8,Aix-Marseille University,1,1649,0.0006064281382656155,185
Community 8,Albert Einstein College of Medicine,1,1649,0.0006064281382656155,186
Community 8,Amphia Ziekenhuis,1,1649,0.0006064281382656155,187
Community 8,Appendix 1.,1,1649,0.0006064281382656155,188
Community 8,Asian Eye Institute,1,1649,0.0006064281382656155,189
Community 8,Australian National University,1,1649,0.0006064281382656155,190
Community 8,Australian Regenerative Medicine Institute,1,1649,0.0006064281382656155,191
Community 8,"B&VIIt Eye Center, Seoul, South Korea.",1,1649,0.0006064281382656155,192
Community 8,Barnsley Metropolitan Borough Council,1,1649,0.0006064281382656155,193
Community 8,Beihang University,1,1649,0.0006064281382656155,194
Community 8,Beijing Tian Tan Hospital,1,1649,0.0006064281382656155,195
Community 8,Brown University,1,1649,0.0006064281382656155,196
Community 8,Castle Hill Hospital,1,1649,0.0006064281382656155,197
Community 8,Centro de Investigación Biomédica en Red Diabetes y Enfermedades Metabólicas Asociadas,1,1649,0.0006064281382656155,198
Community 8,Charité - University Medicine Berlin,1,1649,0.0006064281382656155,199
Community 8,"Chinese University of Hong Kong, Shenzhen",1,1649,0.0006064281382656155,200
Community 8,Dalhousie University,1,1649,0.0006064281382656155,201
Community 8,"Department of Dermatology, Institut Valencià Oncologia, Valencia, Spain",1,1649,0.0006064281382656155,202
Community 8,"Department of Ophthalmology, Shanghai Health and Medical Center, Wuxi, China",1,1649,0.0006064281382656155,203
Community 8,Duke University Medical Center,1,1649,0.0006064281382656155,204
Community 8,Durham University,1,1649,0.0006064281382656155,205
Community 8,"Education and Professional Services, Essilor Luxottica, Singapore",1,1649,0.0006064281382656155,206
Community 8,First People's Hospital of Yunnan Province,1,1649,0.0006064281382656155,207
Community 8,Fred Hutchinson Cancer Center,1,1649,0.0006064281382656155,208
Community 8,Genetic Technologies Ltd,1,1649,0.0006064281382656155,209
Community 8,German Cancer Research Center,1,1649,0.0006064281382656155,210
Community 8,Glasgow Caledonian University,1,1649,0.0006064281382656155,211
Community 8,GlaxoSmithKline LLC,1,1649,0.0006064281382656155,212
Community 8,Glostrup Hospital,1,1649,0.0006064281382656155,213
Community 8,Goethe University Frankfurt,1,1649,0.0006064281382656155,214
Community 8,Great Ormond Street Hospital,1,1649,0.0006064281382656155,215
Community 8,Greenlane Clinical Centre,1,1649,0.0006064281382656155,216
Community 8,Hamad Medical Corporation,1,1649,0.0006064281382656155,217
Community 8,Harbor–UCLA Medical Center,1,1649,0.0006064281382656155,218
Community 8,Harrogate District Hospital,1,1649,0.0006064281382656155,219
Community 8,Heinrich Heine University Düsseldorf,1,1649,0.0006064281382656155,220
Community 8,"Hong Kong, China",1,1649,0.0006064281382656155,221
Community 8,Huadong Sanatorium,1,1649,0.0006064281382656155,222
Community 8,Huazhong University of Science and Technology,1,1649,0.0006064281382656155,223
Community 8,Ikerian AG,1,1649,0.0006064281382656155,224
Community 8,Indiana University Bloomington,1,1649,0.0006064281382656155,225
Community 8,Inserm,1,1649,0.0006064281382656155,226
Community 8,Institute for Neurodegenerative Diseases,1,1649,0.0006064281382656155,227
Community 8,Institute of Cardiovascular and Metabolic Diseases,1,1649,0.0006064281382656155,228
Community 8,Instituto Maimónides de Investigación Biomédica de Córdoba,1,1649,0.0006064281382656155,229
Community 8,"KPNC, Department of Ophthalmology, South San Francisco, California, United States",1,1649,0.0006064281382656155,230
Community 8,Keio University,1,1649,0.0006064281382656155,231
Community 8,King Juan Carlos University,1,1649,0.0006064281382656155,232
Community 8,King Saud University,1,1649,0.0006064281382656155,233
Community 8,Leeds General Infirmary,1,1649,0.0006064281382656155,234
Community 8,Lingnan University,1,1649,0.0006064281382656155,235
Community 8,Liverpool University Hospitals NHS Foundation Trust,1,1649,0.0006064281382656155,236
Community 8,London School of Hygiene & Tropical Medicine,1,1649,0.0006064281382656155,237
Community 8,Louisiana State University Health Sciences Center New Orleans,1,1649,0.0006064281382656155,238
Community 8,MRC Human Genetics Unit,1,1649,0.0006064281382656155,239
Community 8,Macau University of Science and Technology,1,1649,0.0006064281382656155,240
Community 8,Manchester Royal Eye Hospital,1,1649,0.0006064281382656155,241
Community 8,Massachusetts Eye and Ear Infirmary,1,1649,0.0006064281382656155,242
Community 8,Medical College of Wisconsin,1,1649,0.0006064281382656155,243
Community 8,Medical Research Council,1,1649,0.0006064281382656155,244
Community 8,Medical University of Graz,1,1649,0.0006064281382656155,245
Community 8,"Mediwhale Inc., Seoul, Korea (the Republic of)",1,1649,0.0006064281382656155,246
Community 8,Microsoft Research (United Kingdom),1,1649,0.0006064281382656155,247
Community 8,Monell Chemical Senses Center,1,1649,0.0006064281382656155,248
Community 8,Morriston Hospital,1,1649,0.0006064281382656155,249
Community 8,National Cancer Institute,1,1649,0.0006064281382656155,250
Community 8,National Heart and Lung Institute,1,1649,0.0006064281382656155,251
Community 8,National Hospital for Neurology and Neurosurgery,1,1649,0.0006064281382656155,252
Community 8,National Human Genome Research Institute,1,1649,0.0006064281382656155,253
Community 8,National Institute of Health Dr. Ricardo Jorge,1,1649,0.0006064281382656155,254
Community 8,National and Kapodistrian University of Athens,1,1649,0.0006064281382656155,255
Community 8,"Neil Howell, San Diego, CA, USA",1,1649,0.0006064281382656155,256
Community 8,Newcastle upon Tyne Hospitals NHS Foundation Trust,1,1649,0.0006064281382656155,257
Community 8,Ningbo Institute of Industrial Technology,1,1649,0.0006064281382656155,258
Community 8,Norfolk and Norwich University Hospital,1,1649,0.0006064281382656155,259
Community 8,Northeastern University,1,1649,0.0006064281382656155,260
Community 8,Nottingham University Hospitals NHS Trust,1,1649,0.0006064281382656155,261
Community 8,"Okinawa Kenritsu, Chubu Byoin, Uruma",1,1649,0.0006064281382656155,262
Community 8,"Ophthalmology Department at Tashkent Advanced Training Institute for Doctors, Tashkent, Uzbekistan",1,1649,0.0006064281382656155,263
Community 8,Peter Doherty Institute,1,1649,0.0006064281382656155,264
Community 8,Pohang University of Science and Technology,1,1649,0.0006064281382656155,265
Community 8,Princess Alexandra Eye Pavilion,1,1649,0.0006064281382656155,266
Community 8,Public Health Wales,1,1649,0.0006064281382656155,267
Community 8,Qatar University,1,1649,0.0006064281382656155,268
Community 8,Queensland University of Technology,1,1649,0.0006064281382656155,269
Community 8,Radboud University Nijmegen Medical Centre,1,1649,0.0006064281382656155,270
Community 8,Raffles Hospital,1,1649,0.0006064281382656155,271
Community 8,Republic of Korea,1,1649,0.0006064281382656155,272
Community 8,Rotterdam Eye Hospital,1,1649,0.0006064281382656155,273
Community 8,Royal Adelaide Hospital,1,1649,0.0006064281382656155,274
Community 8,Royal Brisbane and Women's Hospital,1,1649,0.0006064281382656155,275
Community 8,Royal College of Surgeons in Ireland,1,1649,0.0006064281382656155,276
Community 8,Royal London Hospital,1,1649,0.0006064281382656155,277
Community 8,Royal Marsden NHS Foundation Trust,1,1649,0.0006064281382656155,278
Community 8,Royal Melbourne Hospital,1,1649,0.0006064281382656155,279
Community 8,Rutgers University-Newark,1,1649,0.0006064281382656155,280
Community 8,Saint John's Health Center,1,1649,0.0006064281382656155,281
Community 8,Semmelweis University,1,1649,0.0006064281382656155,282
Community 8,Severance Hospital,1,1649,0.0006064281382656155,283
Community 8,Sichuan University,1,1649,0.0006064281382656155,284
Community 8,Silence Therapeutics GmbH,1,1649,0.0006064281382656155,285
Community 8,"Singapore Eye Rsch Institute, Singapore",1,1649,0.0006064281382656155,286
Community 8,"Singapore, Singapore, Paris, France, Seoul, Democratic People's Republic of Korea",1,1649,0.0006064281382656155,287
Community 8,Southampton Children's Hospital,1,1649,0.0006064281382656155,288
Community 8,St Luke's Hospital,1,1649,0.0006064281382656155,289
Community 8,St Mary's Hospital,1,1649,0.0006064281382656155,290
Community 8,Stadtspital Zürich,1,1649,0.0006064281382656155,291
Community 8,Statistics Denmark,1,1649,0.0006064281382656155,292
Community 8,Suraj Eye Institute,1,1649,0.0006064281382656155,293
Community 8,Sutter Health,1,1649,0.0006064281382656155,294
Community 8,Sørlandet Hospital Arendal,1,1649,0.0006064281382656155,295
Community 8,Taipei Veterans General Hospital,1,1649,0.0006064281382656155,296
Community 8,Tel Aviv University,1,1649,0.0006064281382656155,297
Community 8,The Ohio State University,1,1649,0.0006064281382656155,298
Community 8,The Queen's Medical Research Institute,1,1649,0.0006064281382656155,299
Community 8,The Royal Free Hospital,1,1649,0.0006064281382656155,300
Community 8,Tilburg University,1,1649,0.0006064281382656155,301
Community 8,"Topcon Advanced Biomedical Imaging Laboratory, Oakland, New Jersey",1,1649,0.0006064281382656155,302
Community 8,"Topcon Advanced Biomedical Imaging Laboratory, Oakland, New Jersey, United States of America",1,1649,0.0006064281382656155,303
Community 8,Tung Wah Eastern Hospital,1,1649,0.0006064281382656155,304
Community 8,"UCHealth Steadman Hawkins Clinic Denver-Surgery Center, Englewood, CO.",1,1649,0.0006064281382656155,305
Community 8,UCSF Benioff Children's Hospital,1,1649,0.0006064281382656155,306
Community 8,UK Biobank,1,1649,0.0006064281382656155,307
Community 8,UNSW Sydney,1,1649,0.0006064281382656155,308
Community 8,Ufa Eye Research Institute,1,1649,0.0006064281382656155,309
Community 8,University Ferhat Abbas of Setif,1,1649,0.0006064281382656155,310
Community 8,University Hospital of Basel,1,1649,0.0006064281382656155,311
Community 8,University Hospital of Geneva,1,1649,0.0006064281382656155,312
Community 8,University Hospital of Lausanne,1,1649,0.0006064281382656155,313
Community 8,University Malaya Medical Centre,1,1649,0.0006064281382656155,314
Community 8,University Medical Center Groningen,1,1649,0.0006064281382656155,315
Community 8,University of Auckland,1,1649,0.0006064281382656155,316
Community 8,University of Barcelona,1,1649,0.0006064281382656155,317
Community 8,University of Bonn,1,1649,0.0006064281382656155,318
Community 8,University of Cagliari,1,1649,0.0006064281382656155,319
Community 8,University of Calgary,1,1649,0.0006064281382656155,320
Community 8,"University of California, Davis",1,1649,0.0006064281382656155,321
Community 8,"University of California, Santa Cruz",1,1649,0.0006064281382656155,322
Community 8,University of Chinese Academy of Sciences,1,1649,0.0006064281382656155,323
Community 8,University of Eastern Piedmont Amadeo Avogadro,1,1649,0.0006064281382656155,324
Community 8,University of Geneva,1,1649,0.0006064281382656155,325
Community 8,University of Ghana,1,1649,0.0006064281382656155,326
Community 8,University of Huddersfield,1,1649,0.0006064281382656155,327
Community 8,University of Jyväskylä,1,1649,0.0006064281382656155,328
Community 8,University of L'Aquila,1,1649,0.0006064281382656155,329
Community 8,University of Montreal,1,1649,0.0006064281382656155,330
Community 8,University of Ottawa,1,1649,0.0006064281382656155,331
Community 8,University of Pennsylvania,1,1649,0.0006064281382656155,332
Community 8,University of Rennes,1,1649,0.0006064281382656155,333
Community 8,University of South Florida,1,1649,0.0006064281382656155,334
Community 8,University of South Wales,1,1649,0.0006064281382656155,335
Community 8,University of St. Gallen,1,1649,0.0006064281382656155,336
Community 8,University of Toronto,1,1649,0.0006064281382656155,337
Community 8,University of Tübingen,1,1649,0.0006064281382656155,338
Community 8,University of Ulster,1,1649,0.0006064281382656155,339
Community 8,University of Western Ontario,1,1649,0.0006064281382656155,340
Community 8,University of the Witwatersrand,1,1649,0.0006064281382656155,341
Community 8,Universitätsklinikum Erlangen,1,1649,0.0006064281382656155,342
Community 8,Utrecht University,1,1649,0.0006064281382656155,343
Community 8,VA Boston Healthcare System,1,1649,0.0006064281382656155,344
Community 8,Velindre Cancer Centre,1,1649,0.0006064281382656155,345
Community 8,"Vietnam National University, Hanoi",1,1649,0.0006064281382656155,346
Community 8,Washington State University,1,1649,0.0006064281382656155,347
Community 8,Yale University,1,1649,0.0006064281382656155,348
Community 8,Yonsei University Health System,1,1649,0.0006064281382656155,349
Community 8,"York and Scarborough Teaching Hospitals, United Kingdom (S.D.).",1,1649,0.0006064281382656155,350
Community 8,Zayed University,1,1649,0.0006064281382656155,351
Community 8,for the UK Biobank Eye and Vision Consortium and the Consortium for Refractive Error and Myopia (CREAM Consortium),1,1649,0.0006064281382656155,352
Community 8,École Polytechnique Fédérale de Lausanne,1,1649,0.0006064281382656155,353
Community 9,University of Leicester,93,1520,0.06118421052631579,1
Community 9,University of Pittsburgh,41,1520,0.026973684210526316,2
Community 9,Unknown institution,40,1520,0.02631578947368421,3
Community 9,The Brigham and Women's Hospital Inc,39,1520,0.025657894736842105,4
Community 9,National Heart and Lung Institute,33,1520,0.021710526315789475,5
Community 9,Imperial College London,32,1520,0.021052631578947368,6
Community 9,Harvard University,30,1520,0.019736842105263157,7
Community 9,University of Nottingham,28,1520,0.018421052631578946,8
Community 9,University College London,27,1520,0.017763157894736842,9
Community 9,Swansea University,24,1520,0.015789473684210527,10
Community 9,University of the Witwatersrand,24,1520,0.015789473684210527,11
Community 9,Boehringer Ingelheim Pharma GmbH and Co KG,23,1520,0.015131578947368421,12
Community 9,University of Oxford,22,1520,0.014473684210526316,13
Community 9,London School of Hygiene & Tropical Medicine,20,1520,0.013157894736842105,14
Community 9,Glenfield Hospital,19,1520,0.0125,15
Community 9,Queen Mary University of London,19,1520,0.0125,16
Community 9,National Jewish Health,18,1520,0.011842105263157895,17
Community 9,King's College London,17,1520,0.01118421052631579,18
Community 9,Loughborough University,17,1520,0.01118421052631579,19
Community 9,NIHR Leicester Biomedical Research Centre,17,1520,0.01118421052631579,20
Community 9,University of Alabama at Birmingham,17,1520,0.01118421052631579,21
Community 9,Office for National Statistics,16,1520,0.010526315789473684,22
Community 9,Peking University,16,1520,0.010526315789473684,23
Community 9,University Medical Center Groningen,15,1520,0.009868421052631578,24
Community 9,GlaxoSmithKline Research and Development Ltd,14,1520,0.009210526315789473,25
Community 9,"University of California, Irvine",14,1520,0.009210526315789473,26
Community 9,University of Sheffield,14,1520,0.009210526315789473,27
Community 9,Cleveland Clinic,13,1520,0.008552631578947369,28
Community 9,New York Genome Center,13,1520,0.008552631578947369,29
Community 9,University of Birmingham,13,1520,0.008552631578947369,30
Community 9,"University of California, San Francisco",12,1520,0.007894736842105263,31
Community 9,University of Edinburgh,12,1520,0.007894736842105263,32
Community 9,University of Melbourne,12,1520,0.007894736842105263,33
Community 9,BridgeBio Pharma Inc,10,1520,0.006578947368421052,34
Community 9,University of La Laguna,10,1520,0.006578947368421052,35
Community 9,Yale University,10,1520,0.006578947368421052,36
Community 9,Leicester General Hospital,9,1520,0.0059210526315789476,37
Community 9,University of Liverpool,9,1520,0.0059210526315789476,38
Community 9,University of Southampton,9,1520,0.0059210526315789476,39
Community 9,Boehringer Ingelheim Pharmaceuticals Inc,8,1520,0.005263157894736842,40
Community 9,Lerner Research Institute Cleveland Clinic,8,1520,0.005263157894736842,41
Community 9,Swiss Tropical and Public Health Institute,8,1520,0.005263157894736842,42
Community 9,University Hospitals of Leicester NHS Trust,8,1520,0.005263157894736842,43
Community 9,University of Aberdeen,8,1520,0.005263157894736842,44
Community 9,University of Chicago,8,1520,0.005263157894736842,45
Community 9,University of Colorado Anschutz Medical Campus,8,1520,0.005263157894736842,46
Community 9,University of Pennsylvania,8,1520,0.005263157894736842,47
Community 9,Beth Israel Deaconess Medical Center,7,1520,0.004605263157894736,48
Community 9,Ciro,7,1520,0.004605263157894736,49
Community 9,GlaxoSmithKline LLC,7,1520,0.004605263157894736,50
Community 9,Icahn School of Medicine at Mount Sinai,7,1520,0.004605263157894736,51
Community 9,Massachusetts General Hospital,7,1520,0.004605263157894736,52
Community 9,"University of California, San Diego",7,1520,0.004605263157894736,53
Community 9,University of Cape Town,7,1520,0.004605263157894736,54
Community 9,University of Exeter,7,1520,0.004605263157894736,55
Community 9,University of Illinois at Chicago,7,1520,0.004605263157894736,56
Community 9,University of Manchester,7,1520,0.004605263157894736,57
Community 9,"Université des Sciences, des Techniques et des Technologies de Bamako",7,1520,0.004605263157894736,58
Community 9,"Variant Bio Inc., Seattle, USA",7,1520,0.004605263157894736,59
Community 9,Bristol-Myers Squibb (United Kingdom),6,1520,0.003947368421052632,60
Community 9,"City St George’s, University of London",6,1520,0.003947368421052632,61
Community 9,Genentech Inc,6,1520,0.003947368421052632,62
Community 9,Johns Hopkins University,6,1520,0.003947368421052632,63
Community 9,Manchester Academic Health Science Centre,6,1520,0.003947368421052632,64
Community 9,University of Bristol,6,1520,0.003947368421052632,65
Community 9,University of Leeds,6,1520,0.003947368421052632,66
Community 9,University of North Carolina at Chapel Hill,6,1520,0.003947368421052632,67
Community 9,University of Queensland,6,1520,0.003947368421052632,68
Community 9,Hospital Universitario Nuestra Señora de Candelaria,5,1520,0.003289473684210526,69
Community 9,Makerere University,5,1520,0.003289473684210526,70
Community 9,Manchester University NHS Foundation Trust,5,1520,0.003289473684210526,71
Community 9,Monash University,5,1520,0.003289473684210526,72
Community 9,University of Arizona,5,1520,0.003289473684210526,73
Community 9,University of Cambridge,5,1520,0.003289473684210526,74
Community 9,University of Plymouth,5,1520,0.003289473684210526,75
Community 9,University of Strathclyde,5,1520,0.003289473684210526,76
Community 9,Barcelona Institute for Global Health,4,1520,0.002631578947368421,77
Community 9,Boston University,4,1520,0.002631578947368421,78
Community 9,Hospital Universitario de Canarias,4,1520,0.002631578947368421,79
Community 9,Kiel University,4,1520,0.002631578947368421,80
Community 9,Maastricht University Medical Centre,4,1520,0.002631578947368421,81
Community 9,NIHR Oxford Musculoskeletal Biomedical Research Centre,4,1520,0.002631578947368421,82
Community 9,Northeastern University,4,1520,0.002631578947368421,83
Community 9,Parexel International Corp,4,1520,0.002631578947368421,84
Community 9,Sema4 (United States),4,1520,0.002631578947368421,85
Community 9,University Hospital of Wales,4,1520,0.002631578947368421,86
Community 9,University of Dundee,4,1520,0.002631578947368421,87
Community 9,University of Limpopo,4,1520,0.002631578947368421,88
Community 9,University of Lübeck,4,1520,0.002631578947368421,89
Community 9,University of Malta,4,1520,0.002631578947368421,90
Community 9,Utrecht University,4,1520,0.002631578947368421,91
Community 9,Vanderbilt University Medical Center,4,1520,0.002631578947368421,92
Community 9,African Population and Health Research Center,3,1520,0.001973684210526316,93
Community 9,BI X GmbH,3,1520,0.001973684210526316,94
Community 9,Baylor College of Medicine,3,1520,0.001973684210526316,95
Community 9,Columbia University,3,1520,0.001973684210526316,96
Community 9,David Hide Asthma and Allergy Research Centre,3,1520,0.001973684210526316,97
Community 9,Ghent University,3,1520,0.001973684210526316,98
Community 9,Health and Safety Executive,3,1520,0.001973684210526316,99
Community 9,Instituto Tecnológico y de Energías Renovables,3,1520,0.001973684210526316,100
Community 9,Kaiser Permanente,3,1520,0.001973684210526316,101
Community 9,Melbourne Health,3,1520,0.001973684210526316,102
Community 9,National Institute of Environmental Health Sciences,3,1520,0.001973684210526316,103
Community 9,Oxford University Hospitals NHS Trust,3,1520,0.001973684210526316,104
Community 9,Pharmaceutical Product Development (United Kingdom),3,1520,0.001973684210526316,105
Community 9,Queen's University Belfast,3,1520,0.001973684210526316,106
Community 9,St. Paul's Hospital,3,1520,0.001973684210526316,107
Community 9,Uganda Virus Research Institute,3,1520,0.001973684210526316,108
Community 9,University of Bergen,3,1520,0.001973684210526316,109
Community 9,University of British Columbia,3,1520,0.001973684210526316,110
Community 9,"University of California, Davis",3,1520,0.001973684210526316,111
Community 9,University of Colorado Boulder,3,1520,0.001973684210526316,112
Community 9,University of Iowa,3,1520,0.001973684210526316,113
Community 9,University of Michigan-Ann Arbor,3,1520,0.001973684210526316,114
Community 9,University of Toronto,3,1520,0.001973684210526316,115
Community 9,University of Virginia,3,1520,0.001973684210526316,116
Community 9,Wellcome Sanger Institute,3,1520,0.001973684210526316,117
Community 9,Alireza Ganjdanesh and Jipeng Zhang have Equal contribution.,2,1520,0.0013157894736842105,118
Community 9,Asthma and Lung UK,2,1520,0.0013157894736842105,119
Community 9,August Pi i Sunyer Biomedical Research Institute,2,1520,0.0013157894736842105,120
Community 9,"Avalon Health Economics, 26 Washington St. 2nd Floor, 07960, Morristown, NJ, USA",2,1520,0.0013157894736842105,121
Community 9,Boehringer Ingelheim Corp,2,1520,0.0013157894736842105,122
Community 9,Boston Children's Hospital,2,1520,0.0013157894736842105,123
Community 9,Brighton and Sussex Medical School,2,1520,0.0013157894736842105,124
Community 9,Central Arkansas Veterans Healthcare System,2,1520,0.0013157894736842105,125
Community 9,Centro de Investigación Biomédica en Red de Enfermedades Respiratorias,2,1520,0.0013157894736842105,126
Community 9,Centro de Neumologia Pediatrica,2,1520,0.0013157894736842105,127
Community 9,Cystic Fibrosis Trust,2,1520,0.0013157894736842105,128
Community 9,"Division of Pulmonary, Allergy, and Critical Care Medicine.",2,1520,0.0013157894736842105,129
Community 9,Donostia Unibertsitate Ospitalea,2,1520,0.0013157894736842105,130
Community 9,Flatiron Institute,2,1520,0.0013157894736842105,131
Community 9,Ghent University Hospital,2,1520,0.0013157894736842105,132
Community 9,Helsinki University Hospital,2,1520,0.0013157894736842105,133
Community 9,Hospital Clínico Universitario de Valladolid,2,1520,0.0013157894736842105,134
Community 9,Hospital Universitario Fundación Jiménez Díaz,2,1520,0.0013157894736842105,135
Community 9,Hôpital Bichat-Claude-Bernard,2,1520,0.0013157894736842105,136
Community 9,International Centre for Diarrhoeal Disease Research,2,1520,0.0013157894736842105,137
Community 9,JSS Medical College and Hospital,2,1520,0.0013157894736842105,138
Community 9,Karolinska Institutet,2,1520,0.0013157894736842105,139
Community 9,King Edward Memorial Hospital Research Centre,2,1520,0.0013157894736842105,140
Community 9,Liverpool John Moores University,2,1520,0.0013157894736842105,141
Community 9,Lovelace Respiratory Research Institute,2,1520,0.0013157894736842105,142
Community 9,MRC Epidemiology Unit,2,1520,0.0013157894736842105,143
Community 9,MRC Human Immunology Unit,2,1520,0.0013157894736842105,144
Community 9,MRC Integrative Epidemiology Unit,2,1520,0.0013157894736842105,145
Community 9,Mayo Clinic,2,1520,0.0013157894736842105,146
Community 9,Mayo Clinic in Arizona,2,1520,0.0013157894736842105,147
Community 9,McGill University Health Centre,2,1520,0.0013157894736842105,148
Community 9,Medical Research Council,2,1520,0.0013157894736842105,149
Community 9,Met Office,2,1520,0.0013157894736842105,150
Community 9,NIHR Bristol Nutrition Biomedical Research Unit,2,1520,0.0013157894736842105,151
Community 9,Nagasaki University,2,1520,0.0013157894736842105,152
Community 9,National Health Service England,2,1520,0.0013157894736842105,153
Community 9,National and Kapodistrian University of Athens,2,1520,0.0013157894736842105,154
Community 9,Navrongo Health Research Centre,2,1520,0.0013157894736842105,155
Community 9,New York University,2,1520,0.0013157894736842105,156
Community 9,Newcastle University,2,1520,0.0013157894736842105,157
Community 9,Nottingham Biomedical Research Centre,2,1520,0.0013157894736842105,158
Community 9,Nottingham Trent University,2,1520,0.0013157894736842105,159
Community 9,Nuffield Health,2,1520,0.0013157894736842105,160
Community 9,"Orion Pharma, Nottingham, UK",2,1520,0.0013157894736842105,161
Community 9,Ove Arup and Partners International Ltd,2,1520,0.0013157894736842105,162
Community 9,Papworth Hospital,2,1520,0.0013157894736842105,163
Community 9,Pfizer Inc,2,1520,0.0013157894736842105,164
Community 9,Princeton University,2,1520,0.0013157894736842105,165
Community 9,Queen's Medical Centre,2,1520,0.0013157894736842105,166
Community 9,Royal Brompton Hospital,2,1520,0.0013157894736842105,167
Community 9,Seoul National University,2,1520,0.0013157894736842105,168
Community 9,St George’s University Hospitals NHS Foundation Trust,2,1520,0.0013157894736842105,169
Community 9,Stanford University,2,1520,0.0013157894736842105,170
Community 9,Sylhet MAG Osmani Medical College,2,1520,0.0013157894736842105,171
Community 9,The Pennsylvania State University,2,1520,0.0013157894736842105,172
Community 9,UNSW Sydney,2,1520,0.0013157894736842105,173
Community 9,University College Hospital,2,1520,0.0013157894736842105,174
Community 9,University College London Hospitals NHS Foundation Trust,2,1520,0.0013157894736842105,175
Community 9,"University of California, Los Angeles",2,1520,0.0013157894736842105,176
Community 9,University of Cincinnati,2,1520,0.0013157894736842105,177
Community 9,University of Colorado Denver,2,1520,0.0013157894736842105,178
Community 9,University of Glasgow,2,1520,0.0013157894736842105,179
Community 9,University of Maribor,2,1520,0.0013157894736842105,180
Community 9,"University of Maryland, Baltimore",2,1520,0.0013157894736842105,181
Community 9,University of Nebraska Medical Center,2,1520,0.0013157894736842105,182
Community 9,University of New Mexico,2,1520,0.0013157894736842105,183
Community 9,University of Puerto Rico System,2,1520,0.0013157894736842105,184
Community 9,University of Tübingen,2,1520,0.0013157894736842105,185
Community 9,University of Washington,2,1520,0.0013157894736842105,186
Community 9,University of Wisconsin-Madison,2,1520,0.0013157894736842105,187
Community 9,University of York,2,1520,0.0013157894736842105,188
Community 9,Vall d'Hebron Hospital Universitari,2,1520,0.0013157894736842105,189
Community 9,Vanderbilt University,2,1520,0.0013157894736842105,190
Community 9,Wake Forest University,2,1520,0.0013157894736842105,191
Community 9,Afe Babalola University,1,1520,0.0006578947368421052,192
Community 9,Aga Khan University,1,1520,0.0006578947368421052,193
Community 9,Agenzia Spaziale Italiana,1,1520,0.0006578947368421052,194
Community 9,Airways Disease Section and,1,1520,0.0006578947368421052,195
Community 9,Al Ain University,1,1520,0.0006578947368421052,196
Community 9,Aston University,1,1520,0.0006578947368421052,197
Community 9,AstraZeneca UK Ltd,1,1520,0.0006578947368421052,198
Community 9,Azienda Sanitaria Locale Roma 3,1,1520,0.0006578947368421052,199
Community 9,Bangladesh Institute of Research and Rehabilitation for Diabetes Endocrine and Metabolic Disorders,1,1520,0.0006578947368421052,200
Community 9,Bangladesh University of Professionals,1,1520,0.0006578947368421052,201
Community 9,Bangor University,1,1520,0.0006578947368421052,202
Community 9,Barts Health NHS Trust,1,1520,0.0006578947368421052,203
Community 9,Belfast Health and Social Care Trust,1,1520,0.0006578947368421052,204
Community 9,Boehringer Ingelheim GmbH,1,1520,0.0006578947368421052,205
Community 9,Bradford Royal Infirmary,1,1520,0.0006578947368421052,206
Community 9,Ca' Foscari University of Venice,1,1520,0.0006578947368421052,207
Community 9,Cambridge University Hospitals NHS Foundation Trust,1,1520,0.0006578947368421052,208
Community 9,Cardiff University,1,1520,0.0006578947368421052,209
Community 9,Carnegie Mellon University,1,1520,0.0006578947368421052,210
Community 9,Case Western Reserve University,1,1520,0.0006578947368421052,211
Community 9,Castle Hill Hospital,1,1520,0.0006578947368421052,212
Community 9,Centre for Addiction and Mental Health,1,1520,0.0006578947368421052,213
Community 9,Centre for Research in Epidemiology and Population Health,1,1520,0.0006578947368421052,214
Community 9,Channing Division of Network Medicine,1,1520,0.0006578947368421052,215
Community 9,City University of New York,1,1520,0.0006578947368421052,216
Community 9,Clínica Universidad de Navarra,1,1520,0.0006578947368421052,217
Community 9,Colorado State University Fort Collins,1,1520,0.0006578947368421052,218
Community 9,Cornell University,1,1520,0.0006578947368421052,219
Community 9,Dankook University,1,1520,0.0006578947368421052,220
Community 9,"Department of Chemical Pathology, National Health Laboratory Service, Faculty of Health Sciences, University of the Witwatersrand, Johannesburg, South Africa",1,1520,0.0006578947368421052,221
Community 9,"Department of Diabetes, University Hospital Birmingham, Birmingham, UK",1,1520,0.0006578947368421052,222
Community 9,"Department of Electrical and Computer Engineering, and.",1,1520,0.0006578947368421052,223
Community 9,Dhaka Medical College and Hospital,1,1520,0.0006578947368421052,224
Community 9,Division of Pulmonary and Critical Care Medicine,1,1520,0.0006578947368421052,225
Community 9,Ealing Hospital,1,1520,0.0006578947368421052,226
Community 9,Edge Hill University,1,1520,0.0006578947368421052,227
Community 9,Emory University,1,1520,0.0006578947368421052,228
Community 9,Epsom and St Helier University Hospitals NHS Trust,1,1520,0.0006578947368421052,229
Community 9,Finnish Meteorological Institute,1,1520,0.0006578947368421052,230
Community 9,Fondazione IRCCS Ca' Granda Ospedale Maggiore Policlinico,1,1520,0.0006578947368421052,231
Community 9,"GSK R&D, Collegeville, PA, USA",1,1520,0.0006578947368421052,232
Community 9,George Washington University,1,1520,0.0006578947368421052,233
Community 9,"H3Africa Bioinformatics Network (H3ABioNet) Node, Centre for Genomics Research and Innovation, NABDA/FMST, Abuja 901101, Nigeria;, oyekan.nash@gmail.com",1,1520,0.0006578947368421052,234
Community 9,Haukeland University Hospital,1,1520,0.0006578947368421052,235
Community 9,Health & Safety Laboratory,1,1520,0.0006578947368421052,236
Community 9,Henry Ford Health System,1,1520,0.0006578947368421052,237
Community 9,Hospital Nacional de Niños,1,1520,0.0006578947368421052,238
Community 9,Hospital Sant Joan de Déu Barcelona,1,1520,0.0006578947368421052,239
Community 9,Hospital Universitari Germans Trias i Pujol,1,1520,0.0006578947368421052,240
Community 9,Hospital Universitario de Gran Canaria Doctor Negrín,1,1520,0.0006578947368421052,241
Community 9,Hospital de Sant Pau,1,1520,0.0006578947368421052,242
Community 9,Hospital for Tropical Diseases,1,1520,0.0006578947368421052,243
Community 9,Hull York Medical School,1,1520,0.0006578947368421052,244
Community 9,Imperial College Healthcare NHS Trust,1,1520,0.0006578947368421052,245
Community 9,Indiana University School of Medicine,1,1520,0.0006578947368421052,246
Community 9,Institut d'Investigació Biomédica de Bellvitge,1,1520,0.0006578947368421052,247
Community 9,Institut de Recherche en Sciences de la Santé,1,1520,0.0006578947368421052,248
Community 9,Institute of Physical Chemistry,1,1520,0.0006578947368421052,249
Community 9,Instytut Gruźlicy i Chorób Płuc,1,1520,0.0006578947368421052,250
Community 9,"Jane Symons Media, London, UK",1,1520,0.0006578947368421052,251
Community 9,"Karonga Prevention Study, Chilumba, Malawi",1,1520,0.0006578947368421052,252
Community 9,King Saud bin Abdulaziz University for Health Sciences,1,1520,0.0006578947368421052,253
Community 9,King's College Hospital,1,1520,0.0006578947368421052,254
Community 9,King's Fund,1,1520,0.0006578947368421052,255
Community 9,Kurdistan University of Medical Sciences,1,1520,0.0006578947368421052,256
Community 9,Lancaster University,1,1520,0.0006578947368421052,257
Community 9,Leeds Teaching Hospitals NHS Trust,1,1520,0.0006578947368421052,258
Community 9,Leicester Royal Infirmary,1,1520,0.0006578947368421052,259
Community 9,Leiden University Medical Center,1,1520,0.0006578947368421052,260
Community 9,Levanger Hospital,1,1520,0.0006578947368421052,261
Community 9,Liverpool University Hospitals NHS Foundation Trust,1,1520,0.0006578947368421052,262
Community 9,Louisiana State University Health Sciences Center New Orleans,1,1520,0.0006578947368421052,263
Community 9,Lundquist Institute for Biomedical Innovation at Harbor-UCLA Medical Center,1,1520,0.0006578947368421052,264
Community 9,Lurie Children's Hospital,1,1520,0.0006578947368421052,265
Community 9,MRC Weatherall Institute of Molecular Medicine,1,1520,0.0006578947368421052,266
Community 9,Mahidol University,1,1520,0.0006578947368421052,267
Community 9,McGill University,1,1520,0.0006578947368421052,268
Community 9,Merck Research Laboratories,1,1520,0.0006578947368421052,269
Community 9,Mid Yorkshire NHS Trust.,1,1520,0.0006578947368421052,270
Community 9,Middlebury College,1,1520,0.0006578947368421052,271
Community 9,Moorfields Eye Hospital NHS Foundation Trust,1,1520,0.0006578947368421052,272
Community 9,NHS Lanarkshire,1,1520,0.0006578947368421052,273
Community 9,NIHR Imperial Biomedical Research Centre,1,1520,0.0006578947368421052,274
Community 9,NIHR Nottingham Hearing Biomedical Research Unit,1,1520,0.0006578947368421052,275
Community 9,NIHR Southampton Biomedical Research Centre,1,1520,0.0006578947368421052,276
Community 9,Nara Medical University,1,1520,0.0006578947368421052,277
Community 9,National Eye Institute,1,1520,0.0006578947368421052,278
Community 9,National Human Genome Research Institute,1,1520,0.0006578947368421052,279
Community 9,Natural Resources Wales,1,1520,0.0006578947368421052,280
Community 9,NeoGenomics Inc,1,1520,0.0006578947368421052,281
Community 9,Newcastle upon Tyne Hospitals NHS Foundation Trust,1,1520,0.0006578947368421052,282
Community 9,Ningbo First Hospital,1,1520,0.0006578947368421052,283
Community 9,Northwestern University,1,1520,0.0006578947368421052,284
Community 9,Norwegian University of Science and Technology,1,1520,0.0006578947368421052,285
Community 9,Nottingham City Hospital,1,1520,0.0006578947368421052,286
Community 9,Nottingham University Hospitals NHS Trust,1,1520,0.0006578947368421052,287
Community 9,Novartis AG,1,1520,0.0006578947368421052,288
Community 9,Oregon Health & Science University,1,1520,0.0006578947368421052,289
Community 9,Orion Oyj,1,1520,0.0006578947368421052,290
Community 9,"Orion Pharma, Nottingham NG1 2GB, UK",1,1520,0.0006578947368421052,291
Community 9,Philippine Heart Center,1,1520,0.0006578947368421052,292
Community 9,QIMR Berghofer Medical Research Institute,1,1520,0.0006578947368421052,293
Community 9,RMIT University,1,1520,0.0006578947368421052,294
Community 9,Regeneron Pharmaceuticals Inc,1,1520,0.0006578947368421052,295
Community 9,Royal Surrey County Hospital,1,1520,0.0006578947368421052,296
Community 9,"Rutgers, The State University of New Jersey",1,1520,0.0006578947368421052,297
Community 9,Sheffield Teaching Hospitals NHS Foundation Trust,1,1520,0.0006578947368421052,298
Community 9,Sher-i-Kashmir Institute of Medical Sciences,1,1520,0.0006578947368421052,299
Community 9,Sir Charles Gairdner Hospital,1,1520,0.0006578947368421052,300
Community 9,Sonoma Technology Inc,1,1520,0.0006578947368421052,301
Community 9,South Shore Hospital,1,1520,0.0006578947368421052,302
Community 9,Southmead Hospital,1,1520,0.0006578947368421052,303
Community 9,St Olav's University Hospital,1,1520,0.0006578947368421052,304
Community 9,St Thomas' Hospital,1,1520,0.0006578947368421052,305
Community 9,St. Jude Children's Research Hospital,1,1520,0.0006578947368421052,306
Community 9,Suez Canal University,1,1520,0.0006578947368421052,307
Community 9,Technion Israel Institute of Technology,1,1520,0.0006578947368421052,308
Community 9,Texas A&M University,1,1520,0.0006578947368421052,309
Community 9,"The Epidemiological Laboratory, Khartoum, Sudan.",1,1520,0.0006578947368421052,310
Community 9,The Francis Crick Institute Ltd,1,1520,0.0006578947368421052,311
Community 9,The Methodist Hospital,1,1520,0.0006578947368421052,312
Community 9,The University of Sydney,1,1520,0.0006578947368421052,313
Community 9,The University of Texas Southwestern Medical Center,1,1520,0.0006578947368421052,314
Community 9,The University of Tokyo,1,1520,0.0006578947368421052,315
Community 9,Tianjin Centers for Disease Control and Prevention,1,1520,0.0006578947368421052,316
Community 9,Tongji University,1,1520,0.0006578947368421052,317
Community 9,Tsinghua University,1,1520,0.0006578947368421052,318
Community 9,USC University Hospital Complex,1,1520,0.0006578947368421052,319
Community 9,University Hospital Cologne,1,1520,0.0006578947368421052,320
Community 9,University Hospital of Lausanne,1,1520,0.0006578947368421052,321
Community 9,University Hospitals Birmingham NHS Foundation Trust,1,1520,0.0006578947368421052,322
Community 9,University Hospitals Cleveland Medical Center,1,1520,0.0006578947368421052,323
Community 9,University of Agder,1,1520,0.0006578947368421052,324
Community 9,University of Arizona Health Sciences,1,1520,0.0006578947368421052,325
Community 9,University of Auckland,1,1520,0.0006578947368421052,326
Community 9,University of Basel,1,1520,0.0006578947368421052,327
Community 9,University of Botswana,1,1520,0.0006578947368421052,328
Community 9,University of Buea,1,1520,0.0006578947368421052,329
Community 9,University of Chieti-Pescara,1,1520,0.0006578947368421052,330
Community 9,University of Connecticut Health Center,1,1520,0.0006578947368421052,331
Community 9,University of Eastern Finland,1,1520,0.0006578947368421052,332
Community 9,University of Essex,1,1520,0.0006578947368421052,333
Community 9,University of Florence,1,1520,0.0006578947368421052,334
Community 9,University of Florida,1,1520,0.0006578947368421052,335
Community 9,University of Helsinki,1,1520,0.0006578947368421052,336
Community 9,University of Hull,1,1520,0.0006578947368421052,337
Community 9,University of Iceland,1,1520,0.0006578947368421052,338
Community 9,University of Illinois at Peoria,1,1520,0.0006578947368421052,339
Community 9,University of Kansas,1,1520,0.0006578947368421052,340
Community 9,University of KwaZulu-Natal,1,1520,0.0006578947368421052,341
Community 9,University of Oulu,1,1520,0.0006578947368421052,342
Community 9,University of Pittsburgh Medical Center,1,1520,0.0006578947368421052,343
Community 9,University of Sousse,1,1520,0.0006578947368421052,344
Community 9,University of Southern California,1,1520,0.0006578947368421052,345
Community 9,University of Sussex,1,1520,0.0006578947368421052,346
Community 9,University of Tartu,1,1520,0.0006578947368421052,347
Community 9,University of Turku,1,1520,0.0006578947368421052,348
Community 9,University of Ulster,1,1520,0.0006578947368421052,349
Community 9,University of Warwick,1,1520,0.0006578947368421052,350
Community 9,University of the Basque Country,1,1520,0.0006578947368421052,351
Community 9,Université Paris Cité,1,1520,0.0006578947368421052,352
Community 9,Uppsala University,1,1520,0.0006578947368421052,353
Community 9,VA Boston Healthcare System,1,1520,0.0006578947368421052,354
Community 9,"Variant Bio, Seattle, WA, USA",1,1520,0.0006578947368421052,355
Community 9,Washington University in St. Louis,1,1520,0.0006578947368421052,356
Community 9,Weill Medical College of Cornell University,1,1520,0.0006578947368421052,357
Community 9,Wellcome Centre for Human Genetics,1,1520,0.0006578947368421052,358
Community 9,William Harvey Research Institute,1,1520,0.0006578947368421052,359
Community 9,Wishaw General Hospital,1,1520,0.0006578947368421052,360
Community 9,Wythenshawe Hospital,1,1520,0.0006578947368421052,361
Other communities,Southern Medical University,709,40225,0.017625854568054693,1
Other communities,Zhejiang University,638,40225,0.01586078309509012,2
Other communities,University of Oxford,535,40225,0.013300186451211933,3
Other communities,Sun Yat-sen University,478,40225,0.011883157240522064,4
Other communities,West China Hospital of Sichuan University,476,40225,0.011833436917339962,5
Other communities,Shanghai Jiao Tong University,475,40225,0.011808576755748913,6
Other communities,Peking University,333,40225,0.008278433809819763,7
Other communities,Nanjing Medical University,313,40225,0.007781230577998757,8
Other communities,Harvard University,312,40225,0.007756370416407706,9
Other communities,Tongji Medical College of Huazhong University of Science and Technology,310,40225,0.007706650093225606,10
Other communities,Xiangya Hospital Central South University,308,40225,0.007656929770043505,11
Other communities,McGill University,302,40225,0.007507768800497203,12
Other communities,Regeneron Pharmaceuticals Inc,271,40225,0.006737103791174643,13
Other communities,Central South University,265,40225,0.00658794282162834,14
Other communities,Fudan University,264,40225,0.00656308266003729,15
Other communities,Sichuan University,246,40225,0.006115599751398384,16
Other communities,Xi'an Jiaotong University,244,40225,0.006065879428216283,17
Other communities,Yale University,230,40225,0.005717837165941579,18
Other communities,Massachusetts General Hospital,225,40225,0.005593536357986327,19
Other communities,Soochow University,224,40225,0.005568676196395277,20
Other communities,Fujian Medical University,223,40225,0.005543816034804226,21
Other communities,Shandong University,218,40225,0.005419515226848974,22
Other communities,Tongji Hospital Affiliated to Tongji Medical College of Huazhong University of Science & Technology,208,40225,0.005170913610938471,23
Other communities,University College London,198,40225,0.0049223119950279675,24
Other communities,University of Pennsylvania,185,40225,0.004599129894344313,25
Other communities,University of Exeter,182,40225,0.004524549409571162,26
Other communities,Unknown institution,180,40225,0.004474829086389061,27
Other communities,University of Bristol,178,40225,0.004425108763206961,28
Other communities,Monash University,176,40225,0.00437538844002486,29
Other communities,Zhejiang Chinese Medical University,170,40225,0.004226227470478558,30
Other communities,Guangzhou Medical University,168,40225,0.0041765071472964575,31
Other communities,First Hospital of Jilin University,167,40225,0.004151646985705407,32
Other communities,Uppsala University,165,40225,0.004101926662523307,33
Other communities,Anhui Medical University,160,40225,0.003977625854568055,34
Other communities,Second Xiangya Hospital of Central South University,155,40225,0.003853325046612803,35
Other communities,Tianjin Medical University,155,40225,0.003853325046612803,36
Other communities,University of Copenhagen,155,40225,0.003853325046612803,37
Other communities,Icahn School of Medicine at Mount Sinai,153,40225,0.0038036047234307024,38
Other communities,King's College London,152,40225,0.003778744561839652,39
Other communities,"University of California, Los Angeles",151,40225,0.0037538844002486015,40
Other communities,The University of Sydney,150,40225,0.0037290242386575512,41
Other communities,Huashan Hospital,149,40225,0.003704164077066501,42
Other communities,Imperial College London,148,40225,0.0036793039154754507,43
Other communities,Harbin Medical University,141,40225,0.003505282784338098,44
Other communities,Wenzhou Medical University,138,40225,0.0034307022995649474,45
Other communities,University of Michigan-Ann Arbor,137,40225,0.0034058421379738967,46
Other communities,Yonsei University,137,40225,0.0034058421379738967,47
Other communities,Peking Union Medical College Hospital,136,40225,0.0033809819763828465,48
Other communities,Karolinska Institutet,135,40225,0.003356121814791796,49
Other communities,University of Toronto,133,40225,0.0033064014916096953,50
Other communities,Capital Medical University,132,40225,0.003281541330018645,51
Other communities,University of Manchester,132,40225,0.003281541330018645,52
Other communities,Chinese University of Hong Kong,131,40225,0.0032566811684275948,53
Other communities,Washington University in St. Louis,131,40225,0.0032566811684275948,54
Other communities,Decode Genetics ehf,128,40225,0.0031821006836544436,55
Other communities,MRC Integrative Epidemiology Unit,128,40225,0.0031821006836544436,56
Other communities,"Fuwai Hospital, CAMS&PUMC",123,40225,0.003057799875699192,57
Other communities,Stanford University,123,40225,0.003057799875699192,58
Other communities,Union Hospital Tongji Medical College Huazhong University of Science and Technology,119,40225,0.0029583592293349905,59
Other communities,University of Melbourne,117,40225,0.00290863890615289,60
Other communities,Rigshospitalet,115,40225,0.0028589185829707895,61
Other communities,Tianjin Medical University General Hospital,115,40225,0.0028589185829707895,62
Other communities,Beijing University of Chinese Medicine,111,40225,0.002759477936606588,63
Other communities,Chinese Academy of Medical Sciences & Peking Union Medical College,110,40225,0.002734617775015538,64
Other communities,First Affiliated Hospital of Chongqing Medical University,108,40225,0.002684897451833437,65
Other communities,Zhengzhou University,107,40225,0.0026600372902423866,66
Other communities,First Affiliated Hospital of Zhengzhou University,105,40225,0.0026103169670602857,67
Other communities,Renmin Hospital of Wuhan University,105,40225,0.0026103169670602857,68
Other communities,University of North Carolina at Chapel Hill,103,40225,0.002560596643878185,69
Other communities,State Key Laboratory of Cardiovascular Disease,102,40225,0.002535736482287135,70
Other communities,"University of California, San Francisco",102,40225,0.002535736482287135,71
Other communities,University of Edinburgh,102,40225,0.002535736482287135,72
Other communities,University of Cambridge,101,40225,0.0025108763206960847,73
Other communities,Johns Hopkins University,100,40225,0.002486016159105034,74
Other communities,University of Southern California,100,40225,0.002486016159105034,75
Other communities,Chongqing Medical University,95,40225,0.0023617153511497823,76
Other communities,University of Chicago,95,40225,0.0023617153511497823,77
Other communities,Vanderbilt University Medical Center,95,40225,0.0023617153511497823,78
Other communities,Jiangsu Province Hospital,94,40225,0.002336855189558732,79
Other communities,Sheng Jing Hospital,93,40225,0.002311995027967682,80
Other communities,University of Wisconsin-Madison,93,40225,0.002311995027967682,81
Other communities,Guangzhou University of Chinese Medicine,92,40225,0.0022871348663766316,82
Other communities,Newcastle University,92,40225,0.0022871348663766316,83
Other communities,"University of California, San Diego",92,40225,0.0022871348663766316,84
Other communities,UNSW Sydney,90,40225,0.0022374145431945307,85
Other communities,Seoul National University,89,40225,0.0022125543816034804,86
Other communities,Southeast University,89,40225,0.0022125543816034804,87
Other communities,Jinan University,88,40225,0.00218769422001243,88
Other communities,University of Hong Kong,88,40225,0.00218769422001243,89
Other communities,The Seventh Affiliated Hospital of Sun Yat-sen University,85,40225,0.002113113735239279,90
Other communities,Chengdu University of Traditional Chinese Medicine,81,40225,0.0020136730888750775,91
Other communities,Adelaide University,80,40225,0.0019888129272840273,92
Other communities,Duke University,79,40225,0.001963952765692977,93
Other communities,Guangdong Provincial People’s Hospital,79,40225,0.001963952765692977,94
Other communities,Jilin University,79,40225,0.001963952765692977,95
Other communities,Boston University,77,40225,0.0019142324425108763,96
Other communities,First Affiliated Hospital of Guangzhou Medical University,77,40225,0.0019142324425108763,97
Other communities,First Affiliated Hospital of Sun Yat-sen University,77,40225,0.0019142324425108763,98
Other communities,Shanxi Medical University,77,40225,0.0019142324425108763,99
Other communities,Broad Institute,76,40225,0.001889372280919826,100
Other communities,Google LLC,75,40225,0.0018645121193287756,101
Other communities,University of Helsinki,75,40225,0.0018645121193287756,102
Other communities,Zhongnan Hospital of Wuhan University,75,40225,0.0018645121193287756,103
Other communities,Qingdao University,74,40225,0.0018396519577377254,104
Other communities,Beijing Friendship Hospital,73,40225,0.001814791796146675,105
Other communities,Guangxi Medical University,73,40225,0.001814791796146675,106
Other communities,Vanderbilt University,73,40225,0.001814791796146675,107
Other communities,University of Birmingham,72,40225,0.0017899316345556247,108
Other communities,Ningbo University,71,40225,0.0017650714729645742,109
Other communities,University of Florida,71,40225,0.0017650714729645742,110
Other communities,Beijing Anzhen Hospital,70,40225,0.001740211311373524,111
Other communities,Columbia University,70,40225,0.001740211311373524,112
Other communities,Cornell University,70,40225,0.001740211311373524,113
Other communities,Peking University First Hospital,68,40225,0.0016904909881914232,114
Other communities,Xuan Wu Hospital of the Capital Medical University,68,40225,0.0016904909881914232,115
Other communities,Zhongshan Hospital,68,40225,0.0016904909881914232,116
Other communities,Shanghai Ninth People's Hospital,67,40225,0.001665630826600373,117
Other communities,University of Gothenburg,67,40225,0.001665630826600373,118
Other communities,First Affiliated Hospital of Anhui Medical University,66,40225,0.0016407706650093225,119
Other communities,Queen Mary University of London,66,40225,0.0016407706650093225,120
Other communities,China-Japan Friendship Hospital,65,40225,0.0016159105034182723,121
Other communities,Erasmus MC,65,40225,0.0016159105034182723,122
Other communities,Chinese PLA General Hospital,64,40225,0.0015910503418272218,123
Other communities,Shandong Provincial Hospital,64,40225,0.0015910503418272218,124
Other communities,University of Iceland,64,40225,0.0015910503418272218,125
Other communities,Nanchang University,63,40225,0.0015661901802361715,126
Other communities,Qilu Hospital of Shandong University,63,40225,0.0015661901802361715,127
Other communities,University of Liverpool,63,40225,0.0015661901802361715,128
Other communities,Second Affiliated Hospital of Xi'an Jiaotong University,62,40225,0.0015413300186451213,129
Other communities,"University of Maryland, Baltimore",62,40225,0.0015413300186451213,130
Other communities,University of Washington,62,40225,0.0015413300186451213,131
Other communities,First Affiliated Hospital of Xi'an Jiaotong University,61,40225,0.0015164698570540708,132
Other communities,Tongji University,60,40225,0.0014916096954630206,133
Other communities,China Academy of Chinese Medical Sciences,59,40225,0.0014667495338719701,134
Other communities,Peking University Third Hospital,59,40225,0.0014667495338719701,135
Other communities,Sun Yat-sen University Cancer Center,59,40225,0.0014667495338719701,136
Other communities,First Affiliated Hospital of Wenzhou Medical University,58,40225,0.0014418893722809199,137
Other communities,Air Force Medical University,57,40225,0.0014170292106898694,138
Other communities,First Affiliated Hospital of GuangXi Medical University,57,40225,0.0014170292106898694,139
Other communities,McMaster University,57,40225,0.0014170292106898694,140
Other communities,Seoul National University Hospital,57,40225,0.0014170292106898694,141
Other communities,University of Calgary,57,40225,0.0014170292106898694,142
Other communities,University of Queensland,57,40225,0.0014170292106898694,143
Other communities,China Medical University,56,40225,0.0013921690490988192,144
Other communities,Karolinska University Hospital,56,40225,0.0013921690490988192,145
Other communities,University of Bonn,56,40225,0.0013921690490988192,146
Other communities,Hunan University of Traditional Chinese Medicine,55,40225,0.001367308887507769,147
Other communities,National Taiwan University,55,40225,0.001367308887507769,148
Other communities,University of Arizona,55,40225,0.001367308887507769,149
Other communities,Virginia Commonwealth University,55,40225,0.001367308887507769,150
Other communities,First Hospital of China Medical University,54,40225,0.0013424487259167184,151
Other communities,Helmholtz Zentrum München,54,40225,0.0013424487259167184,152
Other communities,Copenhagen University Hospital,52,40225,0.0012927284027346177,153
Other communities,Emory University,52,40225,0.0012927284027346177,154
Other communities,First Affiliated Hospital of Harbin Medical University,52,40225,0.0012927284027346177,155
Other communities,Mayo Clinic,52,40225,0.0012927284027346177,156
Other communities,Tsinghua University,52,40225,0.0012927284027346177,157
Other communities,Institut Universitaire de Cardiologie et de Pneumologie de Québec,51,40225,0.0012678682411435675,158
Other communities,Tianjin Medical University Cancer Institute and Hospital,51,40225,0.0012678682411435675,159
Other communities,University of Minnesota Twin Cities,51,40225,0.0012678682411435675,160
Other communities,Xuzhou Medical College,51,40225,0.0012678682411435675,161
Other communities,Endeavor Health Clinical Operations,50,40225,0.001243008079552517,162
Other communities,European Bioinformatics Institute,50,40225,0.001243008079552517,163
Other communities,Lanzhou University,50,40225,0.001243008079552517,164
Other communities,The University of Texas at Austin,50,40225,0.001243008079552517,165
Other communities,Tulane University,50,40225,0.001243008079552517,166
Other communities,Baylor College of Medicine,49,40225,0.0012181479179614668,167
Other communities,New York University,49,40225,0.0012181479179614668,168
Other communities,University of South China,49,40225,0.0012181479179614668,169
Other communities,Centre for Addiction and Mental Health,48,40225,0.0011932877563704165,170
Other communities,Lund University,48,40225,0.0011932877563704165,171
Other communities,Second Hospital of Anhui Medical University,48,40225,0.0011932877563704165,172
Other communities,University of Chinese Academy of Sciences,48,40225,0.0011932877563704165,173
Other communities,University of Science and Technology of China,48,40225,0.0011932877563704165,174
Other communities,Leiden University Medical Center,47,40225,0.001168427594779366,175
Other communities,Nanjing University,47,40225,0.001168427594779366,176
Other communities,Nanjing University of Chinese Medicine,47,40225,0.001168427594779366,177
Other communities,National Institute on Aging,47,40225,0.001168427594779366,178
Other communities,University of Pittsburgh,47,40225,0.001168427594779366,179
Other communities,KU Leuven,45,40225,0.0011187072715972653,180
Other communities,Boston Children's Hospital,44,40225,0.001093847110006215,181
Other communities,Ningxia Medical University,44,40225,0.001093847110006215,182
Other communities,State Key Laboratory of Cognitive Neuroscience and Learning,44,40225,0.001093847110006215,183
Other communities,University Medical Center Groningen,44,40225,0.001093847110006215,184
Other communities,Université Laval,44,40225,0.001093847110006215,185
Other communities,Beijing Tian Tan Hospital,43,40225,0.0010689869484151646,186
Other communities,First Affiliated Hospital of Jinan University,43,40225,0.0010689869484151646,187
Other communities,The Brigham and Women's Hospital Inc,43,40225,0.0010689869484151646,188
Other communities,University of Electronic Science and Technology of China,43,40225,0.0010689869484151646,189
Other communities,Beth Israel Deaconess Medical Center,42,40225,0.0010441267868241144,190
Other communities,Centre Hospitalier Universitaire de Nantes,42,40225,0.0010441267868241144,191
Other communities,Genomics England Ltd,42,40225,0.0010441267868241144,192
Other communities,National University Hospital of Iceland,42,40225,0.0010441267868241144,193
Other communities,Shenzhen University,42,40225,0.0010441267868241144,194
Other communities,The University of Texas Health Science Center at Houston,42,40225,0.0010441267868241144,195
Other communities,Affiliated Hospital of Guangdong Medical University,41,40225,0.0010192666252330641,196
Other communities,Beijing Hospital,41,40225,0.0010192666252330641,197
Other communities,First Affiliated Hospital of Soochow University,41,40225,0.0010192666252330641,198
Other communities,Hangzhou Normal University,41,40225,0.0010192666252330641,199
Other communities,Norwegian University of Science and Technology,41,40225,0.0010192666252330641,200
Other communities,Second Affiliated Hospital of Harbin Medical University,41,40225,0.0010192666252330641,201
Other communities,Shandong University of Traditional Chinese Medicine,41,40225,0.0010192666252330641,202
Other communities,Wuhan University,41,40225,0.0010192666252330641,203
Other communities,Albert Einstein College of Medicine,40,40225,0.0009944064636420136,204
Other communities,Hangzhou Medical College,40,40225,0.0009944064636420136,205
Other communities,University of Amsterdam,40,40225,0.0009944064636420136,206
Other communities,University of Colorado Anschutz Medical Campus,40,40225,0.0009944064636420136,207
Other communities,University of Western Australia,40,40225,0.0009944064636420136,208
Other communities,Beijing Tongren Hospital,39,40225,0.0009695463020509633,209
Other communities,Michigan State University,39,40225,0.0009695463020509633,210
Other communities,Fondazione IRCCS Ca' Granda Ospedale Maggiore Policlinico,38,40225,0.000944686140459913,211
Other communities,Huadong Hospital,38,40225,0.000944686140459913,212
Other communities,Second Affiliated Hospital of Chongqing Medical University,38,40225,0.000944686140459913,213
Other communities,Second Military Medical University,38,40225,0.000944686140459913,214
Other communities,Technical University of Munich,38,40225,0.000944686140459913,215
Other communities,University of Alabama at Birmingham,38,40225,0.000944686140459913,216
Other communities,University of Surrey,38,40225,0.000944686140459913,217
Other communities,École Polytechnique Fédérale de Lausanne,38,40225,0.000944686140459913,218
Other communities,Eye & ENT Hospital of Fudan University,37,40225,0.0009198259788688627,219
Other communities,Centre Hospitalier Universitaire de Lille,36,40225,0.0008949658172778123,220
Other communities,National Cancer Institute,36,40225,0.0008949658172778123,221
Other communities,The Pennsylvania State University,36,40225,0.0008949658172778123,222
Other communities,Third Affiliated Hospital of Sun Yat-sen University,36,40225,0.0008949658172778123,223
Other communities,University of Colorado Boulder,36,40225,0.0008949658172778123,224
Other communities,University of Lille,36,40225,0.0008949658172778123,225
Other communities,University of Southampton,36,40225,0.0008949658172778123,226
Other communities,University of Utah,36,40225,0.0008949658172778123,227
Other communities,Cleveland Clinic,35,40225,0.000870105655686762,228
Other communities,Kyung Hee University,35,40225,0.000870105655686762,229
Other communities,National University of Singapore,35,40225,0.000870105655686762,230
Other communities,Queen's University Belfast,35,40225,0.000870105655686762,231
Other communities,Rockefeller University,35,40225,0.000870105655686762,232
Other communities,Wellcome Sanger Institute,35,40225,0.000870105655686762,233
Other communities,West China Second University Hospital of Sichuan University,35,40225,0.000870105655686762,234
Other communities,Westlake University,35,40225,0.000870105655686762,235
Other communities,Second Affiliated Hospital of Zhejiang University School of Medicine,34,40225,0.0008452454940957116,236
Other communities,Shandong First Medical University & Shandong Academy of Medical Sciences,34,40225,0.0008452454940957116,237
Other communities,University of Zurich,34,40225,0.0008452454940957116,238
Other communities,Affiliated Hospital of Qingdao University,33,40225,0.0008203853325046613,239
Other communities,Children's Hospital of Philadelphia,33,40225,0.0008203853325046613,240
Other communities,Sun Yat-sen Memorial Hospital,33,40225,0.0008203853325046613,241
Other communities,University Hospital of Zurich,33,40225,0.0008203853325046613,242
Other communities,Xiamen University,33,40225,0.0008203853325046613,243
Other communities,City University of Hong Kong,32,40225,0.0007955251709136109,244
Other communities,Indiana University School of Medicine,32,40225,0.0007955251709136109,245
Other communities,Max Delbrück Center for Molecular Medicine,32,40225,0.0007955251709136109,246
Other communities,Second Hospital of Hebei Medical University,32,40225,0.0007955251709136109,247
Other communities,"University of California, Davis",32,40225,0.0007955251709136109,248
Other communities,University of Montreal,32,40225,0.0007955251709136109,249
Other communities,University of Nottingham,32,40225,0.0007955251709136109,250
Other communities,University of Palermo,32,40225,0.0007955251709136109,251
Other communities,AbbVie Inc,31,40225,0.0007706650093225606,252
Other communities,Army Medical University,31,40225,0.0007706650093225606,253
Other communities,Hong Kong Polytechnic University,31,40225,0.0007706650093225606,254
Other communities,KTH Royal Institute of Technology,31,40225,0.0007706650093225606,255
Other communities,London School of Hygiene & Tropical Medicine,31,40225,0.0007706650093225606,256
Other communities,Peking University Shenzhen Hospital,31,40225,0.0007706650093225606,257
Other communities,Rady Children's Hospital-San Diego,31,40225,0.0007706650093225606,258
Other communities,University Hospital of Lausanne,31,40225,0.0007706650093225606,259
Other communities,University of Sheffield,31,40225,0.0007706650093225606,260
Other communities,Xinjiang Medical University,31,40225,0.0007706650093225606,261
Other communities,Affiliated Hospital of Southwest Medical University,30,40225,0.0007458048477315103,262
Other communities,Baker IDI Heart and Diabetes Institute,30,40225,0.0007458048477315103,263
Other communities,Henan Provincial People's Hospital,30,40225,0.0007458048477315103,264
Other communities,Jiangnan University,30,40225,0.0007458048477315103,265
Other communities,Northwestern University,30,40225,0.0007458048477315103,266
Other communities,UK Biobank,30,40225,0.0007458048477315103,267
Other communities,University of Tartu,30,40225,0.0007458048477315103,268
Other communities,University of Virginia,30,40225,0.0007458048477315103,269
Other communities,Aarhus University,29,40225,0.0007209446861404599,270
Other communities,Calico Life Sciences LLC,29,40225,0.0007209446861404599,271
Other communities,Hubei University of Medicine,29,40225,0.0007209446861404599,272
Other communities,Innsbruck Medical University,29,40225,0.0007209446861404599,273
Other communities,Second Affiliated Hospital of Fujian Medical University,29,40225,0.0007209446861404599,274
Other communities,Shanghai University of Traditional Chinese Medicine,29,40225,0.0007209446861404599,275
Other communities,The University of Tokyo,29,40225,0.0007209446861404599,276
Other communities,"University of California, Berkeley",29,40225,0.0007209446861404599,277
Other communities,University of Iowa,29,40225,0.0007209446861404599,278
Other communities,Université Paris Cité,29,40225,0.0007209446861404599,279
Other communities,Cardiff University,28,40225,0.0006960845245494096,280
Other communities,Chinese Academy of Medical Sciences,28,40225,0.0006960845245494096,281
Other communities,Georgia Institute of Technology,28,40225,0.0006960845245494096,282
Other communities,Hospital of Chengdu University of Traditional Chinese,28,40225,0.0006960845245494096,283
Other communities,National Yang Ming Chiao Tung University,28,40225,0.0006960845245494096,284
Other communities,Radboud University Nijmegen Medical Centre,28,40225,0.0006960845245494096,285
Other communities,University Medical Center Hamburg-Eppendorf,28,40225,0.0006960845245494096,286
Other communities,"University of California, Irvine",28,40225,0.0006960845245494096,287
Other communities,Case Western Reserve University,27,40225,0.0006712243629583592,288
Other communities,First Affiliated Hospital of Shantou University Medical College,27,40225,0.0006712243629583592,289
Other communities,First Hospital of Lanzhou University,27,40225,0.0006712243629583592,290
Other communities,Huazhong University of Science and Technology,27,40225,0.0006712243629583592,291
Other communities,Tianjin University of Traditional Chinese Medicine,27,40225,0.0006712243629583592,292
Other communities,Affiliated Hospital of North Sichuan Medical College,26,40225,0.0006463642013673089,293
Other communities,Amsterdam University Medical Centers,26,40225,0.0006463642013673089,294
Other communities,ETH Zurich,26,40225,0.0006463642013673089,295
Other communities,Guangdong Medical College,26,40225,0.0006463642013673089,296
Other communities,Ludwig-Maximilians-Universität München,26,40225,0.0006463642013673089,297
Other communities,Nanfang Hospital,26,40225,0.0006463642013673089,298
Other communities,Taipei Medical University,26,40225,0.0006463642013673089,299
Other communities,The University of Texas Southwestern Medical Center,26,40225,0.0006463642013673089,300
Other communities,Third Affiliated Hospital of Harbin Medical University,26,40225,0.0006463642013673089,301
Other communities,Universitair Ziekenhuis Leuven,26,40225,0.0006463642013673089,302
Other communities,University of Connecticut Health Center,26,40225,0.0006463642013673089,303
Other communities,University of Southern Denmark,26,40225,0.0006463642013673089,304
Other communities,Yangzhou University,26,40225,0.0006463642013673089,305
Other communities,First Affiliated Hospital of Dalian Medical University,25,40225,0.0006215040397762585,306
Other communities,First Affiliated Hospital of Xinxiang Medical University,25,40225,0.0006215040397762585,307
Other communities,Genentech Inc,25,40225,0.0006215040397762585,308
Other communities,Novo Nordisk Research Centre Oxford Ltd,25,40225,0.0006215040397762585,309
Other communities,Oklahoma State University,25,40225,0.0006215040397762585,310
Other communities,Sapienza University of Rome,25,40225,0.0006215040397762585,311
Other communities,State Key Laboratory of Oncology in South China,25,40225,0.0006215040397762585,312
Other communities,Sungkyunkwan University,25,40225,0.0006215040397762585,313
Other communities,Universidade de São Paulo,25,40225,0.0006215040397762585,314
Other communities,University of Eastern Finland,25,40225,0.0006215040397762585,315
Other communities,Beijing Chao-Yang Hospital,24,40225,0.0005966438781852083,316
Other communities,Beijing Normal University,24,40225,0.0005966438781852083,317
Other communities,Eighth Affiliated Hospital of Sun Yat-sen University,24,40225,0.0005966438781852083,318
Other communities,Garvan Institute of Medical Research,24,40225,0.0005966438781852083,319
Other communities,Geisinger Health System,24,40225,0.0005966438781852083,320
Other communities,Heilongjiang University of Chinese Medicine,24,40225,0.0005966438781852083,321
Other communities,Moffitt Cancer Center,24,40225,0.0005966438781852083,322
Other communities,National and Kapodistrian University of Athens,24,40225,0.0005966438781852083,323
Other communities,Ningbo No. 2 Hospital,24,40225,0.0005966438781852083,324
Other communities,Peking University Cancer Hospital,24,40225,0.0005966438781852083,325
Other communities,Shanghai East Hospital,24,40225,0.0005966438781852083,326
Other communities,Shanghai Institute of Nutrition and Health,24,40225,0.0005966438781852083,327
Other communities,Southern University of Science and Technology,24,40225,0.0005966438781852083,328
Other communities,University of Auckland,24,40225,0.0005966438781852083,329
Other communities,University of Bath,24,40225,0.0005966438781852083,330
Other communities,University of Freiburg,24,40225,0.0005966438781852083,331
Other communities,Brown University,23,40225,0.0005717837165941579,332
Other communities,Changhai Hospital,23,40225,0.0005717837165941579,333
Other communities,Hong Kong University of Science and Technology,23,40225,0.0005717837165941579,334
Other communities,Imagine Institut des Maladies Génétiques Necker Enfants Malades,23,40225,0.0005717837165941579,335
Other communities,LMU Klinikum,23,40225,0.0005717837165941579,336
Other communities,MRC Human Genetics Unit,23,40225,0.0005717837165941579,337
Other communities,Maastricht University Medical Centre,23,40225,0.0005717837165941579,338
Other communities,Manchester Academic Health Science Centre,23,40225,0.0005717837165941579,339
Other communities,The Francis Crick Institute Ltd,23,40225,0.0005717837165941579,340
Other communities,Umeå University,23,40225,0.0005717837165941579,341
Other communities,University Hospital Münster,23,40225,0.0005717837165941579,342
Other communities,University of Miami,23,40225,0.0005717837165941579,343
Other communities,Aarhus University Hospital,22,40225,0.0005469235550031075,344
Other communities,Centre for Genomic Regulation,22,40225,0.0005469235550031075,345
Other communities,Children's Hospital of Suzhou University,22,40225,0.0005469235550031075,346
Other communities,Dali University,22,40225,0.0005469235550031075,347
Other communities,Heinrich Heine University Düsseldorf,22,40225,0.0005469235550031075,348
Other communities,Helix Corp,22,40225,0.0005469235550031075,349
Other communities,Helsinki University Hospital,22,40225,0.0005469235550031075,350
Other communities,Hospital de Sant Pau,22,40225,0.0005469235550031075,351
Other communities,Huazhong Agricultural University,22,40225,0.0005469235550031075,352
Other communities,Institute for Molecular Medicine Finland,22,40225,0.0005469235550031075,353
Other communities,Iowa State University of Science and Technology,22,40225,0.0005469235550031075,354
Other communities,Ministry of Education of the People's Republic of China,22,40225,0.0005469235550031075,355
Other communities,Nantong University,22,40225,0.0005469235550031075,356
Other communities,National Institute of Environmental Health Sciences,22,40225,0.0005469235550031075,357
Other communities,Peking University People's Hospital,22,40225,0.0005469235550031075,358
Other communities,Ruijin Hospital,22,40225,0.0005469235550031075,359
Other communities,Second Affiliated Hospital & Yuying Children's Hospital of Wenzhou Medical University,22,40225,0.0005469235550031075,360
Other communities,Shenzhen Institutes of Advanced Technology,22,40225,0.0005469235550031075,361
Other communities,Southwest Medical University,22,40225,0.0005469235550031075,362
Other communities,Third Xiangya Hospital,22,40225,0.0005469235550031075,363
Other communities,University of Glasgow,22,40225,0.0005469235550031075,364
Other communities,University of Otago,22,40225,0.0005469235550031075,365
Other communities,University of Tasmania,22,40225,0.0005469235550031075,366
Other communities,Asan Medical Center,21,40225,0.0005220633934120572,367
Other communities,August Pi i Sunyer Biomedical Research Institute,21,40225,0.0005220633934120572,368
Other communities,Charité - University Medicine Berlin,21,40225,0.0005220633934120572,369
Other communities,First Affiliated Hospital of Nanchang University,21,40225,0.0005220633934120572,370
Other communities,Fox Chase Cancer Center,21,40225,0.0005220633934120572,371
Other communities,Huma Therapeutics Ltd,21,40225,0.0005220633934120572,372
Other communities,Linköping University,21,40225,0.0005220633934120572,373
Other communities,Maastricht University,21,40225,0.0005220633934120572,374
Other communities,Novo Nordisk AS,21,40225,0.0005220633934120572,375
Other communities,Second Affiliated Hospital of Soochow University,21,40225,0.0005220633934120572,376
Other communities,Second Hospital of Tianjin Medical University,21,40225,0.0005220633934120572,377
Other communities,Tel Aviv University,21,40225,0.0005220633934120572,378
Other communities,The Second Affiliated Hospital of Nanjing Medical University,21,40225,0.0005220633934120572,379
Other communities,University of Georgia,21,40225,0.0005220633934120572,380
Other communities,University of Leeds,21,40225,0.0005220633934120572,381
Other communities,VA Connecticut Healthcare System,21,40225,0.0005220633934120572,382
Other communities,Wellcome Centre for Human Genetics,21,40225,0.0005220633934120572,383
Other communities,First Affiliated Hospital of Kunming Medical University,20,40225,0.0004972032318210068,384
Other communities,Harbin Institute of Technology,20,40225,0.0004972032318210068,385
Other communities,Hvidovre Hospital,20,40225,0.0004972032318210068,386
Other communities,Jiangsu University,20,40225,0.0004972032318210068,387
Other communities,Kunming Medical University,20,40225,0.0004972032318210068,388
Other communities,MRC Weatherall Institute of Molecular Medicine,20,40225,0.0004972032318210068,389
Other communities,Medical University of South Carolina,20,40225,0.0004972032318210068,390
Other communities,Nankai University,20,40225,0.0004972032318210068,391
Other communities,National Health Research Institutes,20,40225,0.0004972032318210068,392
Other communities,Sahlgrenska University Hospital,20,40225,0.0004972032318210068,393
Other communities,Seoul National University Bundang Hospital,20,40225,0.0004972032318210068,394
Other communities,Shaanxi Provincial People's Hospital,20,40225,0.0004972032318210068,395
Other communities,Skåne University Hospital,20,40225,0.0004972032318210068,396
Other communities,Translational Genomics Research Institute,20,40225,0.0004972032318210068,397
Other communities,Trinity College Dublin,20,40225,0.0004972032318210068,398
Other communities,Union Hospital,20,40225,0.0004972032318210068,399
Other communities,AstraZeneca UK Ltd,19,40225,0.0004723430702299565,400
Other communities,Columbia University Irving Medical Center,19,40225,0.0004723430702299565,401
Other communities,German Center for Neurodegenerative Diseases,19,40225,0.0004723430702299565,402
Other communities,Guangdong Pharmaceutical University,19,40225,0.0004723430702299565,403
Other communities,Guiyang Medical University,19,40225,0.0004723430702299565,404
Other communities,Hebrew University of Jerusalem,19,40225,0.0004723430702299565,405
Other communities,Hospices Civils de Lyon,19,40225,0.0004723430702299565,406
Other communities,Insitro Inc,19,40225,0.0004723430702299565,407
Other communities,Lanzhou University Second Hospital,19,40225,0.0004723430702299565,408
Other communities,McGill University Health Centre,19,40225,0.0004723430702299565,409
Other communities,McLean Hospital,19,40225,0.0004723430702299565,410
Other communities,Medical University of Vienna,19,40225,0.0004723430702299565,411
Other communities,Second Affiliated Hospital of Guangzhou Medical University,19,40225,0.0004723430702299565,412
Other communities,Semmelweis University,19,40225,0.0004723430702299565,413
Other communities,Shanghai University of Sport,19,40225,0.0004723430702299565,414
Other communities,Shaoxing People's Hospital,19,40225,0.0004723430702299565,415
Other communities,University of British Columbia,19,40225,0.0004723430702299565,416
Other communities,University of East Anglia,19,40225,0.0004723430702299565,417
Other communities,University of Oklahoma Health Sciences Center,19,40225,0.0004723430702299565,418
Other communities,University of Oslo,19,40225,0.0004723430702299565,419
Other communities,University of Ottawa,19,40225,0.0004723430702299565,420
Other communities,University of Westminster,19,40225,0.0004723430702299565,421
Other communities,Wayne State University,19,40225,0.0004723430702299565,422
Other communities,Cedars-Sinai Medical Center,18,40225,0.00044748290863890616,423
Other communities,Chengdu Third People's Hospital,18,40225,0.00044748290863890616,424
Other communities,Duke University Medical Center,18,40225,0.00044748290863890616,425
Other communities,First Affiliated Hospital of Xiamen University,18,40225,0.00044748290863890616,426
Other communities,"Institute of Biomedical Sciences, Academia Sinica",18,40225,0.00044748290863890616,427
Other communities,Juntendo University,18,40225,0.00044748290863890616,428
Other communities,Khalifa University of Science and Technology,18,40225,0.00044748290863890616,429
Other communities,Longhua Hospital Shanghai University of Traditional Chinese Medicine,18,40225,0.00044748290863890616,430
Other communities,Michigan Technological University,18,40225,0.00044748290863890616,431
Other communities,Oxford University Hospitals NHS Trust,18,40225,0.00044748290863890616,432
Other communities,Pitié-Salpêtrière Hospital,18,40225,0.00044748290863890616,433
Other communities,Royal Devon & Exeter NHS Foundation Trust,18,40225,0.00044748290863890616,434
Other communities,Royal Devon and Exeter Hospital,18,40225,0.00044748290863890616,435
Other communities,Saint Louis University,18,40225,0.00044748290863890616,436
Other communities,Shantou University Medical College,18,40225,0.00044748290863890616,437
Other communities,Shenzhen Second People's Hospital,18,40225,0.00044748290863890616,438
Other communities,Suining Central Hospital,18,40225,0.00044748290863890616,439
Other communities,The Institute of Cancer Research: Royal Cancer Hospital,18,40225,0.00044748290863890616,440
Other communities,University Hospital Leipzig,18,40225,0.00044748290863890616,441
Other communities,University of Massachusetts Chan Medical School,18,40225,0.00044748290863890616,442
Other communities,University of Warwick,18,40225,0.00044748290863890616,443
Other communities,University of York,18,40225,0.00044748290863890616,444
Other communities,Xiangyang Central Hospital,18,40225,0.00044748290863890616,445
Other communities,Changchun University of Chinese Medicine,17,40225,0.0004226227470478558,446
Other communities,First Affiliated Hospital of Zhejiang University School of Medicine,17,40225,0.0004226227470478558,447
Other communities,Fujian Provincial Hospital,17,40225,0.0004226227470478558,448
Other communities,Hospital Del Mar,17,40225,0.0004226227470478558,449
Other communities,Hôpital Necker-Enfants Malades,17,40225,0.0004226227470478558,450
Other communities,Indian Institute of Science Bangalore,17,40225,0.0004226227470478558,451
Other communities,Institute of Cytology and Genetics,17,40225,0.0004226227470478558,452
Other communities,Massachusetts Institute of Technology,17,40225,0.0004226227470478558,453
Other communities,Montreal Heart Institute,17,40225,0.0004226227470478558,454
Other communities,Odense University Hospital,17,40225,0.0004226227470478558,455
Other communities,RTI International,17,40225,0.0004226227470478558,456
Other communities,South China University of Technology,17,40225,0.0004226227470478558,457
Other communities,State Key Laboratory of Genetic Engineering,17,40225,0.0004226227470478558,458
Other communities,Texas A&M University,17,40225,0.0004226227470478558,459
Other communities,The People's Hospital of Guangxi Zhuang Autonomous Region,17,40225,0.0004226227470478558,460
Other communities,Third Affiliated Hospital of Guangzhou Medical University,17,40225,0.0004226227470478558,461
Other communities,University Hospital Southampton NHS Foundation Trust,17,40225,0.0004226227470478558,462
Other communities,University of Galway,17,40225,0.0004226227470478558,463
Other communities,University of Lausanne,17,40225,0.0004226227470478558,464
Other communities,"for the iSTAGING consortium, ADNI, BIOCARD, and BLSA",17,40225,0.0004226227470478558,465
Other communities,Anglia Ruskin University,16,40225,0.00039776258545680545,466
Other communities,Chengdu Medical College,16,40225,0.00039776258545680545,467
Other communities,Eunice Kennedy Shriver National Institute of Child Health and Human Development,16,40225,0.00039776258545680545,468
Other communities,First Affiliated Hospital of Xinjiang Medical University,16,40225,0.00039776258545680545,469
Other communities,Florida State University,16,40225,0.00039776258545680545,470
Other communities,Gannan Medical University,16,40225,0.00039776258545680545,471
Other communities,Hospital for Special Surgery,16,40225,0.00039776258545680545,472
Other communities,Hunan Normal University,16,40225,0.00039776258545680545,473
Other communities,Inserm,16,40225,0.00039776258545680545,474
Other communities,Memorial Sloan Kettering Cancer Center,16,40225,0.00039776258545680545,475
Other communities,Ninewells Hospital,16,40225,0.00039776258545680545,476
Other communities,North China University of Science and Technology,16,40225,0.00039776258545680545,477
Other communities,Norwegian Institute of Public Health,16,40225,0.00039776258545680545,478
Other communities,Princeton University,16,40225,0.00039776258545680545,479
Other communities,Salford Royal Hospital,16,40225,0.00039776258545680545,480
Other communities,Second Affiliated Hospital of Kunming Medical College,16,40225,0.00039776258545680545,481
Other communities,St Olav's University Hospital,16,40225,0.00039776258545680545,482
Other communities,University of Antwerp,16,40225,0.00039776258545680545,483
Other communities,University of Dundee,16,40225,0.00039776258545680545,484
Other communities,University of Padua,16,40225,0.00039776258545680545,485
Other communities,University of Tübingen,16,40225,0.00039776258545680545,486
Other communities,Zhejiang Provincial People's Hospital,16,40225,0.00039776258545680545,487
Other communities,Affiliated Hospital of Xuzhou Medical College,15,40225,0.00037290242386575515,488
Other communities,Autonomous University of Madrid,15,40225,0.00037290242386575515,489
Other communities,Beijing University of Technology,15,40225,0.00037290242386575515,490
Other communities,East China Normal University,15,40225,0.00037290242386575515,491
Other communities,Edith Cowan University,15,40225,0.00037290242386575515,492
Other communities,First Hospital of Shanxi Medical University,15,40225,0.00037290242386575515,493
Other communities,Geisinger Medical Center,15,40225,0.00037290242386575515,494
Other communities,Henry Ford Health System,15,40225,0.00037290242386575515,495
Other communities,Hospital for Sick Children,15,40225,0.00037290242386575515,496
Other communities,Institut Universitari d'Investigació en Atenció Primària Jordi Gol,15,40225,0.00037290242386575515,497
Other communities,Instituto de Salud Carlos III,15,40225,0.00037290242386575515,498
Other communities,Janssen Research and Development LLC,15,40225,0.00037290242386575515,499
Other communities,Kyoto University,15,40225,0.00037290242386575515,500
Other communities,National Taiwan University Hospital,15,40225,0.00037290242386575515,501
Other communities,Ningbo University Affiliated Hospital,15,40225,0.00037290242386575515,502
Other communities,Obstetrics and Gynecology Hospital of Fudan University,15,40225,0.00037290242386575515,503
Other communities,Scripps Research Institute,15,40225,0.00037290242386575515,504
Other communities,Second Affiliated Hospital of Nanchang University,15,40225,0.00037290242386575515,505
Other communities,Shanghai Medical College of Fudan University,15,40225,0.00037290242386575515,506
Other communities,State University of New York at Stony Brook,15,40225,0.00037290242386575515,507
Other communities,Stockholm University,15,40225,0.00037290242386575515,508
Other communities,Suzhou Municipal Hospital,15,40225,0.00037290242386575515,509
Other communities,University Hospital Bonn,15,40225,0.00037290242386575515,510
Other communities,University Hospital of Geneva,15,40225,0.00037290242386575515,511
Other communities,University of Cologne,15,40225,0.00037290242386575515,512
Other communities,University of Münster,15,40225,0.00037290242386575515,513
Other communities,Université de Sherbrooke,15,40225,0.00037290242386575515,514
Other communities,Affiliated Hospital of Guizhou Medical University,14,40225,0.0003480422622747048,515
Other communities,Amsterdam UMC Location VUmc,14,40225,0.0003480422622747048,516
Other communities,Australian National University,14,40225,0.0003480422622747048,517
Other communities,Biomarin Pharmaceutical Inc,14,40225,0.0003480422622747048,518
Other communities,Chinese People's Liberation Army,14,40225,0.0003480422622747048,519
Other communities,Ganzhou People's Hospital,14,40225,0.0003480422622747048,520
Other communities,GlaxoSmithKline Research and Development Ltd,14,40225,0.0003480422622747048,521
Other communities,Guy's and St Thomas' NHS Foundation Trust,14,40225,0.0003480422622747048,522
Other communities,Hospital Israelita Albert Einstein,14,40225,0.0003480422622747048,523
Other communities,Mayo Clinic in Rochester,14,40225,0.0003480422622747048,524
Other communities,Medical College of Wisconsin,14,40225,0.0003480422622747048,525
Other communities,Michigan Medicine,14,40225,0.0003480422622747048,526
Other communities,National Heart Lung and Blood Institute,14,40225,0.0003480422622747048,527
Other communities,Pfizer Inc,14,40225,0.0003480422622747048,528
Other communities,Rechts der Isar Hospital,14,40225,0.0003480422622747048,529
Other communities,Royal Marsden NHS Foundation Trust,14,40225,0.0003480422622747048,530
Other communities,Shanghai Tenth People's Hospital,14,40225,0.0003480422622747048,531
Other communities,Shaoxing University,14,40225,0.0003480422622747048,532
Other communities,Shenzhen Maternity and Child Healthcare Hospital,14,40225,0.0003480422622747048,533
Other communities,Technical University of Denmark,14,40225,0.0003480422622747048,534
Other communities,UiT The Arctic University of Norway,14,40225,0.0003480422622747048,535
Other communities,University Medical Center Utrecht,14,40225,0.0003480422622747048,536
Other communities,University of Bordeaux,14,40225,0.0003480422622747048,537
Other communities,University of Cincinnati,14,40225,0.0003480422622747048,538
Other communities,University of Modena and Reggio Emilia,14,40225,0.0003480422622747048,539
Other communities,University of Newcastle Australia,14,40225,0.0003480422622747048,540
Other communities,University of Turin,14,40225,0.0003480422622747048,541
Other communities,Universitätsklinikum Aachen,14,40225,0.0003480422622747048,542
Other communities,Universitätsklinikum Erlangen,14,40225,0.0003480422622747048,543
Other communities,Wuhan Central Hospital Affiliated to Tongji Medical College of Huazhong University of Science and Technology,14,40225,0.0003480422622747048,544
Other communities,Wuhan University of Science and Technology,14,40225,0.0003480422622747048,545
Other communities,Zealand University Hospital Roskilde,14,40225,0.0003480422622747048,546
Other communities,Zhujiang Hospital,14,40225,0.0003480422622747048,547
Other communities,南京医科大学公共卫生学院流行病学系，南京 211166,14,40225,0.0003480422622747048,548
Other communities,Brigham Young University,13,40225,0.00032318210068365443,549
Other communities,Chongqing University,13,40225,0.00032318210068365443,550
Other communities,Churchill Hospital,13,40225,0.00032318210068365443,551
Other communities,Clemson University,13,40225,0.00032318210068365443,552
Other communities,Duke Kunshan University,13,40225,0.00032318210068365443,553
Other communities,Finnish Institute for Health and Welfare,13,40225,0.00032318210068365443,554
Other communities,First Medical Center of PLA General Hospital,13,40225,0.00032318210068365443,555
Other communities,Hainan Medical University,13,40225,0.00032318210068365443,556
Other communities,Institute of Genomics and Integrative Biology,13,40225,0.00032318210068365443,557
Other communities,Jiangsu Provincial Center for Disease Control and Prevention,13,40225,0.00032318210068365443,558
Other communities,Kaohsiung Medical University,13,40225,0.00032318210068365443,559
Other communities,Macquarie University,13,40225,0.00032318210068365443,560
Other communities,Mayo Clinic in Arizona,13,40225,0.00032318210068365443,561
Other communities,Murdoch Children's Research Institute,13,40225,0.00032318210068365443,562
Other communities,Ningxia Medical University General Hospital,13,40225,0.00032318210068365443,563
Other communities,Purdue University West Lafayette,13,40225,0.00032318210068365443,564
Other communities,Qingdao Municipal Hospital,13,40225,0.00032318210068365443,565
Other communities,Royal Devon University Healthcare NHS Foundation Trust,13,40225,0.00032318210068365443,566
Other communities,Rush University Medical Center,13,40225,0.00032318210068365443,567
Other communities,Second Affiliated Hospital of Jilin University,13,40225,0.00032318210068365443,568
Other communities,State University of New York Downstate Health Sciences University,13,40225,0.00032318210068365443,569
Other communities,The Ohio State University,13,40225,0.00032318210068365443,570
Other communities,The University of Osaka,13,40225,0.00032318210068365443,571
Other communities,University College Dublin,13,40225,0.00032318210068365443,572
Other communities,University of Aberdeen,13,40225,0.00032318210068365443,573
Other communities,University of Luxembourg,13,40225,0.00032318210068365443,574
Other communities,University of Naples Federico II,13,40225,0.00032318210068365443,575
Other communities,University of Shanghai for Science and Technology,13,40225,0.00032318210068365443,576
Other communities,University of Technology Sydney,13,40225,0.00032318210068365443,577
Other communities,Università Campus Bio-Medico,13,40225,0.00032318210068365443,578
Other communities,Utrecht University,13,40225,0.00032318210068365443,579
Other communities,Vrije Universiteit Amsterdam,13,40225,0.00032318210068365443,580
Other communities,Wake Forest University,13,40225,0.00032318210068365443,581
Other communities,West Virginia University,13,40225,0.00032318210068365443,582
Other communities,Xiyuan Hospital,13,40225,0.00032318210068365443,583
Other communities,Affiliated Hospital of Shandong University of Traditional Chinese Medicine,12,40225,0.00029832193909260413,584
Other communities,Antwerp University Hospital,12,40225,0.00029832193909260413,585
Other communities,BGI Shenzhen Co Ltd,12,40225,0.00029832193909260413,586
Other communities,Buck Institute for Research on Aging,12,40225,0.00029832193909260413,587
Other communities,Catholic University of Korea,12,40225,0.00029832193909260413,588
Other communities,Chaohu Hospital of Anhui Medical University,12,40225,0.00029832193909260413,589
Other communities,Chinese Center For Disease Control and Prevention,12,40225,0.00029832193909260413,590
Other communities,Cold Spring Harbor Laboratory,12,40225,0.00029832193909260413,591
Other communities,Collaborative Innovation Center for Diagnosis and Treatment of Infectious Diseases,12,40225,0.00029832193909260413,592
Other communities,First Affiliated Hospital of Fujian Medical University,12,40225,0.00029832193909260413,593
Other communities,Forschungszentrum Jülich,12,40225,0.00029832193909260413,594
Other communities,Genomic Prediction (United States),12,40225,0.00029832193909260413,595
Other communities,Gifu University,12,40225,0.00029832193909260413,596
Other communities,Guangdong Second Provincial General Hospital,12,40225,0.00029832193909260413,597
Other communities,Hong Kong Baptist University,12,40225,0.00029832193909260413,598
Other communities,Institut Cochin,12,40225,0.00029832193909260413,599
Other communities,Jewish General Hospital,12,40225,0.00029832193909260413,600
Other communities,King Abdulaziz University,12,40225,0.00029832193909260413,601
Other communities,King Abdullah University of Science and Technology,12,40225,0.00029832193909260413,602
Other communities,Manchester Metropolitan University,12,40225,0.00029832193909260413,603
Other communities,Nanjing Children's Hospital of Nanjing Medical University,12,40225,0.00029832193909260413,604
Other communities,Ningbo Medical Center Lihuili Hospital,12,40225,0.00029832193909260413,605
Other communities,Queensland University of Technology,12,40225,0.00029832193909260413,606
Other communities,Renmin University of China,12,40225,0.00029832193909260413,607
Other communities,Royal Adelaide Hospital,12,40225,0.00029832193909260413,608
Other communities,Sanofi Pasteur Biologics LLC,12,40225,0.00029832193909260413,609
Other communities,Shandong Provincial QianFoShan Hospital,12,40225,0.00029832193909260413,610
Other communities,Taichung Veterans General Hospital,12,40225,0.00029832193909260413,611
Other communities,The University of Texas MD Anderson Cancer Center,12,40225,0.00029832193909260413,612
Other communities,University of Illinois at Chicago,12,40225,0.00029832193909260413,613
Other communities,University of Kentucky,12,40225,0.00029832193909260413,614
Other communities,University of Oulu,12,40225,0.00029832193909260413,615
Other communities,University of Ulster,12,40225,0.00029832193909260413,616
Other communities,Wuhan No.1 Hospital,12,40225,0.00029832193909260413,617
Other communities,Yuhuangding Hospital,12,40225,0.00029832193909260413,618
Other communities,Zhongda Hospital Southeast University,12,40225,0.00029832193909260413,619
Other communities,Zhongshan People's Hospital,12,40225,0.00029832193909260413,620
Other communities,北京大学公共卫生学院流行病与卫生统计学系，北京 100191,12,40225,0.00029832193909260413,621
Other communities,China Agricultural University,11,40225,0.00027346177750155377,622
Other communities,Doheny Eye Institute,11,40225,0.00027346177750155377,623
Other communities,Douglas Mental Health University Institute,11,40225,0.00027346177750155377,624
Other communities,Ewha Womans University,11,40225,0.00027346177750155377,625
Other communities,Federal University of São Paulo,11,40225,0.00027346177750155377,626
Other communities,Fourth Affiliated Hospital of Zhejiang University School of Medicine,11,40225,0.00027346177750155377,627
Other communities,Fujian University of Traditional Chinese Medicine,11,40225,0.00027346177750155377,628
Other communities,Guangxi University of Chinese Medicine,11,40225,0.00027346177750155377,629
Other communities,Guizhou University of Traditional Chinese Medicine,11,40225,0.00027346177750155377,630
Other communities,Hannover Medical School,11,40225,0.00027346177750155377,631
Other communities,Indiana University Indianapolis,11,40225,0.00027346177750155377,632
Other communities,Institute Curie,11,40225,0.00027346177750155377,633
Other communities,Kunming University of Science and Technology,11,40225,0.00027346177750155377,634
Other communities,Lerner Research Institute Cleveland Clinic,11,40225,0.00027346177750155377,635
Other communities,MRC Harwell Institute,11,40225,0.00027346177750155377,636
Other communities,Macao Polytechnic University,11,40225,0.00027346177750155377,637
Other communities,Manchester Royal Infirmary,11,40225,0.00027346177750155377,638
Other communities,Max Planck Institute of Psychiatry,11,40225,0.00027346177750155377,639
Other communities,National Institute of Allergy and Infectious Diseases,11,40225,0.00027346177750155377,640
Other communities,National Institute of Diabetes and Digestive and Kidney Diseases,11,40225,0.00027346177750155377,641
Other communities,Northwest University,11,40225,0.00027346177750155377,642
Other communities,Northwest Women's and Children's Hospital,11,40225,0.00027346177750155377,643
Other communities,Population Health Research Institute,11,40225,0.00027346177750155377,644
Other communities,Shanghai University of Medicine and Health Sciences,11,40225,0.00027346177750155377,645
Other communities,Shanxi Academy of Medical Sciences,11,40225,0.00027346177750155377,646
Other communities,Shenzhen Chronic Disease Prevention Center,11,40225,0.00027346177750155377,647
Other communities,Sir Run Run Shaw Hospital of Zhejiang University School of Medicine,11,40225,0.00027346177750155377,648
Other communities,State Key Laboratory of Biotherapy,11,40225,0.00027346177750155377,649
Other communities,State Key Laboratory of Respiratory Diseases,11,40225,0.00027346177750155377,650
Other communities,University Hospital of Basel,11,40225,0.00027346177750155377,651
Other communities,University Hospitals Cleveland Medical Center,11,40225,0.00027346177750155377,652
Other communities,University of Alberta,11,40225,0.00027346177750155377,653
Other communities,University of Geneva,11,40225,0.00027346177750155377,654
Other communities,University of Milan,11,40225,0.00027346177750155377,655
Other communities,Vall d'Hebron Hospital Universitari,11,40225,0.00027346177750155377,656
Other communities,Wuxi People's Hospital,11,40225,0.00027346177750155377,657
Other communities,Yale New Haven Health System,11,40225,0.00027346177750155377,658
Other communities,Örebro University,11,40225,0.00027346177750155377,659
Other communities,Aalborg University,10,40225,0.0002486016159105034,660
Other communities,Aalborg University Hospital,10,40225,0.0002486016159105034,661
Other communities,Arizona State University,10,40225,0.0002486016159105034,662
Other communities,Baoji Gaoxin Hospital,10,40225,0.0002486016159105034,663
Other communities,Bar-Ilan University,10,40225,0.0002486016159105034,664
Other communities,Barcelona Institute for Global Health,10,40225,0.0002486016159105034,665
Other communities,Baycrest Centre for Geriatric Care,10,40225,0.0002486016159105034,666
Other communities,Ben-Gurion University of the Negev,10,40225,0.0002486016159105034,667
Other communities,Budapest University of Technology and Economics,10,40225,0.0002486016159105034,668
Other communities,Centre Hospitalier Universitaire Dijon Bourgogne,10,40225,0.0002486016159105034,669
Other communities,Chang Gung Memorial Hospital,10,40225,0.0002486016159105034,670
Other communities,Changsha Medical University,10,40225,0.0002486016159105034,671
Other communities,China Medical University Hospital,10,40225,0.0002486016159105034,672
Other communities,Dankook University,10,40225,0.0002486016159105034,673
Other communities,Fatty Acid Research Institute,10,40225,0.0002486016159105034,674
Other communities,Fourth Affiliated Hospital of Harbin Medical University,10,40225,0.0002486016159105034,675
Other communities,Genoplan Korea Inc,10,40225,0.0002486016159105034,676
Other communities,German Cancer Research Center,10,40225,0.0002486016159105034,677
Other communities,German Center for Diabetes Research,10,40225,0.0002486016159105034,678
Other communities,Guangdong Provincial Hospital of Traditional Chinese Medicine,10,40225,0.0002486016159105034,679
Other communities,IRCCS Ospedale San Raffaele,10,40225,0.0002486016159105034,680
Other communities,Institut d'Investigació Biomédica de Bellvitge,10,40225,0.0002486016159105034,681
Other communities,Institute of Molecular Genetics,10,40225,0.0002486016159105034,682
Other communities,Juntendo University School of Medicine,10,40225,0.0002486016159105034,683
Other communities,Kyungpook National University,10,40225,0.0002486016159105034,684
Other communities,Memorial University of Newfoundland,10,40225,0.0002486016159105034,685
Other communities,Millennium Pharmaceuticals Inc,10,40225,0.0002486016159105034,686
Other communities,"Molecular Immunity Unit, Department of Medicine, University of Cambridge, MRC Laboratory of Molecular Biology, Cambridge Biomedical Campus, Cambridge, CB2 0QH, UK.",10,40225,0.0002486016159105034,687
Other communities,National Institute on Alcohol Abuse and Alcoholism,10,40225,0.0002486016159105034,688
Other communities,National Institute on Minority Health and Health Disparities,10,40225,0.0002486016159105034,689
Other communities,Northwestern Polytechnical University,10,40225,0.0002486016159105034,690
Other communities,Peking University Sixth Hospital,10,40225,0.0002486016159105034,691
Other communities,"PrecisionLife Ltd, Long Hanborough, Oxford, UK",10,40225,0.0002486016159105034,692
Other communities,RWTH Aachen University,10,40225,0.0002486016159105034,693
Other communities,Riga Stradiņš University,10,40225,0.0002486016159105034,694
Other communities,Shanghai First People's Hospital,10,40225,0.0002486016159105034,695
Other communities,Simon Fraser University,10,40225,0.0002486016159105034,696
Other communities,The Queen's Medical Research Institute,10,40225,0.0002486016159105034,697
Other communities,The Wallace H. Coulter Department of Biomedical Engineering at Georgia Tech and Emory University,10,40225,0.0002486016159105034,698
Other communities,Tohoku University,10,40225,0.0002486016159105034,699
Other communities,University Hospital Heidelberg,10,40225,0.0002486016159105034,700
Other communities,University Hospital Würzburg,10,40225,0.0002486016159105034,701
Other communities,University Hospital of Bern,10,40225,0.0002486016159105034,702
Other communities,University of South Carolina,10,40225,0.0002486016159105034,703
Other communities,XinHua Hospital,10,40225,0.0002486016159105034,704
Other communities,Yangtze University,10,40225,0.0002486016159105034,705
Other communities,Zhejiang Center for Disease Control and Prevention,10,40225,0.0002486016159105034,706
Other communities,Zhejiang Shuren University,10,40225,0.0002486016159105034,707
Other communities,Barcelona Supercomputing Center,9,40225,0.00022374145431945308,708
Other communities,"Biomedical Research at Novartis, Boston, MA, USA",9,40225,0.00022374145431945308,709
Other communities,Bradford Teaching Hospitals NHS Foundation Trust,9,40225,0.00022374145431945308,710
Other communities,Center for Infection and Molecular Medicine and,9,40225,0.00022374145431945308,711
Other communities,Chenzhou First People's Hospital,9,40225,0.00022374145431945308,712
Other communities,Children's Hospital of Chongqing Medical University,9,40225,0.00022374145431945308,713
Other communities,China Pharmaceutical University,9,40225,0.00022374145431945308,714
Other communities,City Hospital No. 40,9,40225,0.00022374145431945308,715
Other communities,"City St George’s, University of London",9,40225,0.00022374145431945308,716
Other communities,Colgate University,9,40225,0.00022374145431945308,717
Other communities,Evotec SE,9,40225,0.00022374145431945308,718
Other communities,First Affiliated Hospital of Guangzhou University of Chinese Medicine,9,40225,0.00022374145431945308,719
Other communities,First People's Hospital of Kunshan,9,40225,0.00022374145431945308,720
Other communities,Hanyang University,9,40225,0.00022374145431945308,721
Other communities,Hasso Plattner Institute,9,40225,0.00022374145431945308,722
Other communities,Henan University,9,40225,0.00022374145431945308,723
Other communities,Hospital Universitario Ramón y Cajal,9,40225,0.00022374145431945308,724
Other communities,Illumina Inc,9,40225,0.00022374145431945308,725
Other communities,"Institute of Molecular Biology, Academia Sinica",9,40225,0.00022374145431945308,726
Other communities,Jackson Laboratory,9,40225,0.00022374145431945308,727
Other communities,Kiel University,9,40225,0.00022374145431945308,728
Other communities,Korea Advanced Institute of Science and Technology,9,40225,0.00022374145431945308,729
Other communities,Korea University,9,40225,0.00022374145431945308,730
Other communities,Lancaster University,9,40225,0.00022374145431945308,731
Other communities,Magna Graecia University,9,40225,0.00022374145431945308,732
Other communities,Mianyang Central Hospital,9,40225,0.00022374145431945308,733
Other communities,Mount Sinai Medical Center,9,40225,0.00022374145431945308,734
Other communities,National Cancer Center,9,40225,0.00022374145431945308,735
Other communities,National Engineering Research Center of Personalized Diagnostic and Therapeutic Technology,9,40225,0.00022374145431945308,736
Other communities,National Health Service England,9,40225,0.00022374145431945308,737
Other communities,North Bristol NHS Trust,9,40225,0.00022374145431945308,738
Other communities,North Carolina State University,9,40225,0.00022374145431945308,739
Other communities,Northeast Normal University,9,40225,0.00022374145431945308,740
Other communities,Nuffield Orthopaedic Centre,9,40225,0.00022374145431945308,741
Other communities,Peking University School of Stomatology,9,40225,0.00022374145431945308,742
Other communities,Public Health England,9,40225,0.00022374145431945308,743
Other communities,"Research & Development, Omicsedge, Miami, FL, USA",9,40225,0.00022374145431945308,744
Other communities,Robert H. Lurie Comprehensive Cancer Center,9,40225,0.00022374145431945308,745
Other communities,Ruian People's Hospital,9,40225,0.00022374145431945308,746
Other communities,Second Hospital of Shanxi Medical University,9,40225,0.00022374145431945308,747
Other communities,Soonchunhyang University,9,40225,0.00022374145431945308,748
Other communities,Spanish National Cancer Research Centre,9,40225,0.00022374145431945308,749
Other communities,Swansea University,9,40225,0.00022374145431945308,750
Other communities,The Alfred Hospital,9,40225,0.00022374145431945308,751
Other communities,The Feinstein Institutes for Medical Research,9,40225,0.00022374145431945308,752
Other communities,Tianjin First Center Hospital,9,40225,0.00022374145431945308,753
Other communities,Tianjin University,9,40225,0.00022374145431945308,754
Other communities,Toku Eyes Ltd,9,40225,0.00022374145431945308,755
Other communities,Tri-Service General Hospital,9,40225,0.00022374145431945308,756
Other communities,University Hospital Carl Gustav Carus,9,40225,0.00022374145431945308,757
Other communities,University Hospital Schleswig-Holstein,9,40225,0.00022374145431945308,758
Other communities,University Hospitals Plymouth NHS Trust,9,40225,0.00022374145431945308,759
Other communities,University of Barcelona,9,40225,0.00022374145431945308,760
Other communities,University of Connecticut,9,40225,0.00022374145431945308,761
Other communities,University of Eastern Piedmont Amadeo Avogadro,9,40225,0.00022374145431945308,762
Other communities,University of Huddersfield,9,40225,0.00022374145431945308,763
Other communities,University of Hull,9,40225,0.00022374145431945308,764
Other communities,University of Illinois at Urbana-Champaign,9,40225,0.00022374145431945308,765
Other communities,"University of Maryland, College Park",9,40225,0.00022374145431945308,766
Other communities,University of Patras,9,40225,0.00022374145431945308,767
Other communities,University of Pavia,9,40225,0.00022374145431945308,768
Other communities,University of Victoria,9,40225,0.00022374145431945308,769
Other communities,University of Western Ontario,9,40225,0.00022374145431945308,770
Other communities,VA Boston Healthcare System,9,40225,0.00022374145431945308,771
Other communities,Western General Hospital,9,40225,0.00022374145431945308,772
Other communities,Zhengzhou Central Hospital,9,40225,0.00022374145431945308,773
Other communities,Zunyi Medical University,9,40225,0.00022374145431945308,774
Other communities,中山大学附属第三医院耳鼻咽喉-头颈外科，广州 510630,9,40225,0.00022374145431945308,775
Other communities,Ada Health GmbH,8,40225,0.00019888129272840272,776
Other communities,Ajou University,8,40225,0.00019888129272840272,777
Other communities,Anhui University of Traditional Chinese Medicine,8,40225,0.00019888129272840272,778
Other communities,Antaros Medical (Sweden),8,40225,0.00019888129272840272,779
Other communities,Autism & Developmental Medicine Institute,8,40225,0.00019888129272840272,780
Other communities,Beijing Children’s Hospital,8,40225,0.00019888129272840272,781
Other communities,Beijing Obstetrics and Gynecology Hospital,8,40225,0.00019888129272840272,782
Other communities,Beijing Sport University,8,40225,0.00019888129272840272,783
Other communities,Binzhou Medical University,8,40225,0.00019888129272840272,784
Other communities,Boston Medical Center,8,40225,0.00019888129272840272,785
Other communities,Casa Sollievo della Sofferenza,8,40225,0.00019888129272840272,786
Other communities,Center for Cancer Research,8,40225,0.00019888129272840272,787
Other communities,"Changping Laboratory, Beijing, China.",8,40225,0.00019888129272840272,788
Other communities,Deakin University,8,40225,0.00019888129272840272,789
Other communities,"Department of Health Statistics, School of Public Health, Shandong Second Medical University, Weifang, Shandong 261053, China.",8,40225,0.00019888129272840272,790
Other communities,Fifth Affiliated Hospital of Sun Yat-sen University,8,40225,0.00019888129272840272,791
Other communities,First Affiliated Hospital of Wannan Medical College,8,40225,0.00019888129272840272,792
Other communities,Guangzhou University,8,40225,0.00019888129272840272,793
Other communities,Hadassah University Hospital,8,40225,0.00019888129272840272,794
Other communities,Hebei Medical University,8,40225,0.00019888129272840272,795
Other communities,Howard University,8,40225,0.00019888129272840272,796
Other communities,Hubei University of Chinese Medicine,8,40225,0.00019888129272840272,797
Other communities,Institut Pasteur,8,40225,0.00019888129272840272,798
Other communities,Institut d'Investigació Biomèdica de Girona,8,40225,0.00019888129272840272,799
Other communities,Institute for Stem Cell Biology and Regenerative Medicine,8,40225,0.00019888129272840272,800
Other communities,Institute for Systems Biology,8,40225,0.00019888129272840272,801
Other communities,Institute of Genetics and Molecular and Cellular Biology,8,40225,0.00019888129272840272,802
Other communities,Keio University,8,40225,0.00019888129272840272,803
Other communities,Key Laboratory of Computational Neuroscience and Brain-inspired Intelligence,8,40225,0.00019888129272840272,804
Other communities,King Saud University,8,40225,0.00019888129272840272,805
Other communities,Lieber Institute for Brain Development,8,40225,0.00019888129272840272,806
Other communities,Longhua District Central Hospital,8,40225,0.00019888129272840272,807
Other communities,"Mammalian Genetics Unit and Mary Lyon Centre, Medical Research Council Harwell Institute, Harwell, UK",8,40225,0.00019888129272840272,808
Other communities,Mayo Clinic in Florida,8,40225,0.00019888129272840272,809
Other communities,Meyer Children's Hospital,8,40225,0.00019888129272840272,810
Other communities,NIHR Oxford Musculoskeletal Biomedical Research Centre,8,40225,0.00019888129272840272,811
Other communities,"NNEdPro Global Institute For Food Nutrition and Health, Cambridge, United Kingdom",8,40225,0.00019888129272840272,812
Other communities,Nanjing General Hospital of Nanjing Military Command,8,40225,0.00019888129272840272,813
Other communities,National Institute of Dental and Craniofacial Research,8,40225,0.00019888129272840272,814
Other communities,Nationwide Children's Hospital,8,40225,0.00019888129272840272,815
Other communities,Newcastle upon Tyne Hospitals NHS Foundation Trust,8,40225,0.00019888129272840272,816
Other communities,Norfolk and Norwich University Hospital,8,40225,0.00019888129272840272,817
Other communities,Northern Jiangsu People's Hospital,8,40225,0.00019888129272840272,818
Other communities,"Research & Development, Omics Edge, Miami, FL, USA",8,40225,0.00019888129272840272,819
Other communities,Research Institute of Physical Chemical Medicine,8,40225,0.00019888129272840272,820
Other communities,Sanofi Aventis Deutschland GmbH,8,40225,0.00019888129272840272,821
Other communities,"Seoul, Republic of Korea",8,40225,0.00019888129272840272,822
Other communities,Shanghai Sixth People's Hospital,8,40225,0.00019888129272840272,823
Other communities,Shenyang Medical College,8,40225,0.00019888129272840272,824
Other communities,Sichuan Academy of Medical Sciences & Sichuan Provincial People's Hospital,8,40225,0.00019888129272840272,825
Other communities,Sixth Affiliated Hospital of Sun Yat-sen University,8,40225,0.00019888129272840272,826
Other communities,Soongsil University,8,40225,0.00019888129272840272,827
Other communities,Southmead Hospital,8,40225,0.00019888129272840272,828
Other communities,St. Jude Children's Research Hospital,8,40225,0.00019888129272840272,829
Other communities,State Key Laboratory of Kidney Diseases,8,40225,0.00019888129272840272,830
Other communities,TU Dresden,8,40225,0.00019888129272840272,831
Other communities,Temple University,8,40225,0.00019888129272840272,832
Other communities,Third Affiliated Hospital of Zhengzhou University,8,40225,0.00019888129272840272,833
Other communities,Thomas J Watson Research Center,8,40225,0.00019888129272840272,834
Other communities,Uniformed Services University of the Health Sciences,8,40225,0.00019888129272840272,835
Other communities,University of Arkansas for Medical Sciences,8,40225,0.00019888129272840272,836
Other communities,University of Granada,8,40225,0.00019888129272840272,837
Other communities,University of Lorraine,8,40225,0.00019888129272840272,838
Other communities,University of Paris-Saclay,8,40225,0.00019888129272840272,839
Other communities,University of Plymouth,8,40225,0.00019888129272840272,840
Other communities,Universitätsklinikum des Saarlandes,8,40225,0.00019888129272840272,841
Other communities,Wuhan Puai Hospital,8,40225,0.00019888129272840272,842
Other communities,Wuxi No.2 People's Hospital,8,40225,0.00019888129272840272,843
Other communities,Xian Yang Central Hospital,8,40225,0.00019888129272840272,844
Other communities,Xinjiang University,8,40225,0.00019888129272840272,845
Other communities,Xinxiang Medical University,8,40225,0.00019888129272840272,846
Other communities,Yue Bei People's Hospital,8,40225,0.00019888129272840272,847
Other communities,Yunnan Cancer Hospital,8,40225,0.00019888129272840272,848
Other communities,Agostino Gemelli University Polyclinic,7,40225,0.0001740211311373524,849
Other communities,Ankara University,7,40225,0.0001740211311373524,850
Other communities,Augusta University,7,40225,0.0001740211311373524,851
Other communities,Belfast Health and Social Care Trust,7,40225,0.0001740211311373524,852
Other communities,CHA Bundang Medical Center,7,40225,0.0001740211311373524,853
Other communities,Centre Hospitalier Universitaire d'Angers,7,40225,0.0001740211311373524,854
Other communities,"Centre of Advanced Technologies, Ministry of Higher Education, Science and Innovations of Uzbekistan, Tashkent, Uzbekistan",7,40225,0.0001740211311373524,855
Other communities,"Cheltenham, United Kingdom, Ajman, United Arab Emirates, Birmingham, United Kingdom, Waterforrd, Ireland",7,40225,0.0001740211311373524,856
Other communities,Children's Hospital of Fudan University,7,40225,0.0001740211311373524,857
Other communities,China Three Gorges University,7,40225,0.0001740211311373524,858
Other communities,Commonwealth Scientific and Industrial Research Organisation,7,40225,0.0001740211311373524,859
Other communities,Curtin University,7,40225,0.0001740211311373524,860
Other communities,Dalian Medical University,7,40225,0.0001740211311373524,861
Other communities,Deutsches Herzzentrum der Charité,7,40225,0.0001740211311373524,862
Other communities,"Exact Sciences Innovation, The Sherard Bldg, Edmund Halley Rd, Littlemore, Oxford OX4 4DQ",7,40225,0.0001740211311373524,863
Other communities,First Affiliated Hospital of Guangdong Pharmaceutical University,7,40225,0.0001740211311373524,864
Other communities,First Affiliated Hospital of Henan University of Traditional Chinese Medicine,7,40225,0.0001740211311373524,865
Other communities,First Hospital of Jiaxing,7,40225,0.0001740211311373524,866
Other communities,Fred Hutchinson Cancer Center,7,40225,0.0001740211311373524,867
Other communities,Fundació Institut d'Investigació en Ciències de la Salut Germans Trias i Pujol,7,40225,0.0001740211311373524,868
Other communities,Genomic Health Inc,7,40225,0.0001740211311373524,869
Other communities,Guangdong Province Women and Children Hospital,7,40225,0.0001740211311373524,870
Other communities,Guangzhou First People's Hospital,7,40225,0.0001740211311373524,871
Other communities,Guang’anmen Hospital,7,40225,0.0001740211311373524,872
Other communities,Henan University of Traditional Chinese Medicine,7,40225,0.0001740211311373524,873
Other communities,Institut du Thorax,7,40225,0.0001740211311373524,874
Other communities,Institut universitaire de cardiologie et de pneumologie de Québec – Université Laval,7,40225,0.0001740211311373524,875
Other communities,"Institute of Basic Research in Clinical Medicine, China Academy of Chinese Medical Sciences",7,40225,0.0001740211311373524,876
Other communities,Institute of Biochemistry,7,40225,0.0001740211311373524,877
Other communities,Istituto Ortopedico Rizzoli,7,40225,0.0001740211311373524,878
Other communities,Jimei University,7,40225,0.0001740211311373524,879
Other communities,Johannes Gutenberg University Mainz,7,40225,0.0001740211311373524,880
Other communities,Kunming Institute of Zoology,7,40225,0.0001740211311373524,881
Other communities,Kursk State Medical University,7,40225,0.0001740211311373524,882
Other communities,MRC Biostatistics Unit,7,40225,0.0001740211311373524,883
Other communities,Medical University of Graz,7,40225,0.0001740211311373524,884
Other communities,Miguel Hernandez University,7,40225,0.0001740211311373524,885
Other communities,National Chung Hsing University,7,40225,0.0001740211311373524,886
Other communities,National Clinical Research Center for Digestive Diseases,7,40225,0.0001740211311373524,887
Other communities,National Defense Medical College,7,40225,0.0001740211311373524,888
Other communities,National Heart and Lung Institute,7,40225,0.0001740211311373524,889
Other communities,National Institute of Mental Health,7,40225,0.0001740211311373524,890
Other communities,New York Medical College,7,40225,0.0001740211311373524,891
Other communities,Nippon Sport Science University,7,40225,0.0001740211311373524,892
Other communities,Nordic Bioscience AS,7,40225,0.0001740211311373524,893
Other communities,Northern California Institute for Research and Education,7,40225,0.0001740211311373524,894
Other communities,"Plastic Surgery Hospital, CAMS&PUMC",7,40225,0.0001740211311373524,895
Other communities,Queen's University,7,40225,0.0001740211311373524,896
Other communities,"Rutgers, The State University of New Jersey",7,40225,0.0001740211311373524,897
Other communities,Shanghai Cancer Institute,7,40225,0.0001740211311373524,898
Other communities,Shihezi University,7,40225,0.0001740211311373524,899
Other communities,Southern Medical University Shenzhen Hospital,7,40225,0.0001740211311373524,900
Other communities,Southwest Jiaotong University,7,40225,0.0001740211311373524,901
Other communities,St Petersburg University,7,40225,0.0001740211311373524,902
Other communities,State Key Laboratory of Reproductive Medicine,7,40225,0.0001740211311373524,903
Other communities,Stellenbosch University,7,40225,0.0001740211311373524,904
Other communities,Steno Diabetes Center,7,40225,0.0001740211311373524,905
Other communities,Sunnybrook Research Institute,7,40225,0.0001740211311373524,906
Other communities,Swiss Institute of Bioinformatics,7,40225,0.0001740211311373524,907
Other communities,Teikyo University,7,40225,0.0001740211311373524,908
Other communities,The James Cancer Hospital,7,40225,0.0001740211311373524,909
Other communities,Tilburg University,7,40225,0.0001740211311373524,910
Other communities,University College London Hospitals NHS Foundation Trust,7,40225,0.0001740211311373524,911
Other communities,University Hospitals Bristol NHS Foundation Trust,7,40225,0.0001740211311373524,912
Other communities,University of Bologna,7,40225,0.0001740211311373524,913
Other communities,University of Haifa,7,40225,0.0001740211311373524,914
Other communities,"University of Nevada, Las Vegas",7,40225,0.0001740211311373524,915
Other communities,University of Oregon,7,40225,0.0001740211311373524,916
Other communities,University of Saskatchewan,7,40225,0.0001740211311373524,917
Other communities,University of Tennessee Health Science Center,7,40225,0.0001740211311373524,918
Other communities,University of Turku,7,40225,0.0001740211311373524,919
Other communities,University of Valencia,7,40225,0.0001740211311373524,920
Other communities,"Wellcome Sanger Institue, Hinxton, UK",7,40225,0.0001740211311373524,921
Other communities,Zealand University Hospital,7,40225,0.0001740211311373524,922
Other communities,biotx.ai GmbH,7,40225,0.0001740211311373524,923
Other communities,北京医院 国家老年医学中心 国家卫生健康委北京老年医学研究所 国家卫生健康委老年医学重点实验室 中国医学科学院老年医学研究院，北京 100730,7,40225,0.0001740211311373524,924
Other communities,"1Nomic, Montreal, QC, Canada.",6,40225,0.00014916096954630206,925
Other communities,23andMe Inc,6,40225,0.00014916096954630206,926
Other communities,Action for ME,6,40225,0.00014916096954630206,927
Other communities,Addenbrooke's Hospital,6,40225,0.00014916096954630206,928
Other communities,Affiliated Stomatological Hospital of Nanjing Medical University,6,40225,0.00014916096954630206,929
Other communities,Amsterdam Neuroscience,6,40225,0.00014916096954630206,930
Other communities,"Ancestry, San Francisco, California 94107, and",6,40225,0.00014916096954630206,931
Other communities,Asian Institute of Gastroenterology,6,40225,0.00014916096954630206,932
Other communities,Augusta University Research Institute Inc,6,40225,0.00014916096954630206,933
Other communities,Beijing Institute of Biotechnology,6,40225,0.00014916096954630206,934
Other communities,Biomedical Research Foundation of the Academy of Athens,6,40225,0.00014916096954630206,935
Other communities,Cayetano Heredia University,6,40225,0.00014916096954630206,936
Other communities,Center for Clinical Research and Prevention,6,40225,0.00014916096954630206,937
Other communities,Center for Non-Communicable Diseases,6,40225,0.00014916096954630206,938
Other communities,Centre Hospitalier Universitaire de Bordeaux,6,40225,0.00014916096954630206,939
Other communities,Centre for Eye Research Australia,6,40225,0.00014916096954630206,940
Other communities,Centro de Investigación Biomédica en Red de Cáncer,6,40225,0.00014916096954630206,941
Other communities,Children's Memorial Health Institute,6,40225,0.00014916096954630206,942
Other communities,Chinese Academy of Sciences,6,40225,0.00014916096954630206,943
Other communities,"Corporate Data Management, PT Kalbe Farma Tbk, 10510 Central Jakarta, Indonesia",6,40225,0.00014916096954630206,944
Other communities,Dalhousie University,6,40225,0.00014916096954630206,945
Other communities,Dalian Maritime University,6,40225,0.00014916096954630206,946
Other communities,Dascena Inc,6,40225,0.00014916096954630206,947
Other communities,Dongguk University Ilsan Hospital,6,40225,0.00014916096954630206,948
Other communities,Düsseldorf University Hospital,6,40225,0.00014916096954630206,949
Other communities,ERN GUARD-Heart,6,40225,0.00014916096954630206,950
Other communities,Flinders University,6,40225,0.00014916096954630206,951
Other communities,Florey Institute of Neuroscience and Mental Health,6,40225,0.00014916096954630206,952
Other communities,Foshan First Peoples Hospital Foshan Hospital Sun Yat Sen University,6,40225,0.00014916096954630206,953
Other communities,Fujian Provincial Cancer Hospital,6,40225,0.00014916096954630206,954
Other communities,Fuyang People's Hospital,6,40225,0.00014916096954630206,955
Other communities,Genos (Croatia),6,40225,0.00014916096954630206,956
Other communities,George Washington University,6,40225,0.00014916096954630206,957
Other communities,Greifswald University Medicine,6,40225,0.00014916096954630206,958
Other communities,Guilin Medical University,6,40225,0.00014916096954630206,959
Other communities,Hasselt University,6,40225,0.00014916096954630206,960
Other communities,Health Economics and Outcomes Research (United Kingdom),6,40225,0.00014916096954630206,961
Other communities,Hospital Clínic de Barcelona,6,40225,0.00014916096954630206,962
Other communities,Hospital del Mar Medical Research Institute,6,40225,0.00014916096954630206,963
Other communities,Humboldt-Universität zu Berlin,6,40225,0.00014916096954630206,964
Other communities,"Hypertension and Vascular Research Unit, Lady Davis Institute for Medical Research",6,40225,0.00014916096954630206,965
Other communities,Hôpital Européen Georges-Pompidou,6,40225,0.00014916096954630206,966
Other communities,"Immunology, Translational Sciences, Janssen Res. & Develop.",6,40225,0.00014916096954630206,967
Other communities,Inner Mongolia People's Hospital,6,40225,0.00014916096954630206,968
Other communities,Institute of Human Genetics and,6,40225,0.00014916096954630206,969
Other communities,Instituto de Investigación Biomédica de A Coruña,6,40225,0.00014916096954630206,970
Other communities,Jiangxi Provincial Cancer Hospital,6,40225,0.00014916096954630206,971
Other communities,"Joint Institute of Tobacco and Health, Kunming, Yunnan, China",6,40225,0.00014916096954630206,972
Other communities,Kangwon National University,6,40225,0.00014916096954630206,973
Other communities,Keele University,6,40225,0.00014916096954630206,974
Other communities,King Faisal Specialist Hospital & Research Centre,6,40225,0.00014916096954630206,975
Other communities,Korea Food Research Institute,6,40225,0.00014916096954630206,976
Other communities,Korea Institute of Science & Technology Information,6,40225,0.00014916096954630206,977
Other communities,Louisiana State University Health Sciences Center New Orleans,6,40225,0.00014916096954630206,978
Other communities,MRC Toxicology Unit,6,40225,0.00014916096954630206,979
Other communities,Manchester University NHS Foundation Trust,6,40225,0.00014916096954630206,980
Other communities,Mass General Brigham Inc,6,40225,0.00014916096954630206,981
Other communities,"Maternal and Child Healthcare Hospital of Longhua District, Shenzhen, China",6,40225,0.00014916096954630206,982
Other communities,Medical AI Co Ltd,6,40225,0.00014916096954630206,983
Other communities,"Montera, Inc. dba Forta, 548 Market St, PMB 89605, San Francisco, CA 94104-5401, USA.",6,40225,0.00014916096954630206,984
Other communities,National Hospital for Neurology and Neurosurgery,6,40225,0.00014916096954630206,985
Other communities,National Research Centre for the Working Environment,6,40225,0.00014916096954630206,986
Other communities,Nottingham Biomedical Research Centre,6,40225,0.00014916096954630206,987
Other communities,Nottingham University Hospitals NHS Trust,6,40225,0.00014916096954630206,988
Other communities,Oregon Health & Science University,6,40225,0.00014916096954630206,989
Other communities,Philipps University of Marburg,6,40225,0.00014916096954630206,990
Other communities,Pudong Medical Center,6,40225,0.00014916096954630206,991
Other communities,Rajiv Gandhi University of Health Sciences,6,40225,0.00014916096954630206,992
Other communities,Sarawak General Hospital,6,40225,0.00014916096954630206,993
Other communities,"School of Public Health, Shandong Second Medical University, Weifang, China.",6,40225,0.00014916096954630206,994
Other communities,Science for Life Laboratory,6,40225,0.00014916096954630206,995
Other communities,Second Affiliated Hospital of Shandong First Medical University,6,40225,0.00014916096954630206,996
Other communities,Second Affiliated Hospital of Zhengzhou University,6,40225,0.00014916096954630206,997
Other communities,Shaanxi Normal University,6,40225,0.00014916096954630206,998
Other communities,Shaanxi University of Chinese Medicine,6,40225,0.00014916096954630206,999
Other communities,Shantou University,6,40225,0.00014916096954630206,1000
Other communities,ShenZhen People’s Hospital,6,40225,0.00014916096954630206,1001
Other communities,Shenzhen Hospital University of Hong Kong,6,40225,0.00014916096954630206,1002
Other communities,Shenzhen KangNing Hospital,6,40225,0.00014916096954630206,1003
Other communities,Sichuan Peoples Hospital of Sichuan Academy of Medical Sciences,6,40225,0.00014916096954630206,1004
Other communities,Singapore Institute for Clinical Sciences,6,40225,0.00014916096954630206,1005
Other communities,Skolkovo Institute of Science and Technology,6,40225,0.00014916096954630206,1006
Other communities,Southwest University,6,40225,0.00014916096954630206,1007
Other communities,St. Antonius Ziekenhuis,6,40225,0.00014916096954630206,1008
Other communities,State Key Laboratory of Experimental Hematology,6,40225,0.00014916096954630206,1009
Other communities,Statens Serum Institut,6,40225,0.00014916096954630206,1010
Other communities,Taizhou Central Hospital,6,40225,0.00014916096954630206,1011
Other communities,The First Affiliated Hospital of Guangxi University of Traditional Chinese Medicine,6,40225,0.00014916096954630206,1012
Other communities,The First People's Hospital of Changzhou,6,40225,0.00014916096954630206,1013
Other communities,The Royal Free Hospital,6,40225,0.00014916096954630206,1014
Other communities,Tianjin Medical University Eye Hospital,6,40225,0.00014916096954630206,1015
Other communities,Tibet University,6,40225,0.00014916096954630206,1016
Other communities,Traditional Chinese Medicine Hospital of Kunshan,6,40225,0.00014916096954630206,1017
Other communities,Tufts Medical Center Inc,6,40225,0.00014916096954630206,1018
Other communities,Tufts University,6,40225,0.00014916096954630206,1019
Other communities,University Children's Hospital Zurich,6,40225,0.00014916096954630206,1020
Other communities,University Hospital Centre Zagreb,6,40225,0.00014916096954630206,1021
Other communities,University Hospital Cologne,6,40225,0.00014916096954630206,1022
Other communities,University Medical Center of the Johannes Gutenberg University Mainz,6,40225,0.00014916096954630206,1023
Other communities,University of Arizona Health Sciences,6,40225,0.00014916096954630206,1024
Other communities,University of Cagliari,6,40225,0.00014916096954630206,1025
Other communities,University of Cape Town,6,40225,0.00014916096954630206,1026
Other communities,University of Castilla-La Mancha,6,40225,0.00014916096954630206,1027
Other communities,University of Central Florida,6,40225,0.00014916096954630206,1028
Other communities,University of Fribourg,6,40225,0.00014916096954630206,1029
Other communities,University of Giessen,6,40225,0.00014916096954630206,1030
Other communities,University of Macau,6,40225,0.00014916096954630206,1031
Other communities,University of Manitoba,6,40225,0.00014916096954630206,1032
Other communities,University of Murcia,6,40225,0.00014916096954630206,1033
Other communities,University of Pisa,6,40225,0.00014916096954630206,1034
Other communities,University of Rochester,6,40225,0.00014916096954630206,1035
Other communities,University of Sassari,6,40225,0.00014916096954630206,1036
Other communities,University of Siena,6,40225,0.00014916096954630206,1037
Other communities,University of Wollongong,6,40225,0.00014916096954630206,1038
Other communities,Université de Toulouse,6,40225,0.00014916096954630206,1039
Other communities,Vavilov Institute of General Genetics,6,40225,0.00014916096954630206,1040
Other communities,Vor Biopharma Inc,6,40225,0.00014916096954630206,1041
Other communities,Wangjing Hospital of China Academy of Chinese Medical Sciences,6,40225,0.00014916096954630206,1042
Other communities,Weill Medical College of Cornell University,6,40225,0.00014916096954630206,1043
Other communities,Weizmann Institute of Science,6,40225,0.00014916096954630206,1044
Other communities,Wuxi Center for Disease Control and Prevention,6,40225,0.00014916096954630206,1045
Other communities,Yiwu Central Hospital,6,40225,0.00014916096954630206,1046
Other communities,Youjiang Medical College for Nationalities,6,40225,0.00014916096954630206,1047
Other communities,Zhejiang Cancer Hospital,6,40225,0.00014916096954630206,1048
Other communities,Zhejiang Police College,6,40225,0.00014916096954630206,1049
Other communities,Zhengzhou University of Light Industry,6,40225,0.00014916096954630206,1050
Other communities,École Pratique des Hautes Études,6,40225,0.00014916096954630206,1051
Other communities,南京医科大学第一附属医院骨科，南京 210029,6,40225,0.00014916096954630206,1052
Other communities,"AIage Life Science Corporation Ltd., Guangxi Free Trade Zone Aisheng Biotechnology Corporation Ltd., Nanning, China",5,40225,0.0001243008079552517,1053
Other communities,AbbVie Deutschland GmbH and Co KG,5,40225,0.0001243008079552517,1054
Other communities,Academy of Mathematics and Systems Science,5,40225,0.0001243008079552517,1055
Other communities,Affiliated Hospital of Jining Medical University,5,40225,0.0001243008079552517,1056
Other communities,Affiliated Hospital of Nantong University,5,40225,0.0001243008079552517,1057
Other communities,Affiliated Hospital of Youjiang Medical University for Nationalities,5,40225,0.0001243008079552517,1058
Other communities,Aix-Marseille University,5,40225,0.0001243008079552517,1059
Other communities,Amsterdam Cardiovascular Sciences,5,40225,0.0001243008079552517,1060
Other communities,Banner Sun Health Research Institute,5,40225,0.0001243008079552517,1061
Other communities,Beihang University,5,40225,0.0001243008079552517,1062
Other communities,Beijing Hospital of Traditional Chinese Medicine,5,40225,0.0001243008079552517,1063
Other communities,Beijing Institute of Genomics,5,40225,0.0001243008079552517,1064
Other communities,Bekhterev National Medical Research Center for Psychiatry and Neurology,5,40225,0.0001243008079552517,1065
Other communities,Boehringer Ingelheim Pharma GmbH and Co KG,5,40225,0.0001243008079552517,1066
Other communities,Bristol-Myers Squibb (United Kingdom),5,40225,0.0001243008079552517,1067
Other communities,CSL Behring LLC,5,40225,0.0001243008079552517,1068
Other communities,Cambridge University Hospitals NHS Foundation Trust,5,40225,0.0001243008079552517,1069
Other communities,Cancer Hospital of Shantou University Medical College,5,40225,0.0001243008079552517,1070
Other communities,Capital Institute of Pediatrics,5,40225,0.0001243008079552517,1071
Other communities,Capital University of Physical Education and Sports,5,40225,0.0001243008079552517,1072
Other communities,Carol Davila University of Medicine and Pharmacy,5,40225,0.0001243008079552517,1073
Other communities,Catholic University of the Sacred Heart,5,40225,0.0001243008079552517,1074
Other communities,Center for Research in Transplantation and Translational Immunology,5,40225,0.0001243008079552517,1075
Other communities,Centre Hospitalier Universitaire de Liège,5,40225,0.0001243008079552517,1076
Other communities,Charing Cross Hospital,5,40225,0.0001243008079552517,1077
Other communities,Charles University,5,40225,0.0001243008079552517,1078
Other communities,Chengdu Center for Disease Control and Prevention,5,40225,0.0001243008079552517,1079
Other communities,Children's Mercy Hospital,5,40225,0.0001243008079552517,1080
Other communities,Christian Medical College & Hospital,5,40225,0.0001243008079552517,1081
Other communities,Chung-Ang University,5,40225,0.0001243008079552517,1082
Other communities,Cincinnati Children's Hospital Medical Center,5,40225,0.0001243008079552517,1083
Other communities,Dana Farber Cancer Institute Inc,5,40225,0.0001243008079552517,1084
Other communities,Dartmouth College,5,40225,0.0001243008079552517,1085
Other communities,"Department of Biotechnology, Jerusalem Multidisciplinary College, Jerusalem 9101001, Israel",5,40225,0.0001243008079552517,1086
Other communities,"Department of Endocrinology, Key Laboratory of Endocrinology, National Health and Family Planning Commission, Peking Union Medical College Hospital, Chinese Academy of Medical Science, Beijing, China",5,40225,0.0001243008079552517,1087
Other communities,"Department of Hepatobiliary Surgery, Dongguan Kanghua Hospital, Dongguan, China",5,40225,0.0001243008079552517,1088
Other communities,"Department of Research and Development, GoPath Laboratories LLC, Buffalo Grove, Illinois, USA",5,40225,0.0001243008079552517,1089
Other communities,Desert Research Institute,5,40225,0.0001243008079552517,1090
Other communities,Estonian Biocentre,5,40225,0.0001243008079552517,1091
Other communities,European Molecular Biology Laboratory,5,40225,0.0001243008079552517,1092
Other communities,Finnish Institute of Occupational Health,5,40225,0.0001243008079552517,1093
Other communities,First Affiliated Hospital of Heilongjiang University of Chinese Medicine,5,40225,0.0001243008079552517,1094
Other communities,Fourth Affiliated Hospital of China Medical University,5,40225,0.0001243008079552517,1095
Other communities,Fourth Affiliated Hospital of Guangxi Medical University,5,40225,0.0001243008079552517,1096
Other communities,Fraunhofer Institute for Algorithms and Scientific Computing,5,40225,0.0001243008079552517,1097
Other communities,"Gastroenterology Hospital ""Saverio de Bellis""",5,40225,0.0001243008079552517,1098
Other communities,Georgetown University,5,40225,0.0001243008079552517,1099
Other communities,"Gero LLC, 105064, Nizhny Susalny per. 5/4, Moscow, Russia",5,40225,0.0001243008079552517,1100
Other communities,Ghent University,5,40225,0.0001243008079552517,1101
Other communities,Gilead Sciences Inc,5,40225,0.0001243008079552517,1102
Other communities,Guangzhou Sport University,5,40225,0.0001243008079552517,1103
Other communities,Guizhou Provincial People's Hospital,5,40225,0.0001243008079552517,1104
Other communities,HUN-REN Research Centre for Natural Sciences,5,40225,0.0001243008079552517,1105
Other communities,Hallym University,5,40225,0.0001243008079552517,1106
Other communities,Hashimoto Municipal Hospital,5,40225,0.0001243008079552517,1107
Other communities,Hebei University,5,40225,0.0001243008079552517,1108
Other communities,Hebei University of Chinese Medicine,5,40225,0.0001243008079552517,1109
Other communities,Hebei University of Engineering,5,40225,0.0001243008079552517,1110
Other communities,Heidelberg University,5,40225,0.0001243008079552517,1111
Other communities,Herlev and Gentofte Hospital,5,40225,0.0001243008079552517,1112
Other communities,"Hokkaido, Japan, Sapporo, Japan, Kyoto, Japan, Düsseldorf, Germany, Ulm, Germany",5,40225,0.0001243008079552517,1113
Other communities,Hospital Universitari Germans Trias i Pujol,5,40225,0.0001243008079552517,1114
Other communities,Huizhou Central People's Hospital,5,40225,0.0001243008079552517,1115
Other communities,Hunter Medical Research Institute,5,40225,0.0001243008079552517,1116
Other communities,Inha University Hospital,5,40225,0.0001243008079552517,1117
Other communities,Institut de Recerca Sant Pau,5,40225,0.0001243008079552517,1118
Other communities,Institute of Archaeology,5,40225,0.0001243008079552517,1119
Other communities,Institute of Biomedicine of Seville,5,40225,0.0001243008079552517,1120
Other communities,Institute of Rheumatology,5,40225,0.0001243008079552517,1121
Other communities,International Peace Maternity & Child Health Hospital,5,40225,0.0001243008079552517,1122
Other communities,Istituto Neurologico Carlo Besta,5,40225,0.0001243008079552517,1123
Other communities,Jiangsu Cancer Hospital,5,40225,0.0001243008079552517,1124
Other communities,Jining Medical University,5,40225,0.0001243008079552517,1125
Other communities,John Radcliffe Hospital,5,40225,0.0001243008079552517,1126
Other communities,Kagoshima University,5,40225,0.0001243008079552517,1127
Other communities,Keimyung University,5,40225,0.0001243008079552517,1128
Other communities,Korea National Institute of Health,5,40225,0.0001243008079552517,1129
Other communities,La Trobe University,5,40225,0.0001243008079552517,1130
Other communities,"Landesamt für Archaeologie, Dresden, Germany",5,40225,0.0001243008079552517,1131
Other communities,Lithuanian Sports University,5,40225,0.0001243008079552517,1132
Other communities,Liverpool John Moores University,5,40225,0.0001243008079552517,1133
Other communities,MRC Unit the Gambia,5,40225,0.0001243008079552517,1134
Other communities,Macau University of Science and Technology,5,40225,0.0001243008079552517,1135
Other communities,Maj Institute of Pharmacology,5,40225,0.0001243008079552517,1136
Other communities,Mater Misericordiae University Hospital,5,40225,0.0001243008079552517,1137
Other communities,McGill University and Génome Québec Innovation Centre,5,40225,0.0001243008079552517,1138
Other communities,Medical University of Gdańsk,5,40225,0.0001243008079552517,1139
Other communities,Murdoch University,5,40225,0.0001243008079552517,1140
Other communities,Nanjing Drum Tower Hospital,5,40225,0.0001243008079552517,1141
Other communities,Nanjing Normal University,5,40225,0.0001243008079552517,1142
Other communities,National Center for Global Health and Medicine,5,40225,0.0001243008079552517,1143
Other communities,National Institute for Health and Care Research,5,40225,0.0001243008079552517,1144
Other communities,National University of Malaysia,5,40225,0.0001243008079552517,1145
Other communities,Northeastern University,5,40225,0.0001243008079552517,1146
Other communities,Nvidia Corp,5,40225,0.0001243008079552517,1147
Other communities,Oasi Maria SS,5,40225,0.0001243008079552517,1148
Other communities,Open Targets,5,40225,0.0001243008079552517,1149
Other communities,Pacific Northwest Diabetes Research Institute,5,40225,0.0001243008079552517,1150
Other communities,Panzhihua Central Hospital,5,40225,0.0001243008079552517,1151
Other communities,Paracelsus Medical University,5,40225,0.0001243008079552517,1152
Other communities,Public Health Scotland,5,40225,0.0001243008079552517,1153
Other communities,"Pulmonology Department, Fengdu General Hospital, No.33, Lutang Street, Sanhe Street, Fengdu County, Chongqing, China",5,40225,0.0001243008079552517,1154
Other communities,Putian University,5,40225,0.0001243008079552517,1155
Other communities,QIMR Berghofer Medical Research Institute,5,40225,0.0001243008079552517,1156
Other communities,Quzhou City People's Hospital,5,40225,0.0001243008079552517,1157
Other communities,Royal Cornwall Hospital,5,40225,0.0001243008079552517,1158
Other communities,Royal Free London NHS Foundation Trust,5,40225,0.0001243008079552517,1159
Other communities,Royal Victoria Infirmary,5,40225,0.0001243008079552517,1160
Other communities,Shanghai University,5,40225,0.0001243008079552517,1161
Other communities,"Shanghai, China",5,40225,0.0001243008079552517,1162
Other communities,ShanghaiTech University,5,40225,0.0001243008079552517,1163
Other communities,Sheba Medical Center,5,40225,0.0001243008079552517,1164
Other communities,Shenzhen Traditional Chinese Medicine Hospital,5,40225,0.0001243008079552517,1165
Other communities,South Australian Health and Medical Research Institute,5,40225,0.0001243008079552517,1166
Other communities,St Mary's Hospital,5,40225,0.0001243008079552517,1167
Other communities,State Key Laboratory of Biocontrol,5,40225,0.0001243008079552517,1168
Other communities,Taipei Veterans General Hospital,5,40225,0.0001243008079552517,1169
Other communities,Tehran University of Medical Sciences,5,40225,0.0001243008079552517,1170
Other communities,The Third Affiliated Hospital of Zhejiang Chinese Medical University,5,40225,0.0001243008079552517,1171
Other communities,The University of Texas Health Science Center at San Antonio,5,40225,0.0001243008079552517,1172
Other communities,Tongde Hospital of Zhejiang Province,5,40225,0.0001243008079552517,1173
Other communities,Translational Research Institute,5,40225,0.0001243008079552517,1174
Other communities,Tyumen State Medical University,5,40225,0.0001243008079552517,1175
Other communities,UCL Institute of Child Health,5,40225,0.0001243008079552517,1176
Other communities,University Clinical Center of Kosovo,5,40225,0.0001243008079552517,1177
Other communities,University of A Coruña,5,40225,0.0001243008079552517,1178
Other communities,University of Bern,5,40225,0.0001243008079552517,1179
Other communities,University of Canberra,5,40225,0.0001243008079552517,1180
Other communities,University of Delaware,5,40225,0.0001243008079552517,1181
Other communities,University of Leicester,5,40225,0.0001243008079552517,1182
Other communities,University of Porto,5,40225,0.0001243008079552517,1183
Other communities,University of Potsdam,5,40225,0.0001243008079552517,1184
Other communities,University of Reading,5,40225,0.0001243008079552517,1185
Other communities,University of South Florida,5,40225,0.0001243008079552517,1186
Other communities,University of Stirling,5,40225,0.0001243008079552517,1187
Other communities,University of Toronto Mississauga,5,40225,0.0001243008079552517,1188
Other communities,University of Vienna,5,40225,0.0001243008079552517,1189
Other communities,Universitätsklinikum Gießen und Marburg,5,40225,0.0001243008079552517,1190
Other communities,Victor Chang Cardiac Research Institute,5,40225,0.0001243008079552517,1191
Other communities,Weifang Medical University,5,40225,0.0001243008079552517,1192
Other communities,Western Sydney University,5,40225,0.0001243008079552517,1193
Other communities,Wuhan University of Technology,5,40225,0.0001243008079552517,1194
Other communities,Wuxi Fourth People's Hospital,5,40225,0.0001243008079552517,1195
Other communities,Xiamen Medical College,5,40225,0.0001243008079552517,1196
Other communities,Yunnan University YNU,5,40225,0.0001243008079552517,1197
Other communities,Zhengzhou Children's Hospital,5,40225,0.0001243008079552517,1198
Other communities,Zhongshan Hospital of Xiamen University,5,40225,0.0001243008079552517,1199
Other communities,Zhuhai Hospital of Integrated Traditional Chinese and Western Medicine,5,40225,0.0001243008079552517,1200
Other communities,and the DBDS consortium,5,40225,0.0001243008079552517,1201
Other communities,"3Z, Menntavegur 1, Reykjavík, Iceland",4,40225,9.944064636420136e-05,1202
Other communities,"ADNTRO Genetics, Carretera Betlem, s/n, Colonia de Sant Pere, 07579 Arta, Spain;, darwin@adntro.com, (S.F.L.);, fireblom@adntro.com, (J.B.-D.);, nettie.stevens@adntro.com, (M.A.-B.);, watson@adntro.com, (A.G.);, morgan.monzon@adntro.com, (G.P.-S.)",4,40225,9.944064636420136e-05,1203
Other communities,Academy of Sciences Republic of Uzbekistan,4,40225,9.944064636420136e-05,1204
Other communities,Affiliated Hospital of Jiangsu University,4,40225,9.944064636420136e-05,1205
Other communities,Affiliated Hospital of Liaoning University of Traditional Chinese Medicine,4,40225,9.944064636420136e-05,1206
Other communities,"Agency for Science, Technology and Research",4,40225,9.944064636420136e-05,1207
Other communities,Agricultural Genomics Institute at Shenzhen,4,40225,9.944064636420136e-05,1208
Other communities,Akureyri Hospital,4,40225,9.944064636420136e-05,1209
Other communities,Alberta Children's Hospital Research Institute,4,40225,9.944064636420136e-05,1210
Other communities,Alexion Pharmaceuticals Inc,4,40225,9.944064636420136e-05,1211
Other communities,Amsterdam UMC Location AMC,4,40225,9.944064636420136e-05,1212
Other communities,Anhui University of Science and Technology,4,40225,9.944064636420136e-05,1213
Other communities,"Artificial Intelligence and Machine Learning, GSK, South San Francisco, CA, USA",4,40225,9.944064636420136e-05,1214
Other communities,Assistance Publique - Hôpitaux de Paris,4,40225,9.944064636420136e-05,1215
Other communities,AstraZeneca AB,4,40225,9.944064636420136e-05,1216
Other communities,Bambino Gesù Children's Hospital,4,40225,9.944064636420136e-05,1217
Other communities,Beaujon Hospital,4,40225,9.944064636420136e-05,1218
Other communities,Beaumont Hospital,4,40225,9.944064636420136e-05,1219
Other communities,Beijing Luhe Hospital Affiliated to Capital Medical University,4,40225,9.944064636420136e-05,1220
Other communities,Beijing Yanqing Hospital of Traditional Chinese Medicine,4,40225,9.944064636420136e-05,1221
Other communities,Bengbu Medical College,4,40225,9.944064636420136e-05,1222
Other communities,"Birkbeck, University of London",4,40225,9.944064636420136e-05,1223
Other communities,Bispebjerg Hospital,4,40225,9.944064636420136e-05,1224
Other communities,"Brain Imaging Centre, Research Centre for Natural Sciences, Budapest 1117, Hungary.",4,40225,9.944064636420136e-05,1225
Other communities,Bristol Royal Infirmary,4,40225,9.944064636420136e-05,1226
Other communities,Buddhist Tzu Chi Medical Foundation,4,40225,9.944064636420136e-05,1227
Other communities,California Institute of Technology,4,40225,9.944064636420136e-05,1228
Other communities,Campus Bio Medico University Hospital,4,40225,9.944064636420136e-05,1229
Other communities,Carnegie Mellon University,4,40225,9.944064636420136e-05,1230
Other communities,Centre for Cellular and Molecular Biology,4,40225,9.944064636420136e-05,1231
Other communities,Centre for Epidemiology Versus Arthritis,4,40225,9.944064636420136e-05,1232
Other communities,Centro Cardiologico Monzino,4,40225,9.944064636420136e-05,1233
Other communities,Centro de Investigación Biomédica en Red de Epidemiología y Salud Pública,4,40225,9.944064636420136e-05,1234
Other communities,Chang Gung University,4,40225,9.944064636420136e-05,1235
Other communities,Chifeng University,4,40225,9.944064636420136e-05,1236
Other communities,Children's Hospital of Eastern Ontario,4,40225,9.944064636420136e-05,1237
Other communities,Children’s National Health System,4,40225,9.944064636420136e-05,1238
Other communities,Chung Shan Medical University,4,40225,9.944064636420136e-05,1239
Other communities,Complexo Hospitalario Universitario A Coruña,4,40225,9.944064636420136e-05,1240
Other communities,"Department of Clinical Research, Yikon Genomics Co., Ltd, Suzhou, Jiangsu, China",4,40225,9.944064636420136e-05,1241
Other communities,"Department of Gastroenterology, Centro Hospitalar do Funchal, Madeira, Portugal",4,40225,9.944064636420136e-05,1242
Other communities,"Department of Genomic Medicine, D.O. Ott Research Institute of Obstetrics, Gynaecology, and Reproductology, 199034 St. Petersburg, Russia.",4,40225,9.944064636420136e-05,1243
Other communities,"Department of Ophthalmology, the First People’s Hospital of Kashi Prefecture (The Affiliated Kashi Hospital of Sun Yat-Sen University), Kashi, China",4,40225,9.944064636420136e-05,1244
Other communities,"Department of Psychiatry, University Clinical Center, Sarajevo, Bosnia and Herzegovina",4,40225,9.944064636420136e-05,1245
Other communities,Donghua University,4,40225,9.944064636420136e-05,1246
Other communities,Echosens SA,4,40225,9.944064636420136e-05,1247
Other communities,"Emergency Center, Anxi County Hospital, Quanzhou, Fujian, China",4,40225,9.944064636420136e-05,1248
Other communities,Endeavor Health,4,40225,9.944064636420136e-05,1249
Other communities,Energy Institute,4,40225,9.944064636420136e-05,1250
Other communities,Federal University of Rio Grande do Sul,4,40225,9.944064636420136e-05,1251
Other communities,First Affiliated Hospital of Army Medical University,4,40225,9.944064636420136e-05,1252
Other communities,French National Centre for Scientific Research,4,40225,9.944064636420136e-05,1253
Other communities,Fu Jen Catholic University,4,40225,9.944064636420136e-05,1254
Other communities,Fuzhou Second Hospital,4,40225,9.944064636420136e-05,1255
Other communities,General Hospital of Northern Theater Command of PLA,4,40225,9.944064636420136e-05,1256
Other communities,"Genome Opinion Incorporation, Seoul 04799, Republic of Korea.",4,40225,9.944064636420136e-05,1257
Other communities,"GenomesForLife-GCAT Lab Group, Program of Predictive and Personalized Medicine of Cancer (PMPPC), Germans Trias i Pujol Research Institute (IGTP), Crta. de Can Ruti, Badalona, Catalunya, Spain",4,40225,9.944064636420136e-05,1258
Other communities,German Center for Lung Research,4,40225,9.944064636420136e-05,1259
Other communities,German Centre for Cardiovascular Research,4,40225,9.944064636420136e-05,1260
Other communities,Glasgow Caledonian University,4,40225,9.944064636420136e-05,1261
Other communities,Griffith University,4,40225,9.944064636420136e-05,1262
Other communities,Hainan Modern Women and Children's Hospital,4,40225,9.944064636420136e-05,1263
Other communities,Heriot-Watt University,4,40225,9.944064636420136e-05,1264
Other communities,"High Content Genomics and Bioinformatics Unit, Program of Predictive and Personalized Medicine of Cancer (PMPPC), Germans Trias i Pujol Research Institute (IGTP), Badalona, Catalunya, Spain",4,40225,9.944064636420136e-05,1265
Other communities,Hospital Nacional de Parapléjicos de Toledo,4,40225,9.944064636420136e-05,1266
Other communities,Hunan Provincial People's Hospital,4,40225,9.944064636420136e-05,1267
Other communities,Hôpital Cochin,4,40225,9.944064636420136e-05,1268
Other communities,Hôpital Louis Pradel,4,40225,9.944064636420136e-05,1269
Other communities,IRCCS Humanitas Research Hospital,4,40225,9.944064636420136e-05,1270
Other communities,Illumina Cambridge Ltd,4,40225,9.944064636420136e-05,1271
Other communities,Institut Gustave Roussy,4,40225,9.944064636420136e-05,1272
Other communities,Institute for Research in Biomedicine,4,40225,9.944064636420136e-05,1273
Other communities,Institute of Biophysics,4,40225,9.944064636420136e-05,1274
Other communities,Institute of Psychology,4,40225,9.944064636420136e-05,1275
Other communities,"Institute of Radiation Medicine , CAMS&PUMC",4,40225,9.944064636420136e-05,1276
Other communities,Institute of Science Tokyo,4,40225,9.944064636420136e-05,1277
Other communities,Institute of Science and Technology Austria,4,40225,9.944064636420136e-05,1278
Other communities,Italian Institute of Technology,4,40225,9.944064636420136e-05,1279
Other communities,Iuliu Hațieganu University of Medicine and Pharmacy,4,40225,9.944064636420136e-05,1280
Other communities,Jena University Hospital,4,40225,9.944064636420136e-05,1281
Other communities,Jeonbuk National University,4,40225,9.944064636420136e-05,1282
Other communities,Jiangsu Normal University,4,40225,9.944064636420136e-05,1283
Other communities,Jiaxing University,4,40225,9.944064636420136e-05,1284
Other communities,"KI Institute, Tel Aviv, Israel",4,40225,9.944064636420136e-05,1285
Other communities,Kallyope Inc,4,40225,9.944064636420136e-05,1286
Other communities,Khon Kaen University,4,40225,9.944064636420136e-05,1287
Other communities,Korea Institute of Oriental Medicine,4,40225,9.944064636420136e-05,1288
Other communities,Korea University Guro Hospital,4,40225,9.944064636420136e-05,1289
Other communities,"Laboratoire de Sciences Cognitives et Psycholinguistique, Département d’Études Cognitives, École Normale Supérieure, EHESS, CNRS, PSL University, 75005, Paris, France",4,40225,9.944064636420136e-05,1290
Other communities,Leiden University,4,40225,9.944064636420136e-05,1291
Other communities,Leipzig University,4,40225,9.944064636420136e-05,1292
Other communities,Loughborough University,4,40225,9.944064636420136e-05,1293
Other communities,MRC Clinical Trials Unit,4,40225,9.944064636420136e-05,1294
Other communities,"McGovern Medical School, UTHealth, Houston, TX, USA",4,40225,9.944064636420136e-05,1295
Other communities,Medical Research Council,4,40225,9.944064636420136e-05,1296
Other communities,Medical University of Lodz,4,40225,9.944064636420136e-05,1297
Other communities,Meizhou City People's Hospital,4,40225,9.944064636420136e-05,1298
Other communities,Ministry of Education (China Medical University,4,40225,9.944064636420136e-05,1299
Other communities,Ministry of Health,4,40225,9.944064636420136e-05,1300
Other communities,Moores Comprehensive Cancer Center,4,40225,9.944064636420136e-05,1301
Other communities,Moscow Institute of Physics and Technology,4,40225,9.944064636420136e-05,1302
Other communities,Munich Leukemia Laboratory (Germany),4,40225,9.944064636420136e-05,1303
Other communities,Mātai Medical Research Institute,4,40225,9.944064636420136e-05,1304
Other communities,"NEC Israeli Research Center, Herzliya, Israel.",4,40225,9.944064636420136e-05,1305
Other communities,NHS Grampian,4,40225,9.944064636420136e-05,1306
Other communities,NHS Lothian,4,40225,9.944064636420136e-05,1307
Other communities,NIHR Newcastle Biomedical Research Centre,4,40225,9.944064636420136e-05,1308
Other communities,"NMC Genetics India Pvt. Ltd. Gurugram, 122001, Haryana, India",4,40225,9.944064636420136e-05,1309
Other communities,Nanyang Technological University,4,40225,9.944064636420136e-05,1310
Other communities,National Autonomous University of Mexico,4,40225,9.944064636420136e-05,1311
Other communities,National Health Insurance Service Ilsan Hospital,4,40225,9.944064636420136e-05,1312
Other communities,National Institute for Public Health and the Environment,4,40225,9.944064636420136e-05,1313
Other communities,National Institute of Anthropology and History,4,40225,9.944064636420136e-05,1314
Other communities,National Institute of Mental Health and Neurosciences,4,40225,9.944064636420136e-05,1315
Other communities,National Scientific and Technical Research Council,4,40225,9.944064636420136e-05,1316
Other communities,National University Health System,4,40225,9.944064636420136e-05,1317
Other communities,National University of Uzbekistan,4,40225,9.944064636420136e-05,1318
Other communities,Netherlands Institute for Neuroscience,4,40225,9.944064636420136e-05,1319
Other communities,Neuroscience Institute,4,40225,9.944064636420136e-05,1320
Other communities,New Cross Hospital,4,40225,9.944064636420136e-05,1321
Other communities,Ningbo Center for Disease Control and Prevention,4,40225,9.944064636420136e-05,1322
Other communities,Oil Crops Research Institute,4,40225,9.944064636420136e-05,1323
Other communities,Ospedale Policlinico San Martino,4,40225,9.944064636420136e-05,1324
Other communities,"Oxcitas Limited, 28 Chesterton Road, Cambridge CB4 3AZ, United Kingdom",4,40225,9.944064636420136e-05,1325
Other communities,Pennington Biomedical Research Center,4,40225,9.944064636420136e-05,1326
Other communities,"PrecisionLife Ltd., Unit 8b Bankside, Hanborough Business Park, Long Hanborough OX29 8LJ, UK",4,40225,9.944064636420136e-05,1327
Other communities,Princess Elizabeth Orthopaedic Centre,4,40225,9.944064636420136e-05,1328
Other communities,Pusan National University,4,40225,9.944064636420136e-05,1329
Other communities,Qinghai University,4,40225,9.944064636420136e-05,1330
Other communities,Quadram Institute,4,40225,9.944064636420136e-05,1331
Other communities,Queen Elizabeth Hospital Birmingham,4,40225,9.944064636420136e-05,1332
Other communities,Regeneron Genetics Center,4,40225,9.944064636420136e-05,1333
Other communities,Rice University,4,40225,9.944064636420136e-05,1334
Other communities,Royal College of Surgeons in Ireland,4,40225,9.944064636420136e-05,1335
Other communities,Rush University,4,40225,9.944064636420136e-05,1336
Other communities,"STALICLA Discovery and Data Science Unit, World Trade Center, Moll de Barcelona, Edif Este, 08039 Barcelona, Spain;, sara.azidane@stalicla.com, (S.A.);, 01eizaguerrisandra@gmail.com, (S.E.);, xavier.gallego@stalicla.com, (X.G.);, lynn.durham@stalicla.com, (L.D.);, emre.guney@stalicla.com, (E.G.)",4,40225,9.944064636420136e-05,1337
Other communities,Saarland University,4,40225,9.944064636420136e-05,1338
Other communities,Saint Luke's Health System Inc,4,40225,9.944064636420136e-05,1339
Other communities,Salford Royal NHS Foundation Trust,4,40225,9.944064636420136e-05,1340
Other communities,Seirei Sakura Citizen Hospital,4,40225,9.944064636420136e-05,1341
Other communities,Shantou Central Hospital,4,40225,9.944064636420136e-05,1342
Other communities,Springfield College,4,40225,9.944064636420136e-05,1343
Other communities,St Joseph's Health Care,4,40225,9.944064636420136e-05,1344
Other communities,St. Vincent's Hospital,4,40225,9.944064636420136e-05,1345
Other communities,State University of New York at Albany,4,40225,9.944064636420136e-05,1346
Other communities,Stockholm South General Hospital,4,40225,9.944064636420136e-05,1347
Other communities,Sunnybrook Health Science Centre,4,40225,9.944064636420136e-05,1348
Other communities,Swinburne University of Technology,4,40225,9.944064636420136e-05,1349
Other communities,Tata Memorial Centre,4,40225,9.944064636420136e-05,1350
Other communities,The Central Hospital of Enshi Tujia and Miao Autonomous Prefecture,4,40225,9.944064636420136e-05,1351
Other communities,The Second Affiliated Hospital of Bengbu Medical College,4,40225,9.944064636420136e-05,1352
Other communities,Thermo Fisher Scientific Inc,4,40225,9.944064636420136e-05,1353
Other communities,Tianjin Children's Hospital,4,40225,9.944064636420136e-05,1354
Other communities,Tianjin Fourth Central Hospital,4,40225,9.944064636420136e-05,1355
Other communities,Tianjin University of Technology,4,40225,9.944064636420136e-05,1356
Other communities,UCL Institute of Ophthalmology,4,40225,9.944064636420136e-05,1357
Other communities,Universidade Federal de Pelotas,4,40225,9.944064636420136e-05,1358
Other communities,Universitat Politècnica de Catalunya,4,40225,9.944064636420136e-05,1359
Other communities,University Hospital in Halle,4,40225,9.944064636420136e-05,1360
Other communities,University Hospital of Wales,4,40225,9.944064636420136e-05,1361
Other communities,University Hospitals Birmingham NHS Foundation Trust,4,40225,9.944064636420136e-05,1362
Other communities,University of Belgrade,4,40225,9.944064636420136e-05,1363
Other communities,University of Bergen,4,40225,9.944064636420136e-05,1364
Other communities,University of Burgos,4,40225,9.944064636420136e-05,1365
Other communities,University of Chile,4,40225,9.944064636420136e-05,1366
Other communities,University of Essex,4,40225,9.944064636420136e-05,1367
Other communities,University of Groningen,4,40225,9.944064636420136e-05,1368
Other communities,University of Lincoln,4,40225,9.944064636420136e-05,1369
Other communities,University of Liège,4,40225,9.944064636420136e-05,1370
Other communities,University of Ljubljana,4,40225,9.944064636420136e-05,1371
Other communities,University of London,4,40225,9.944064636420136e-05,1372
Other communities,University of Missouri-Columbia,4,40225,9.944064636420136e-05,1373
Other communities,University of Nebraska Medical Center,4,40225,9.944064636420136e-05,1374
Other communities,University of New Mexico,4,40225,9.944064636420136e-05,1375
Other communities,University of North Texas Health Science Center,4,40225,9.944064636420136e-05,1376
Other communities,University of Oviedo,4,40225,9.944064636420136e-05,1377
Other communities,University of Pittsburgh Medical Center,4,40225,9.944064636420136e-05,1378
Other communities,University of Rennes,4,40225,9.944064636420136e-05,1379
Other communities,University of Rochester Medical Center,4,40225,9.944064636420136e-05,1380
Other communities,University of Tehran,4,40225,9.944064636420136e-05,1381
Other communities,University of Vermont,4,40225,9.944064636420136e-05,1382
Other communities,University of Verona,4,40225,9.944064636420136e-05,1383
Other communities,University of Zagreb,4,40225,9.944064636420136e-05,1384
Other communities,Universität Innsbruck,4,40225,9.944064636420136e-05,1385
Other communities,Université Libre de Bruxelles,4,40225,9.944064636420136e-05,1386
Other communities,Vancouver Coastal Health Research Institute,4,40225,9.944064636420136e-05,1387
Other communities,VieCuri Medisch Centrum,4,40225,9.944064636420136e-05,1388
Other communities,Vilnius University,4,40225,9.944064636420136e-05,1389
Other communities,Wannan Medical College,4,40225,9.944064636420136e-05,1390
Other communities,Wellcome Centre for Integrative Neuroimaging,4,40225,9.944064636420136e-05,1391
Other communities,Women's Hospital Zhejiang University School of Medicine,4,40225,9.944064636420136e-05,1392
Other communities,Xi’an Jiaotong-Liverpool University,4,40225,9.944064636420136e-05,1393
Other communities,Yan'an University,4,40225,9.944064636420136e-05,1394
Other communities,Yancheng Third People's Hospital,4,40225,9.944064636420136e-05,1395
Other communities,York Ltd,4,40225,9.944064636420136e-05,1396
Other communities,Zhejiang Hospital,4,40225,9.944064636420136e-05,1397
Other communities,Zhuhai People's Hospital,4,40225,9.944064636420136e-05,1398
Other communities,for the Geisinger-Regeneron DiscovEHR Collaboration and Penn Medicine Biobank,4,40225,9.944064636420136e-05,1399
Other communities,中山大学公共卫生学院流行病学系，广州 510080,4,40225,9.944064636420136e-05,1400
Other communities,四川大学华西公共卫生学院/华西第四医院，成都 610041,4,40225,9.944064636420136e-05,1401
Other communities,苏州大学附属第一医院妇产科，苏州 215006,4,40225,9.944064636420136e-05,1402
Other communities,Affiliated Hospital of Chifeng University,3,40225,7.458048477315103e-05,1403
Other communities,Affiliated Hospital of Hebei University,3,40225,7.458048477315103e-05,1404
Other communities,Affiliated Hospital of Zunyi Medical College,3,40225,7.458048477315103e-05,1405
Other communities,Akershus University Hospital,3,40225,7.458048477315103e-05,1406
Other communities,Aksaray University,3,40225,7.458048477315103e-05,1407
Other communities,Albany Medical Center Hospital,3,40225,7.458048477315103e-05,1408
Other communities,Amager and Hvidovre Hospital,3,40225,7.458048477315103e-05,1409
Other communities,Amsterdam Movement Sciences,3,40225,7.458048477315103e-05,1410
Other communities,Anqing Municipal Hospital,3,40225,7.458048477315103e-05,1411
Other communities,"Antegenes, Tartu, Estonia",3,40225,7.458048477315103e-05,1412
Other communities,Asia University,3,40225,7.458048477315103e-05,1413
Other communities,Astellas Pharma Inc,3,40225,7.458048477315103e-05,1414
Other communities,Australian e-Health Research Centre,3,40225,7.458048477315103e-05,1415
Other communities,"Australian e-Health Research Centre, Commonwealth Scientific and Industrial Research Organisation (CSIRO), Westmead, New South Wales, Australia",3,40225,7.458048477315103e-05,1416
Other communities,Autonomous University of Barcelona,3,40225,7.458048477315103e-05,1417
Other communities,Azienda Ospedaliero-Universitaria Careggi,3,40225,7.458048477315103e-05,1418
Other communities,Barts Health NHS Trust,3,40225,7.458048477315103e-05,1419
Other communities,"Basgenbio Inc., Seoul, Republic of Korea",3,40225,7.458048477315103e-05,1420
Other communities,Baylor University,3,40225,7.458048477315103e-05,1421
Other communities,Beijing Anding Hospital,3,40225,7.458048477315103e-05,1422
Other communities,"Beijing ClouDNA Technology Co Ltd, Beijing, China",3,40225,7.458048477315103e-05,1423
Other communities,Beijing Jishuitan Hospital,3,40225,7.458048477315103e-05,1424
Other communities,Beijing University of Posts and Telecommunications,3,40225,7.458048477315103e-05,1425
Other communities,Bennett University,3,40225,7.458048477315103e-05,1426
Other communities,Bielefeld University,3,40225,7.458048477315103e-05,1427
Other communities,Bilkent University,3,40225,7.458048477315103e-05,1428
Other communities,Biogen Inc,3,40225,7.458048477315103e-05,1429
Other communities,Biological Research Centre,3,40225,7.458048477315103e-05,1430
Other communities,Bioscar,3,40225,7.458048477315103e-05,1431
Other communities,Bordeaux Population Health,3,40225,7.458048477315103e-05,1432
Other communities,Boğaziçi University,3,40225,7.458048477315103e-05,1433
Other communities,"Brain Imaging Centre, Research Centre for Natural Sciences, 1117, Budapest, Hungary",3,40225,7.458048477315103e-05,1434
Other communities,Bristol Royal Hospital for Children,3,40225,7.458048477315103e-05,1435
Other communities,British Columbia Children's Hospital,3,40225,7.458048477315103e-05,1436
Other communities,Brookhaven National Laboratory,3,40225,7.458048477315103e-05,1437
Other communities,Brooklyn College,3,40225,7.458048477315103e-05,1438
Other communities,Bumrungrad International Hospital,3,40225,7.458048477315103e-05,1439
Other communities,CIC bioGUNE,3,40225,7.458048477315103e-05,1440
Other communities,Canada's Michael Smith Genome Sciences Centre,3,40225,7.458048477315103e-05,1441
Other communities,Center for Excellence in Molecular Cell Science,3,40225,7.458048477315103e-05,1442
Other communities,Center for Life Sciences,3,40225,7.458048477315103e-05,1443
Other communities,Centre Hospitalier Universitaire de Montpellier,3,40225,7.458048477315103e-05,1444
Other communities,Centre Hospitalier Universitaire de Nancy,3,40225,7.458048477315103e-05,1445
Other communities,Centre Hospitalier Universitaire de Québec,3,40225,7.458048477315103e-05,1446
Other communities,Centre Hospitalier Universitaire de Tours,3,40225,7.458048477315103e-05,1447
Other communities,Centre des Sciences du Goût et de l'Alimentation,3,40225,7.458048477315103e-05,1448
Other communities,Chengdu University,3,40225,7.458048477315103e-05,1449
Other communities,Chiba Cancer Center,3,40225,7.458048477315103e-05,1450
Other communities,Children's Hospital of Pittsburgh,3,40225,7.458048477315103e-05,1451
Other communities,Children's Minnesota,3,40225,7.458048477315103e-05,1452
Other communities,"Chongqing Municipal Center for Disease Control and Prevention, Chongqing, China",3,40225,7.458048477315103e-05,1453
Other communities,Chonnam National University,3,40225,7.458048477315103e-05,1454
Other communities,Chosun University,3,40225,7.458048477315103e-05,1455
Other communities,Chungbuk National University Hospital,3,40225,7.458048477315103e-05,1456
Other communities,Cleveland Clinic Abu Dhabi,3,40225,7.458048477315103e-05,1457
Other communities,Cliniques Universitaires Saint-Luc,3,40225,7.458048477315103e-05,1458
Other communities,Cohen Veterans Bioscience,3,40225,7.458048477315103e-05,1459
Other communities,"Coral Genomics, Inc., 953 Indiana St., San Francisco, CA 94107, USA;, chloe@coralgenomics.com, (C.K.H.);, kasey@coralgenomics.com, (K.N.D.)",3,40225,7.458048477315103e-05,1460
Other communities,Covenant University,3,40225,7.458048477315103e-05,1461
Other communities,Creighton University,3,40225,7.458048477315103e-05,1462
Other communities,Danderyds sjukhus,3,40225,7.458048477315103e-05,1463
Other communities,Dazhou Central Hospital,3,40225,7.458048477315103e-05,1464
Other communities,Decibel Therapeutics Inc,3,40225,7.458048477315103e-05,1465
Other communities,Dent Neurologic Institute,3,40225,7.458048477315103e-05,1466
Other communities,"Department of Cardiology, The First Affiliated Hospital of Bengbu Medical University, 233004, Bengbu, China",3,40225,7.458048477315103e-05,1467
Other communities,"Department of Epidemiology and Biostatistics, School of Public Health, Shandong Second Medical University, WeiFang, 261053, PR China.",3,40225,7.458048477315103e-05,1468
Other communities,"Department of General Surgery, Yan'an People's Hospital, Yan'an, China",3,40225,7.458048477315103e-05,1469
Other communities,"Department of Health Checkup and Promotion, Keijinkai Maruyama Clinic, Sapporo, Japan",3,40225,7.458048477315103e-05,1470
Other communities,"Department of Immunity, Quzhou Center for Disease Control and Prevention, 324000, Quzhou, Zhejiang, China",3,40225,7.458048477315103e-05,1471
Other communities,"Department of Neurology, Shenzhen Qianhai Shekou Free Trade Zone Hospital, Shenzhen, Guangdong, China",3,40225,7.458048477315103e-05,1472
Other communities,"Department of Neurology, the Second Affiliated Hospital, Hangzhou, Zhejiang, China",3,40225,7.458048477315103e-05,1473
Other communities,"Department of Orthopedics, Hebei Province Cangzhou Hospital of Integrated Traditional Chinese Medicine-Western Medicine, Cangzhou, China",3,40225,7.458048477315103e-05,1474
Other communities,"Department of Psychiatry, University Clinical Center of Mostar, Mostar, Bosnia and Herzegovina",3,40225,7.458048477315103e-05,1475
Other communities,Dicerna Pharmaceuticals Inc,3,40225,7.458048477315103e-05,1476
Other communities,Dongzhimen Hospital Affiliated to Beijing University of Chinese Medicine,3,40225,7.458048477315103e-05,1477
Other communities,Eli Lilly and Co,3,40225,7.458048477315103e-05,1478
Other communities,Elisabeth-Krankenhaus Essen,3,40225,7.458048477315103e-05,1479
Other communities,Emma Kinderziekenhuis,3,40225,7.458048477315103e-05,1480
Other communities,Ente Ospedaliero Cantonale,3,40225,7.458048477315103e-05,1481
Other communities,Erasmus Hospital,3,40225,7.458048477315103e-05,1482
Other communities,Erasmus MC - Sophia Children’s Hospital,3,40225,7.458048477315103e-05,1483
Other communities,"Etiome Inc, Cambridge, MA;",3,40225,7.458048477315103e-05,1484
Other communities,Eulji General Hospital,3,40225,7.458048477315103e-05,1485
Other communities,Ezhou Central Hospital,3,40225,7.458048477315103e-05,1486
Other communities,First Affiliated Hospital of Hebei Medical University,3,40225,7.458048477315103e-05,1487
Other communities,Flagship Pioneering Inc,3,40225,7.458048477315103e-05,1488
Other communities,Fourth Hospital of Hebei Medical University,3,40225,7.458048477315103e-05,1489
Other communities,Fraunhofer Institute for Translational Medicine and Pharmacology,3,40225,7.458048477315103e-05,1490
Other communities,Freie Universität Berlin,3,40225,7.458048477315103e-05,1491
Other communities,French Institute for Research in Computer Science and Automation,3,40225,7.458048477315103e-05,1492
Other communities,"GENXT, Hinxton, UK",3,40225,7.458048477315103e-05,1493
Other communities,"Geisinger, Danville, PA",3,40225,7.458048477315103e-05,1494
Other communities,"Genuity Science, Dublin, Ireland",3,40225,7.458048477315103e-05,1495
Other communities,George Mason University,3,40225,7.458048477315103e-05,1496
Other communities,German Diabetes Center,3,40225,7.458048477315103e-05,1497
Other communities,Ghent University Hospital,3,40225,7.458048477315103e-05,1498
Other communities,GlaxoSmithKline LLC,3,40225,7.458048477315103e-05,1499
Other communities,Gloucestershire Hospitals NHS Foundation Trust,3,40225,7.458048477315103e-05,1500
Other communities,Goethe University Frankfurt,3,40225,7.458048477315103e-05,1501
Other communities,Government Medical College,3,40225,7.458048477315103e-05,1502
Other communities,Great Ormond Street Hospital,3,40225,7.458048477315103e-05,1503
Other communities,Guangxi University,3,40225,7.458048477315103e-05,1504
Other communities,Guangxi University of Science and Technology,3,40225,7.458048477315103e-05,1505
Other communities,Guangzhou Institute of Dermatology,3,40225,7.458048477315103e-05,1506
Other communities,Guizhou University,3,40225,7.458048477315103e-05,1507
Other communities,Hallym University Sacred Heart Hospital,3,40225,7.458048477315103e-05,1508
Other communities,Hamad Medical Corporation,3,40225,7.458048477315103e-05,1509
Other communities,Hangzhou Women’s Hospital,3,40225,7.458048477315103e-05,1510
Other communities,Harbor–UCLA Medical Center,3,40225,7.458048477315103e-05,1511
Other communities,"HealthScreen Inc., Richmond Hill, NY 11418, USA;, arun@ihealthscreen.org, (A.G.);, tbhuiyan02@gmail.com, (T.B.)",3,40225,7.458048477315103e-05,1512
Other communities,Henry Ford Cancer Institute,3,40225,7.458048477315103e-05,1513
Other communities,Hirslanden Klinik Im Park,3,40225,7.458048477315103e-05,1514
Other communities,Homi Bhabha National Institute,3,40225,7.458048477315103e-05,1515
Other communities,Hong Kong Metropolitan University,3,40225,7.458048477315103e-05,1516
Other communities,Hospital de Clínicas de Porto Alegre,3,40225,7.458048477315103e-05,1517
Other communities,Hospital de São João,3,40225,7.458048477315103e-05,1518
Other communities,Hubei Provincial Hospital of Traditional Chinese Medicine,3,40225,7.458048477315103e-05,1519
Other communities,Hunan Academy of Traditional Chinese Medicine,3,40225,7.458048477315103e-05,1520
Other communities,Hôpital Saint-Antoine,3,40225,7.458048477315103e-05,1521
Other communities,IHRC (United States),3,40225,7.458048477315103e-05,1522
Other communities,Imperial College Healthcare NHS Trust,3,40225,7.458048477315103e-05,1523
Other communities,Indian Institute of Technology Hyderabad,3,40225,7.458048477315103e-05,1524
Other communities,"InsideTracker, One Broadway, 14 th 10 Fl, 02142, Cambridge, MA, USA",3,40225,7.458048477315103e-05,1525
Other communities,Institució Catalana de Recerca i Estudis Avançats,3,40225,7.458048477315103e-05,1526
Other communities,Institute for Clinical Evaluative Sciences,3,40225,7.458048477315103e-05,1527
Other communities,Institute of Automation,3,40225,7.458048477315103e-05,1528
Other communities,"Institute of Basic Medical Sciences, CAMS&PUMC",3,40225,7.458048477315103e-05,1529
Other communities,"Institute of Bioinformatics Research and Education, Belgrade 11070, Serbia",3,40225,7.458048477315103e-05,1530
Other communities,Institute of Clinical and Experimental Medicine,3,40225,7.458048477315103e-05,1531
Other communities,Institute of Informatics & Telecommunications,3,40225,7.458048477315103e-05,1532
Other communities,Institute of Molecular Bioimaging and Physiology,3,40225,7.458048477315103e-05,1533
Other communities,"Institute of Statistical Science, Academia Sinica",3,40225,7.458048477315103e-05,1534
Other communities,Instituto de Investigación Sanitaria de Santiago,3,40225,7.458048477315103e-05,1535
Other communities,Intermountain Healthcare,3,40225,7.458048477315103e-05,1536
Other communities,International Agency for Research on Cancer,3,40225,7.458048477315103e-05,1537
Other communities,Istanbul Technical University,3,40225,7.458048477315103e-05,1538
Other communities,Istanbul University,3,40225,7.458048477315103e-05,1539
Other communities,Istituto Auxologico Italiano,3,40225,7.458048477315103e-05,1540
Other communities,Istituto Giannina Gaslini,3,40225,7.458048477315103e-05,1541
Other communities,Janssen Pharmaceutica NV,3,40225,7.458048477315103e-05,1542
Other communities,"Janssen R and D, LLC",3,40225,7.458048477315103e-05,1543
Other communities,Jean Mayer Human Nutrition Research Center on Aging,3,40225,7.458048477315103e-05,1544
Other communities,KK Women's and Children's Hospital,3,40225,7.458048477315103e-05,1545
Other communities,Kailuan General Hospital,3,40225,7.458048477315103e-05,1546
Other communities,Kaiser Permanente,3,40225,7.458048477315103e-05,1547
Other communities,Kent State University,3,40225,7.458048477315103e-05,1548
Other communities,King Edward Memorial Hospital Research Centre,3,40225,7.458048477315103e-05,1549
Other communities,King Fahd Medical City,3,40225,7.458048477315103e-05,1550
Other communities,King Faisal University,3,40225,7.458048477315103e-05,1551
Other communities,King's College Hospital,3,40225,7.458048477315103e-05,1552
Other communities,Kingston University,3,40225,7.458048477315103e-05,1553
Other communities,Knight Cancer Institute,3,40225,7.458048477315103e-05,1554
Other communities,Kobe University,3,40225,7.458048477315103e-05,1555
Other communities,Koç University,3,40225,7.458048477315103e-05,1556
Other communities,La Jolla Institute For Allergy & Immunology,3,40225,7.458048477315103e-05,1557
Other communities,Leeds Teaching Hospitals NHS Trust,3,40225,7.458048477315103e-05,1558
Other communities,Leibniz University Hannover,3,40225,7.458048477315103e-05,1559
Other communities,Levanger Hospital,3,40225,7.458048477315103e-05,1560
Other communities,Liaoning University of Traditional Chinese Medicine,3,40225,7.458048477315103e-05,1561
Other communities,Lomonosov Moscow State University,3,40225,7.458048477315103e-05,1562
Other communities,Lovely Professional University,3,40225,7.458048477315103e-05,1563
Other communities,Lovisenberg Diakonale Sykehus,3,40225,7.458048477315103e-05,1564
Other communities,Lunenfeld-Tanenbaum Research Institute,3,40225,7.458048477315103e-05,1565
Other communities,MRC Epidemiology Unit,3,40225,7.458048477315103e-05,1566
Other communities,MRC/CSO Social and Public Health Sciences Unit,3,40225,7.458048477315103e-05,1567
Other communities,Mapmygenome India Limited,3,40225,7.458048477315103e-05,1568
Other communities,Marmara University,3,40225,7.458048477315103e-05,1569
Other communities,Marseille Public University Hospital System,3,40225,7.458048477315103e-05,1570
Other communities,Masonic Medical Research Laboratory,3,40225,7.458048477315103e-05,1571
Other communities,Medawar Building for Pathogen Research,3,40225,7.458048477315103e-05,1572
Other communities,Medical University of Warsaw,3,40225,7.458048477315103e-05,1573
Other communities,"Medical college, Hubei Minzu University",3,40225,7.458048477315103e-05,1574
Other communities,Mental Health Services,3,40225,7.458048477315103e-05,1575
Other communities,Middlesex University,3,40225,7.458048477315103e-05,1576
Other communities,Monell Chemical Senses Center,3,40225,7.458048477315103e-05,1577
Other communities,Montefiore Medical Center,3,40225,7.458048477315103e-05,1578
Other communities,Nagasaki University,3,40225,7.458048477315103e-05,1579
Other communities,Nagoya City University,3,40225,7.458048477315103e-05,1580
Other communities,Nanchong Central Hospital,3,40225,7.458048477315103e-05,1581
Other communities,Nanjing First Hospital,3,40225,7.458048477315103e-05,1582
Other communities,Nathan Kline Institute for Psychiatric Research,3,40225,7.458048477315103e-05,1583
Other communities,National Changhua University of Education,3,40225,7.458048477315103e-05,1584
Other communities,National Human Genome Research Institute,3,40225,7.458048477315103e-05,1585
Other communities,National Institute of Infectious Diseases,3,40225,7.458048477315103e-05,1586
Other communities,National Institutes of Health,3,40225,7.458048477315103e-05,1587
Other communities,National Research Council,3,40225,7.458048477315103e-05,1588
Other communities,Nazareth Hospital,3,40225,7.458048477315103e-05,1589
Other communities,Neuroscience Research Australia,3,40225,7.458048477315103e-05,1590
Other communities,"Neurowyzr Pte Ltd, Singapore, Singapore, Singapore",3,40225,7.458048477315103e-05,1591
Other communities,"New Haven, CT",3,40225,7.458048477315103e-05,1592
Other communities,Ningbo First Hospital,3,40225,7.458048477315103e-05,1593
Other communities,North China University of Science and Technology Affiliated Hospital,3,40225,7.458048477315103e-05,1594
Other communities,North-West University,3,40225,7.458048477315103e-05,1595
Other communities,Northumbria University,3,40225,7.458048477315103e-05,1596
Other communities,Norwegian School of Sport Sciences,3,40225,7.458048477315103e-05,1597
Other communities,Nottingham Trent University,3,40225,7.458048477315103e-05,1598
Other communities,Novartis Pharma SAS,3,40225,7.458048477315103e-05,1599
Other communities,Novartis Pharmaceuticals UK Ltd,3,40225,7.458048477315103e-05,1600
Other communities,Opko Health Inc,3,40225,7.458048477315103e-05,1601
Other communities,Oslo University Hospital,3,40225,7.458048477315103e-05,1602
Other communities,Otto-von-Guericke University Magdeburg,3,40225,7.458048477315103e-05,1603
Other communities,"Oxford Centre for Diabetes, Endocrinology and Metabolism",3,40225,7.458048477315103e-05,1604
Other communities,PAM Theragnostics GmbH,3,40225,7.458048477315103e-05,1605
Other communities,Parc de Salut,3,40225,7.458048477315103e-05,1606
Other communities,Perron Institute for Neurological and Translational Science,3,40225,7.458048477315103e-05,1607
Other communities,Pharmavite LLC,3,40225,7.458048477315103e-05,1608
Other communities,Phillips Exeter Academy,3,40225,7.458048477315103e-05,1609
Other communities,Pontificia Universidad Católica de Chile,3,40225,7.458048477315103e-05,1610
Other communities,Post Graduate Institute of Medical Education and Research,3,40225,7.458048477315103e-05,1611
Other communities,Poznan University of Medical Sciences,3,40225,7.458048477315103e-05,1612
Other communities,PrecisionLife Ltd,3,40225,7.458048477315103e-05,1613
Other communities,Prince of Wales Hospital,3,40225,7.458048477315103e-05,1614
Other communities,Qingdao Municipal Center for Disease Control and Prevention,3,40225,7.458048477315103e-05,1615
Other communities,Quanzhou Medical College,3,40225,7.458048477315103e-05,1616
Other communities,Queen Elizabeth Hospital,3,40225,7.458048477315103e-05,1617
Other communities,RIKEN Center for Integrative Medical Sciences,3,40225,7.458048477315103e-05,1618
Other communities,Rambam Health Care Campus,3,40225,7.458048477315103e-05,1619
Other communities,"Reproductive Medicine Associates of Connecticut, 761 Main Ave #200, Norwalk, CT, 06851, USA.",3,40225,7.458048477315103e-05,1620
Other communities,Research Ireland,3,40225,7.458048477315103e-05,1621
Other communities,Rhode Island Hospital,3,40225,7.458048477315103e-05,1622
Other communities,Romanian Academy,3,40225,7.458048477315103e-05,1623
Other communities,Roslin Institute,3,40225,7.458048477315103e-05,1624
Other communities,Roswell Park Comprehensive Cancer Center,3,40225,7.458048477315103e-05,1625
Other communities,Rowan University,3,40225,7.458048477315103e-05,1626
Other communities,Royal Hallamshire Hospital,3,40225,7.458048477315103e-05,1627
Other communities,Royal Manchester Children's Hospital,3,40225,7.458048477315103e-05,1628
Other communities,Royal United Hospital Bath NHS Trust,3,40225,7.458048477315103e-05,1629
Other communities,Ruhr University Bochum,3,40225,7.458048477315103e-05,1630
Other communities,SAGA Diagnostics AB,3,40225,7.458048477315103e-05,1631
Other communities,Salisbury District Hospital,3,40225,7.458048477315103e-05,1632
Other communities,San Diego State University,3,40225,7.458048477315103e-05,1633
Other communities,"Scientific Center of Obstetrics, Gynecology and Perinatology, Almaty, Kazakhstan",3,40225,7.458048477315103e-05,1634
Other communities,Scripps Clinic Medical Group,3,40225,7.458048477315103e-05,1635
Other communities,"Second Department of Vascular Anomalies Disease, Shanghai TCM-Integrated Hospital, Shanghai, China",3,40225,7.458048477315103e-05,1636
Other communities,Sema4 (United States),3,40225,7.458048477315103e-05,1637
Other communities,"Seoul, Republic of Korea, Seongnam, Republic of Korea",3,40225,7.458048477315103e-05,1638
Other communities,Shanghai Institutes for Biological Sciences,3,40225,7.458048477315103e-05,1639
Other communities,Shanghai Normal University,3,40225,7.458048477315103e-05,1640
Other communities,Sheffield Children's NHS Foundation Trust,3,40225,7.458048477315103e-05,1641
Other communities,Sheffield Teaching Hospitals NHS Foundation Trust,3,40225,7.458048477315103e-05,1642
Other communities,Shenzhen Bao'an District People's Hospital,3,40225,7.458048477315103e-05,1643
Other communities,Shenzhen Health Development Research and Data Management Center,3,40225,7.458048477315103e-05,1644
Other communities,Shenzhen Luohu People's Hospital,3,40225,7.458048477315103e-05,1645
Other communities,Shenzhen University Health Science Center,3,40225,7.458048477315103e-05,1646
Other communities,Sichuan Police College,3,40225,7.458048477315103e-05,1647
Other communities,Sidra Medical and Research Center,3,40225,7.458048477315103e-05,1648
Other communities,"Siena, Italy, Düsseldorf, Germany, Kyoto, Japan, Tübingen, Germany, Ulm, Germany",3,40225,7.458048477315103e-05,1649
Other communities,Soroka Medical Center,3,40225,7.458048477315103e-05,1650
Other communities,"South San Francisco, CA, USA",3,40225,7.458048477315103e-05,1651
Other communities,Southern Connecticut State University,3,40225,7.458048477315103e-05,1652
Other communities,St George’s University Hospitals NHS Foundation Trust,3,40225,7.458048477315103e-05,1653
Other communities,St. Louis Children's Hospital,3,40225,7.458048477315103e-05,1654
Other communities,St. Michael's Hospital,3,40225,7.458048477315103e-05,1655
Other communities,State Key Laboratory of Quality Research in Chinese Medicine,3,40225,7.458048477315103e-05,1656
Other communities,Stony Brook Medicine,3,40225,7.458048477315103e-05,1657
Other communities,Swedish School of Sport and Health Sciences,3,40225,7.458048477315103e-05,1658
Other communities,Taibah University,3,40225,7.458048477315103e-05,1659
Other communities,Taisho Pharmaceutical Co Ltd,3,40225,7.458048477315103e-05,1660
Other communities,Tampere University,3,40225,7.458048477315103e-05,1661
Other communities,Texas Tech University Health Sciences Center El Paso,3,40225,7.458048477315103e-05,1662
Other communities,The Affiliated Hospital to Changchun University of Chinese Medicine,3,40225,7.458048477315103e-05,1663
Other communities,The First Affiliated Hospital of Jinzhou Medical University,3,40225,7.458048477315103e-05,1664
Other communities,The First Hospital of Changsha,3,40225,7.458048477315103e-05,1665
Other communities,Third Affiliated Hospital of Southern Medical University,3,40225,7.458048477315103e-05,1666
Other communities,Tianjin University of Commerce,3,40225,7.458048477315103e-05,1667
Other communities,Tokyo Metropolitan Institute of Medical Science,3,40225,7.458048477315103e-05,1668
Other communities,Tokyo University of Agriculture and Technology,3,40225,7.458048477315103e-05,1669
Other communities,Tokyo Women's Medical University,3,40225,7.458048477315103e-05,1670
Other communities,Toronto General Hospital,3,40225,7.458048477315103e-05,1671
Other communities,"Traditional Chinese Medicine Department of Immunology, Women and Children Health Institute Futian Shenzhen, Guangdong, China",3,40225,7.458048477315103e-05,1672
Other communities,UK Health Security Agency,3,40225,7.458048477315103e-05,1673
Other communities,US Army Medical Research and Development Command,3,40225,7.458048477315103e-05,1674
Other communities,USC University Hospital Complex,3,40225,7.458048477315103e-05,1675
Other communities,Uganda Virus Research Institute,3,40225,7.458048477315103e-05,1676
Other communities,United States Department of Veterans Affairs,3,40225,7.458048477315103e-05,1677
Other communities,Universidade Federal de Minas Gerais,3,40225,7.458048477315103e-05,1678
Other communities,Universidade Federal do Ceará,3,40225,7.458048477315103e-05,1679
Other communities,Universitair Ziekenhuis Brussel,3,40225,7.458048477315103e-05,1680
Other communities,University Centre of Legal Medicine,3,40225,7.458048477315103e-05,1681
Other communities,University Clinical Center Tuzla,3,40225,7.458048477315103e-05,1682
Other communities,University Health Network,3,40225,7.458048477315103e-05,1683
Other communities,University Hospital Mútua de Terrassa,3,40225,7.458048477315103e-05,1684
Other communities,University Hospital Ulm,3,40225,7.458048477315103e-05,1685
Other communities,University Hospital in Motol,3,40225,7.458048477315103e-05,1686
Other communities,University of Antioquia,3,40225,7.458048477315103e-05,1687
Other communities,University of Basel,3,40225,7.458048477315103e-05,1688
Other communities,"University of California, Riverside",3,40225,7.458048477315103e-05,1689
Other communities,"University of California, Santa Cruz",3,40225,7.458048477315103e-05,1690
Other communities,University of Camerino,3,40225,7.458048477315103e-05,1691
Other communities,"University of Campania ""Luigi Vanvitelli""",3,40225,7.458048477315103e-05,1692
Other communities,University of East London,3,40225,7.458048477315103e-05,1693
Other communities,University of Erlangen-Nuremberg,3,40225,7.458048477315103e-05,1694
Other communities,University of Ferrara,3,40225,7.458048477315103e-05,1695
Other communities,University of Ghana,3,40225,7.458048477315103e-05,1696
Other communities,University of Guelph,3,40225,7.458048477315103e-05,1697
Other communities,University of Göttingen,3,40225,7.458048477315103e-05,1698
Other communities,University of Jyväskylä,3,40225,7.458048477315103e-05,1699
Other communities,University of Kansas Medical Center,3,40225,7.458048477315103e-05,1700
Other communities,University of Limerick,3,40225,7.458048477315103e-05,1701
Other communities,University of Lisbon,3,40225,7.458048477315103e-05,1702
Other communities,University of Louisville,3,40225,7.458048477315103e-05,1703
Other communities,University of Lyon (System),3,40225,7.458048477315103e-05,1704
Other communities,University of Lübeck,3,40225,7.458048477315103e-05,1705
Other communities,University of Malaya,3,40225,7.458048477315103e-05,1706
Other communities,University of Milano-Bicocca,3,40225,7.458048477315103e-05,1707
Other communities,University of Montenegro,3,40225,7.458048477315103e-05,1708
Other communities,University of Montpellier,3,40225,7.458048477315103e-05,1709
Other communities,"University of Nevada, Reno",3,40225,7.458048477315103e-05,1710
Other communities,University of New England,3,40225,7.458048477315103e-05,1711
Other communities,University of Oklahoma,3,40225,7.458048477315103e-05,1712
Other communities,University of Pecs,3,40225,7.458048477315103e-05,1713
Other communities,University of Peradeniya,3,40225,7.458048477315103e-05,1714
Other communities,University of Pretoria,3,40225,7.458048477315103e-05,1715
Other communities,University of Roehampton,3,40225,7.458048477315103e-05,1716
Other communities,University of Salford,3,40225,7.458048477315103e-05,1717
Other communities,University of Santiago de Compostela,3,40225,7.458048477315103e-05,1718
Other communities,University of Strathclyde,3,40225,7.458048477315103e-05,1719
Other communities,University of Tokyo Hospital,3,40225,7.458048477315103e-05,1720
Other communities,University of Waikato,3,40225,7.458048477315103e-05,1721
Other communities,University of Wolverhampton,3,40225,7.458048477315103e-05,1722
Other communities,University of the Basque Country,3,40225,7.458048477315103e-05,1723
Other communities,Universität Hamburg,3,40225,7.458048477315103e-05,1724
Other communities,Université Côte d'Azur,3,40225,7.458048477315103e-05,1725
Other communities,VA Long Beach Healthcare System,3,40225,7.458048477315103e-05,1726
Other communities,VA Office of Research and Development,3,40225,7.458048477315103e-05,1727
Other communities,"Velsera, Charlestown, MA, USA",3,40225,7.458048477315103e-05,1728
Other communities,Versailles Saint-Quentin-en-Yvelines University,3,40225,7.458048477315103e-05,1729
Other communities,"Vietnam National University, Ho Chi Minh City",3,40225,7.458048477315103e-05,1730
Other communities,Vita-Salute San Raffaele University,3,40225,7.458048477315103e-05,1731
Other communities,Vytautas Magnus University,3,40225,7.458048477315103e-05,1732
Other communities,Walton Centre,3,40225,7.458048477315103e-05,1733
Other communities,Warneford Hospital,3,40225,7.458048477315103e-05,1734
Other communities,Weifang Chinese Medicine Hospital,3,40225,7.458048477315103e-05,1735
Other communities,"Wellytics Technologies Pvt Ltd, Hyderabad, India",3,40225,7.458048477315103e-05,1736
Other communities,Wolfson Medical Center,3,40225,7.458048477315103e-05,1737
Other communities,Wuhan Sixth Hospital,3,40225,7.458048477315103e-05,1738
Other communities,Wythenshawe Hospital,3,40225,7.458048477315103e-05,1739
Other communities,Xidian University,3,40225,7.458048477315103e-05,1740
Other communities,Yeungnam University,3,40225,7.458048477315103e-05,1741
Other communities,Yonsei University Health System,3,40225,7.458048477315103e-05,1742
Other communities,中南大学湘雅三医院肝胆胰外科，长沙 410013,3,40225,7.458048477315103e-05,1743
Other communities,山东第一医科大学公共卫生与健康管理学院流行病学教研室，济南 250117,3,40225,7.458048477315103e-05,1744
Other communities,郑州大学第一附属医院泌尿外科，郑州 450052,3,40225,7.458048477315103e-05,1745
Other communities,"23Strands, Pyrmont, Australia",2,40225,4.972032318210068e-05,1746
Other communities,"2Astrazeneca PLC, Waltham, MA.",2,40225,4.972032318210068e-05,1747
Other communities,A.T. Still University,2,40225,4.972032318210068e-05,1748
Other communities,AIT Austrian Institute of Technology GmbH,2,40225,4.972032318210068e-05,1749
Other communities,AbbVie Bioresearch Center Inc,2,40225,4.972032318210068e-05,1750
Other communities,Abberior Instruments GmbH,2,40225,4.972032318210068e-05,1751
Other communities,Academic College of Tel Aviv-Yafo,2,40225,4.972032318210068e-05,1752
Other communities,Adolfo Ibáñez University,2,40225,4.972032318210068e-05,1753
Other communities,Aerospace Center Hospital,2,40225,4.972032318210068e-05,1754
Other communities,Affiliated Eye Hospital of Wenzhou Medical College,2,40225,4.972032318210068e-05,1755
Other communities,Aga Khan University,2,40225,4.972032318210068e-05,1756
Other communities,Agricultural University of Athens,2,40225,4.972032318210068e-05,1757
Other communities,Ahvaz Jundishapur University of Medical Sciences,2,40225,4.972032318210068e-05,1758
Other communities,Aichi Cancer Center,2,40225,4.972032318210068e-05,1759
Other communities,Alberta Health Services,2,40225,4.972032318210068e-05,1760
Other communities,Alfred Health,2,40225,4.972032318210068e-05,1761
Other communities,Alibaba Group Holding Ltd,2,40225,4.972032318210068e-05,1762
Other communities,"All India Institute of Medical Sciences, New Delhi",2,40225,4.972032318210068e-05,1763
Other communities,Altınbaş University,2,40225,4.972032318210068e-05,1764
Other communities,Amgen Inc,2,40225,4.972032318210068e-05,1765
Other communities,"Amway R&D Center, Nutrilite Health Institute, Building 6, No.720, Cailun Road, Pudong New Area, 201203, Shanghai, China",2,40225,4.972032318210068e-05,1766
Other communities,"Ancestry, Lehi, Utah 84043",2,40225,4.972032318210068e-05,1767
Other communities,"Ancora Health B.V., Groningen, The Netherlands",2,40225,4.972032318210068e-05,1768
Other communities,"Anna University, Chennai",2,40225,4.972032318210068e-05,1769
Other communities,Applied Science Private University,2,40225,4.972032318210068e-05,1770
Other communities,Archéologie et Histoire Ancienne : Méditerranée – Europe,2,40225,4.972032318210068e-05,1771
Other communities,Archéozoologie et Archéobotanique,2,40225,4.972032318210068e-05,1772
Other communities,Aristotle University of Thessaloniki,2,40225,4.972032318210068e-05,1773
Other communities,Arizona State University Downtown Phoenix campus,2,40225,4.972032318210068e-05,1774
Other communities,"Aron bv, 3740 Bilzen, Belgium",2,40225,4.972032318210068e-05,1775
Other communities,Aston University,2,40225,4.972032318210068e-05,1776
Other communities,"Atlas Biomed Group Limited, Tower Bridge House, St. Katharines Way, London, E1W 1DD, UK",2,40225,4.972032318210068e-05,1777
Other communities,Austin Hospital,2,40225,4.972032318210068e-05,1778
Other communities,Australian Catholic University,2,40225,4.972032318210068e-05,1779
Other communities,Azienda Ospedaliera San Gerardo,2,40225,4.972032318210068e-05,1780
Other communities,BDX Research & Consulting LLC,2,40225,4.972032318210068e-05,1781
Other communities,Banner Health,2,40225,4.972032318210068e-05,1782
Other communities,Baptist Health South Florida,2,40225,4.972032318210068e-05,1783
Other communities,"Basgenbio, Seoul, South Korea.",2,40225,4.972032318210068e-05,1784
Other communities,Bayreuth Medical Center,2,40225,4.972032318210068e-05,1785
Other communities,"Bedfordshire Hospitals NHS Foundation Trust , Bedford ,",2,40225,4.972032318210068e-05,1786
Other communities,Beihua University,2,40225,4.972032318210068e-05,1787
Other communities,Beijing Airdoc Technology Co Ltd,2,40225,4.972032318210068e-05,1788
Other communities,Beijing Shijitan Hospital,2,40225,4.972032318210068e-05,1789
Other communities,Belfast City Hospital,2,40225,4.972032318210068e-05,1790
Other communities,Berlin Institute of Health at Charité - Universitätsmedizin Berlin,2,40225,4.972032318210068e-05,1791
Other communities,Bernstein Center for Computational Neuroscience Berlin,2,40225,4.972032318210068e-05,1792
Other communities,Bevital (Norway),2,40225,4.972032318210068e-05,1793
Other communities,Bharath University,2,40225,4.972032318210068e-05,1794
Other communities,Bicêtre Hospital,2,40225,4.972032318210068e-05,1795
Other communities,"BioPredictive, 75013 Paris, France;, olivier.deckmyn@biopredictive.com, (O.D.);, valentina.peta@biopredictive.com, (V.P.)",2,40225,4.972032318210068e-05,1796
Other communities,BioVinc (United States),2,40225,4.972032318210068e-05,1797
Other communities,Bioarray Solutions Ltd,2,40225,4.972032318210068e-05,1798
Other communities,Biogipuzkoa Health Research Institute,2,40225,4.972032318210068e-05,1799
Other communities,"Bioinformatics Project and Research Institute, Noida, India",2,40225,4.972032318210068e-05,1800
Other communities,Biomathematics and Statistics Scotland,2,40225,4.972032318210068e-05,1801
Other communities,"Biomedical Research at Novartis, Cambridge, Massachusetts, United States of America",2,40225,4.972032318210068e-05,1802
Other communities,Biomerieux SA,2,40225,4.972032318210068e-05,1803
Other communities,Birmingham Children's Hospital,2,40225,4.972032318210068e-05,1804
Other communities,Birmingham Women’s and Children’s NHS Foundation Trust,2,40225,4.972032318210068e-05,1805
Other communities,Boramae Medical Center,2,40225,4.972032318210068e-05,1806
Other communities,"Brain Imaging Centre, Research Centre for Natural Sciences, Budapest, Hungary",2,40225,4.972032318210068e-05,1807
Other communities,Bretonneau Hospital,2,40225,4.972032318210068e-05,1808
Other communities,Bristol Myers Squibb Co,2,40225,4.972032318210068e-05,1809
Other communities,Bærum Sykehus,2,40225,4.972032318210068e-05,1810
Other communities,"CERITD (Centre d’Étude et de Recherche pour l’Intensification du Traitement du Diabète), Evry, France",2,40225,4.972032318210068e-05,1811
Other communities,"CNR Institute of Biochemistry and Cell Biology, Monterotondo, Rome, Italy",2,40225,4.972032318210068e-05,1812
Other communities,California Pacific Medical Center,2,40225,4.972032318210068e-05,1813
Other communities,California Pacific Medical Center Research Institute,2,40225,4.972032318210068e-05,1814
Other communities,Cancer Research UK Manchester Institute,2,40225,4.972032318210068e-05,1815
Other communities,"Cancer Research UK Scotland Institute, Glasgow, United Kingdom.",2,40225,4.972032318210068e-05,1816
Other communities,Candiolo Cancer Institute,2,40225,4.972032318210068e-05,1817
Other communities,Cardiff and Vale University Health Board,2,40225,4.972032318210068e-05,1818
Other communities,"Cardiology Department, Beijing Hospital, National Center of Gerontology, Institute of Geriatric Medicine, Chinese Academy of Medical Sciences & Peking Union Medical College, Beijing, China",2,40225,4.972032318210068e-05,1819
Other communities,Carl Zeiss Microscopy GmbH,2,40225,4.972032318210068e-05,1820
Other communities,Catalan Institute of Oncology: Institut Catala d'Oncologia,2,40225,4.972032318210068e-05,1821
Other communities,Center for Outcomes Research and Clinical Epidemiology,2,40225,4.972032318210068e-05,1822
Other communities,Center for Research and Advanced Studies of the National Polytechnic Institute,2,40225,4.972032318210068e-05,1823
Other communities,Centers for Disease Control and Prevention,2,40225,4.972032318210068e-05,1824
Other communities,Centogene GmbH,2,40225,4.972032318210068e-05,1825
Other communities,Central Finland Health Care District,2,40225,4.972032318210068e-05,1826
Other communities,Central Institute of Mental Health,2,40225,4.972032318210068e-05,1827
Other communities,Centre Hospitalier Universitaire de Rennes,2,40225,4.972032318210068e-05,1828
Other communities,Centre Hospitalier de La Rochelle,2,40225,4.972032318210068e-05,1829
Other communities,Centre Hospitalier de l’Université de Montréal,2,40225,4.972032318210068e-05,1830
Other communities,Centre de Recherche des Cordeliers,2,40225,4.972032318210068e-05,1831
Other communities,"Centre for Health Economics, Monash Business School, 900 Dandenong Rd, 3145, Caulfield East, VIC, Australia",2,40225,4.972032318210068e-05,1832
Other communities,Centre for Research in Epidemiology and Population Health,2,40225,4.972032318210068e-05,1833
Other communities,Centre for the Study of Social Change,2,40225,4.972032318210068e-05,1834
Other communities,"Centre of Global Health Research, Diabetic Association of Bangladesh, Dhaka, Bangladesh",2,40225,4.972032318210068e-05,1835
Other communities,Centro de Investigación Biomédica en Red de Enfermedades Hepáticas y Digestivas,2,40225,4.972032318210068e-05,1836
Other communities,Centro de Investigación Biomédica en Red de Enfermedades Raras,2,40225,4.972032318210068e-05,1837
Other communities,Changhua Christian Hospital,2,40225,4.972032318210068e-05,1838
Other communities,Changzhi Medical College,2,40225,4.972032318210068e-05,1839
Other communities,Chapman University,2,40225,4.972032318210068e-05,1840
Other communities,Chengdu First Peoples Hospital,2,40225,4.972032318210068e-05,1841
Other communities,Chiayi Chang Gung Memorial Hospital,2,40225,4.972032318210068e-05,1842
Other communities,Chifeng Municipal Hospital,2,40225,4.972032318210068e-05,1843
Other communities,Children's Hospital of Zhejiang University School of Medicine,2,40225,4.972032318210068e-05,1844
Other communities,China Rehabilitation Research Center,2,40225,4.972032318210068e-05,1845
Other communities,"Chinese University of Hong Kong, Shenzhen",2,40225,4.972032318210068e-05,1846
Other communities,Chonnam National University Hospital,2,40225,4.972032318210068e-05,1847
Other communities,Cleveland Clinic Foundation,2,40225,4.972032318210068e-05,1848
Other communities,Cleveland Clinic Lerner College of Medicine,2,40225,4.972032318210068e-05,1849
Other communities,Commonwealth Medical College,2,40225,4.972032318210068e-05,1850
Other communities,"Community Health Service Center, Tianjin, China",2,40225,4.972032318210068e-05,1851
Other communities,Complejo Hospitalario Universitario de Albacete,2,40225,4.972032318210068e-05,1852
Other communities,Complutense University of Madrid,2,40225,4.972032318210068e-05,1853
Other communities,"Comprehensive Management Department of Occupational Health, Shenzhen Prevention and Treatment Center for Occupational Diseases, Shenzhen 518020, China.",2,40225,4.972032318210068e-05,1854
Other communities,Comunidad de Madrid,2,40225,4.972032318210068e-05,1855
Other communities,Copenhagen Business School,2,40225,4.972032318210068e-05,1856
Other communities,County Hospital,2,40225,4.972032318210068e-05,1857
Other communities,"D.O. Ott Research Institute of Obstetrics, Gynaecology, and Reproductology, 199034 St. Petersburg, Russia;, misha.grizzli@gmail.com, (M.O.U.);, vsbar40@mail.ru, (V.S.B.)",2,40225,4.972032318210068e-05,1858
Other communities,Dalian Institute of Chemical Physics,2,40225,4.972032318210068e-05,1859
Other communities,Danish National Genome Center,2,40225,4.972032318210068e-05,1860
Other communities,Dartmouth–Hitchcock Medical Center,2,40225,4.972032318210068e-05,1861
Other communities,DeepMind Technologies Ltd,2,40225,4.972032318210068e-05,1862
Other communities,"Department of Cardiology, Dongying People’s Hospital (Dongying Hospital of Shandong Provincial Hospital Group), Dongying, Shandong Province, China",2,40225,4.972032318210068e-05,1863
Other communities,"Department of Cardiology, The First Affiliated Hospital of Bengbu Medical University, Bengbu, China",2,40225,4.972032318210068e-05,1864
Other communities,"Department of Cardiovascular Medicine, Vendée Hospital, Service de Cardiologie, La Roche sur Yon, France",2,40225,4.972032318210068e-05,1865
Other communities,"Department of Central Laboratory, People's Hospital of Yangjiang, Yangjiang, China",2,40225,4.972032318210068e-05,1866
Other communities,"Department of Chronic Disease Control and Prevention, Changshu Center for Disease Control and Prevention, Changshu, China.",2,40225,4.972032318210068e-05,1867
Other communities,"Department of Chronic Disease and Health Promotion, Yinzhou District Center for Disease Control and Prevention, Ningbo 315040, China",2,40225,4.972032318210068e-05,1868
Other communities,"Department of Computer Science and Engineering, Shri Shankaracharya Institute of Professional Management and Technology, Raipur, (C.G.), India",2,40225,4.972032318210068e-05,1869
Other communities,"Department of Dermatology and Venereology of NHS, Andreas Syggros Hospital of Skin and Venereal Diseases, Athens, Greece.",2,40225,4.972032318210068e-05,1870
Other communities,"Department of Dermatology, No. 903 Hospital of PLA Joint Logistic Support Force, Hangzhou, Zhejiang Province, China",2,40225,4.972032318210068e-05,1871
Other communities,"Department of Family Medicine, Veterans Health Service Medical Center, Seoul 05368, Republic of Korea;, talker69@daum.net",2,40225,4.972032318210068e-05,1872
Other communities,"Department of General Surgery, Guangzhou Red Cross Hospital, Guangzhou, China",2,40225,4.972032318210068e-05,1873
Other communities,"Department of Hepatology, The Fourth Hospital of Huai’an, Huai’an, Jiangsu, P. R. China",2,40225,4.972032318210068e-05,1874
Other communities,"Department of Neurology (C.J., S.T., R.M.D.-N.), Hospital Universitari Son Espases, Health Research Institute of Balearic Islands, Palma, Spain.",2,40225,4.972032318210068e-05,1875
Other communities,"Department of Oncology, The General Hospital of Western Theater Command, Chengdu, China, ;",2,40225,4.972032318210068e-05,1876
Other communities,"Department of Ophthalmology, The People's Hospital of Tongliang District, Chongqing, China.",2,40225,4.972032318210068e-05,1877
Other communities,"Department of Oral and Maxillofacial Surgery, Gansu Province Hospital, Lanzhou, China",2,40225,4.972032318210068e-05,1878
Other communities,Department of Orthopaedic Surgery,2,40225,4.972032318210068e-05,1879
Other communities,"Department of Orthopedic Surgery, Shangrao Municipal Hospital, Shangrao 334000, China.",2,40225,4.972032318210068e-05,1880
Other communities,"Department of Orthopedics, Sihong Hospital, 223900, Sihong, Jiangsu, People’s Republic of China",2,40225,4.972032318210068e-05,1881
Other communities,"Department of Orthopedics, The 960th Hospital of PLA, Shandong Second Medical University, Jinan, Shandong, China",2,40225,4.972032318210068e-05,1882
Other communities,"Department of Pediatrics, Landspitali University Hostpital, Reykjavik, Iceland",2,40225,4.972032318210068e-05,1883
Other communities,"Department of Pneumo-Phtysiology, Mohamed V Military Hospital, Rabat, Morocco",2,40225,4.972032318210068e-05,1884
Other communities,"Department of Pulmonary Medicine, Shanghai Putuo District People’s Hospital, Shanghai, China",2,40225,4.972032318210068e-05,1885
Other communities,"Department of Radiology, Geisinger, Danville, Pennsylvania, USA.",2,40225,4.972032318210068e-05,1886
Other communities,"Department of Stomatology, First people’s Hospital of Linping District, No. 365 Yingbing Road, 310000, Hangzhou, China",2,40225,4.972032318210068e-05,1887
Other communities,"Department of cardiology, First affiliated hospital of Dalian Mediacal University, Liaoning, China",2,40225,4.972032318210068e-05,1888
Other communities,Derriford Hospital,2,40225,4.972032318210068e-05,1889
Other communities,Diakonhjemmet Hospital,2,40225,4.972032318210068e-05,1890
Other communities,Digital Health China Technologies Co Ltd,2,40225,4.972032318210068e-05,1891
Other communities,"Dmitry Rogachev National Research Center of Pediatric Hematology, Oncology and Immunology",2,40225,4.972032318210068e-05,1892
Other communities,Doernbecher Children's Hospital,2,40225,4.972032318210068e-05,1893
Other communities,Dokkyo Medical University,2,40225,4.972032318210068e-05,1894
Other communities,Dokuz Eylül University,2,40225,4.972032318210068e-05,1895
Other communities,Donostia Unibertsitate Ospitalea,2,40225,4.972032318210068e-05,1896
Other communities,Dow University of Health Sciences,2,40225,4.972032318210068e-05,1897
Other communities,"EPITERNA, Epalinges, Switzerland",2,40225,4.972032318210068e-05,1898
Other communities,East Carolina University,2,40225,4.972032318210068e-05,1899
Other communities,East London NHS Foundation Trust,2,40225,4.972032318210068e-05,1900
Other communities,Edinburgh Royal Infirmary,2,40225,4.972032318210068e-05,1901
Other communities,Ehime University,2,40225,4.972032318210068e-05,1902
Other communities,Eli Lilly GmbH,2,40225,4.972032318210068e-05,1903
Other communities,Emulate Inc,2,40225,4.972032318210068e-05,1904
Other communities,"Engineering and Data Science Team, Sanome Limited, 15 Bishopsgate, EC2N 3AR, London, UK",2,40225,4.972032318210068e-05,1905
Other communities,"Epidemiological Research Unit in Endocrinology and Nutrition, Children’s Hospital of Mexico Federico Gómez, Mexico City 06720, Mexico",2,40225,4.972032318210068e-05,1906
Other communities,Ersta sjukhus,2,40225,4.972032318210068e-05,1907
Other communities,Eulji University Hospital,2,40225,4.972032318210068e-05,1908
Other communities,Evangelisches Krankenhaus Düsseldorf,2,40225,4.972032318210068e-05,1909
Other communities,"Exeter Patients in Collaboration (EPIC) for PF, Exeter, UK",2,40225,4.972032318210068e-05,1910
Other communities,"Exeter, United Kingdom, London, United Kingdom, Frankfurt, Germany, Leiden, Netherlands, Tübingen, Germany, Dundee, United Kingdom, Uxbridge, United Kingdom",2,40225,4.972032318210068e-05,1911
Other communities,Eötvös Loránd University,2,40225,4.972032318210068e-05,1912
Other communities,Faisalabad Institute of Cardiology,2,40225,4.972032318210068e-05,1913
Other communities,Fatebenefratelli Hospital,2,40225,4.972032318210068e-05,1914
Other communities,Federal Research Center of Fundamental and Translational Medicine,2,40225,4.972032318210068e-05,1915
Other communities,Federal University of Rio de Janeiro,2,40225,4.972032318210068e-05,1916
Other communities,Federation University,2,40225,4.972032318210068e-05,1917
Other communities,Fifth Tianjin Central Hospital,2,40225,4.972032318210068e-05,1918
Other communities,Fiji National University,2,40225,4.972032318210068e-05,1919
Other communities,Fiona Stanley Hospital,2,40225,4.972032318210068e-05,1920
Other communities,First Pavlov State Medical University of St. Petersburg,2,40225,4.972032318210068e-05,1921
Other communities,First People's Hospital of Yunnan Province,2,40225,4.972032318210068e-05,1922
Other communities,First People’s Hospital of Zunyi,2,40225,4.972032318210068e-05,1923
Other communities,Flemish Institute for Technological Research,2,40225,4.972032318210068e-05,1924
Other communities,Flevoziekenhuis,2,40225,4.972032318210068e-05,1925
Other communities,Florida International University,2,40225,4.972032318210068e-05,1926
Other communities,Forman Christian College,2,40225,4.972032318210068e-05,1927
Other communities,Framingham Heart Study,2,40225,4.972032318210068e-05,1928
Other communities,Fudan University Shanghai Cancer Center,2,40225,4.972032318210068e-05,1929
Other communities,Fundació Privada Institut d'Investigació Oncològica Vall-Hebron,2,40225,4.972032318210068e-05,1930
Other communities,Fuwai Yunnan Cardiovascular Hospital,2,40225,4.972032318210068e-05,1931
Other communities,Gachon University,2,40225,4.972032318210068e-05,1932
Other communities,Gachon University Gil Medical Center,2,40225,4.972032318210068e-05,1933
Other communities,Gates Ventures,2,40225,4.972032318210068e-05,1934
Other communities,Gateshead Health NHS Foundation Trust,2,40225,4.972032318210068e-05,1935
Other communities,Gazi University,2,40225,4.972032318210068e-05,1936
Other communities,"Genetics Unit, Military Hospital Mohamed V, Hay Riad, Rabat, Morocco",2,40225,4.972032318210068e-05,1937
Other communities,German Archaeological Institute,2,40225,4.972032318210068e-05,1938
Other communities,German Institute of Human Nutrition,2,40225,4.972032318210068e-05,1939
Other communities,"Gero PTE, 60 Paya Lebar Road # 05-40B, Paya Lebar Square, 409051, Singapore",2,40225,4.972032318210068e-05,1940
Other communities,Guangdong Polytechnic Normal University,2,40225,4.972032318210068e-05,1941
Other communities,Guangzhou Center for Disease Control and Prevention,2,40225,4.972032318210068e-05,1942
Other communities,Gubra ApS,2,40225,4.972032318210068e-05,1943
Other communities,Hainan General Hospital,2,40225,4.972032318210068e-05,1944
Other communities,"Haitian Study Group for Kaposi’s Sarcoma and Opportunistic Infections (GHESKIO), Port-au-Prince, Haiti",2,40225,4.972032318210068e-05,1945
Other communities,Hamad bin Khalifa University,2,40225,4.972032318210068e-05,1946
Other communities,Hamilton Health Sciences,2,40225,4.972032318210068e-05,1947
Other communities,Hammersmith Hospital,2,40225,4.972032318210068e-05,1948
Other communities,Hangzhou Vocational and Technical College,2,40225,4.972032318210068e-05,1949
Other communities,Hanoi Medical University,2,40225,4.972032318210068e-05,1950
Other communities,Hans Knöll Institute,2,40225,4.972032318210068e-05,1951
Other communities,Harare Central Hospital,2,40225,4.972032318210068e-05,1952
Other communities,Harbin Engineering University,2,40225,4.972032318210068e-05,1953
Other communities,Harcourt Butler Technical University,2,40225,4.972032318210068e-05,1954
Other communities,Health Research Board,2,40225,4.972032318210068e-05,1955
Other communities,HealthPartners,2,40225,4.972032318210068e-05,1956
Other communities,Hebei General Hospital,2,40225,4.972032318210068e-05,1957
Other communities,Hebei University of Technology,2,40225,4.972032318210068e-05,1958
Other communities,"Hei Longjiang University of Traditional Chinese Medicine, Harbin, China",2,40225,4.972032318210068e-05,1959
Other communities,Henan University of Science and Technology,2,40225,4.972032318210068e-05,1960
Other communities,Henry Ford Hospital,2,40225,4.972032318210068e-05,1961
Other communities,Herbert Irving Comprehensive Cancer Center,2,40225,4.972032318210068e-05,1962
Other communities,Herbrich Kinderkrankenhaus Wilhelmstift,2,40225,4.972032318210068e-05,1963
Other communities,Heze Municipal Hospital,2,40225,4.972032318210068e-05,1964
Other communities,Higher University of San Andrés,2,40225,4.972032318210068e-05,1965
Other communities,Hokkaido University,2,40225,4.972032318210068e-05,1966
Other communities,Holden Comprehensive Cancer Center,2,40225,4.972032318210068e-05,1967
Other communities,Hoseo University,2,40225,4.972032318210068e-05,1968
Other communities,Hospitais da Universidade de Coimbra,2,40225,4.972032318210068e-05,1969
Other communities,Hospital Clínico Universitario de Valladolid,2,40225,4.972032318210068e-05,1970
Other communities,Hospital Regional Universitario de Málaga,2,40225,4.972032318210068e-05,1971
Other communities,Hospital Sant Joan de Déu Barcelona,2,40225,4.972032318210068e-05,1972
Other communities,Hospital Universitario 12 de Octubre,2,40225,4.972032318210068e-05,1973
Other communities,Hospital Universitario Puerta de Hierro Majadahonda,2,40225,4.972032318210068e-05,1974
Other communities,Hospital Universitario Son Espases,2,40225,4.972032318210068e-05,1975
Other communities,Hospital Universitario Virgen Macarena,2,40225,4.972032318210068e-05,1976
Other communities,Hubei University of Arts and Science,2,40225,4.972032318210068e-05,1977
Other communities,Hudson Institute of Medical Research,2,40225,4.972032318210068e-05,1978
Other communities,Human Technopole,2,40225,4.972032318210068e-05,1979
Other communities,Hunan Children's Hospital,2,40225,4.972032318210068e-05,1980
Other communities,Huzhou University,2,40225,4.972032318210068e-05,1981
Other communities,Hôpital Bichat-Claude-Bernard,2,40225,4.972032318210068e-05,1982
Other communities,Hôpital Claude Huriez,2,40225,4.972032318210068e-05,1983
Other communities,Hôpital des Enfants,2,40225,4.972032318210068e-05,1984
Other communities,Hôpital du Sacré-Cœur de Montréal,2,40225,4.972032318210068e-05,1985
Other communities,IBM Research - Australia,2,40225,4.972032318210068e-05,1986
Other communities,"Imeka Solutions Inc., Sherbrooke, QC, Canada",2,40225,4.972032318210068e-05,1987
Other communities,Indian Institute of Technology Kanpur,2,40225,4.972032318210068e-05,1988
Other communities,Indian Statistical Institute,2,40225,4.972032318210068e-05,1989
Other communities,Indiana University Bloomington,2,40225,4.972032318210068e-05,1990
Other communities,Inha University,2,40225,4.972032318210068e-05,1991
Other communities,Inje University Busan Paik Hospital,2,40225,4.972032318210068e-05,1992
Other communities,"Insilico Medicine AI Ltd., Abu Dhabi, UAE.",2,40225,4.972032318210068e-05,1993
Other communities,"Insilico Medicine Shanghai, Ltd., Shanghai, China",2,40225,4.972032318210068e-05,1994
Other communities,Institut Català de la Salut,2,40225,4.972032318210068e-05,1995
Other communities,Institute for Biomedical Engineering,2,40225,4.972032318210068e-05,1996
Other communities,Institute for Medical Research,2,40225,4.972032318210068e-05,1997
Other communities,Institute of Food Science Research,2,40225,4.972032318210068e-05,1998
Other communities,Institute of Neurology,2,40225,4.972032318210068e-05,1999
Other communities,Institute of Oncology Research,2,40225,4.972032318210068e-05,2000
Other communities,Instituto Maimónides de Investigación Biomédica de Córdoba,2,40225,4.972032318210068e-05,2001
Other communities,Instituto Murciano de Investigación Biosanitaria,2,40225,4.972032318210068e-05,2002
Other communities,Instituto Nacional de Ciencias Médicas y Nutrición Salvador Zubirán,2,40225,4.972032318210068e-05,2003
Other communities,Instituto Nacional de Psiquiatría,2,40225,4.972032318210068e-05,2004
Other communities,Instytut Gruźlicy i Chorób Płuc,2,40225,4.972032318210068e-05,2005
Other communities,Intel Corp,2,40225,4.972032318210068e-05,2006
Other communities,Intensive Care National Audit & Research Centre,2,40225,4.972032318210068e-05,2007
Other communities,Intermountain Medical Center,2,40225,4.972032318210068e-05,2008
Other communities,International Burch University,2,40225,4.972032318210068e-05,2009
Other communities,Iqvia Inc,2,40225,4.972032318210068e-05,2010
Other communities,Isfahan University of Medical Sciences,2,40225,4.972032318210068e-05,2011
Other communities,Istanbul University Cerrahpaşa,2,40225,4.972032318210068e-05,2012
Other communities,Izaak Walton Killam Health Centre,2,40225,4.972032318210068e-05,2013
Other communities,Jagiellonian University,2,40225,4.972032318210068e-05,2014
Other communities,Jamaica Hospital,2,40225,4.972032318210068e-05,2015
Other communities,James Cook University Hospital,2,40225,4.972032318210068e-05,2016
Other communities,James J. Peters VA Medical Center,2,40225,4.972032318210068e-05,2017
Other communities,"Jawaharlal Nehru Medical College, Belgaum",2,40225,4.972032318210068e-05,2018
Other communities,Jazan University,2,40225,4.972032318210068e-05,2019
Other communities,"Ji Lin University, First Hospital, Changchun, PR China",2,40225,4.972032318210068e-05,2020
Other communities,Jiangxi University of Traditional Chinese Medicine,2,40225,4.972032318210068e-05,2021
Other communities,"Jili Street Community Health Service Center, Liuyang, China",2,40225,4.972032318210068e-05,2022
Other communities,Jining First People's Hospital,2,40225,4.972032318210068e-05,2023
Other communities,Joslin Diabetes Center,2,40225,4.972032318210068e-05,2024
Other communities,"KI Research Institute, Kfar Malal, Israel",2,40225,4.972032318210068e-05,2025
Other communities,KIIT University,2,40225,4.972032318210068e-05,2026
Other communities,Karachi Institute of Heart Diseases,2,40225,4.972032318210068e-05,2027
Other communities,Karlsruhe Institute of Technology,2,40225,4.972032318210068e-05,2028
Other communities,Kazan State Medical University,2,40225,4.972032318210068e-05,2029
Other communities,Kenya Medical Research Institute,2,40225,4.972032318210068e-05,2030
Other communities,"Key Laboratory of Chinese lnternal Medicine of Ministry of Education and Beijing, Dongzhimen Hospital, Beiing University of Chinese Medicine, Beijing, China",2,40225,4.972032318210068e-05,2031
Other communities,"Keyoniq Technologies AG, CH-6340, Baar, Switzerland",2,40225,4.972032318210068e-05,2032
Other communities,Kiang Wu Nursing College of Macau,2,40225,4.972032318210068e-05,2033
Other communities,Kindai University,2,40225,4.972032318210068e-05,2034
Other communities,King's College Hospital NHS Foundation Trust,2,40225,4.972032318210068e-05,2035
Other communities,Koneru Lakshmaiah Education Foundation,2,40225,4.972032318210068e-05,2036
Other communities,Koo Foundation Sun Yat-Sen Cancer Center,2,40225,4.972032318210068e-05,2037
Other communities,"Korea Armed Forces Nursing Academy, Daejeon, Taejon-jikhalsi, Republic of Korea",2,40225,4.972032318210068e-05,2038
Other communities,Korea Institute of Radiological and Medical Sciences,2,40225,4.972032318210068e-05,2039
Other communities,"Korea Medical Institute, Seoul, Republic of Korea",2,40225,4.972032318210068e-05,2040
Other communities,Korea University Anam Hospital,2,40225,4.972032318210068e-05,2041
Other communities,Korea University Ansan Hospital,2,40225,4.972032318210068e-05,2042
Other communities,Kostanay State University A Baitursynov,2,40225,4.972032318210068e-05,2043
Other communities,Krankenhaus Nordwest,2,40225,4.972032318210068e-05,2044
Other communities,Krankenhaus Oberndorf,2,40225,4.972032318210068e-05,2045
Other communities,Kuopio University Hospital,2,40225,4.972032318210068e-05,2046
Other communities,Kyungpook National University Hospital,2,40225,4.972032318210068e-05,2047
Other communities,Kyushu University,2,40225,4.972032318210068e-05,2048
Other communities,"La Jolla, CA",2,40225,4.972032318210068e-05,2049
Other communities,Laboratoire Jean Kuntzmann,2,40225,4.972032318210068e-05,2050
Other communities,Laboratory Evolution and Biological Diversity,2,40225,4.972032318210068e-05,2051
Other communities,"Laboratory of Pharmacogenomics, Institute of Chemical Biology and Fundamental Medicine, Department of Natural Sciences, Novosibirsk State University, Moscow, Russia",2,40225,4.972032318210068e-05,2052
Other communities,Lancashire Teaching Hospitals NHS Foundation Trust,2,40225,4.972032318210068e-05,2053
Other communities,Lankenau Institute for Medical Research,2,40225,4.972032318210068e-05,2054
Other communities,Lawrence Berkeley National Laboratory,2,40225,4.972032318210068e-05,2055
Other communities,Leeds Beckett University,2,40225,4.972032318210068e-05,2056
Other communities,Leibniz Institute of Environmental Medicine,2,40225,4.972032318210068e-05,2057
Other communities,Leicestershire County Council,2,40225,4.972032318210068e-05,2058
Other communities,Leo Pharma AS,2,40225,4.972032318210068e-05,2059
Other communities,"LifeNome Inc., New York, NY 10018, USA",2,40225,4.972032318210068e-05,2060
Other communities,Lishui City People's Hospital,2,40225,4.972032318210068e-05,2061
Other communities,Lithuanian University of Health Sciences,2,40225,4.972032318210068e-05,2062
Other communities,"Liver Disease Research Center, Department of Medicine, College of Medicine, King Saudi University, Riyadh, Saudi Arabia",2,40225,4.972032318210068e-05,2063
Other communities,Liverpool Heart and Chest Hospital,2,40225,4.972032318210068e-05,2064
Other communities,Liverpool University Hospitals NHS Foundation Trust,2,40225,4.972032318210068e-05,2065
Other communities,Liyuan Hospital Affiliated to Tongji Medical College of Huazhong University of Science and Technology,2,40225,4.972032318210068e-05,2066
Other communities,Lundbeck Foundation,2,40225,4.972032318210068e-05,2067
Other communities,Luton and Dunstable Hospital,2,40225,4.972032318210068e-05,2068
Other communities,MIT Lincoln Laboratory,2,40225,4.972032318210068e-05,2069
Other communities,MRC Lifecourse Epidemiology Unit,2,40225,4.972032318210068e-05,2070
Other communities,MRC University of Glasgow Centre for Virus Research,2,40225,4.972032318210068e-05,2071
Other communities,"Madanapalle Institute of Technology &#x0026; Science,Department of CSE - Data Science,Madanapalle,Andhra Pradesh,India",2,40225,4.972032318210068e-05,2072
Other communities,Mahidol University,2,40225,4.972032318210068e-05,2073
Other communities,Manchester Cancer Research Centre,2,40225,4.972032318210068e-05,2074
Other communities,Maoming People's Hospital,2,40225,4.972032318210068e-05,2075
Other communities,Marche Polytechnic University,2,40225,4.972032318210068e-05,2076
Other communities,Massey University,2,40225,4.972032318210068e-05,2077
Other communities,Maurice Wilkins Centre,2,40225,4.972032318210068e-05,2078
Other communities,Max Planck Institute for Empirical Aesthetics,2,40225,4.972032318210068e-05,2079
Other communities,Max Planck Institute for Human Cognitive and Brain Sciences,2,40225,4.972032318210068e-05,2080
Other communities,Max Planck Institute for Intelligent Systems,2,40225,4.972032318210068e-05,2081
Other communities,Max Planck Society,2,40225,4.972032318210068e-05,2082
Other communities,Medical University of Białystok,2,40225,4.972032318210068e-05,2083
Other communities,Medizinische Hochschule Brandenburg Theodor Fontane,2,40225,4.972032318210068e-05,2084
Other communities,Meijo Hospital,2,40225,4.972032318210068e-05,2085
Other communities,"MemorialCare Health Systems, Fountain Valley, CA, USA",2,40225,4.972032318210068e-05,2086
Other communities,Mengchao Hepatobiliary Hospital,2,40225,4.972032318210068e-05,2087
Other communities,Minerva Foundation,2,40225,4.972032318210068e-05,2088
Other communities,Minneapolis VA Health Care System,2,40225,4.972032318210068e-05,2089
Other communities,Monash Business School Centre for Health Economics,2,40225,4.972032318210068e-05,2090
Other communities,Morehouse School of Medicine,2,40225,4.972032318210068e-05,2091
Other communities,Mount Sinai Hospital,2,40225,4.972032318210068e-05,2092
Other communities,Mpala Research Center and Wildlife Foundation,2,40225,4.972032318210068e-05,2093
Other communities,Munich Cluster for Systems Neurology,2,40225,4.972032318210068e-05,2094
Other communities,NHS Tayside,2,40225,4.972032318210068e-05,2095
Other communities,NIHR Bristol Biomedical Research Centre,2,40225,4.972032318210068e-05,2096
Other communities,NIHR Exeter Clinical Research Facility,2,40225,4.972032318210068e-05,2097
Other communities,NYU Langone Health,2,40225,4.972032318210068e-05,2098
Other communities,Nanjing Second Hospital,2,40225,4.972032318210068e-05,2099
Other communities,"Nanning Hospital of Traditional Chinese Medicine, ;",2,40225,4.972032318210068e-05,2100
Other communities,Natera Inc,2,40225,4.972032318210068e-05,2101
Other communities,National Acoustic Laboratories,2,40225,4.972032318210068e-05,2102
Other communities,National Center for Chronic and Noncommunicable Disease Control and Prevention,2,40225,4.972032318210068e-05,2103
Other communities,National Health Laboratory Service,2,40225,4.972032318210068e-05,2104
Other communities,National Hospital Organization Kumamoto Medical Center,2,40225,4.972032318210068e-05,2105
Other communities,National Institute of Biomedical Genomics,2,40225,4.972032318210068e-05,2106
Other communities,National Institute of Genomic Medicine,2,40225,4.972032318210068e-05,2107
Other communities,National Maternity Hospital,2,40225,4.972032318210068e-05,2108
Other communities,National Medical Products Administration,2,40225,4.972032318210068e-05,2109
Other communities,National University of Córdoba,2,40225,4.972032318210068e-05,2110
Other communities,Nature Reviews Genetics,2,40225,4.972032318210068e-05,2111
Other communities,NavarraBiomed,2,40225,4.972032318210068e-05,2112
Other communities,Nederlandse Organisatie voor Toegepast Natuurwetenschappelijk Onderzoek TNO,2,40225,4.972032318210068e-05,2113
Other communities,"Neurobiology Laboratory, Research Unit (A.M.-D., C.J., S.T., R.M.D.-N., C.V.-B.), Hospital Universitari Son Espases, Health Research Institute of Balearic Islands, Palma, Spain.",2,40225,4.972032318210068e-05,2114
Other communities,"New Orleans, LA",2,40225,4.972032318210068e-05,2115
Other communities,New York Genome Center,2,40225,4.972032318210068e-05,2116
Other communities,New York State College of Veterinary Medicine at Cornell University,2,40225,4.972032318210068e-05,2117
Other communities,Nigerian Institute of Medical Research,2,40225,4.972032318210068e-05,2118
Other communities,Nihon University,2,40225,4.972032318210068e-05,2119
Other communities,"Noncommunicable Diseases Prevention and Control Department, Maiji Centre for Disease Control and Prevention, Tianshui, China",2,40225,4.972032318210068e-05,2120
Other communities,Norfolk and Norwich University Hospitals NHS Foundation Trust,2,40225,4.972032318210068e-05,2121
Other communities,North Shore University Hospital,2,40225,4.972032318210068e-05,2122
Other communities,North Sichuan Medical University,2,40225,4.972032318210068e-05,2123
Other communities,Nova Scotia Health Authority,2,40225,4.972032318210068e-05,2124
Other communities,Nova Southeastern University,2,40225,4.972032318210068e-05,2125
Other communities,Novartis Pharma AG,2,40225,4.972032318210068e-05,2126
Other communities,"Novartis, Global RWE , Hyderabad ,",2,40225,4.972032318210068e-05,2127
Other communities,Open University of Catalonia,2,40225,4.972032318210068e-05,2128
Other communities,Ospedale Sandro Pertini,2,40225,4.972032318210068e-05,2129
Other communities,Ottawa Hospital,2,40225,4.972032318210068e-05,2130
Other communities,Oxford Archaeology,2,40225,4.972032318210068e-05,2131
Other communities,"OÜ Antegenes, Tartu, Estonia",2,40225,4.972032318210068e-05,2132
Other communities,"Paradigm4, Inc., Suite 360, 281 Winter Street, Waltham, MA, 02451, USA",2,40225,4.972032318210068e-05,2133
Other communities,Parc Sanitari Sant Joan de Déu,2,40225,4.972032318210068e-05,2134
Other communities,Pasteur Institute of Lille,2,40225,4.972032318210068e-05,2135
Other communities,Penn State Milton S. Hershey Medical Center,2,40225,4.972032318210068e-05,2136
Other communities,People's Hospital of Shiyan,2,40225,4.972032318210068e-05,2137
Other communities,People's Hospital of Xinjiang Uygur Autonomous Region,2,40225,4.972032318210068e-05,2138
Other communities,Phadia AB,2,40225,4.972032318210068e-05,2139
Other communities,Pirogov Russian National Research Medical University,2,40225,4.972032318210068e-05,2140
Other communities,Politecnico di Milano,2,40225,4.972032318210068e-05,2141
Other communities,Polytechnique Montréal,2,40225,4.972032318210068e-05,2142
Other communities,Pompeu Fabra University,2,40225,4.972032318210068e-05,2143
Other communities,Portsmouth Hospitals NHS Trust,2,40225,4.972032318210068e-05,2144
Other communities,Portuguese Oncology Institute,2,40225,4.972032318210068e-05,2145
Other communities,Prevent Alzheimer’s Disease 2020,2,40225,4.972032318210068e-05,2146
Other communities,"Primary Endpoint Solutions, Watertown, MA;",2,40225,4.972032318210068e-05,2147
Other communities,Princess Margaret Cancer Centre,2,40225,4.972032318210068e-05,2148
Other communities,Princess Nourah bint Abdulrahman University,2,40225,4.972032318210068e-05,2149
Other communities,Public Health Clinical Center of Chengdu,2,40225,4.972032318210068e-05,2150
Other communities,Public Health Wales,2,40225,4.972032318210068e-05,2151
Other communities,Public and Patient Involvement representative,2,40225,4.972032318210068e-05,2152
Other communities,"Purespring, London, UK",2,40225,4.972032318210068e-05,2153
Other communities,Pusan National University Yangsan Hospital,2,40225,4.972032318210068e-05,2154
Other communities,Qilu Normal University,2,40225,4.972032318210068e-05,2155
Other communities,Queen Elizabeth University Hospital,2,40225,4.972032318210068e-05,2156
Other communities,Quinnipiac University,2,40225,4.972032318210068e-05,2157
Other communities,RIKEN BioResource Research Center,2,40225,4.972032318210068e-05,2158
Other communities,"Republic Specialized Scientific Practical Medical Centre of Obstetrics and Gynecology, Tashkent, Uzbekistan",2,40225,4.972032318210068e-05,2159
Other communities,Research Centre INRIA Sophia Antipolis - Méditerranée,2,40225,4.972032318210068e-05,2160
Other communities,Roskilde University,2,40225,4.972032318210068e-05,2161
Other communities,Royal Children's Hospital,2,40225,4.972032318210068e-05,2162
Other communities,Royal London Hospital,2,40225,4.972032318210068e-05,2163
Other communities,Royal Netherlands Meteorological Institute,2,40225,4.972032318210068e-05,2164
Other communities,Rutgers Cancer Institute of New Jersey,2,40225,4.972032318210068e-05,2165
Other communities,SRCC Children’s Hospital,2,40225,4.972032318210068e-05,2166
Other communities,Salk Institute for Biological Studies,2,40225,4.972032318210068e-05,2167
Other communities,Sandwell & West Birmingham Hospitals NHS Trust,2,40225,4.972032318210068e-05,2168
Other communities,Sanofi Aventis US LLC,2,40225,4.972032318210068e-05,2169
Other communities,Sanofi SA,2,40225,4.972032318210068e-05,2170
Other communities,Sax Institute,2,40225,4.972032318210068e-05,2171
Other communities,"School of Clinical Medicine, Shandong Second Medical University, 261000, Weifang, Shandong, China",2,40225,4.972032318210068e-05,2172
Other communities,"School of Health and Life Sciences, University of Health and Rehabilitation Sciences, Qingdao 266100, China;, wangxueqiang@uhrs.edu.cn, (X.W.);, zengmengqi@uhrs.edu.cn, (M.Z.);, chenlei@uhrs.edu.cn, (L.C.)",2,40225,4.972032318210068e-05,2173
Other communities,Scripps Health,2,40225,4.972032318210068e-05,2174
Other communities,Sechenov University,2,40225,4.972032318210068e-05,2175
Other communities,Second Affiliated Hospital of Shantou University Medical College,2,40225,4.972032318210068e-05,2176
Other communities,Second Hospital of Shandong University,2,40225,4.972032318210068e-05,2177
Other communities,Second Medical Center of PLA General Hospital,2,40225,4.972032318210068e-05,2178
Other communities,Sejong University,2,40225,4.972032318210068e-05,2179
Other communities,Seoul Medical Center,2,40225,4.972032318210068e-05,2180
Other communities,"Sequoia Genetics, Translation & Innovation Hub, London W12 0BZ, UK;, linxuan.zhang@sequoiagenetics.com, (L.Z.);, christopher.bodimeade@sequoiagenetics.com, (C.B.)",2,40225,4.972032318210068e-05,2181
Other communities,Severance Hospital,2,40225,4.972032318210068e-05,2182
Other communities,Shahid Beheshti University,2,40225,4.972032318210068e-05,2183
Other communities,Shanghai Changzheng Hospital,2,40225,4.972032318210068e-05,2184
Other communities,Shanghai Eighth People Hospital,2,40225,4.972032318210068e-05,2185
Other communities,Shaqra University,2,40225,4.972032318210068e-05,2186
Other communities,Sheffield Hallam University,2,40225,4.972032318210068e-05,2187
Other communities,Singapore General Hospital,2,40225,4.972032318210068e-05,2188
Other communities,"Snowhill Science Limited, Hong Kong, Hong Kong SAR, China",2,40225,4.972032318210068e-05,2189
Other communities,Solihull Hospital,2,40225,4.972032318210068e-05,2190
Other communities,Sorbonne Université,2,40225,4.972032318210068e-05,2191
Other communities,South China Agricultural University,2,40225,4.972032318210068e-05,2192
Other communities,Spanish National Centre for Cardiovascular Research,2,40225,4.972032318210068e-05,2193
Other communities,Spaulding Rehabilitation Hospital Corp,2,40225,4.972032318210068e-05,2194
Other communities,St James's University Hospital,2,40225,4.972032318210068e-05,2195
Other communities,St Mark's Hospital,2,40225,4.972032318210068e-05,2196
Other communities,St. Mary Medical Center,2,40225,4.972032318210068e-05,2197
Other communities,St. Paul's Hospital,2,40225,4.972032318210068e-05,2198
Other communities,Stanford University Medical Center,2,40225,4.972032318210068e-05,2199
Other communities,State Key Laboratory of Cell Biology,2,40225,4.972032318210068e-05,2200
Other communities,State Key Laboratory of Molecular Oncology,2,40225,4.972032318210068e-05,2201
Other communities,State Key Laboratory of Oral Diseases,2,40225,4.972032318210068e-05,2202
Other communities,State University of New York Upstate Medical University,2,40225,4.972032318210068e-05,2203
Other communities,State University of New York at Binghamton,2,40225,4.972032318210068e-05,2204
Other communities,State University of New York at Buffalo,2,40225,4.972032318210068e-05,2205
Other communities,Suan Sunandha Rajabhat University,2,40225,4.972032318210068e-05,2206
Other communities,Surgut State University,2,40225,4.972032318210068e-05,2207
Other communities,Suzhou Center For Disease Prevention And Control,2,40225,4.972032318210068e-05,2208
Other communities,Swiss Re AG,2,40225,4.972032318210068e-05,2209
Other communities,"Swiss Re, UK",2,40225,4.972032318210068e-05,2210
Other communities,Sylvester Comprehensive Cancer Center,2,40225,4.972032318210068e-05,2211
Other communities,Taiwan AI Labs,2,40225,4.972032318210068e-05,2212
Other communities,Taiyuan University of Technology,2,40225,4.972032318210068e-05,2213
Other communities,Target Discovery Inc,2,40225,4.972032318210068e-05,2214
Other communities,Technical Univ. of Aachen (Germany),2,40225,4.972032318210068e-05,2215
Other communities,Technical University of Madrid,2,40225,4.972032318210068e-05,2216
Other communities,Technion Israel Institute of Technology,2,40225,4.972032318210068e-05,2217
Other communities,Texas State University,2,40225,4.972032318210068e-05,2218
Other communities,The Central Hospital of Shaoyang,2,40225,4.972032318210068e-05,2219
Other communities,The First People's Hospital of Changde,2,40225,4.972032318210068e-05,2220
Other communities,The Fourth People's Hospital,2,40225,4.972032318210068e-05,2221
Other communities,The Methodist Hospital,2,40225,4.972032318210068e-05,2222
Other communities,The Ohio State University Wexner Medical Center,2,40225,4.972032318210068e-05,2223
Other communities,The People's Hospital Tongling,2,40225,4.972032318210068e-05,2224
Other communities,The Royal Veterinary College,2,40225,4.972032318210068e-05,2225
Other communities,The University of Texas Medical Branch at Galveston,2,40225,4.972032318210068e-05,2226
Other communities,Tianjin Huanhu Hospital,2,40225,4.972032318210068e-05,2227
Other communities,"Topcon Healthcare, Oakland, New Jersey",2,40225,4.972032318210068e-05,2228
Other communities,Tourmaline Bio Inc,2,40225,4.972032318210068e-05,2229
Other communities,Turku PET Centre,2,40225,4.972032318210068e-05,2230
Other communities,"UCL GOS ICH, London, UK",2,40225,4.972032318210068e-05,2231
Other communities,United States Food and Drug Administration,2,40225,4.972032318210068e-05,2232
Other communities,United States National Library of Medicine,2,40225,4.972032318210068e-05,2233
Other communities,Unity Health Toronto,2,40225,4.972032318210068e-05,2234
Other communities,"Univ Brest, Inserm, UMR 1078, GGB, CHU Brest, F-29200 Brest, France",2,40225,4.972032318210068e-05,2235
Other communities,Universidad Publica de Navarra,2,40225,4.972032318210068e-05,2236
Other communities,Universidade Nova de Lisboa,2,40225,4.972032318210068e-05,2237
Other communities,Universiti Putra Malaysia,2,40225,4.972032318210068e-05,2238
Other communities,University Hospital Augsburg,2,40225,4.972032318210068e-05,2239
Other communities,University Hospital Dubrava,2,40225,4.972032318210068e-05,2240
Other communities,University Hospital Frankfurt,2,40225,4.972032318210068e-05,2241
Other communities,University Hospitals Coventry and Warwickshire NHS Trust,2,40225,4.972032318210068e-05,2242
Other communities,University Hospitals Sussex NHS Foundation Trust,2,40225,4.972032318210068e-05,2243
Other communities,University Hospitals of Cleveland,2,40225,4.972032318210068e-05,2244
Other communities,University Hospitals of Morecambe Bay NHS Foundation Trust,2,40225,4.972032318210068e-05,2245
Other communities,University Hospitals of North Midlands NHS Trust,2,40225,4.972032318210068e-05,2246
Other communities,University Medical Centre Mannheim,2,40225,4.972032318210068e-05,2247
Other communities,University of Alabama,2,40225,4.972032318210068e-05,2248
Other communities,University of Applied Sciences Technikum Wien,2,40225,4.972032318210068e-05,2249
Other communities,University of Applied Sciences and Arts Western Switzerland,2,40225,4.972032318210068e-05,2250
Other communities,University of Bradford,2,40225,4.972032318210068e-05,2251
Other communities,"University of California, Santa Barbara",2,40225,4.972032318210068e-05,2252
Other communities,University of Canterbury,2,40225,4.972032318210068e-05,2253
Other communities,University of Catania,2,40225,4.972032318210068e-05,2254
Other communities,University of Cincinnati Medical Center,2,40225,4.972032318210068e-05,2255
Other communities,University of Coimbra,2,40225,4.972032318210068e-05,2256
Other communities,University of Donja Gorica,2,40225,4.972032318210068e-05,2257
Other communities,University of Gdańsk,2,40225,4.972032318210068e-05,2258
Other communities,University of Georgia Research Foundation Inc,2,40225,4.972032318210068e-05,2259
Other communities,University of Hawaiʻi Cancer Center,2,40225,4.972032318210068e-05,2260
Other communities,University of Hawaiʻi at Mānoa,2,40225,4.972032318210068e-05,2261
Other communities,University of Hohenheim,2,40225,4.972032318210068e-05,2262
Other communities,University of Ibadan,2,40225,4.972032318210068e-05,2263
Other communities,University of Iowa Hospitals and Clinics,2,40225,4.972032318210068e-05,2264
Other communities,University of Kansas,2,40225,4.972032318210068e-05,2265
Other communities,University of Messina,2,40225,4.972032318210068e-05,2266
Other communities,University of Navarra,2,40225,4.972032318210068e-05,2267
Other communities,University of North Carolina at Greensboro,2,40225,4.972032318210068e-05,2268
Other communities,University of Portsmouth,2,40225,4.972032318210068e-05,2269
Other communities,University of Regensburg,2,40225,4.972032318210068e-05,2270
Other communities,University of Rhode Island,2,40225,4.972032318210068e-05,2271
Other communities,University of Rome Tor Vergata,2,40225,4.972032318210068e-05,2272
Other communities,University of Strasbourg,2,40225,4.972032318210068e-05,2273
Other communities,University of Sussex,2,40225,4.972032318210068e-05,2274
Other communities,University of Tarapacá,2,40225,4.972032318210068e-05,2275
Other communities,University of Tennessee Knoxville,2,40225,4.972032318210068e-05,2276
Other communities,University of Tsukuba,2,40225,4.972032318210068e-05,2277
Other communities,University of Udine,2,40225,4.972032318210068e-05,2278
Other communities,University of Winchester,2,40225,4.972032318210068e-05,2279
Other communities,University of Windsor,2,40225,4.972032318210068e-05,2280
Other communities,University of the Republic,2,40225,4.972032318210068e-05,2281
Other communities,University of the Witwatersrand,2,40225,4.972032318210068e-05,2282
Other communities,Universitätskinderklinik,2,40225,4.972032318210068e-05,2283
Other communities,Universitätsklinikum Tübingen,2,40225,4.972032318210068e-05,2284
Other communities,Université Paris 1 Panthéon-Sorbonne,2,40225,4.972032318210068e-05,2285
Other communities,Uppsala University Hospital,2,40225,4.972032318210068e-05,2286
Other communities,VA Bedford Healthcare System,2,40225,4.972032318210068e-05,2287
Other communities,VA San Diego Healthcare System,2,40225,4.972032318210068e-05,2288
Other communities,VIB-KU Leuven Center for Microbiology,2,40225,4.972032318210068e-05,2289
Other communities,Valencia Catholic University Saint Vincent Martyr,2,40225,4.972032318210068e-05,2290
Other communities,Vel Tech Rangarajan Dr. Sagunthala R&D Institute of Science and Technology,2,40225,4.972032318210068e-05,2291
Other communities,Vellore Institute of Technology University,2,40225,4.972032318210068e-05,2292
Other communities,Victor Babeș University of Medicine and Pharmacy Timișoara,2,40225,4.972032318210068e-05,2293
Other communities,Vrije Universiteit Brussel,2,40225,4.972032318210068e-05,2294
Other communities,Wageningen University & Research,2,40225,4.972032318210068e-05,2295
Other communities,Wake Forest Baptist Medical Center,2,40225,4.972032318210068e-05,2296
Other communities,Walden University LLC,2,40225,4.972032318210068e-05,2297
Other communities,Walter Reed Army Institute of Research,2,40225,4.972032318210068e-05,2298
Other communities,Warsaw University of Technology,2,40225,4.972032318210068e-05,2299
Other communities,Wenzhou Central Hospital,2,40225,4.972032318210068e-05,2300
Other communities,Witten/Herdecke University,2,40225,4.972032318210068e-05,2301
Other communities,World Health Organization,2,40225,4.972032318210068e-05,2302
Other communities,Wuhan General Hospital of Guangzhou,2,40225,4.972032318210068e-05,2303
Other communities,"Xiangshan Hospital of TCM Medical and Health Group, Ningbo City, Zhejiang Province, China",2,40225,4.972032318210068e-05,2304
Other communities,Xianning Central Hospital,2,40225,4.972032318210068e-05,2305
Other communities,Xi’an Children’s Hospital,2,40225,4.972032318210068e-05,2306
Other communities,Yancheng Teachers University,2,40225,4.972032318210068e-05,2307
Other communities,Yangtze River Delta Research Institute of UESTC Huzhou,2,40225,4.972032318210068e-05,2308
Other communities,Yokohama City University,2,40225,4.972032318210068e-05,2309
Other communities,York University,2,40225,4.972032318210068e-05,2310
Other communities,Zhuzhou Central Hospital,2,40225,4.972032318210068e-05,2311
Other communities,affiliation not provided to SSRN,2,40225,4.972032318210068e-05,2312
Other communities,"Ålborg Historiske Museum, Nordjyske Museer, Vestbjerg, Denmark",2,40225,4.972032318210068e-05,2313
Other communities,İstanbul Eğitim ve Araştırma Hastanesi,2,40225,4.972032318210068e-05,2314
Other communities,新疆医科大学第一附属医院消化病二科，乌鲁木齐 830054,2,40225,4.972032318210068e-05,2315
Other communities,"(Shenzhen, China).",1,40225,2.486016159105034e-05,2316
Other communities,"10Independent Researcher, Outcomes Research, Atlanta, United States",1,40225,2.486016159105034e-05,2317
Other communities,"14Covenant Hematology and Oncology, Frankfort, United States",1,40225,2.486016159105034e-05,2318
Other communities,"14Environmental and Scientific Research, Wellington, New Zealand",1,40225,2.486016159105034e-05,2319
Other communities,"17institute of Rheumatology, Prague, Czech Republic",1,40225,2.486016159105034e-05,2320
Other communities,"6St Francis Hospital, Internal Medicine, Wilmington, United States",1,40225,2.486016159105034e-05,2321
Other communities,"9Low Country Cancer Care, Savannah, United States",1,40225,2.486016159105034e-05,2322
Other communities,"ANTISEL S.A., Athens, Greece",1,40225,2.486016159105034e-05,2323
Other communities,AO North America,1,40225,2.486016159105034e-05,2324
Other communities,"ARC Training Centre in Cognitive Computing for Medical Technologies, Parkville, VIC, Australia",1,40225,2.486016159105034e-05,2325
Other communities,"AS3 Companies, Viby J, Denmark",1,40225,2.486016159105034e-05,2326
Other communities,"AbbVie Genomics Research Center, North Chicago, IL",1,40225,2.486016159105034e-05,2327
Other communities,"Abdijmuseum Ten Duinen, 8670, Koksijde, Belgium",1,40225,2.486016159105034e-05,2328
Other communities,Aberystwyth University,1,40225,2.486016159105034e-05,2329
Other communities,Academia Sinica,1,40225,2.486016159105034e-05,2330
Other communities,Academic Center for Dentistry Amsterdam,1,40225,2.486016159105034e-05,2331
Other communities,"Accelerated Cures, Waltham, MA, USA",1,40225,2.486016159105034e-05,2332
Other communities,Acumen Pharmaceuticals Inc,1,40225,2.486016159105034e-05,2333
Other communities,Adam Mickiewicz University in Poznań,1,40225,2.486016159105034e-05,2334
Other communities,"Aditya Institute of Technology and Management,Department of Computer Science and Engineering (Data Science),Tekkali,Andhra Pradesh,India",1,40225,2.486016159105034e-05,2335
Other communities,Advanced Telecommunications Research Institute International,1,40225,2.486016159105034e-05,2336
Other communities,Aerospace Information Research Institute,1,40225,2.486016159105034e-05,2337
Other communities,Affiliated Brain Hospital of Guangzhou Medical University,1,40225,2.486016159105034e-05,2338
Other communities,Affiliated Hospital of Guilin Medical University,1,40225,2.486016159105034e-05,2339
Other communities,Affiliated Hospital of Jiangxi University of Traditional Chinese Medicine,1,40225,2.486016159105034e-05,2340
Other communities,Affiliated Zhongshan Hospital of Dalian University,1,40225,2.486016159105034e-05,2341
Other communities,Agency for Medicinal Products and Medical Devices,1,40225,2.486016159105034e-05,2342
Other communities,Agriculture and Agri-Food Canada,1,40225,2.486016159105034e-05,2343
Other communities,Ajman University,1,40225,2.486016159105034e-05,2344
Other communities,Al al-Bayt University,1,40225,2.486016159105034e-05,2345
Other communities,Al-Ahliyya Amman University,1,40225,2.486016159105034e-05,2346
Other communities,Al-Ayen University,1,40225,2.486016159105034e-05,2347
Other communities,Al-Neelain University,1,40225,2.486016159105034e-05,2348
Other communities,Alanya Alaaddin Keykubat University,1,40225,2.486016159105034e-05,2349
Other communities,Alberta Children's Hospital,1,40225,2.486016159105034e-05,2350
Other communities,Allied Hospital,1,40225,2.486016159105034e-05,2351
Other communities,"Almaden Genomics, San Francisco, CA, USA",1,40225,2.486016159105034e-05,2352
Other communities,Alnylam Pharmaceuticals Inc,1,40225,2.486016159105034e-05,2353
Other communities,Altius Institute for Biomedical Sciences,1,40225,2.486016159105034e-05,2354
Other communities,Altnagelvin Area Hospital,1,40225,2.486016159105034e-05,2355
Other communities,Alzheimer's Association,1,40225,2.486016159105034e-05,2356
Other communities,Amalia Kinderziekenhuis,1,40225,2.486016159105034e-05,2357
Other communities,Analysis Group (United States),1,40225,2.486016159105034e-05,2358
Other communities,Aneurin Bevan University Health Board,1,40225,2.486016159105034e-05,2359
Other communities,"Anhui Province Key Laboratory of Meridian Viscera Correlation Ship, Hefei, Anhui Province, China",1,40225,2.486016159105034e-05,2360
Other communities,"Anhui Province Key Laboratory of Occupational Health, Anhui No.2 Provincial People's Hospital, Hefei 230041, China.",1,40225,2.486016159105034e-05,2361
Other communities,Anji County Hospital of Chinese Medicine,1,40225,2.486016159105034e-05,2362
Other communities,Anne Arundel Medical Center,1,40225,2.486016159105034e-05,2363
Other communities,"Ant Group, Sunnyvale, CA, USA",1,40225,2.486016159105034e-05,2364
Other communities,Antoni van Leeuwenhoek Hospital,1,40225,2.486016159105034e-05,2365
Other communities,Apherese Forschungsinstitut,1,40225,2.486016159105034e-05,2366
Other communities,Arc Institute,1,40225,2.486016159105034e-05,2367
Other communities,"Archaeological Consultancy, Emsworth, UK",1,40225,2.486016159105034e-05,2368
Other communities,"Archéologie, Terre, Histoire, Sociétés",1,40225,2.486016159105034e-05,2369
Other communities,ArcticMass,1,40225,2.486016159105034e-05,2370
Other communities,Ariel University,1,40225,2.486016159105034e-05,2371
Other communities,"Arizona Urology Specialists, Phoenix, Arizona, USA",1,40225,2.486016159105034e-05,2372
Other communities,Army Hospital Research and Referral,1,40225,2.486016159105034e-05,2373
Other communities,Arnot Ogden Medical Center,1,40225,2.486016159105034e-05,2374
Other communities,Arrowhead Pharmaceuticals Inc,1,40225,2.486016159105034e-05,2375
Other communities,"Arthritis Research Canada, Vancouver, Canada",1,40225,2.486016159105034e-05,2376
Other communities,AstraZeneca PLC,1,40225,2.486016159105034e-05,2377
Other communities,AstraZeneca Pharmaceuticals LP,1,40225,2.486016159105034e-05,2378
Other communities,Atatürk University,1,40225,2.486016159105034e-05,2379
Other communities,Auckland University of Technology,1,40225,2.486016159105034e-05,2380
Other communities,Australian Alzheimer’s Research Foundation,1,40225,2.486016159105034e-05,2381
Other communities,Australian Research Council,1,40225,2.486016159105034e-05,2382
Other communities,Austrian Drug Screening Institute (Austria),1,40225,2.486016159105034e-05,2383
Other communities,"Ayushman Heart and Wellness, –, India",1,40225,2.486016159105034e-05,2384
Other communities,Azienda Ospedale - Università Padova,1,40225,2.486016159105034e-05,2385
Other communities,Azienda Ospedaliera Carlo Poma,1,40225,2.486016159105034e-05,2386
Other communities,Azienda Ospedaliera G. Brotzu,1,40225,2.486016159105034e-05,2387
Other communities,Azienda Ospedaliera Universitaria Integrata Verona,1,40225,2.486016159105034e-05,2388
Other communities,Azienda Ospedaliera Universitaria Senese,1,40225,2.486016159105034e-05,2389
Other communities,Azienda Ospedaliera di Perugia,1,40225,2.486016159105034e-05,2390
Other communities,Azienda Sanitaria Locale Roma 3,1,40225,2.486016159105034e-05,2391
Other communities,Azienda Socio Sanitaria Territoriale della Valle Olona,1,40225,2.486016159105034e-05,2392
Other communities,Azienda Socio Sanitaria Territoriale di Cremona,1,40225,2.486016159105034e-05,2393
Other communities,"BHF Centre for Cardiovascular Science, Edinburgh, United Kingdom",1,40225,2.486016159105034e-05,2394
Other communities,Babasaheb Bhimrao Ambedkar University,1,40225,2.486016159105034e-05,2395
Other communities,Bahçeşehir University,1,40225,2.486016159105034e-05,2396
Other communities,Banc de Sang i Teixits,1,40225,2.486016159105034e-05,2397
Other communities,Bandung Institute of Technology,1,40225,2.486016159105034e-05,2398
Other communities,Bangladesh University of Health Sciences,1,40225,2.486016159105034e-05,2399
Other communities,Bangor University,1,40225,2.486016159105034e-05,2400
Other communities,Bankstown Lidcombe Hospital,1,40225,2.486016159105034e-05,2401
Other communities,Barnet Hospital,1,40225,2.486016159105034e-05,2402
Other communities,Barrow Neurological Institute,1,40225,2.486016159105034e-05,2403
Other communities,Barwon Health,1,40225,2.486016159105034e-05,2404
Other communities,Bashkir State Medical University,1,40225,2.486016159105034e-05,2405
Other communities,Bayer Corp,1,40225,2.486016159105034e-05,2406
Other communities,"Baylor Scott and White Central Texas, Department of Psychiatry, Temple, TX, USA",1,40225,2.486016159105034e-05,2407
Other communities,Bedford Hospital,1,40225,2.486016159105034e-05,2408
Other communities,Beijing Academy of Science and Technology,1,40225,2.486016159105034e-05,2409
Other communities,Beijing Chest Hospital,1,40225,2.486016159105034e-05,2410
Other communities,"Beijing Hospital, National Center of Gerontology, Institute of Geriatric Medicine, Chinese Academy of Medical Sciences & Peking Union Medical College, Beijing, China",1,40225,2.486016159105034e-05,2411
Other communities,Beijing Hua Xin Hospital,1,40225,2.486016159105034e-05,2412
Other communities,Beijing HuiLongGuan Hospital,1,40225,2.486016159105034e-05,2413
Other communities,Beijing Language and Culture University,1,40225,2.486016159105034e-05,2414
Other communities,Beijing Shijingshan Hospital,1,40225,2.486016159105034e-05,2415
Other communities,Beijing Stomatological Hospital,1,40225,2.486016159105034e-05,2416
Other communities,Beijing Technology and Business University,1,40225,2.486016159105034e-05,2417
Other communities,Beijing Tsinghua Chang Gung Hospital,1,40225,2.486016159105034e-05,2418
Other communities,"Belda College, Belda, West Bengal, India",1,40225,2.486016159105034e-05,2419
Other communities,Belgorod National Research University,1,40225,2.486016159105034e-05,2420
Other communities,Bendigo Health,1,40225,2.486016159105034e-05,2421
Other communities,Benemérita Universidad Autónoma de Puebla,1,40225,2.486016159105034e-05,2422
Other communities,BenevolentAI Ltd,1,40225,2.486016159105034e-05,2423
Other communities,"Bengbu Medical University, Bengbu, China",1,40225,2.486016159105034e-05,2424
Other communities,Berliner Hochschule für Technik,1,40225,2.486016159105034e-05,2425
Other communities,"Berman Center for Outcomes and Clinical Research, Hennepin Healthcare Research Institute, Hennepin Healthcare, Minneapolis, MN, USA",1,40225,2.486016159105034e-05,2426
Other communities,Bingöl University,1,40225,2.486016159105034e-05,2427
Other communities,BioCruces Health research Institute,1,40225,2.486016159105034e-05,2428
Other communities,"BioStat Solutions LLC, Frederick, MD, USA",1,40225,2.486016159105034e-05,2429
Other communities,BioTechMed-Graz,1,40225,2.486016159105034e-05,2430
Other communities,Biohub,1,40225,2.486016159105034e-05,2431
Other communities,Bioinformatics Institute,1,40225,2.486016159105034e-05,2432
Other communities,Bionics Institute,1,40225,2.486016159105034e-05,2433
Other communities,Birmingham City University,1,40225,2.486016159105034e-05,2434
Other communities,"Birmingham Women’s and Children’s Hospital, West Midlands Clinical Genetics Service, Birmingham, UK",1,40225,2.486016159105034e-05,2435
Other communities,"Bispebjerg Hosp/Klinik Y, Copenhagen, Denmark",1,40225,2.486016159105034e-05,2436
Other communities,Bispebjerg and Frederiksberg Hospital,1,40225,2.486016159105034e-05,2437
Other communities,Boca Raton Regional Hospital,1,40225,2.486016159105034e-05,2438
Other communities,Bocconi University,1,40225,2.486016159105034e-05,2439
Other communities,Boehringer Ingelheim International GmbH,1,40225,2.486016159105034e-05,2440
Other communities,Boehringer Ingelheim Pharmaceuticals Inc,1,40225,2.486016159105034e-05,2441
Other communities,Boston Scientific Corp,1,40225,2.486016159105034e-05,2442
Other communities,"Boston Unviersity Medical Center, Boston, Massachusetts, United States",1,40225,2.486016159105034e-05,2443
Other communities,"Brain Imaging Centre, Research Centre for Natural Sciences, Budapest 1117, Hungary. Electronic address: weiss.bela@ttk.hu.",1,40225,2.486016159105034e-05,2444
Other communities,Brighton and Sussex Medical School,1,40225,2.486016159105034e-05,2445
Other communities,British Tinnitus Association,1,40225,2.486016159105034e-05,2446
Other communities,Brophy College Preparatory,1,40225,2.486016159105034e-05,2447
Other communities,Brunel University London,1,40225,2.486016159105034e-05,2448
Other communities,CHA Gangnam Medical Center,1,40225,2.486016159105034e-05,2449
Other communities,"COMEGEN Primary Care Physician Cooperative, ASL Napoli 1 Centro, Italian Society of General Medicine (SIMG), Naples, Italy",1,40225,2.486016159105034e-05,2450
Other communities,CRUK Lung Cancer Centre of Excellence,1,40225,2.486016159105034e-05,2451
Other communities,CRUK/MRC Oxford Institute for Radiation Oncology,1,40225,2.486016159105034e-05,2452
Other communities,"CSIRO Australian eHealth Research Centre, 4029, Brisbane, Australia",1,40225,2.486016159105034e-05,2453
Other communities,CSIRO Health and Biosecurity,1,40225,2.486016159105034e-05,2454
Other communities,"CSIRO Health and Biosecurity, North Ryde, Australia",1,40225,2.486016159105034e-05,2455
Other communities,"CSL Innovation GmBH, Marburg, Germany",1,40225,2.486016159105034e-05,2456
Other communities,"CSMIS Department, Oman College of Management and Technology, 320, Barka, Oman",1,40225,2.486016159105034e-05,2457
Other communities,"CSS L.L.C, Chicago, IL",1,40225,2.486016159105034e-05,2458
Other communities,Cairo University,1,40225,2.486016159105034e-05,2459
Other communities,California University of Science and Medicine,1,40225,2.486016159105034e-05,2460
Other communities,"Cambridge, MA",1,40225,2.486016159105034e-05,2461
Other communities,Cambridgeshire and Peterborough NHS Foundation Trust,1,40225,2.486016159105034e-05,2462
Other communities,Camden and Islington NHS Foundation Trust,1,40225,2.486016159105034e-05,2463
Other communities,Cancer Council New South Wales,1,40225,2.486016159105034e-05,2464
Other communities,"Cancer Genetics and Epigenetics Group, Program of Predictive and Personalized Medicine of Cancer (PMPPC), Germans Trias i Pujol Research Institute (IGTP), Badalona, Catalunya, Spain",1,40225,2.486016159105034e-05,2465
Other communities,"Cancer Research UK Liverpool Cancer Trials Unit, L69 3GL, Liverpool, UK",1,40225,2.486016159105034e-05,2466
Other communities,"Canyon Crest Academy, San Diego, CA, 92130, USA",1,40225,2.486016159105034e-05,2467
Other communities,Capital Normal University,1,40225,2.486016159105034e-05,2468
Other communities,"Cardiology department, Beijing Hospital, National Center of Gerontology, Institute of Geriatric Medicine, Chinese Academy of Medical Sciences & Peking Union Medical College, Beijing 100005, China.",1,40225,2.486016159105034e-05,2469
Other communities,"Cardiovascular Analytics Group, PowerHealth Research Institute, Hong Kong, China",1,40225,2.486016159105034e-05,2470
Other communities,Cardiovascular Engineering (United States),1,40225,2.486016159105034e-05,2471
Other communities,Caritas Institute of Higher Education,1,40225,2.486016159105034e-05,2472
Other communities,Carleton University,1,40225,2.486016159105034e-05,2473
Other communities,Case Comprehensive Cancer Center,1,40225,2.486016159105034e-05,2474
Other communities,"Castelli Romani Hospital, Rome, Italy (D.F.).",1,40225,2.486016159105034e-05,2475
Other communities,Castle Hill Hospital,1,40225,2.486016159105034e-05,2476
Other communities,Cedars-Sinai Health System,1,40225,2.486016159105034e-05,2477
Other communities,"Center for Health Care, Longhua District, Shenzhen, China.",1,40225,2.486016159105034e-05,2478
Other communities,"Center for Health Promotion and Research (Former Tuberculosis Reference Laboratory), Bamenda, Cameroon",1,40225,2.486016159105034e-05,2479
Other communities,"Center for Innovation in Medicine, Bucharest, Romania",1,40225,2.486016159105034e-05,2480
Other communities,"Center for Special Children, La Farge Medical Clinic-VMH, La Farge, Wisconsin, United States of America",1,40225,2.486016159105034e-05,2481
Other communities,"Center for Translational Research, Scottish Rite for Children, Dallas, TX, United States",1,40225,2.486016159105034e-05,2482
Other communities,"Center of Nephrology Goettingen GbR, Goettingen, Germany",1,40225,2.486016159105034e-05,2483
Other communities,Central China Normal University,1,40225,2.486016159105034e-05,2484
Other communities,Central Hospital of Zibo,1,40225,2.486016159105034e-05,2485
Other communities,"Central Laboratory, Shenzhen Baoan Women’s and Children’s Hospital, Shenzhen, Guangdong, China",1,40225,2.486016159105034e-05,2486
Other communities,"Central Laboratory, Shenzhen Longhua Maternity and Child Healthcare Hospital, Shenzhen, China",1,40225,2.486016159105034e-05,2487
Other communities,Central Michigan University,1,40225,2.486016159105034e-05,2488
Other communities,Central People's Hospital of Zhanjiang,1,40225,2.486016159105034e-05,2489
Other communities,Central Queensland University,1,40225,2.486016159105034e-05,2490
Other communities,Central University Hospital of Asturias,1,40225,2.486016159105034e-05,2491
Other communities,Central University of Punjab,1,40225,2.486016159105034e-05,2492
Other communities,Central and North West London NHS Foundation Trust,1,40225,2.486016159105034e-05,2493
Other communities,Centre Europeen dEtude du Diabete CEED,1,40225,2.486016159105034e-05,2494
Other communities,Centre Hospitalier Annecy Genevois,1,40225,2.486016159105034e-05,2495
Other communities,Centre Hospitalier Régional Universitaire de Brest,1,40225,2.486016159105034e-05,2496
Other communities,Centre Hospitalier Universitaire de Clermont-Ferrand,1,40225,2.486016159105034e-05,2497
Other communities,Centre Hospitalier Universitaire de Nîmes,1,40225,2.486016159105034e-05,2498
Other communities,Centre Hospitalier Universitaire de Poitiers,1,40225,2.486016159105034e-05,2499
Other communities,Centre Hospitalier Universitaire de Reims,1,40225,2.486016159105034e-05,2500
Other communities,Centre Hospitalier Universitaire de Rouen,1,40225,2.486016159105034e-05,2501
Other communities,Centre Hospitalier Universitaire de Toulouse,1,40225,2.486016159105034e-05,2502
Other communities,Centre Hospitalier de Luxembourg,1,40225,2.486016159105034e-05,2503
Other communities,"Centre Lemanique d’antalgie et neuromodulation – EHC, Morges, Switzerland",1,40225,2.486016159105034e-05,2504
Other communities,Centre de Coopération Internationale en Recherche Agronomique pour le Développement,1,40225,2.486016159105034e-05,2505
Other communities,Centre de Recherche Saint-Antoine,1,40225,2.486016159105034e-05,2506
Other communities,"Centre de Santé, Paris, France",1,40225,2.486016159105034e-05,2507
Other communities,"Centre de recherche de l’Institut universitaire de cardiologie et de pneumologie de Québec—Université Laval, 2725 chemin Ste-Foy, Québec, QC G1V 4G5, Canada",1,40225,2.486016159105034e-05,2508
Other communities,Centre for DNA Fingerprinting and Diagnostics,1,40225,2.486016159105034e-05,2509
Other communities,Centre for Inflammation Research,1,40225,2.486016159105034e-05,2510
Other communities,Centre for Research and Technology Hellas,1,40225,2.486016159105034e-05,2511
Other communities,Centre of Research in Epidemiology and Statistics,1,40225,2.486016159105034e-05,2512
Other communities,"Centre of Stomatology, West China Xiamen Hospital of Sichuan University, Xiamen, China",1,40225,2.486016159105034e-05,2513
Other communities,Centro San Giovanni di Dio Fatebenefratelli,1,40225,2.486016159105034e-05,2514
Other communities,Centro de Biología Molecular Severo Ochoa,1,40225,2.486016159105034e-05,2515
Other communities,Centro de Investigación Biomédica en Red Diabetes y Enfermedades Metabólicas Asociadas,1,40225,2.486016159105034e-05,2516
Other communities,Centro de Investigación Biomédica en Red de Enfermedades Neurodegenerativas,1,40225,2.486016159105034e-05,2517
Other communities,Centro di Riferimento Oncologico,1,40225,2.486016159105034e-05,2518
Other communities,Cerebriu (Denmark),1,40225,2.486016159105034e-05,2519
Other communities,Cereneo,1,40225,2.486016159105034e-05,2520
Other communities,Chalmers University of Technology,1,40225,2.486016159105034e-05,2521
Other communities,Chan Zuckerberg Initiative LLC,1,40225,2.486016159105034e-05,2522
Other communities,Changchun Normal University,1,40225,2.486016159105034e-05,2523
Other communities,"Changping Laboratory, Beijing, China. Electronic address: jianxunren@cpl.ac.cn.",1,40225,2.486016159105034e-05,2524
Other communities,Changzhou Second Peoples Hospital,1,40225,2.486016159105034e-05,2525
Other communities,Chapel Allerton Hospital,1,40225,2.486016159105034e-05,2526
Other communities,"Charité - University Medicine Berlin, Campus Charité Mitte",1,40225,2.486016159105034e-05,2527
Other communities,Charlie Norwood VA Medical Center,1,40225,2.486016159105034e-05,2528
Other communities,Chelsea and Westminster Hospital,1,40225,2.486016159105034e-05,2529
Other communities,"Chengdu Aidi Pharmaceutical Technology Co., Ltd, China.",1,40225,2.486016159105034e-05,2530
Other communities,Chengdu Fifth People's Hospital,1,40225,2.486016159105034e-05,2531
Other communities,"Chengdu Integrated TCM and Western Medicine Hospital,",1,40225,2.486016159105034e-05,2532
Other communities,"Chengdu Integrated Traditional Chinese Medicine and Western Medicine Hospital, Chengdu, China",1,40225,2.486016159105034e-05,2533
Other communities,Chengdu Second People's Hospital,1,40225,2.486016159105034e-05,2534
Other communities,Chengdu Sport University,1,40225,2.486016159105034e-05,2535
Other communities,Chengdu University of Information Technology,1,40225,2.486016159105034e-05,2536
Other communities,Chestnut Health Systems,1,40225,2.486016159105034e-05,2537
Other communities,Chia-Yi Christian Hospital,1,40225,2.486016159105034e-05,2538
Other communities,Child Mind Institute,1,40225,2.486016159105034e-05,2539
Other communities,Children's Health Ireland at Crumlin,1,40225,2.486016159105034e-05,2540
Other communities,Children's Hospital of Los Angeles,1,40225,2.486016159105034e-05,2541
Other communities,"Children’s Hospital of Rabat and Laboratory of Biochemistry and Molecular Biology - Faculty of Medicine and Pharmacy -, University V Mohamed, Rabat, -, Moroccoo",1,40225,2.486016159105034e-05,2542
Other communities,China Aerospace Science and Industry Corp,1,40225,2.486016159105034e-05,2543
Other communities,China Mobile (Suzhou) Software Technology Co Ltd,1,40225,2.486016159105034e-05,2544
Other communities,China National Center for Food Safety Risk Assessment,1,40225,2.486016159105034e-05,2545
Other communities,China Tibetology Research Center,1,40225,2.486016159105034e-05,2546
Other communities,Chinese Academy of Medical Sciences Dermatology Hospital,1,40225,2.486016159105034e-05,2547
Other communities,Chinese Institute for Brain Research,1,40225,2.486016159105034e-05,2548
Other communities,"Chongqing Center for Disease Control and Prevention, 400707, Chongqing, China",1,40225,2.486016159105034e-05,2549
Other communities,"Chongqing Center for Disease Control and Prevention, Chongqing, China",1,40225,2.486016159105034e-05,2550
Other communities,Chongqing Emergency Medical Center,1,40225,2.486016159105034e-05,2551
Other communities,Chongqing Population and Family Planning Science and Technology Research Institute,1,40225,2.486016159105034e-05,2552
Other communities,"Chongqing Preschool Education College, Chong Qing, China.",1,40225,2.486016159105034e-05,2553
Other communities,Chongqing Traditional Chinese Medicine Hospital,1,40225,2.486016159105034e-05,2554
Other communities,Chongqing University of Education,1,40225,2.486016159105034e-05,2555
Other communities,Christiana Care Health System Inc,1,40225,2.486016159105034e-05,2556
Other communities,City University of Macau,1,40225,2.486016159105034e-05,2557
Other communities,City of Hope,1,40225,2.486016159105034e-05,2558
Other communities,City of Hope National Medical Center,1,40225,2.486016159105034e-05,2559
Other communities,Clatterbridge Cancer Centre NHS Foundation Trust,1,40225,2.486016159105034e-05,2560
Other communities,Claude Bernard Lyon 1 University,1,40225,2.486016159105034e-05,2561
Other communities,Clinical Genomics Pty Ltd,1,40225,2.486016159105034e-05,2562
Other communities,Clínica MEDS (Chile),1,40225,2.486016159105034e-05,2563
Other communities,Colegio de Postgraduados,1,40225,2.486016159105034e-05,2564
Other communities,"College Road GP Practice, Woking, UK",1,40225,2.486016159105034e-05,2565
Other communities,"College of Arts and Physical Education, Nanchang Normal College of Applied Technology, Nanchang, China",1,40225,2.486016159105034e-05,2566
Other communities,"College of Medical Imaging, Qilu Medical University, Zibo, Shandong, China.",1,40225,2.486016159105034e-05,2567
Other communities,"College of Medicine, University of Al-Ameed, Karbala PO Box 198, Iraq",1,40225,2.486016159105034e-05,2568
Other communities,"College of Traditional Chinese Medicine, Zhanjiang University of Science and Technology, Zhanjiang, Guangdong, China",1,40225,2.486016159105034e-05,2569
Other communities,Colorado Center for Personalized Medicine,1,40225,2.486016159105034e-05,2570
Other communities,Colorado State University Fort Collins,1,40225,2.486016159105034e-05,2571
Other communities,Command Hospital,1,40225,2.486016159105034e-05,2572
Other communities,"Community Health Center, Zivinice, Bosnia and Herzegovina",1,40225,2.486016159105034e-05,2573
Other communities,"Complex Disorders Alliance, 2299 Summer St., Stamford, CT 06905, USA",1,40225,2.486016159105034e-05,2574
Other communities,"Computational Imaging Research Center, Department of Radiology",1,40225,2.486016159105034e-05,2575
Other communities,"Computational Sciences, Population Analytics, Janssen Res. & Develop.",1,40225,2.486016159105034e-05,2576
Other communities,"Computer Science and Engineering, Anurag University, Venkatapur, Ghatkesar, Medchal-Malkajgirl, 500088, Hyderabad, Telangana, India",1,40225,2.486016159105034e-05,2577
Other communities,Concordia University,1,40225,2.486016159105034e-05,2578
Other communities,Concordia University Irvine,1,40225,2.486016159105034e-05,2579
Other communities,Cone Health,1,40225,2.486016159105034e-05,2580
Other communities,Connecticut Children's Medical Center,1,40225,2.486016159105034e-05,2581
Other communities,Connecticut Mental Health Center,1,40225,2.486016159105034e-05,2582
Other communities,Conservatoire National des Arts et Métiers,1,40225,2.486016159105034e-05,2583
Other communities,Consorci Sanitari de Terrassa,1,40225,2.486016159105034e-05,2584
Other communities,"Consultant, Washington, DC, United States of America.",1,40225,2.486016159105034e-05,2585
Other communities,Copenhagen Institute for Futures Studies,1,40225,2.486016159105034e-05,2586
Other communities,Cornwall Council,1,40225,2.486016159105034e-05,2587
Other communities,"Cortigenix, Cortigenix Laboratory, 6 Westhill Court, Walcott, Lincoln LN4 3BU, UK.",1,40225,2.486016159105034e-05,2588
Other communities,"Cotswold Archaeology, Cirencester, UK",1,40225,2.486016159105034e-05,2589
Other communities,"Cowes, Isle of Wight",1,40225,2.486016159105034e-05,2590
Other communities,"Crematie en Inhumatie Analyse (CRINA) Fysische Antropologie, 5237, JG 's-Hertogenbosch, Netherlands",1,40225,2.486016159105034e-05,2591
Other communities,Crescenz VA Medical Center,1,40225,2.486016159105034e-05,2592
Other communities,Cuban Neuroscience Center,1,40225,2.486016159105034e-05,2593
Other communities,Cyprus Institute of Neurology and Genetics,1,40225,2.486016159105034e-05,2594
Other communities,Czech Academy of Sciences,1,40225,2.486016159105034e-05,2595
Other communities,Czech Centre for Phenogenomics,1,40225,2.486016159105034e-05,2596
Other communities,"D.S. College,Department of Computer Application,Aligarh,India",1,40225,2.486016159105034e-05,2597
Other communities,"DHC Technologies co, ltd., Beijing, China",1,40225,2.486016159105034e-05,2598
Other communities,Daegu Catholic University Medical Center,1,40225,2.486016159105034e-05,2599
Other communities,Daegu Gyeongbuk Institute of Science and Technology,1,40225,2.486016159105034e-05,2600
Other communities,Dalian University of Technology,1,40225,2.486016159105034e-05,2601
Other communities,"Danish Cancer Institute, Copenhagen, Denmark",1,40225,2.486016159105034e-05,2602
Other communities,Danish Center for Social Science Research,1,40225,2.486016159105034e-05,2603
Other communities,Danish Dementia Research Centre,1,40225,2.486016159105034e-05,2604
Other communities,Danish Medicines Agency,1,40225,2.486016159105034e-05,2605
Other communities,Danish National Research Foundation,1,40225,2.486016159105034e-05,2606
Other communities,Dasman Diabetes Institute,1,40225,2.486016159105034e-05,2607
Other communities,"Data Center, Yinzhou District Center for Disease Control and Prevention, Ningbo, China",1,40225,2.486016159105034e-05,2608
Other communities,"Data Governance, Data Analytics: Enterprise Performance Management, AIML, USA",1,40225,2.486016159105034e-05,2609
Other communities,"Davidson Kempner Capital Management, New York City Metropolitan Area, New York, United States",1,40225,2.486016159105034e-05,2610
Other communities,Dayanand Medical College & Hospital,1,40225,2.486016159105034e-05,2611
Other communities,Dell Children's Medical Center of Central Texas,1,40225,2.486016159105034e-05,2612
Other communities,"Department for Chronic and Noncommunicable Disease Control and Prevention, Fujian Provincial Center for Disease Control and Prevention, Fuzhou, 350012, Fujian, China",1,40225,2.486016159105034e-05,2613
Other communities,"Department of Andrology, Guilin People’s Hospital, 541002, Guilin, China",1,40225,2.486016159105034e-05,2614
Other communities,"Department of Cardiology, Jie Xi’s People Hospital, Jieyang, Guangdong, China",1,40225,2.486016159105034e-05,2615
Other communities,"Department of Cardiology, Jiexi People’s Hospital, Jieyang, Guangdong, China",1,40225,2.486016159105034e-05,2616
Other communities,"Department of Cardiology, Jieyang People’s Hospital, Jieyang, Guangdong, China.",1,40225,2.486016159105034e-05,2617
Other communities,"Department of Cardiology, Kailuan General Hospital, North China University of Science and Technology, Tangshan 063000, China",1,40225,2.486016159105034e-05,2618
Other communities,"Department of Cardiology, Khmer Soviet Friendship Hospital, Phnom Penh, Cambodia",1,40225,2.486016159105034e-05,2619
Other communities,"Department of Cardiology, Tieling Central Hospital, Tieling, Liaoning, China",1,40225,2.486016159105034e-05,2620
Other communities,"Department of Cardiology, United Medical Doctors, La Jolla, CA 92037, USA",1,40225,2.486016159105034e-05,2621
Other communities,"Department of Cardiovascular Diseases, University of Queensland School of Medicine, New Orleans, Los Angeles",1,40225,2.486016159105034e-05,2622
Other communities,"Department of Child Health Care, Hunan Provincial Maternal and Child Health Care Hospital, Changsha, Hunan, P.R. China",1,40225,2.486016159105034e-05,2623
Other communities,"Department of Chronic Disease Prevention and Control, Suzhou City Center for Disease Control and Prevention, Suzhou, China",1,40225,2.486016159105034e-05,2624
Other communities,"Department of Chronic Disease Prevention and Control, Suzhou City Centre for Disease Control and Prevention, Suzhou, China",1,40225,2.486016159105034e-05,2625
Other communities,"Department of Chronic Diseases Prevention, Taizhou Center for Disease Control and Prevention, Jiangsu, China",1,40225,2.486016159105034e-05,2626
Other communities,"Department of Clinical Genetics, Royal Devon University Healthcare NHS Trust, Exeter, UK",1,40225,2.486016159105034e-05,2627
Other communities,"Department of Clinical Laboratory, Quanzhou Maternity and Children’s Hospital, Quanzhou, 362000, China",1,40225,2.486016159105034e-05,2628
Other communities,"Department of Complex Trait Genetics, Center for Neurogenomics and Cognitive Research, Vrije Universiteit Amsterdam (Savage, Phung, Posthuma); Department of Psychiatry and Behavioral Sciences, SUNY Downstate Health Sciences University, Brooklyn, New York (Barr, Meyers, Porjesz); VA New York Harbor Healthcare System, Brooklyn, New York (Barr, Meyers); Psychiatric and Neurodevelopmental Genetics Unit, Center for Genomic Medicine (Lee, Zhang, Ge, Smoller, Mallard), and Center for Precision Psychiatry (Ge, Smoller), Massachusetts General Hospital, Boston; Department of Psychiatry, Harvard Medical School, Boston (Lee, Ge, Smoller, Mallard); Stanley Center for Psychiatric Research, Broad Institute of MIT and Harvard, Cambridge (Lee, Zhang, Ge, Smoller, Mallard); Department of Epidemiology, Harvard T.H. Chan School of Public Health, Boston (Zhang); Department of Psychiatry, Washington University School of Medicine, St. Louis (McCutcheon); Department of Medicine, Division of Genetic Medicine, Vanderbilt University Medical Center, Nashville (Davis, Sanchez-Roige); Department of Child and Adolescent Psychology and Psychiatry, section Complex Trait Genetics, VU University Medical Center, Amsterdam (Posthuma); Department of Psychiatry and Institute for Genomic Medicine, University of California San Diego, La Jolla (Sanchez-Roige).",1,40225,2.486016159105034e-05,2629
Other communities,"Department of Computer Techniques Engineering, Al-Ma’moon University College, Al-Washash, Baghdad, Iraq",1,40225,2.486016159105034e-05,2630
Other communities,"Department of Control and Prevention of Chronic Non-communicable Diseases, Xuzhou Center for Disease Control and Prevention, Xuzhou, China",1,40225,2.486016159105034e-05,2631
Other communities,"Department of Critical Care Medicine, Fuzhou Second General Hospital, Fuzhou, Fujian, China",1,40225,2.486016159105034e-05,2632
Other communities,"Department of Dermatology, Nantong Haimen District People’s Hospital, Nantong, Jiangsu Province, China.",1,40225,2.486016159105034e-05,2633
Other communities,"Department of Dermatology, The Fifth People's Hospital of Hainan Province, Haikou, China",1,40225,2.486016159105034e-05,2634
Other communities,"Department of Disinfection and Vector-Borne Pathogen Control, Urumqi City Center for Disease Prevention and Control, Urumqi, China",1,40225,2.486016159105034e-05,2635
Other communities,"Department of ECE, S.R.K.R. Engineering College, Bhimavaram, A.P., India",1,40225,2.486016159105034e-05,2636
Other communities,"Department of Endocrinology Diabetology, University Hospital Center of Reims, Reims, France.",1,40225,2.486016159105034e-05,2637
Other communities,"Department of Endocrinology Diabetology, University Hospital Central of F. Mitterrand Dijon-Bourgogne, Dijon, France.",1,40225,2.486016159105034e-05,2638
Other communities,"Department of Endocrinology and Metabolism, Shantou Hospital of Traditional Chinese Medicine, Shantou, Guangdong, China.",1,40225,2.486016159105034e-05,2639
Other communities,"Department of Endocrinology, Yueyang Central Hospital, Yueyang, China",1,40225,2.486016159105034e-05,2640
Other communities,"Department of Epidemiology and Biostatistics, School of Public Health, Shandong Second Medical University, WeiFang, 261053, PR China. Electronic address: shifuyan@sdsmu.edu.cn.",1,40225,2.486016159105034e-05,2641
Other communities,"Department of Food, Nutrition, and Packaging Sciences, 211 Poole Agricultural Center, Clemson, SC 29634, United States.",1,40225,2.486016159105034e-05,2642
Other communities,"Department of Gastric Surgery, Gansu Wuwei Tumour Hospital, Wuwei Academy of Medical Science, Wuwei, Gansu, China",1,40225,2.486016159105034e-05,2643
Other communities,"Department of Gastroenterology and Hepatology, Grampian Hospitals NHS Trust, Scotland",1,40225,2.486016159105034e-05,2644
Other communities,"Department of Gastroenterology and Hepatology, Greater Glasgow and Clyde Hospitals NHS Trust, Scotland",1,40225,2.486016159105034e-05,2645
Other communities,"Department of Gastroenterology, Ganzhou Municipal Hospital(Guangdong Provincial People’s Hospital Ganzhou Hospital), Ganzhou, Jiangxi, China",1,40225,2.486016159105034e-05,2646
Other communities,"Department of Gastroenterology, Helios Hospital Weißeritztal, Freital, Germany",1,40225,2.486016159105034e-05,2647
Other communities,"Department of Gastroenterology, Hospital Oberpullendorf, Oberpullendorf, Austria",1,40225,2.486016159105034e-05,2648
Other communities,"Department of Gastroenterology, Hospital of Integrated Traditional Chinese and Western Medicine of Linping District, Hangzhou, China.",1,40225,2.486016159105034e-05,2649
Other communities,"Department of Gastroenterology, Linyi Geriatric Hospital, Linyi, China",1,40225,2.486016159105034e-05,2650
Other communities,"Department of Gastroenterology, Ospedale Bambin Gesù, Roma, Italy.",1,40225,2.486016159105034e-05,2651
Other communities,"Department of Gastroenterology, Shenzhen Bao’an District Songgang People’s Hospital, No.2, Shajiang Road, Baoan District,, 518105, Shenzhen, Guangdong, China",1,40225,2.486016159105034e-05,2652
Other communities,"Department of Gastroenterology, The General Hospital of Western Theater Command, Chengdu, China.",1,40225,2.486016159105034e-05,2653
Other communities,"Department of Gastrointestinal Surgery, Jiangxi Province Hospital of Integrated Chinese and Western Medicine, Nanchang, Jiangxi, China",1,40225,2.486016159105034e-05,2654
Other communities,"Department of Gastrointestinal Surgery, The Second People’s Hospital of Wuhu, 241000, Wuhu, Anhui, China",1,40225,2.486016159105034e-05,2655
Other communities,"Department of General Affairs, Shenzhen Baoan Women’s and Children’s Hospital, 518001, Shenzhen, Guangdong, China",1,40225,2.486016159105034e-05,2656
Other communities,"Department of General Hygiene, 3 Karl Marx Street, Kursk 305041, Russian Federation.",1,40225,2.486016159105034e-05,2657
Other communities,"Department of General Surgery, Children’s Hospital of Xinjiang Uygur Autonomous Region, Urumqi, China",1,40225,2.486016159105034e-05,2658
Other communities,"Department of General Surgery, Heyuan People’s Hospital, 517000, Heyuan, China",1,40225,2.486016159105034e-05,2659
Other communities,"Department of Genetics and Genomic Sciences, Icahn Institute of Genomics and Multiscale Biology, New York, NY, USA",1,40225,2.486016159105034e-05,2660
Other communities,"Department of Genomic Medicine, D.O.Ott Research Institute for Obstetrics, Gynaecology and Reproductology, 199034 St. Petersburg, Russia;, elena.servash@gmail.com",1,40225,2.486016159105034e-05,2661
Other communities,"Department of Geriatrics, The First Affiliated Hospital of Bengbu Medical University, Bengbu, China",1,40225,2.486016159105034e-05,2662
Other communities,"Department of Gerontology, The First People’s Hospital of Jinzhong, Jinzhong City, China.",1,40225,2.486016159105034e-05,2663
Other communities,"Department of Gynecologic Oncology, Jieyang People’s Hospital, Jieyang, Guangdong, China",1,40225,2.486016159105034e-05,2664
Other communities,"Department of Gynecology and Obstetrics, Shenzhen Qianhai Shekou Free Trade Zone Hospital, Shenzhen, Guangdong, China",1,40225,2.486016159105034e-05,2665
Other communities,"Department of Gynecology, Guangan Hospital of Traditional Chinese Medicine, Guangan, Sichuan, China. Electronic address: yutong941003@163.com.",1,40225,2.486016159105034e-05,2666
Other communities,"Department of Hand and Foot Surgery, Beilun District People's Hospital, Ningbo, Zhejiang, China",1,40225,2.486016159105034e-05,2667
Other communities,"Department of Health Management, Beijing Xiaotangshan Hospital, Beijing, 102211, China",1,40225,2.486016159105034e-05,2668
Other communities,"Department of Health Sciences, The Swedish Red Cross University, Huddinge, Sweden",1,40225,2.486016159105034e-05,2669
Other communities,"Department of Health Statistics, School of Preventive Medicine, The Air Force Military Medical University, Xi'an, China",1,40225,2.486016159105034e-05,2670
Other communities,"Department of Hematology, Ningbo Hangzhou Bay Hospital, Ningbo, Zhejiang, China",1,40225,2.486016159105034e-05,2671
Other communities,"Department of Human Resource, Hunan Provincial Maternal and Child Health Care Hospital, Changsha, Hunan, 410008, China.",1,40225,2.486016159105034e-05,2672
Other communities,Department of Human Services,1,40225,2.486016159105034e-05,2673
Other communities,"Department of Implantology, Guiyang Hospital of Stomatology, Guiyang, P.R. China; cnliyuan.xiao@hotmail.com.",1,40225,2.486016159105034e-05,2674
Other communities,"Department of Infectious Diseases, Västmanland Hospital Västerås, Västerås, Sweden",1,40225,2.486016159105034e-05,2675
Other communities,"Department of Information Technological, Shaanxi Health Information Center, Xi’an, China",1,40225,2.486016159105034e-05,2676
Other communities,"Department of Intensive Care Unit, Yantai Yeda Hospital, Yantai, China",1,40225,2.486016159105034e-05,2677
Other communities,"Department of Internal Medicine, BovenIJ Hospital, Amsterdam, the Netherlands",1,40225,2.486016159105034e-05,2678
Other communities,"Department of Internal Medicine, Jinan Hospital, Jinan, China",1,40225,2.486016159105034e-05,2679
Other communities,"Department of Internal Medicine, Scripps Mercy, San Diego, CA 92103, USA",1,40225,2.486016159105034e-05,2680
Other communities,"Department of Joint Surgery, Affiliated Hospital of Shandong Second Medical University, School of Clinical Medicine, Shandong Second Medical University, Weifang, Shandong, China.",1,40225,2.486016159105034e-05,2681
Other communities,"Department of Laboratory Medicine, Meihekou Central Hospital, Meihekou, 135000, People’s Republic of China",1,40225,2.486016159105034e-05,2682
Other communities,"Department of Laboratory Medicine, The General Hospital of Western Theater Command, Chengdu, China",1,40225,2.486016159105034e-05,2683
Other communities,"Department of Local Diseases Control and Prevention, Fujian Provincial Center for Disease Control and Prevention, Fuzhou 350001, China.",1,40225,2.486016159105034e-05,2684
Other communities,"Department of Massage, Quanzhou Orthopedic-Traumatological Hospital, Quanzhou, Fujian Province, 362000, People’s Republic of China",1,40225,2.486016159105034e-05,2685
Other communities,"Department of Mathematical Statistics, School of Public Health, Shandong Second Medical University, Weifang, Shandong 261053, China.",1,40225,2.486016159105034e-05,2686
Other communities,"Department of Medical Genetics, Le Mans Hospital, 72037 Le Mans, France.",1,40225,2.486016159105034e-05,2687
Other communities,"Department of Medical Oncology, The First Affiliated Hospital of USTC, Hefei, Anhui Province, China",1,40225,2.486016159105034e-05,2688
Other communities,Department of Medicine Multi-Organ Transplant ProgramToronto General Hospital Toronto Ontario Canada.,1,40225,2.486016159105034e-05,2689
Other communities,"Department of Medicine, Akureyri Regional Hospital, Akureyri, Iceland",1,40225,2.486016159105034e-05,2690
Other communities,"Department of Medicine, Cantonal Hospital Frauenfeld, 8501 Frauenfeld, Switzerland",1,40225,2.486016159105034e-05,2691
Other communities,"Department of Medicine, Ganzhou Tumor Hospital, Ganzhou, Jiangxi Province, PR China.",1,40225,2.486016159105034e-05,2692
Other communities,"Department of Medicine, Veterans Home, Chelsea, Massachusetts, USA",1,40225,2.486016159105034e-05,2693
Other communities,"Department of Microbiology Laboratory, Chengdu Municipal Center for Disease Control and Prevention, Chengdu, People’s Republic of China",1,40225,2.486016159105034e-05,2694
Other communities,"Department of Molecular and Functional Genomics, Geisinger, Danville, PA, USA",1,40225,2.486016159105034e-05,2695
Other communities,"Department of Neonatology, University Hospital Prague-Motol, Prague, Czech Republic",1,40225,2.486016159105034e-05,2696
Other communities,"Department of Nephrology, Geisinger, Danville, Pennsylvania, USA.",1,40225,2.486016159105034e-05,2697
Other communities,"Department of Nephrology, Mianyang 404 Hospital, Mianyang, China",1,40225,2.486016159105034e-05,2698
Other communities,"Department of Neurology, Hunan Aerospace Hospital, Changsha, Hunan Province, China",1,40225,2.486016159105034e-05,2699
Other communities,"Department of Neurology, Inner Mongolia Institute of Cerebrovascular Diseases, Baotou Center Hospital, Baotou, Inner Mongolia, China",1,40225,2.486016159105034e-05,2700
Other communities,"Department of Neurology, National Neuroscience Institute, Singapore General Hospital, Singapore",1,40225,2.486016159105034e-05,2701
Other communities,"Department of Neurology, Shucheng People's Hospital, Lu'an, China.",1,40225,2.486016159105034e-05,2702
Other communities,"Department of Neurology, St Jansdal Hospital, Harderwijk, The Netherlands",1,40225,2.486016159105034e-05,2703
Other communities,"Department of Neurology, Suzhou Wujiang District Hospital of Traditional Chinese Medicine (Suzhou Wujiang District Second People’s Hospital), Wujiang District, 215200, Suzhou, China",1,40225,2.486016159105034e-05,2704
Other communities,"Department of Neurology, Tangshan Central Hospital, Tangshan, China.",1,40225,2.486016159105034e-05,2705
Other communities,"Department of Neurology, University Hospital of Albacete, 02006 Albacete, Spain",1,40225,2.486016159105034e-05,2706
Other communities,"Department of Neurology, University Hospitals Plymouth, Plymouth, UK",1,40225,2.486016159105034e-05,2707
Other communities,"Department of Neurology, Xiangshui County People’s Hospital, Yancheng, China.",1,40225,2.486016159105034e-05,2708
Other communities,"Department of Neurosurgery, 920th Hospital of Joint Logistics Support Force, Kunming, China. Electronic address: liuneuro2017@foxmail.com.",1,40225,2.486016159105034e-05,2709
Other communities,"Department of Neurosurgery, Ganzhou Hospital of Guangdong Provincial People's Hospital, Ganzhou Municipal Hospital, Ganzhou 341000, China",1,40225,2.486016159105034e-05,2710
Other communities,"Department of Neurosurgery, Qilu Hospital of Shandong University Dezhou Hospital, Dezhou, China",1,40225,2.486016159105034e-05,2711
Other communities,"Department of Neurosurgery, The 900th Hospital of Joint Logistic Team of PLA, 350025 Fuzhou, Fu Jian, China. Electronic address: zhangshangming2019@163.com.",1,40225,2.486016159105034e-05,2712
Other communities,"Department of Neurosurgery, Xiangzhou District People’s Hospital, Xiangyang, Hubei, China",1,40225,2.486016159105034e-05,2713
Other communities,"Department of Obstetrics and Gynecology, Enshi Tujia and Miao Autonomous Prefecture Central Hospital, Enshi, Hubei, China",1,40225,2.486016159105034e-05,2714
Other communities,"Department of Obstetrics and Gynecology, Huanghua Development Zone Boai Hospital, Cangzhou, Hebei, China",1,40225,2.486016159105034e-05,2715
Other communities,"Department of Obstetrics and Gynecology, Maternal and Child Health Hospital of Zhuji, Zhuji, Zhejiang, China",1,40225,2.486016159105034e-05,2716
Other communities,"Department of Obstetrics, Longgang District Maternal & Child Healthcare Hospital of Shenzhen City, Shenzhen, China",1,40225,2.486016159105034e-05,2717
Other communities,"Department of Occupational Health and Radiation Health, Chongqing Center for Disease Control and Prevention, Chongqing, China",1,40225,2.486016159105034e-05,2718
Other communities,"Department of Oncology, Anhui Zhongke Gengjiu Hospital, Hefei, Anhui Province, China",1,40225,2.486016159105034e-05,2719
Other communities,"Department of Oncology, Baoji Gaoxin Hospital, No.19, Gaoxin 4 Road, Gaoxin District, 721000, Baoji, Shaanxi Province, China",1,40225,2.486016159105034e-05,2720
Other communities,"Department of Oncology, Doumen Qiaoli Hospital of Traditional Chinese Medicine, Zhuhai, China",1,40225,2.486016159105034e-05,2721
Other communities,"Department of Oncology, Hematology, and Cell Therapy, AORN Santobono Pausilipon, Naples, Italy",1,40225,2.486016159105034e-05,2722
Other communities,"Department of Oncology, Ningbo Hospital of Traditional Chinese Medicine, Ningbo, China",1,40225,2.486016159105034e-05,2723
Other communities,"Department of Ophthalmology, Ningbo Hangzhou Bay Hospital, Ningbo, Zhejiang, China",1,40225,2.486016159105034e-05,2724
Other communities,"Department of Ophthalmology, The 900th Hospital of Joint Logistic Support Force, PLA (Clinical Medical College of Fujian Medical University, Dongfang Hospital Affiliated to Xiamen University), Fuzhou, China",1,40225,2.486016159105034e-05,2725
Other communities,"Department of Orthopaedic, 920Th Hospital of Joint Logistics Support Force of Chinese People’s Liberation Army, 212 Daguan Road, Xishan District, Kunming, Yunnan, China",1,40225,2.486016159105034e-05,2726
Other communities,"Department of Orthopaedics, The Central Hospital of Xianyang, Xianyang, China",1,40225,2.486016159105034e-05,2727
Other communities,"Department of Orthopaedics, the First People’s Hospital of Chun’an County, Hangzhou, Zhejiang, China",1,40225,2.486016159105034e-05,2728
Other communities,"Department of Orthopedic Surgery, Shangrao Municipal Hospital, Shangrao, Jiangxi, China",1,40225,2.486016159105034e-05,2729
Other communities,"Department of Orthopedic Surgery, Xi’an Fifth Hospital, Xi’an, Shaanxi, China",1,40225,2.486016159105034e-05,2730
Other communities,"Department of Orthopedics, 2nd Hospital of Mudanjiang People, Heilongjiang Province, China",1,40225,2.486016159105034e-05,2731
Other communities,"Department of Orthopedics, Cangzhou hospital of integrated TCM-WM, Cangzhou, Hebei, China",1,40225,2.486016159105034e-05,2732
Other communities,"Department of Orthopedics, Qichun County People’s Hospital, No. 198, Caohe Avenue, 438000, Huanggang, Hubei, China",1,40225,2.486016159105034e-05,2733
Other communities,"Department of Otorhinolaryngology, Pengzhou Hospital of Traditional Chinese Medicine, Chengdu, Sichuan, China.",1,40225,2.486016159105034e-05,2734
Other communities,"Department of Paediatric Endocrinology, Children’s Hospital, Lahore, Pakistan",1,40225,2.486016159105034e-05,2735
Other communities,"Department of Pediatrics, Jiaxing Second Hospital, Jiaxing, China",1,40225,2.486016159105034e-05,2736
Other communities,"Department of Pediatrics, Xihu District Hospital of Integrated Traditional Chinese and Western Medicine, Hangzhou, China",1,40225,2.486016159105034e-05,2737
Other communities,"Department of Pharmacology,",1,40225,2.486016159105034e-05,2738
Other communities,"Department of Physical Examination, Integrated Chinese and Western Medicine Hospital of XiangYang (Dongfeng People’s Hospital), Xiangyang, China",1,40225,2.486016159105034e-05,2739
Other communities,"Department of Physical and Chemical, Changning District Center for Disease Control and Prevention, Shanghai 200051, China;, yinzru@163.com",1,40225,2.486016159105034e-05,2740
Other communities,"Department of Plastic, Reconstructive and Aesthetic Surgery, Isar Klinikum, 80331 Munich, Germany;, ulf.dornseifer@isarklinikum.de",1,40225,2.486016159105034e-05,2741
Other communities,Department of Preventive Medicine,1,40225,2.486016159105034e-05,2742
Other communities,"Department of Psychiatry, University Clinical Center of Sarajevo, Sarajevo, Bosnia and Herzegovina",1,40225,2.486016159105034e-05,2743
Other communities,"Department of Psychology and Neuroscience, University of Colorado Boulder, Stockholm, Sweden",1,40225,2.486016159105034e-05,2744
Other communities,"Department of Public Health and Nursing, NTNU",1,40225,2.486016159105034e-05,2745
Other communities,"Department of Radiation Oncology, The First Hospital of Putian City, Putian, Fujian, China",1,40225,2.486016159105034e-05,2746
Other communities,"Department of Radiation Oncology, Yunfu People's Hospital, Yunfu, China",1,40225,2.486016159105034e-05,2747
Other communities,"Department of Radiation, Jiangbin Hospital of Guangxi Zhuang Autonomous Region, Nanning, China",1,40225,2.486016159105034e-05,2748
Other communities,"Department of Radioactive Interventions, Henan No. 3 Provincial People’s Hospital, Henan, China",1,40225,2.486016159105034e-05,2749
Other communities,"Department of Radiology, Keijinkai Maruyama Clinic, Sapporo, Japan",1,40225,2.486016159105034e-05,2750
Other communities,"Department of Rehabilitation, Wenzhou Hospital of Integrated Traditional Chinese and Western Medicine, 325000, Wenzhou, China",1,40225,2.486016159105034e-05,2751
Other communities,"Department of Respiratory Medicine, Jiangsu Province Geriatric Hospital, Nanjing, Jiangsu, China",1,40225,2.486016159105034e-05,2752
Other communities,"Department of Respiratory Medicine, The Second Hospital of Heilongjiang Province, 150001, Harbin, China",1,40225,2.486016159105034e-05,2753
Other communities,"Department of Respiratory and Critical Care, Yunnan Second People’s Hospital, Kunming, Yunnan Province, China",1,40225,2.486016159105034e-05,2754
Other communities,"Department of Rheumatology and Immunology, The People's Hospital of Qiandongnan Autonomous Prefecture, Kaili 556000, Guizhou Province, China.",1,40225,2.486016159105034e-05,2755
Other communities,"Department of Rheumatology and Immunology, Women and Children Health Institute Futian Shenzhen, Guangdong, China",1,40225,2.486016159105034e-05,2756
Other communities,"Department of Sanatorium, Shandong Provincial Taishan Hospital, 3 Tianwaicun Street, 271000, Taian, China",1,40225,2.486016159105034e-05,2757
Other communities,"Department of Science and Education, Shenzhen Baoan Women's and Children's Hospital, Shenzhen, Guangdong, China",1,40225,2.486016159105034e-05,2758
Other communities,"Department of Sports Medicine, Yueyang Central Hospital, Three-Dimensional Gait Mechanics Analysis Key Laboratory, Yueyang, Hunan, PR China.",1,40225,2.486016159105034e-05,2759
Other communities,"Department of Statistics, Guangzhou Health Technology Identification & Human Resources Assessment Center, 510000, Guangzhou, Guangdong, China",1,40225,2.486016159105034e-05,2760
Other communities,"Department of Stomatology, Qingtongxia Hospital of Traditional Chinese Medicine, 751600, Ningxia, China",1,40225,2.486016159105034e-05,2761
Other communities,"Department of Stomatology, Suzhou Wujiang District Hospital of Traditional Chinese Medicine, 215221 Suzhou, Jiangsu, China",1,40225,2.486016159105034e-05,2762
Other communities,"Department of Thoracic Surgery, China-Japan Friendship Institute of Clinical Medicine, No.2 Yinghua East Street, Chaoyang District, 100029, Beijing, China",1,40225,2.486016159105034e-05,2763
Other communities,"Department of Transfusion Medicine, The 960th Hospital of the PLA Joint Logistics Support Force, Jinan, Shandong, China. Electronic address: zcjy@stu.sdsmu.edu.cn.",1,40225,2.486016159105034e-05,2764
Other communities,"Department of Trauma Orthopedics, Shenzhen Longhua District People’s Hospital, number38 Jinglong Jianshe Road, Longhua District, 518100, Shenzhen, Guangdong Province, China",1,40225,2.486016159105034e-05,2765
Other communities,"Department of Ultrasound Medicine, Liwan Central Hospital of Guangzhou, Guangzhou, China",1,40225,2.486016159105034e-05,2766
Other communities,"Department of Urology, 920th Hospital of Joint Logistics Support Force of Chinese People's Liberation Army, Kunming, Yunnan Province, China.",1,40225,2.486016159105034e-05,2767
Other communities,"Department of Urology, Guilin People’s Hospital, 541002, Guilin, China",1,40225,2.486016159105034e-05,2768
Other communities,"Department of Urology, Langzhong People’s Hospital, Langzhong, China, ;",1,40225,2.486016159105034e-05,2769
Other communities,"Department of Urology, Liuyang Jili Hospital, Liuyang, China",1,40225,2.486016159105034e-05,2770
Other communities,"Department of Urology, The Second People’s Hospital of Zhaoqing, Zhaoqing, China",1,40225,2.486016159105034e-05,2771
Other communities,"Department of Urology, Weil Cornell Medicine, New York, NY, USA",1,40225,2.486016159105034e-05,2772
Other communities,Des Moines University,1,40225,2.486016159105034e-05,2773
Other communities,"Dexter Software, 97 Vincent Drive, Birmingham B15 2SQ, UK",1,40225,2.486016159105034e-05,2774
Other communities,"Dhanalakshmi Srinivasan College of Engineering,Department of Artificial Intelligence and Data Science,Coimbatore,Tamilnadu,641105",1,40225,2.486016159105034e-05,2775
Other communities,"Dialysis Room, People’s Hospital of Linquan County, Linquan, China.",1,40225,2.486016159105034e-05,2776
Other communities,Dian Diagnostics (China),1,40225,2.486016159105034e-05,2777
Other communities,"Division of Cardiology, Department of Internal Medicine, Incheon Sejong Hospital, Cardiovascular Center, Incheon, Republic of Korea",1,40225,2.486016159105034e-05,2778
Other communities,"Division of Endocrinology, Sanatorio Güemes, Buenos Aires, Argentina",1,40225,2.486016159105034e-05,2779
Other communities,"Division of Genetics, Department of Pediatrics West Virginia School of Medicine, Morgantown, USA",1,40225,2.486016159105034e-05,2780
Other communities,"Division of Planned Immunization, Yiwu Center for Disease Prevention and Control, Yiwu, Zhejiang Province, China",1,40225,2.486016159105034e-05,2781
Other communities,"Division of Pulmonary Sciences and Critical Care Medicine, Department of Medicine.",1,40225,2.486016159105034e-05,2782
Other communities,"Division of Pulmonary Sciences and Critical Care Medicine, Department of Medicine;Veterans Affairs Eastern Colorado Healthcare System, Aurora, Colorado.",1,40225,2.486016159105034e-05,2783
Other communities,"Dobó István Castle Museum, Eger, Hungary",1,40225,2.486016159105034e-05,2784
Other communities,Dong-A University Hospital,1,40225,2.486016159105034e-05,2785
Other communities,Dongguk University,1,40225,2.486016159105034e-05,2786
Other communities,Dordt University,1,40225,2.486016159105034e-05,2787
Other communities,"Dpt. of Genomic Medicine, D.O. Ott Research Institute of Obstetrics, Gynaecology, and Reproductology, 199034 St. Petersburg, Russia.",1,40225,2.486016159105034e-05,2788
Other communities,Dr Shroff Charity Eye Hospital,1,40225,2.486016159105034e-05,2789
Other communities,"Dr. Shahrooei Laboratory, Tehran, Iran.",1,40225,2.486016159105034e-05,2790
Other communities,Duke-NUS Medical School,1,40225,2.486016159105034e-05,2791
Other communities,Duquesne University of the Holy Spirit,1,40225,2.486016159105034e-05,2792
Other communities,Durham University,1,40225,2.486016159105034e-05,2793
Other communities,EAFIT University,1,40225,2.486016159105034e-05,2794
Other communities,EIDP Inc,1,40225,2.486016159105034e-05,2795
Other communities,"EXPERIMENTAL AND CLINICAL RESEARCH, Berlin",1,40225,2.486016159105034e-05,2796
Other communities,Earlham Institute,1,40225,2.486016159105034e-05,2797
Other communities,East China University of Science and Technology,1,40225,2.486016159105034e-05,2798
Other communities,East Kent Hospitals University NHS Foundation Trust,1,40225,2.486016159105034e-05,2799
Other communities,East Tennessee State University,1,40225,2.486016159105034e-05,2800
Other communities,Edge Hill University,1,40225,2.486016159105034e-05,2801
Other communities,Edinburgh Napier University,1,40225,2.486016159105034e-05,2802
Other communities,Ege University,1,40225,2.486016159105034e-05,2803
Other communities,Einstein Medical Center Philadelphia,1,40225,2.486016159105034e-05,2804
Other communities,Eira Hospital,1,40225,2.486016159105034e-05,2805
Other communities,"El Paso, USA",1,40225,2.486016159105034e-05,2806
Other communities,"ElectronRX Limited, 28 Chesterton Road, Cambridge CB4 3AZ, United Kingdom",1,40225,2.486016159105034e-05,2807
Other communities,Elisabeth-TweeSteden Ziekenhuis,1,40225,2.486016159105034e-05,2808
Other communities,Elisha Hospital,1,40225,2.486016159105034e-05,2809
Other communities,Emek Medical Center,1,40225,2.486016159105034e-05,2810
Other communities,Emmes (United States),1,40225,2.486016159105034e-05,2811
Other communities,Endeavor Health Research Institute,1,40225,2.486016159105034e-05,2812
Other communities,Eni SpA,1,40225,2.486016159105034e-05,2813
Other communities,"EpiVision, Penn, UK",1,40225,2.486016159105034e-05,2814
Other communities,Equal contribution (co-first authors).,1,40225,2.486016159105034e-05,2815
Other communities,Erbil Polytechnic University,1,40225,2.486016159105034e-05,2816
Other communities,Essen University Hospital,1,40225,2.486016159105034e-05,2817
Other communities,"Eternygen GmbH, Westhafenstrasse 1, 13353 Berlin, Germany",1,40225,2.486016159105034e-05,2818
Other communities,Eugene Applebaum College of Pharmacy and Health Sciences,1,40225,2.486016159105034e-05,2819
Other communities,Eulji University,1,40225,2.486016159105034e-05,2820
Other communities,"Eunomia Research & Consulting, Bristol, UK",1,40225,2.486016159105034e-05,2821
Other communities,European Medicines Agency,1,40225,2.486016159105034e-05,2822
Other communities,European University of Madrid,1,40225,2.486016159105034e-05,2823
Other communities,Evangelismos Hospital,1,40225,2.486016159105034e-05,2824
Other communities,Evelyn F & William L Mcknight Brain Institute of The University of Florida,1,40225,2.486016159105034e-05,2825
Other communities,F Hoffmann La Roche AG,1,40225,2.486016159105034e-05,2826
Other communities,FH Aachen,1,40225,2.486016159105034e-05,2827
Other communities,"FH Europe Foundation, Amsterdam, the Netherlands",1,40225,2.486016159105034e-05,2828
Other communities,"FIRMO Foundation, Florence, Italy",1,40225,2.486016159105034e-05,2829
Other communities,FORTH Institute of Computer Science,1,40225,2.486016159105034e-05,2830
Other communities,"Fabric Genomics, Inc., Oakland, CA 94612, USA.",1,40225,2.486016159105034e-05,2831
Other communities,Faculty of Economics,1,40225,2.486016159105034e-05,2832
Other communities,"Faculty of Engineering and Computing, Liwa College, Abu Dhabi, United Arab Emirates",1,40225,2.486016159105034e-05,2833
Other communities,"Faculty of Medicine, University Hasan Prishtina, Prishtina, Kosovo",1,40225,2.486016159105034e-05,2834
Other communities,"FamilyTreeDNA, Gene by Gene, Houston, TX 77008, USA",1,40225,2.486016159105034e-05,2835
Other communities,"Fangchenggang Hospital of Traditional Chinese Medicine, Fangchenggang, Guangxi, China.",1,40225,2.486016159105034e-05,2836
Other communities,Far Eastern Memorial Hospital,1,40225,2.486016159105034e-05,2837
Other communities,"Farjo Hair Institute, London, United Kingdom.",1,40225,2.486016159105034e-05,2838
Other communities,Federal Institute for Occupational Safety and Health,1,40225,2.486016159105034e-05,2839
Other communities,Federal Scientific and Clinical Center of Reanimatology and Rehabilitation,1,40225,2.486016159105034e-05,2840
Other communities,Federal University of Paraíba,1,40225,2.486016159105034e-05,2841
Other communities,Federico II University Hospital,1,40225,2.486016159105034e-05,2842
Other communities,Felix Platter-Hospital,1,40225,2.486016159105034e-05,2843
Other communities,Fifth Affiliated Hospital of Guangzhou Medical University,1,40225,2.486016159105034e-05,2844
Other communities,Fifth Medical Center of PLA General Hospital,1,40225,2.486016159105034e-05,2845
Other communities,Finnish Cancer Registry,1,40225,2.486016159105034e-05,2846
Other communities,Finnish Red Cross,1,40225,2.486016159105034e-05,2847
Other communities,First Affiliated Hospital of Henan University of Science and Technology,1,40225,2.486016159105034e-05,2848
Other communities,First Affiliated Hospital of Hunan University of Traditional Chinese Medicine,1,40225,2.486016159105034e-05,2849
Other communities,First Affiliated Hospital of University of South China,1,40225,2.486016159105034e-05,2850
Other communities,First Affiliated Hospital of Zhejiang Chinese Medicine University,1,40225,2.486016159105034e-05,2851
Other communities,First Hospital of Xi'an,1,40225,2.486016159105034e-05,2852
Other communities,First People's Hospital of Foshan,1,40225,2.486016159105034e-05,2853
Other communities,First People's Hospital of Jingzhou,1,40225,2.486016159105034e-05,2854
Other communities,First People's Hospital of Yuhang District,1,40225,2.486016159105034e-05,2855
Other communities,First People’s Hospital of Chengdu,1,40225,2.486016159105034e-05,2856
Other communities,First Teaching Hospital of Tianjin University of Traditional Chinese Medicine,1,40225,2.486016159105034e-05,2857
Other communities,"Flanders Heritage Agency, 1000, Brussels, Belgium",1,40225,2.486016159105034e-05,2858
Other communities,"Fleurbaix Laventie Association, Laventie, France",1,40225,2.486016159105034e-05,2859
Other communities,Flinders Medical Centre,1,40225,2.486016159105034e-05,2860
Other communities,Florida Atlantic University,1,40225,2.486016159105034e-05,2861
Other communities,"Fold AI, UNSW RNA Institute, Sydney, NSW, Australia",1,40225,2.486016159105034e-05,2862
Other communities,Fondazione Istituto Neurologico Nazionale Casimiro Mondino,1,40225,2.486016159105034e-05,2863
Other communities,Foothills Medical Centre,1,40225,2.486016159105034e-05,2864
Other communities,"Former President of Swiss Ankylosing Spondylitis Patient Society, Flims, Switzerland.",1,40225,2.486016159105034e-05,2865
Other communities,Fort Belvoir Community Hospital,1,40225,2.486016159105034e-05,2866
Other communities,Foshan Hospital of TCM,1,40225,2.486016159105034e-05,2867
Other communities,Fourth Hospital of Changsha,1,40225,2.486016159105034e-05,2868
Other communities,Fourth Medical Center General Hospital of Chinese PLA,1,40225,2.486016159105034e-05,2869
Other communities,Fourth People's Hospital of Taiyuan,1,40225,2.486016159105034e-05,2870
Other communities,Franklin Pierce University,1,40225,2.486016159105034e-05,2871
Other communities,Frederick National Laboratory for Cancer Research,1,40225,2.486016159105034e-05,2872
Other communities,Frederiksberg Hospital,1,40225,2.486016159105034e-05,2873
Other communities,"French Agency for Food, Environmental and Occupational Health & Safety",1,40225,2.486016159105034e-05,2874
Other communities,"Fudan Zhangjiang Institute, Shanghai, China",1,40225,2.486016159105034e-05,2875
Other communities,Fujian Agriculture and Forestry University,1,40225,2.486016159105034e-05,2876
Other communities,Fujian Normal University,1,40225,2.486016159105034e-05,2877
Other communities,"Fujian Provincial Special Reserve Talents Laboratory, Fuzhou, Fujian, China",1,40225,2.486016159105034e-05,2878
Other communities,"Fujian Vocational College of Bioengineering, Fuzhou, Fujian Province, 350007, People’s Republic of China",1,40225,2.486016159105034e-05,2879
Other communities,Fujita Health University,1,40225,2.486016159105034e-05,2880
Other communities,Fukuoka Children's Hospital and Medical Center for Infectious Diseases,1,40225,2.486016159105034e-05,2881
Other communities,Fukushima Medical University,1,40225,2.486016159105034e-05,2882
Other communities,Fuling District Hospital of Traditional Chinese Medicine,1,40225,2.486016159105034e-05,2883
Other communities,Fund for Scientific Research,1,40225,2.486016159105034e-05,2884
Other communities,"Fundación Investigaciones Biomédicas, Madrid, Spain",1,40225,2.486016159105034e-05,2885
Other communities,Fundación Neumológica Colombiana,1,40225,2.486016159105034e-05,2886
Other communities,Fundación Pública Galega de Medicina Xenómica,1,40225,2.486016159105034e-05,2887
Other communities,Fundação Getulio Vargas,1,40225,2.486016159105034e-05,2888
Other communities,"Fuqing Center for Disease Control and Prevention, Fuzhou, Fujian 350399, China",1,40225,2.486016159105034e-05,2889
Other communities,"Furong Laboratory, Changsha, Hunan, China",1,40225,2.486016159105034e-05,2890
Other communities,Fuyang Normal University,1,40225,2.486016159105034e-05,2891
Other communities,Fuzhou University,1,40225,2.486016159105034e-05,2892
Other communities,"GUNE, Integrative Genomics, Bilbao, Spain",1,40225,2.486016159105034e-05,2893
Other communities,"Galdakao Hospital, Gastroenterology, Bilbao, Spain",1,40225,2.486016159105034e-05,2894
Other communities,Galicia Sur Biomedical Foundation,1,40225,2.486016159105034e-05,2895
Other communities,Gallipoli Medical Research Foundation,1,40225,2.486016159105034e-05,2896
Other communities,Galway Clinic,1,40225,2.486016159105034e-05,2897
Other communities,"Gansu Province Institute of Hepatopancreatobiliary, Lanzhou 730000, Gansu Province, China.",1,40225,2.486016159105034e-05,2898
Other communities,"Gansu Province Key Laboratory Biotherapy and Regenerative Medicine, Lanzhou, China",1,40225,2.486016159105034e-05,2899
Other communities,Gansu Provincial Center for Disease Control and Prevention,1,40225,2.486016159105034e-05,2900
Other communities,Gansu Provincial Hospital,1,40225,2.486016159105034e-05,2901
Other communities,Gansu University of Traditional Chinese Medicine,1,40225,2.486016159105034e-05,2902
Other communities,"Ganzhou Hospital of Guangdong Provincial People’s Hospital, Ganzhou Municipal Hospital, 341000, Ganzhou, China",1,40225,2.486016159105034e-05,2903
Other communities,Gaptech (China),1,40225,2.486016159105034e-05,2904
Other communities,"Garaulet Nutrition Centers, Murcia, Spain",1,40225,2.486016159105034e-05,2905
Other communities,"Gastroenterologische Gemeinschaftspraxis, Koblenz, Germany",1,40225,2.486016159105034e-05,2906
Other communities,Gates Foundation,1,40225,2.486016159105034e-05,2907
Other communities,Gemeinschaftsklinikum Mittelrhein,1,40225,2.486016159105034e-05,2908
Other communities,"Gencove, New York, USA",1,40225,2.486016159105034e-05,2909
Other communities,"GeneScape, Leiden, Netherlands",1,40225,2.486016159105034e-05,2910
Other communities,"General Directorate for Quality and Health Education, Mexico City, Mexico",1,40225,2.486016159105034e-05,2911
Other communities,"General Hospital Lüneburg, Lüneburg, Germany",1,40225,2.486016159105034e-05,2912
Other communities,General Hospital of Guangzhou Military Command,1,40225,2.486016159105034e-05,2913
Other communities,General University Hospital in Prague,1,40225,2.486016159105034e-05,2914
Other communities,"Geneva, Switzerland, Hull, United Kingdom",1,40225,2.486016159105034e-05,2915
Other communities,Genmab Inc,1,40225,2.486016159105034e-05,2916
Other communities,GenomALC Consortium investigators are listed in Appendix.,1,40225,2.486016159105034e-05,2917
Other communities,Genome Institute of Singapore,1,40225,2.486016159105034e-05,2918
Other communities,"Genome National Group, Durham, NC, 27707",1,40225,2.486016159105034e-05,2919
Other communities,"Genomenon Inc., Ann Arbor, MI 48108, USA",1,40225,2.486016159105034e-05,2920
Other communities,"GenomicMD, Chicago, Illinois, USA",1,40225,2.486016159105034e-05,2921
Other communities,"Genomics Research Center, AbbVie Bay Area, 1000 Gateway Boulevard, South San Francisco, CA 94080, USA",1,40225,2.486016159105034e-05,2922
Other communities,Genotek (Russia),1,40225,2.486016159105034e-05,2923
Other communities,George Institute for Global Health,1,40225,2.486016159105034e-05,2924
Other communities,Georgetown University Medical Center,1,40225,2.486016159105034e-05,2925
Other communities,German Aerospace Center,1,40225,2.486016159105034e-05,2926
Other communities,German Center for Infection Research,1,40225,2.486016159105034e-05,2927
Other communities,German Heart Centre,1,40225,2.486016159105034e-05,2928
Other communities,German Rheumatism Research Centre,1,40225,2.486016159105034e-05,2929
Other communities,German University in Cairo,1,40225,2.486016159105034e-05,2930
Other communities,"Gero LLC, Novokuznetskaya street 24/2, 119017, Moscow, Russia",1,40225,2.486016159105034e-05,2931
Other communities,"Gero PTE. LTD., Singapore 409051, Singapore.",1,40225,2.486016159105034e-05,2932
Other communities,Gifu Kyoritsu University,1,40225,2.486016159105034e-05,2933
Other communities,"Gilead Sciences Ltd., London",1,40225,2.486016159105034e-05,2934
Other communities,Gladstone Institutes,1,40225,2.486016159105034e-05,2935
Other communities,Glan Clwyd Hospital,1,40225,2.486016159105034e-05,2936
Other communities,"Global Health Research Centre, Guangdong Provincial People’s Hospital, Guangdong Academy of Sciences, Southern Medical University, Guangzhou, China",1,40225,2.486016159105034e-05,2937
Other communities,Glostrup Hospital,1,40225,2.486016159105034e-05,2938
Other communities,Gloucestershire Health and Care NHS Foundation Trust,1,40225,2.486016159105034e-05,2939
Other communities,"GoPath Lab, LLC, Buffalo Grove, Illinois, USA",1,40225,2.486016159105034e-05,2940
Other communities,Goryeb Children's Hospital,1,40225,2.486016159105034e-05,2941
Other communities,"Grade 2022, Class 18, International Department, Qingdao No.9 High School, Qingdao, China",1,40225,2.486016159105034e-05,2942
Other communities,Grand Valley State University,1,40225,2.486016159105034e-05,2943
Other communities,Great Ormond Street Hospital Biomedical Research Centre,1,40225,2.486016159105034e-05,2944
Other communities,Greater Manchester Mental Health NHS Foundation Trust,1,40225,2.486016159105034e-05,2945
Other communities,Greenlane Clinical Centre,1,40225,2.486016159105034e-05,2946
Other communities,Grenoble Alpes University,1,40225,2.486016159105034e-05,2947
Other communities,Guangdong University of Technology,1,40225,2.486016159105034e-05,2948
Other communities,Guangxi Minzu University,1,40225,2.486016159105034e-05,2949
Other communities,Guangyuan Central Hospital,1,40225,2.486016159105034e-05,2950
Other communities,Guangzhou Institutes of Biomedicine and Health,1,40225,2.486016159105034e-05,2951
Other communities,Guangzhou National Laboratory,1,40225,2.486016159105034e-05,2952
Other communities,"Guangzhou Vision Tech Medical Technology Co., Ltd",1,40225,2.486016159105034e-05,2953
Other communities,"Guangzhou Yu Shang Medical Technology Co. Ltd., Guangzhou, China",1,40225,2.486016159105034e-05,2954
Other communities,"Guang’anmen Hospital Jinan Hospital (Jinan Municipal Hospital of Traditional Chinese Medicine), Jinan, China.",1,40225,2.486016159105034e-05,2955
Other communities,Gwangju Institute of Science and Technology,1,40225,2.486016159105034e-05,2956
Other communities,Gyeongsang National University,1,40225,2.486016159105034e-05,2957
Other communities,"HPE HPC/AI EMEA Research Laboratory, Bristol, UK",1,40225,2.486016159105034e-05,2958
Other communities,Hacettepe University,1,40225,2.486016159105034e-05,2959
Other communities,Haiyan Peoples Hospital,1,40225,2.486016159105034e-05,2960
Other communities,"Hamilton, ON, Canada, Frankfurt, Germany",1,40225,2.486016159105034e-05,2961
Other communities,Hangzhou Children's Hospital,1,40225,2.486016159105034e-05,2962
Other communities,Hangzhou Hospital of Traditional Chinese Medicine,1,40225,2.486016159105034e-05,2963
Other communities,"Hangzhou Hospital of Traditional Chinese Medicine, Zhejiang Chinese Medical University, Hangzhou, Zhejiang, China",1,40225,2.486016159105034e-05,2964
Other communities,Hangzhou International Urbanology Research Center,1,40225,2.486016159105034e-05,2965
Other communities,"Hangzhou Meilian Medical Co., Ltd., Hangzhou, 311200, China",1,40225,2.486016159105034e-05,2966
Other communities,Hangzhou Red Cross Hospital,1,40225,2.486016159105034e-05,2967
Other communities,Hangzhou Seventh Peoples Hospital,1,40225,2.486016159105034e-05,2968
Other communities,Hangzhou Xixi hospital,1,40225,2.486016159105034e-05,2969
Other communities,Hankuk University of Foreign Studies,1,40225,2.486016159105034e-05,2970
Other communities,Hanyang University Seoul Hospital,1,40225,2.486016159105034e-05,2971
Other communities,Haraldsplass Diakonale Sykehus,1,40225,2.486016159105034e-05,2972
Other communities,"Harbin Huaqiang Power Automation Engineering Company Limited, Harbin, China",1,40225,2.486016159105034e-05,2973
Other communities,Harbin Institute of Technology Shenzhen,1,40225,2.486016159105034e-05,2974
Other communities,Hartford Hospital,1,40225,2.486016159105034e-05,2975
Other communities,Hartwig Medical Foundation,1,40225,2.486016159105034e-05,2976
Other communities,Hashemite University,1,40225,2.486016159105034e-05,2977
Other communities,"Health Analytics, Lane Clark & Peacock LLP, London, UK",1,40225,2.486016159105034e-05,2978
Other communities,Health Canada,1,40225,2.486016159105034e-05,2979
Other communities,"Health Care Institution of West Iceland, Stykkisholmur, Iceland",1,40225,2.486016159105034e-05,2980
Other communities,"Health Commission of Inner Mongolia Autonomous Region, Inner Mongolia Autonomous Region, Hohhot, China",1,40225,2.486016159105034e-05,2981
Other communities,Health Data Research UK,1,40225,2.486016159105034e-05,2982
Other communities,Health Education England,1,40225,2.486016159105034e-05,2983
Other communities,Hebei North University,1,40225,2.486016159105034e-05,2984
Other communities,"Hebei Province Key Laboratory of Integrated Traditional and Western Medicine in Neurological Rehabilitation, Hebei Province Cangzhou Hospital of Integrated Traditional and Western Medicine, Cangzhou, Hebei, P R China",1,40225,2.486016159105034e-05,2985
Other communities,Hebrew SeniorLife,1,40225,2.486016159105034e-05,2986
Other communities,Hefei University of Technology,1,40225,2.486016159105034e-05,2987
Other communities,Heilongjiang Academy of Sciences,1,40225,2.486016159105034e-05,2988
Other communities,Heilongjiang University,1,40225,2.486016159105034e-05,2989
Other communities,"Heilsuklasinn Clinic, Reykjavik, Iceland",1,40225,2.486016159105034e-05,2990
Other communities,Helmholtz Centre for Infection Research,1,40225,2.486016159105034e-05,2991
Other communities,Helwan University,1,40225,2.486016159105034e-05,2992
Other communities,"Henan Academy of Innovations in Medical Science, No. 2 Biotechnology Street, Hangkonggang District, Zhengzhou 450000, China",1,40225,2.486016159105034e-05,2993
Other communities,Henan Academy of Sciences,1,40225,2.486016159105034e-05,2994
Other communities,Henan Polytechnic University,1,40225,2.486016159105034e-05,2995
Other communities,"Henan Province Research Center for Kidney Disease, Zhengzhou, 450052, Henan Province, China",1,40225,2.486016159105034e-05,2996
Other communities,"Hepatology Unit, Xiamen Hospital of Traditional Chinese Medicine, Xiamen, China",1,40225,2.486016159105034e-05,2997
Other communities,Herlev Hospital,1,40225,2.486016159105034e-05,2998
Other communities,"Herman Ottó Museum, Miskolc, Hungary",1,40225,2.486016159105034e-05,2999
Other communities,Heze University,1,40225,2.486016159105034e-05,3000
Other communities,Hirosaki University,1,40225,2.486016159105034e-05,3001
Other communities,"Histoire Naturelle de l’Homme Préhistorique, Musée de l’Homme, Paris, France",1,40225,2.486016159105034e-05,3002
Other communities,"Histories vzw, 1000, Brussels, Belgium",1,40225,2.486016159105034e-05,3003
Other communities,Ho Technical University,1,40225,2.486016159105034e-05,3004
Other communities,Hochschule Fresenius,1,40225,2.486016159105034e-05,3005
Other communities,"Hongdu traditional Chinese Medicine Hospital, Nanchang, Jiangxi, China",1,40225,2.486016159105034e-05,3006
Other communities,Hospital Clínico Universitario Lozano Blesa,1,40225,2.486016159105034e-05,3007
Other communities,Hospital Clínico Universitario de Valencia,1,40225,2.486016159105034e-05,3008
Other communities,Hospital General Universitario de Elche,1,40225,2.486016159105034e-05,3009
Other communities,Hospital Infantil Universitario Niño Jesús,1,40225,2.486016159105034e-05,3010
Other communities,Hospital São Paulo,1,40225,2.486016159105034e-05,3011
Other communities,Hospital Universitari de Girona Doctor Josep Trueta,1,40225,2.486016159105034e-05,3012
Other communities,Hospital Universitari de Vic,1,40225,2.486016159105034e-05,3013
Other communities,Hospital Universitario HM Sanchinarro,1,40225,2.486016159105034e-05,3014
Other communities,Hospital Universitario La Paz,1,40225,2.486016159105034e-05,3015
Other communities,Hospital Universitario Miguel Servet,1,40225,2.486016159105034e-05,3016
Other communities,Hospital Universitario Rey Juan Carlos,1,40225,2.486016159105034e-05,3017
Other communities,Hospital Universitario Río Hortega,1,40225,2.486016159105034e-05,3018
Other communities,Hospital Universitario Virgen del Rocío,1,40225,2.486016159105034e-05,3019
Other communities,Hospital Universitario de Toledo,1,40225,2.486016159105034e-05,3020
Other communities,"Hospital of Stomatology, Sun Yat-sen University",1,40225,2.486016159105034e-05,3021
Other communities,Hospital of the University of Pennsylvania,1,40225,2.486016159105034e-05,3022
Other communities,Houston Methodist Neurological Institute,1,40225,2.486016159105034e-05,3023
Other communities,Howard Hughes Medical Institute,1,40225,2.486016159105034e-05,3024
Other communities,Huanggang Central Hospital,1,40225,2.486016159105034e-05,3025
Other communities,Hubei Provincial Center for Disease Control and Prevention,1,40225,2.486016159105034e-05,3026
Other communities,Hubei University of Science and Technology,1,40225,2.486016159105034e-05,3027
Other communities,Hugh Sinclair Unit of Human Nutrition,1,40225,2.486016159105034e-05,3028
Other communities,Hull York Medical School,1,40225,2.486016159105034e-05,3029
Other communities,Hull and East Yorkshire Hospitals NHS Trust,1,40225,2.486016159105034e-05,3030
Other communities,"Human Genetics and Genomics, GSK, Cambridge, MA, USA",1,40225,2.486016159105034e-05,3031
Other communities,Human Nutrition Unit,1,40225,2.486016159105034e-05,3032
Other communities,Hunan Institute of Mental Health,1,40225,2.486016159105034e-05,3033
Other communities,"Hunan Key Laboratory of Cardiometabolic Medicine, Changsha, Hunan, China",1,40225,2.486016159105034e-05,3034
Other communities,Hungkuang University,1,40225,2.486016159105034e-05,3035
Other communities,Hunter College,1,40225,2.486016159105034e-05,3036
Other communities,Huntsman Cancer Institute,1,40225,2.486016159105034e-05,3037
Other communities,Hutchison/MRC Research Centre,1,40225,2.486016159105034e-05,3038
Other communities,"Huzhou Maternal and Child Health Care Hospital, Huzhou, Zhejiang, China",1,40225,2.486016159105034e-05,3039
Other communities,Huzhou Women and Children's Hospital,1,40225,2.486016159105034e-05,3040
Other communities,"Hypertension Research Laboratory, School of Biological Sciences, Faculty of Science, Monash, Clayton, Australia",1,40225,2.486016159105034e-05,3041
Other communities,Hôpital Ambroise-Paré,1,40225,2.486016159105034e-05,3042
Other communities,Hôpital Antoine-Béclère,1,40225,2.486016159105034e-05,3043
Other communities,Hôpital Cardiologique du Haut-Lévêque,1,40225,2.486016159105034e-05,3044
Other communities,Hôpital Foch,1,40225,2.486016159105034e-05,3045
Other communities,Hôpital Lariboisière,1,40225,2.486016159105034e-05,3046
Other communities,Hôpital Robert-Debré,1,40225,2.486016159105034e-05,3047
Other communities,Hôpital Saint-Louis,1,40225,2.486016159105034e-05,3048
Other communities,Hôpital de la Conception,1,40225,2.486016159105034e-05,3049
Other communities,Hôpital de la Timone,1,40225,2.486016159105034e-05,3050
Other communities,Hôpital Édouard-Herriot,1,40225,2.486016159105034e-05,3051
Other communities,Hôpitaux Universitaires Henri-Mondor,1,40225,2.486016159105034e-05,3052
Other communities,Hôpitaux Universitaires de Strasbourg,1,40225,2.486016159105034e-05,3053
Other communities,IBM Argentina SA,1,40225,2.486016159105034e-05,3054
Other communities,"IMATI-CNR, Milan, Italy",1,40225,2.486016159105034e-05,3055
Other communities,"IMU Biosciences, London, UK",1,40225,2.486016159105034e-05,3056
Other communities,INSERM Délégation Régionale Occitanie Méditerranée,1,40225,2.486016159105034e-05,3057
Other communities,"INSERM UMR1231, GAD team, Univeristé de Bourgogne Europe, Dijon, France",1,40225,2.486016159105034e-05,3058
Other communities,IPB University,1,40225,2.486016159105034e-05,3059
Other communities,IPO Porto,1,40225,2.486016159105034e-05,3060
Other communities,"ITM Gwalior,Department of Computer Science and Engineering,Gwalior,Madhya Pradesh,India",1,40225,2.486016159105034e-05,3061
Other communities,ITMO University,1,40225,2.486016159105034e-05,3062
Other communities,IVO Addiction Research Institute,1,40225,2.486016159105034e-05,3063
Other communities,Ibb University,1,40225,2.486016159105034e-05,3064
Other communities,Icelandic Heart Association,1,40225,2.486016159105034e-05,3065
Other communities,Ikerbasque,1,40225,2.486016159105034e-05,3066
Other communities,Imperial College London Diabetes Centre,1,40225,2.486016159105034e-05,3067
Other communities,InSilico Medicine Inc,1,40225,2.486016159105034e-05,3068
Other communities,Incheon St. Mary's Hospital,1,40225,2.486016159105034e-05,3069
Other communities,Independent Researcher,1,40225,2.486016159105034e-05,3070
Other communities,Independent Scientist,1,40225,2.486016159105034e-05,3071
Other communities,Indian Institute of Science Education and Research Bhopal,1,40225,2.486016159105034e-05,3072
Other communities,Indian Institute of Technology Delhi,1,40225,2.486016159105034e-05,3073
Other communities,"Infectious Disease Epidemiology Group, Weill Cornell Medicine, PO Box 24144, Doha, Qatar",1,40225,2.486016159105034e-05,3074
Other communities,Inje University Ilsan Paik Hospital,1,40225,2.486016159105034e-05,3075
Other communities,Injibara University,1,40225,2.486016159105034e-05,3076
Other communities,Inria Saclay - Île-de-France Research Centre,1,40225,2.486016159105034e-05,3077
Other communities,Insilicom LLC,1,40225,2.486016159105034e-05,3078
Other communities,"Inspira Health Vineland, Glassboro, New Jersey, United States",1,40225,2.486016159105034e-05,3079
Other communities,Institut Jules Bordet,1,40225,2.486016159105034e-05,3080
Other communities,Institut Necker Enfants Malades,1,40225,2.486016159105034e-05,3081
Other communities,Institut Universitaire de France,1,40225,2.486016159105034e-05,3082
Other communities,Institut de Recherches Internationales Servier,1,40225,2.486016159105034e-05,3083
Other communities,Institut des Sciences de l'Evolution de Montpellier,1,40225,2.486016159105034e-05,3084
Other communities,Institut du Cerveau,1,40225,2.486016159105034e-05,3085
Other communities,Institute for Advanced Biosciences,1,40225,2.486016159105034e-05,3086
Other communities,Institute for Advanced Study in Toulouse,1,40225,2.486016159105034e-05,3087
Other communities,Institute for Biomedical Research and Innovation,1,40225,2.486016159105034e-05,3088
Other communities,"Institute for Biomedical Research, Hospital Clinic of Valencia (INCLIVA), Valencia, Spain",1,40225,2.486016159105034e-05,3089
Other communities,Institute for Information Transmission Problems,1,40225,2.486016159105034e-05,3090
Other communities,"Institute for Physical Activity and Nutrition (IPAN), School of Exercise and Nutrition Sciences, Deakin, Geelong, VIC, Australia",1,40225,2.486016159105034e-05,3091
Other communities,Institute for Research in Fundamental Sciences,1,40225,2.486016159105034e-05,3092
Other communities,"Institute for Research in Ophthalmology (A.G.), Foundation for Ophthalmology Development, Poznan, Poland.",1,40225,2.486016159105034e-05,3093
Other communities,"Institute for Research in Ophthalmology, Foundation for Ophthalmology Development, Poznan, Poland",1,40225,2.486016159105034e-05,3094
Other communities,"Institute of Bioorganic Chemistry, Polish Academy of Sciences",1,40225,2.486016159105034e-05,3095
Other communities,Institute of Chemical Biology and Fundamental Medicine,1,40225,2.486016159105034e-05,3096
Other communities,Institute of Computing Technology,1,40225,2.486016159105034e-05,3097
Other communities,Institute of Experimental Medicine,1,40225,2.486016159105034e-05,3098
Other communities,Institute of Genetic and Biomedical Research,1,40225,2.486016159105034e-05,3099
Other communities,"Institute of Hematology & Blood Diseases Hospital, CAMS&PUMC",1,40225,2.486016159105034e-05,3100
Other communities,"Institute of Hereditary Pathology, Clinical Genetics, Lviv, Ukraine",1,40225,2.486016159105034e-05,3101
Other communities,Institute of History and Archaeology,1,40225,2.486016159105034e-05,3102
Other communities,Institute of Mental Health,1,40225,2.486016159105034e-05,3103
Other communities,"Institute of Minimal Access, Bariatric, GI and Robotic Surgery, Manipal Hospitals, Dwarka, New Delhi, India",1,40225,2.486016159105034e-05,3104
Other communities,Institute of Molecular Biology and Pathology,1,40225,2.486016159105034e-05,3105
Other communities,"Institute of Molecular Function, Misato-shi, Japan",1,40225,2.486016159105034e-05,3106
Other communities,Institute of Occupational Medicine,1,40225,2.486016159105034e-05,3107
Other communities,Institute of PSI Genomics,1,40225,2.486016159105034e-05,3108
Other communities,"Institute of Parasitology and Biomedicine ""López-Neyra""",1,40225,2.486016159105034e-05,3109
Other communities,Institute of Physiology,1,40225,2.486016159105034e-05,3110
Other communities,Institute of Post Graduate Medical Education and Research,1,40225,2.486016159105034e-05,3111
Other communities,"Institute of Social Development, Chinese Academy of Macroeconomic Research, Beijing, China.",1,40225,2.486016159105034e-05,3112
Other communities,Institute of Software,1,40225,2.486016159105034e-05,3113
Other communities,"Institute of Translational Genomics, Helmholtz Munich, Neuherberg, Germany",1,40225,2.486016159105034e-05,3114
Other communities,"Institute of Translational Medicine, Shenzhen Guangming District People’s Hospital, 518106, Shenzhen, China",1,40225,2.486016159105034e-05,3115
Other communities,Institute of Zoology,1,40225,2.486016159105034e-05,3116
Other communities,Instituto Aragonés de Ciencias de la Salud,1,40225,2.486016159105034e-05,3117
Other communities,Instituto Butantan,1,40225,2.486016159105034e-05,3118
Other communities,Instituto Multidisciplinario de Biología Celular,1,40225,2.486016159105034e-05,3119
Other communities,Instituto Politécnico de Tomar,1,40225,2.486016159105034e-05,3120
Other communities,Instytut Biologii Doświadczalnej im. Marcelego Nenckiego,1,40225,2.486016159105034e-05,3121
Other communities,Instytut Matki i Dziecka,1,40225,2.486016159105034e-05,3122
Other communities,"Integrated Chinese and Western Treatment of Oncology Department, Central Hospital of Guangdong Provincial Nongken, Zhanjiang, Guangdong, China",1,40225,2.486016159105034e-05,3123
Other communities,Integrated Genomics and Metabolic Diseases Modeling,1,40225,2.486016159105034e-05,3124
Other communities,"International Division, Zhixin High School, Guangzhou, Guangdong 510080, PR China",1,40225,2.486016159105034e-05,3125
Other communities,International Psychoanalytic University Berlin,1,40225,2.486016159105034e-05,3126
Other communities,International Society of Psychiatric Genetics (ISPG),1,40225,2.486016159105034e-05,3127
Other communities,"International University Semen Indonesia, Gresik, East Java, Indonesia",1,40225,2.486016159105034e-05,3128
Other communities,Interuniversity Institute of Bioinformatics In Brussels,1,40225,2.486016159105034e-05,3129
Other communities,"Intonation Research Laboratories, Secunderabad, India",1,40225,2.486016159105034e-05,3130
Other communities,"Iowa COVID-19 Tracker, Ames, IA, USA",1,40225,2.486016159105034e-05,3131
Other communities,"Islamic Azad University, Tehran",1,40225,2.486016159105034e-05,3132
Other communities,Islamic University of Gaza,1,40225,2.486016159105034e-05,3133
Other communities,Istanbul Esenyurt University,1,40225,2.486016159105034e-05,3134
Other communities,Istanbul Medipol University,1,40225,2.486016159105034e-05,3135
Other communities,Istituti di Ricovero e Cura a Carattere Scientifico,1,40225,2.486016159105034e-05,3136
Other communities,Istituto Nazionale Genetica Molecolare,1,40225,2.486016159105034e-05,3137
Other communities,Istituto Oncologico Veneto,1,40225,2.486016159105034e-05,3138
Other communities,Istituto Superiore di Sanità,1,40225,2.486016159105034e-05,3139
Other communities,Işık University,1,40225,2.486016159105034e-05,3140
Other communities,J Craig Venter Institute Inc,1,40225,2.486016159105034e-05,3141
Other communities,"JFIntelligent Healthcare Technology Co., Ltd Building No.5-7, No.699 Tianxiang Avenue, Hi-Tech Zone, Nanchang, Jiangxi Province, People’s Republic of China",1,40225,2.486016159105034e-05,3142
Other communities,"JJP Biologics, Warszawa, Poland",1,40225,2.486016159105034e-05,3143
Other communities,JPMorgan Chase Bank NA,1,40225,2.486016159105034e-05,3144
Other communities,Jadara University,1,40225,2.486016159105034e-05,3145
Other communities,Janssen Pharmaceuticals Inc,1,40225,2.486016159105034e-05,3146
Other communities,Janssen Research & Development,1,40225,2.486016159105034e-05,3147
Other communities,Jawaharlal Nehru University,1,40225,2.486016159105034e-05,3148
Other communities,Jeju National University,1,40225,2.486016159105034e-05,3149
Other communities,Jiamusi University,1,40225,2.486016159105034e-05,3150
Other communities,Jiangmen Central Hospital,1,40225,2.486016159105034e-05,3151
Other communities,Jiangsu College of Nursing,1,40225,2.486016159105034e-05,3152
Other communities,Jiangsu Hengrui Pharmaceutical Co Ltd,1,40225,2.486016159105034e-05,3153
Other communities,Jiangsu Minsheng Vocational Training School,1,40225,2.486016159105034e-05,3154
Other communities,Jiangsu Provincial Hospital of Chinese Medicine,1,40225,2.486016159105034e-05,3155
Other communities,Jiangsu Provincial Hospital of Traditional Chinese Medicine,1,40225,2.486016159105034e-05,3156
Other communities,Jiangxi Maternal and Child Health Hospital,1,40225,2.486016159105034e-05,3157
Other communities,Jiangxi Normal University,1,40225,2.486016159105034e-05,3158
Other communities,"Jiashan Institute of Cancer Prevention and Treatment, Jiashan, China",1,40225,2.486016159105034e-05,3159
Other communities,Jichi Medical University Saitama Medical Center,1,40225,2.486016159105034e-05,3160
Other communities,"Jieshou Hospital of Traditional Chinese Medicine, Fuyang, China",1,40225,2.486016159105034e-05,3161
Other communities,Jinan Central Hospital,1,40225,2.486016159105034e-05,3162
Other communities,"Jinhua Vocational and Technical University, 321000, Jinhua, Zhejiang Province, P. R. China",1,40225,2.486016159105034e-05,3163
Other communities,Jishou University,1,40225,2.486016159105034e-05,3164
Other communities,Johannes Kepler University of Linz,1,40225,2.486016159105034e-05,3165
Other communities,"John H. Stroger, Jr. Hospital of Cook County",1,40225,2.486016159105034e-05,3166
Other communities,Johns Hopkins Hospital,1,40225,2.486016159105034e-05,3167
Other communities,Josai International University,1,40225,2.486016159105034e-05,3168
Other communities,Josep Carreras Leukaemia Research Institute,1,40225,2.486016159105034e-05,3169
Other communities,Junior Bioinformatics Engineer in BGI Genomics,1,40225,2.486016159105034e-05,3170
Other communities,Kaiser Permanente Center for Health Research,1,40225,2.486016159105034e-05,3171
Other communities,Kansai Medical University,1,40225,2.486016159105034e-05,3172
Other communities,Kantonsspital St. Gallen,1,40225,2.486016159105034e-05,3173
Other communities,Kaplan Medical Center,1,40225,2.486016159105034e-05,3174
Other communities,"Karen L. Herbst, MD, PC",1,40225,2.486016159105034e-05,3175
Other communities,Karmanos Cancer Institute,1,40225,2.486016159105034e-05,3176
Other communities,Karolinska Institute Department of Clinical Sciences Danderyd Hospital: Karolinska Institutet Institutionen for kliniska vetenskaper Danderyds sjukhus,1,40225,2.486016159105034e-05,3177
Other communities,Karpagam Academy of Higher Education,1,40225,2.486016159105034e-05,3178
Other communities,Kawasaki Medical School,1,40225,2.486016159105034e-05,3179
Other communities,Kazan State Technical University named after A. N. Tupolev,1,40225,2.486016159105034e-05,3180
Other communities,Kennesaw State University,1,40225,2.486016159105034e-05,3181
Other communities,Kepler Universitätsklinikum,1,40225,2.486016159105034e-05,3182
Other communities,"Key Laboratory of Chinese National Health Commission for Male Reproductive Health / Science and Technology Research Institute of Chinese National Health Commission, Beijing 10081, China.",1,40225,2.486016159105034e-05,3183
Other communities,"Kinder- und Jugendkrankenhaus AUF DER BULT, Hannover, Germany",1,40225,2.486016159105034e-05,3184
Other communities,Kingmed Diagnostics,1,40225,2.486016159105034e-05,3185
Other communities,Kingston Health Sciences Centre,1,40225,2.486016159105034e-05,3186
Other communities,Klinikum Chemnitz,1,40225,2.486016159105034e-05,3187
Other communities,Klinikum Wels-Grieskirchen,1,40225,2.486016159105034e-05,3188
Other communities,Knowledge University,1,40225,2.486016159105034e-05,3189
Other communities,Koch Institute for Integrative Cancer Research,1,40225,2.486016159105034e-05,3190
Other communities,Kookmin University,1,40225,2.486016159105034e-05,3191
Other communities,Korea National Open University,1,40225,2.486016159105034e-05,3192
Other communities,Kosin University Gospel Hospital,1,40225,2.486016159105034e-05,3193
Other communities,Kumamoto University,1,40225,2.486016159105034e-05,3194
Other communities,Kunming Municipal Hospital of Traditional Chinese Medicine,1,40225,2.486016159105034e-05,3195
Other communities,Kurchatov Institute,1,40225,2.486016159105034e-05,3196
Other communities,Kurume University,1,40225,2.486016159105034e-05,3197
Other communities,Kuwait University,1,40225,2.486016159105034e-05,3198
Other communities,Kwong Wah Hospital,1,40225,2.486016159105034e-05,3199
Other communities,"Kyung Hee Medical Center, Seoul, Korea (Republic of)",1,40225,2.486016159105034e-05,3200
Other communities,Kyung Hee University Medical Center,1,40225,2.486016159105034e-05,3201
Other communities,Kyushu University Beppu Hospital,1,40225,2.486016159105034e-05,3202
Other communities,LG Electronics Inc,1,40225,2.486016159105034e-05,3203
Other communities,"LLC, San Jose, CA 95113, USA",1,40225,2.486016159105034e-05,3204
Other communities,LOEWE Centre for Translational Biodiversity Genomics,1,40225,2.486016159105034e-05,3205
Other communities,"LVR-State Service for Archaeological Heritage, Bonn, Germany",1,40225,2.486016159105034e-05,3206
Other communities,"La Jolla, CA, New York, NY",1,40225,2.486016159105034e-05,3207
Other communities,Labor Berlin Charite Vivantes GmbH,1,40225,2.486016159105034e-05,3208
Other communities,"Laboratory of Biochemistry and Molecular Biology -Faculty of Medicine and Pharmacy -, University V Mohamed, Rabat, Moroccoo",1,40225,2.486016159105034e-05,3209
Other communities,"Laboratory of Pharmacogenomics, Institute of Chemical Biology and Fundamental Medicine, Department of Fundamental Medicine, Novosibirsk State University, Novosibirsk, Russia",1,40225,2.486016159105034e-05,3210
Other communities,"Laeknasetrid Clinic, Reykjavik, Iceland",1,40225,2.486016159105034e-05,3211
Other communities,Laekning - Medical Clinics,1,40225,2.486016159105034e-05,3212
Other communities,Lahore General Hospital,1,40225,2.486016159105034e-05,3213
Other communities,Lake Forest Academy,1,40225,2.486016159105034e-05,3214
Other communities,"Lakeside, CA",1,40225,2.486016159105034e-05,3215
Other communities,Lancashire Care NHS Foundation Trust,1,40225,2.486016159105034e-05,3216
Other communities,Landesmuseum Württemberg,1,40225,2.486016159105034e-05,3217
Other communities,"Lane Clark & Peacock LLP, London, United Kingdom",1,40225,2.486016159105034e-05,3218
Other communities,Laureate Institute for Brain Research,1,40225,2.486016159105034e-05,3219
Other communities,Leibniz Institute for Prevention Research and Epidemiology - BIPS,1,40225,2.486016159105034e-05,3220
Other communities,Leibniz Research Institute for Archaeology,1,40225,2.486016159105034e-05,3221
Other communities,Leicester Royal Infirmary,1,40225,2.486016159105034e-05,3222
Other communities,Leidos Biomedical Research Inc,1,40225,2.486016159105034e-05,3223
Other communities,"Les Toises Psychiatry and Psychotherapy Center, Lausanne, Switzerland",1,40225,2.486016159105034e-05,3224
Other communities,Liaoning Cancer Hospital & Institute,1,40225,2.486016159105034e-05,3225
Other communities,Liaquat University of Medical & Health Sciences,1,40225,2.486016159105034e-05,3226
Other communities,"Lifelines Cohort Study, Research Office Lifelines, Roden, the Netherlands",1,40225,2.486016159105034e-05,3227
Other communities,Lincoln County Hospital,1,40225,2.486016159105034e-05,3228
Other communities,Linkou Chang Gung Memorial Hospital,1,40225,2.486016159105034e-05,3229
Other communities,Linyi People's Hospital,1,40225,2.486016159105034e-05,3230
Other communities,Lipedema Surgical Solutions,1,40225,2.486016159105034e-05,3231
Other communities,Liverpool Hospital,1,40225,2.486016159105034e-05,3232
Other communities,Liverpool School of Tropical Medicine,1,40225,2.486016159105034e-05,3233
Other communities,Lohmann Animal Health GmbH,1,40225,2.486016159105034e-05,3234
Other communities,"LongPing HighTech Maize Innovation Center, Zhengzhou 450041, China",1,40225,2.486016159105034e-05,3235
Other communities,Longgang Central Hospital,1,40225,2.486016159105034e-05,3236
Other communities,Lorestan University,1,40225,2.486016159105034e-05,3237
Other communities,Los Alamos National Laboratory,1,40225,2.486016159105034e-05,3238
Other communities,Loudi Central Hospital,1,40225,2.486016159105034e-05,3239
Other communities,Loyola University Chicago,1,40225,2.486016159105034e-05,3240
Other communities,Luigi Sacco Hospital,1,40225,2.486016159105034e-05,3241
Other communities,"Luigi Vanvitelli” Hospital, Naples, Italy",1,40225,2.486016159105034e-05,3242
Other communities,Lundquist Institute for Biomedical Innovation at Harbor-UCLA Medical Center,1,40225,2.486016159105034e-05,3243
Other communities,Luoyang Central Hospital Affiliated to Zhengzhou University,1,40225,2.486016159105034e-05,3244
Other communities,MGH Institute of Health Professions,1,40225,2.486016159105034e-05,3245
Other communities,"MJ Health Management Center, Taipei, Taiwan.",1,40225,2.486016159105034e-05,3246
Other communities,MRC Cancer Unit,1,40225,2.486016159105034e-05,3247
Other communities,MRC Cognition and Brain Sciences Unit,1,40225,2.486016159105034e-05,3248
Other communities,MRC Protein Phosphorylation and Ubiquitylation Unit,1,40225,2.486016159105034e-05,3249
Other communities,MRC Unit for Lifelong Health and Ageing,1,40225,2.486016159105034e-05,3250
Other communities,MSD R&D (China) Co Ltd,1,40225,2.486016159105034e-05,3251
Other communities,"MVZ Institute for Clinical Genetics and Tumor Genetics, Bonn, Germany",1,40225,2.486016159105034e-05,3252
Other communities,Madurai Medical College,1,40225,2.486016159105034e-05,3253
Other communities,Magdi Yacoub Heart Foundation,1,40225,2.486016159105034e-05,3254
Other communities,Maidstone Hospital,1,40225,2.486016159105034e-05,3255
Other communities,Mamun University,1,40225,2.486016159105034e-05,3256
Other communities,Manchester University Hospitals NHS Foundation Trust,1,40225,2.486016159105034e-05,3257
Other communities,Martin Luther University Halle-Wittenberg,1,40225,2.486016159105034e-05,3258
Other communities,Masaryk University,1,40225,2.486016159105034e-05,3259
Other communities,"Mass Spectrometry Research Institute, Beijing Gobroad Healthcare Group, 100071, Beijing, China",1,40225,2.486016159105034e-05,3260
Other communities,Massachusetts Veterans Epidemiology Research and Information Center,1,40225,2.486016159105034e-05,3261
Other communities,Max Planck Institute of Biochemistry,1,40225,2.486016159105034e-05,3262
Other communities,Max Planck Institute of Geoanthropology,1,40225,2.486016159105034e-05,3263
Other communities,Maxwell Institute for Mathematical Sciences,1,40225,2.486016159105034e-05,3264
Other communities,"McCance Center for Brain Health, Department of Neurology, Massachussets General Brigham, Somerville, 399 Revolution Drive, 02145 MA, United States",1,40225,2.486016159105034e-05,3265
Other communities,McGill Genome Centre,1,40225,2.486016159105034e-05,3266
Other communities,MedStar Georgetown University Hospital,1,40225,2.486016159105034e-05,3267
Other communities,"Medanta Superspeciality Hospital, Indore, India",1,40225,2.486016159105034e-05,3268
Other communities,Medias Klinikum,1,40225,2.486016159105034e-05,3269
Other communities,"Medical Genetics, ASP Ragusa, 97100 Ragusa, Italy.",1,40225,2.486016159105034e-05,3270
Other communities,"Medical Oncology Department V, Central Hospital of Guangdong Provincial Nongken, Zhanjiang, Guangdong, China",1,40225,2.486016159105034e-05,3271
Other communities,"Medical Physics Department, Faculty of Sciences, University of Hilla, Babylon, Iraq, 51011",1,40225,2.486016159105034e-05,3272
Other communities,Medical School Hamburg,1,40225,2.486016159105034e-05,3273
Other communities,"Medicine Department, Internal Medicine Unit, Budrio Hospital Azienda USL, Budrio, 40054, Bologna, Italy. Electronic address: sirio.fiorino@ausl.bologna.it.",1,40225,2.486016159105034e-05,3274
Other communities,Meharry Medical College,1,40225,2.486016159105034e-05,3275
Other communities,Meijo University,1,40225,2.486016159105034e-05,3276
Other communities,Meir Medical Center,1,40225,2.486016159105034e-05,3277
Other communities,Melbourne Health,1,40225,2.486016159105034e-05,3278
Other communities,"Melbourne, Victoria, Australia, Melbourne, Australia",1,40225,2.486016159105034e-05,3279
Other communities,Members of the Regeneron Genetics Center are detailed in Supplemental Acknowledgments.,1,40225,2.486016159105034e-05,3280
Other communities,Memorial Regional Hospital,1,40225,2.486016159105034e-05,3281
Other communities,Menzies School of Health Research,1,40225,2.486016159105034e-05,3282
Other communities,Mercy Catholic Medical Center,1,40225,2.486016159105034e-05,3283
Other communities,Met Office,1,40225,2.486016159105034e-05,3284
Other communities,Meta Platforms Inc,1,40225,2.486016159105034e-05,3285
Other communities,Metropolitan Hospital,1,40225,2.486016159105034e-05,3286
Other communities,Mianyang City Center for Disease Control and Prevention,1,40225,2.486016159105034e-05,3287
Other communities,Mianyang Third People's Hospital,1,40225,2.486016159105034e-05,3288
Other communities,Mid Sweden University,1,40225,2.486016159105034e-05,3289
Other communities,Mie University,1,40225,2.486016159105034e-05,3290
Other communities,Mila - Quebec Artificial Intelligence Institute,1,40225,2.486016159105034e-05,3291
Other communities,Ming Chuan University,1,40225,2.486016159105034e-05,3292
Other communities,Ministry of Health and Population,1,40225,2.486016159105034e-05,3293
Other communities,"Ministry of Health, Nutrition and Indigenous Medicine",1,40225,2.486016159105034e-05,3294
Other communities,Misr University for Science and Technology,1,40225,2.486016159105034e-05,3295
Other communities,"Mohamed Sathak College of Arts and Science Sholinganallur,Department of Computer Applications,Chennai,Tamil Nadu,India,600119",1,40225,2.486016159105034e-05,3296
Other communities,Mohamed bin Zayed University of Artificial Intelligence,1,40225,2.486016159105034e-05,3297
Other communities,Molde University College,1,40225,2.486016159105034e-05,3298
Other communities,"Molecular Diagnostics and Clinical Research Unit, IRS-Center Sonderjylland, University Hospital of Southern Denmark, Aabenraa, Denmark",1,40225,2.486016159105034e-05,3299
Other communities,"Molecular Genetics Key Laboratory of China Tobacco, Guizhou Academy of Tobacco Science, Guiyang, Guizhou, China",1,40225,2.486016159105034e-05,3300
Other communities,Monash Medical Centre,1,40225,2.486016159105034e-05,3301
Other communities,Morinomiya University of Medical Sciences,1,40225,2.486016159105034e-05,3302
Other communities,Morristown Medical Center,1,40225,2.486016159105034e-05,3303
Other communities,Mulawarman University,1,40225,2.486016159105034e-05,3304
Other communities,MultiCare Health System,1,40225,2.486016159105034e-05,3305
Other communities,Musashino University,1,40225,2.486016159105034e-05,3306
Other communities,"Museum Vestsjælland, Holbæk, Denmark",1,40225,2.486016159105034e-05,3307
Other communities,"Museum of Archaeology and Anthropology, Cambridge CB2 3DZ, UK",1,40225,2.486016159105034e-05,3308
Other communities,"Museum Østdanmark–Djursland og Randers, Randers, Denmark",1,40225,2.486016159105034e-05,3309
Other communities,Musgrove Park Hospital,1,40225,2.486016159105034e-05,3310
Other communities,Mútua Terrassa,1,40225,2.486016159105034e-05,3311
Other communities,"NCDs Prevention and Control Department, Liuyang CDC, China (C.Q.).",1,40225,2.486016159105034e-05,3312
Other communities,"NCDs Prevention and Control Department, Liuzhou Centre for Disease Control and Prevention, Guangxi, China",1,40225,2.486016159105034e-05,3313
Other communities,"NCDs Prevention and Control Dept, Nangang CDC, Harbin, China",1,40225,2.486016159105034e-05,3314
Other communities,"NEC Israeli Research Center, Herzliya, Israel. Electronic address: shvatm@post.bgu.ac.il.",1,40225,2.486016159105034e-05,3315
Other communities,"NHC Key Laboratory of Birth Defects Prevention, Henan Academy of Innovations in Medical Science, Zhengzhou, China",1,40225,2.486016159105034e-05,3316
Other communities,"NHC Key Laboratory of Birth Defects Prevention, Zhengzhou, China.",1,40225,2.486016159105034e-05,3317
Other communities,NHS Ayrshire and Arran,1,40225,2.486016159105034e-05,3318
Other communities,NHS Greater Glasgow and Clyde,1,40225,2.486016159105034e-05,3319
Other communities,NIHR Applied Research Collaboration South West Peninsula,1,40225,2.486016159105034e-05,3320
Other communities,NIHR Birmingham Biomedical Research Centre,1,40225,2.486016159105034e-05,3321
Other communities,NIHR Manchester Biomedical Research Centre,1,40225,2.486016159105034e-05,3322
Other communities,"NIMS Institute of Medical Science and Technology, Jaipur, India",1,40225,2.486016159105034e-05,3323
Other communities,"NRGene Ltd., Ness-Ziona 7403649, Israel;, yedael@nrgene.com",1,40225,2.486016159105034e-05,3324
Other communities,Nagoya University,1,40225,2.486016159105034e-05,3325
Other communities,Naif Arab University for Security Sciences,1,40225,2.486016159105034e-05,3326
Other communities,Nanjing Agricultural University,1,40225,2.486016159105034e-05,3327
Other communities,Nanjing Institute of Environmental Sciences,1,40225,2.486016159105034e-05,3328
Other communities,Nanjing University of Information Science and Technology,1,40225,2.486016159105034e-05,3329
Other communities,Nantong Tumor Hospital,1,40225,2.486016159105034e-05,3330
Other communities,"Nanyang Central Hospital, 473005, Nanyang, Henan, China",1,40225,2.486016159105034e-05,3331
Other communities,Nashville VA Medical Center,1,40225,2.486016159105034e-05,3332
Other communities,National Academy of Sciences of Ukraine,1,40225,2.486016159105034e-05,3333
Other communities,National Cancer Centre Japan,1,40225,2.486016159105034e-05,3334
Other communities,"National Cancer Registration and Analysis Service, NHS England, Redditch, UK",1,40225,2.486016159105034e-05,3335
Other communities,National Cancer Registry,1,40225,2.486016159105034e-05,3336
Other communities,"National Center for Mental Health, Beijing, China",1,40225,2.486016159105034e-05,3337
Other communities,National Center for Respiratory Medicine,1,40225,2.486016159105034e-05,3338
Other communities,National Central University,1,40225,2.486016159105034e-05,3339
Other communities,"National Centre of Scientific Research ""Demokritos""",1,40225,2.486016159105034e-05,3340
Other communities,National Cerebral and Cardiovascular Center,1,40225,2.486016159105034e-05,3341
Other communities,National Chin-Yi University of Technology,1,40225,2.486016159105034e-05,3342
Other communities,National Dong Hwa University,1,40225,2.486016159105034e-05,3343
Other communities,National Engineering Research Center for Software Engineering,1,40225,2.486016159105034e-05,3344
Other communities,"National Health Commission Key Laboratory of Birth Defect Research and Prevention, Hunan Provincial Maternal and Child Health Care Hospital",1,40225,2.486016159105034e-05,3345
Other communities,National Health Service Scotland,1,40225,2.486016159105034e-05,3346
Other communities,National Hospital Organization,1,40225,2.486016159105034e-05,3347
Other communities,National Hospital Organization Hokkaido Medical Center,1,40225,2.486016159105034e-05,3348
Other communities,National Hospital Organization Kobe Medical Center,1,40225,2.486016159105034e-05,3349
Other communities,National Hospital Organization Mito Medical Center,1,40225,2.486016159105034e-05,3350
Other communities,National Institute for Health and Care Excellence,1,40225,2.486016159105034e-05,3351
Other communities,National Institute of Agricultural Botany,1,40225,2.486016159105034e-05,3352
Other communities,National Institute of Animal Science,1,40225,2.486016159105034e-05,3353
Other communities,National Institute of Arthritis and Musculoskeletal and Skin Diseases,1,40225,2.486016159105034e-05,3354
Other communities,"National Institute of Gastroenterology IRCCS “Saverio de Bellis”, Castellana Grotte, Italy",1,40225,2.486016159105034e-05,3355
Other communities,National Institute of Health Dr. Ricardo Jorge,1,40225,2.486016159105034e-05,3356
Other communities,"National Institute of Hearing and Speech in Iceland, Reykjavik, Iceland",1,40225,2.486016159105034e-05,3357
Other communities,National Institute of Neurological Disorders and Stroke,1,40225,2.486016159105034e-05,3358
Other communities,National Museum of Antiquities,1,40225,2.486016159105034e-05,3359
Other communities,National Museums Scotland,1,40225,2.486016159105034e-05,3360
Other communities,National Museums of Kenya,1,40225,2.486016159105034e-05,3361
Other communities,National Sun Yat-sen University,1,40225,2.486016159105034e-05,3362
Other communities,National Tainan Institute of Nursing,1,40225,2.486016159105034e-05,3363
Other communities,National Taipei University of Nursing and Health Science,1,40225,2.486016159105034e-05,3364
Other communities,National Taiwan University Hospital Yun Lin Branch,1,40225,2.486016159105034e-05,3365
Other communities,National University of Ireland,1,40225,2.486016159105034e-05,3366
Other communities,National University of Science and Technology,1,40225,2.486016159105034e-05,3367
Other communities,Nature Reviews Cardiology,1,40225,2.486016159105034e-05,3368
Other communities,Naval Health Research Center,1,40225,2.486016159105034e-05,3369
Other communities,Netherlands Comprehensive Cancer Organisation,1,40225,2.486016159105034e-05,3370
Other communities,Netherlands Heart Institute,1,40225,2.486016159105034e-05,3371
Other communities,Netherlands Institute for Health Services Research,1,40225,2.486016159105034e-05,3372
Other communities,Netherlands eScience Center,1,40225,2.486016159105034e-05,3373
Other communities,"Network Archaeology, Lincoln, UK",1,40225,2.486016159105034e-05,3374
Other communities,"Neuroscience and Mental Health Research Institute, MRC Centre for Neuropsychiatric Genetics and Genomics, Hadyn Ellis Building, Cathays, Cardiff, CF24 4HQ",1,40225,2.486016159105034e-05,3375
Other communities,New Light Technologies (United States),1,40225,2.486016159105034e-05,3376
Other communities,New South Wales Department of Health,1,40225,2.486016159105034e-05,3377
Other communities,New York Eye and Ear Infirmary,1,40225,2.486016159105034e-05,3378
Other communities,New York University Abu Dhabi,1,40225,2.486016159105034e-05,3379
Other communities,NewAmsterdam Pharma NV,1,40225,2.486016159105034e-05,3380
Other communities,NewYork-Presbyterian Weill Cornell Medical Center,1,40225,2.486016159105034e-05,3381
Other communities,"Newlab Clinical Research Inc, St. John’s, NL, Canada",1,40225,2.486016159105034e-05,3382
Other communities,Nikon X Tek Systems Ltd,1,40225,2.486016159105034e-05,3383
Other communities,Ningbo Institute of Industrial Technology,1,40225,2.486016159105034e-05,3384
Other communities,Ningbo University of Technology,1,40225,2.486016159105034e-05,3385
Other communities,Ningde Normal University,1,40225,2.486016159105034e-05,3386
Other communities,Ningxia Hui Autonomous Region Peoples Hospital,1,40225,2.486016159105034e-05,3387
Other communities,Ningxia University,1,40225,2.486016159105034e-05,3388
Other communities,Nippon Medical School,1,40225,2.486016159105034e-05,3389
Other communities,"No. 5 Hospital of Fuqing City, 350319, Fuzhou, China",1,40225,2.486016159105034e-05,3390
Other communities,"Non-Communicable Diseases Prevention and Control Department, Henan Centre for Disease Control and Prevention, Zhengzhou, China",1,40225,2.486016159105034e-05,3391
Other communities,Nord University,1,40225,2.486016159105034e-05,3392
Other communities,Nordsjællands Hospital,1,40225,2.486016159105034e-05,3393
Other communities,North West Agriculture and Forestry University,1,40225,2.486016159105034e-05,3394
Other communities,North Yorkshire County Council,1,40225,2.486016159105034e-05,3395
Other communities,Northern General Hospital,1,40225,2.486016159105034e-05,3396
Other communities,Northern Illinois University,1,40225,2.486016159105034e-05,3397
Other communities,Northern Norway Regional Health Authority,1,40225,2.486016159105034e-05,3398
Other communities,Northwell Health Inc,1,40225,2.486016159105034e-05,3399
Other communities,Northwick Park Hospital,1,40225,2.486016159105034e-05,3400
Other communities,Norton Healthcare,1,40225,2.486016159105034e-05,3401
Other communities,"Nottingham Children’s Hospital, Nottingham, UK",1,40225,2.486016159105034e-05,3402
Other communities,Nottingham City Hospital,1,40225,2.486016159105034e-05,3403
Other communities,Novartis Pharma GmbH,1,40225,2.486016159105034e-05,3404
Other communities,"Novartis, Global RWE , Selangor ,",1,40225,2.486016159105034e-05,3405
Other communities,"Novartis, Value & Access , Hyderabad ,",1,40225,2.486016159105034e-05,3406
Other communities,Novosibirsk State University,1,40225,2.486016159105034e-05,3407
Other communities,"Næstved, Slagelse and Ringsted Hospitals",1,40225,2.486016159105034e-05,3408
Other communities,Odessa I. I. Mechnikov National University,1,40225,2.486016159105034e-05,3409
Other communities,"Office of Academic Research, Taishan Vocational College of Nursing, Taian, Shandong, China",1,40225,2.486016159105034e-05,3410
Other communities,Ogaki Municipal Hospital,1,40225,2.486016159105034e-05,3411
Other communities,Ohio University,1,40225,2.486016159105034e-05,3412
Other communities,"Oklahoma City, OK",1,40225,2.486016159105034e-05,3413
Other communities,"Olink Proteomics, Uppsala, Uppsala, Sweden",1,40225,2.486016159105034e-05,3414
Other communities,"Omicron ApS, Copenhagen, Denmark",1,40225,2.486016159105034e-05,3415
Other communities,Oniris,1,40225,2.486016159105034e-05,3416
Other communities,Ontario Institute for Cancer Research,1,40225,2.486016159105034e-05,3417
Other communities,Oregon State University,1,40225,2.486016159105034e-05,3418
Other communities,"Orthopedic Department, Swat Medical College and Swat Medical Complex Teaching Hospital, Khyber Pakhtunkhwa, Pakistan",1,40225,2.486016159105034e-05,3419
Other communities,Orygen,1,40225,2.486016159105034e-05,3420
Other communities,Osaka Medical and Pharmaceutical University,1,40225,2.486016159105034e-05,3421
Other communities,Osaka University of Pharmaceutical Sciences,1,40225,2.486016159105034e-05,3422
Other communities,Oslo Nye Høyskole,1,40225,2.486016159105034e-05,3423
Other communities,Ospedale Regina Margherita,1,40225,2.486016159105034e-05,3424
Other communities,Ospedale San Luigi Gonzaga,1,40225,2.486016159105034e-05,3425
Other communities,"OsteoRheuma Bern, Bahnhofplatz 1, Bern, Switzerland",1,40225,2.486016159105034e-05,3426
Other communities,"Our Future Health, London, UK",1,40225,2.486016159105034e-05,3427
Other communities,Oxehealth Ltd,1,40225,2.486016159105034e-05,3428
Other communities,Oxford Brookes University,1,40225,2.486016159105034e-05,3429
Other communities,Oxford Centre for Computational Neuroscience,1,40225,2.486016159105034e-05,3430
Other communities,"PHASTAR, London, UK. Electronic address: jennifer.rogers@phastar.com.",1,40225,2.486016159105034e-05,3431
Other communities,"PPI representative, Coventry, UK",1,40225,2.486016159105034e-05,3432
Other communities,"PT Health Economics Ltd , Sheffield ,",1,40225,2.486016159105034e-05,3433
Other communities,Pai Chai University,1,40225,2.486016159105034e-05,3434
Other communities,"Panic Disorder Research Center, Warakukai Medical Corporation, Tokyo, Japan",1,40225,2.486016159105034e-05,3435
Other communities,Papworth Hospital NHS Foundation Trust,1,40225,2.486016159105034e-05,3436
Other communities,Paris School of Economics,1,40225,2.486016159105034e-05,3437
Other communities,Paris-Est Créteil University,1,40225,2.486016159105034e-05,3438
Other communities,"Park Surgery, Chandlers Ford, Hampshire, UK. Electronic address: chrisarden@nhs.net.",1,40225,2.486016159105034e-05,3439
Other communities,Parkwood Institute,1,40225,2.486016159105034e-05,3440
Other communities,Parnassia Groep BV,1,40225,2.486016159105034e-05,3441
Other communities,"Patient and Public Representative, Havant, UK",1,40225,2.486016159105034e-05,3442
Other communities,"Pediatric Allergy and Immunology Clinic, Ankara Child Health and Diseases Hematology Oncology Research Hospital, Ankara, Turkey, .",1,40225,2.486016159105034e-05,3443
Other communities,Peking University International Hospital,1,40225,2.486016159105034e-05,3444
Other communities,Peking University Shougang Hospital,1,40225,2.486016159105034e-05,3445
Other communities,"PenCTU, Statistics, Plymouth, United Kingdom",1,40225,2.486016159105034e-05,3446
Other communities,Peng Cheng Laboratory,1,40225,2.486016159105034e-05,3447
Other communities,Penn State Health,1,40225,2.486016159105034e-05,3448
Other communities,Penn State Health Children's Hospital,1,40225,2.486016159105034e-05,3449
Other communities,People 's Hospital of Jilin Province,1,40225,2.486016159105034e-05,3450
Other communities,People's Hospital of Kaizhou District,1,40225,2.486016159105034e-05,3451
Other communities,Peoples Hospital of Deyang City,1,40225,2.486016159105034e-05,3452
Other communities,People’s Hospital of Wenshan Prefecture,1,40225,2.486016159105034e-05,3453
Other communities,"People’s Hospital of Yangjiang, Yangjiang 529500, China",1,40225,2.486016159105034e-05,3454
Other communities,Perspectum Ltd,1,40225,2.486016159105034e-05,3455
Other communities,Peter MacCallum Cancer Centre,1,40225,2.486016159105034e-05,3456
Other communities,Peterborough City Hospital,1,40225,2.486016159105034e-05,3457
Other communities,Pfizer Products Inc,1,40225,2.486016159105034e-05,3458
Other communities,Pfizer-University of Granada-Junta de Andalucía Centre for Genomics and Oncological Research,1,40225,2.486016159105034e-05,3459
Other communities,Philadelphia College of Osteopathic Medicine,1,40225,2.486016159105034e-05,3460
Other communities,"Pidu District Center for Disease Control and Prevention, Chengdu, China",1,40225,2.486016159105034e-05,3461
Other communities,Ping An Technology Shenzhen Co Ltd,1,40225,2.486016159105034e-05,3462
Other communities,Pohang University of Science and Technology,1,40225,2.486016159105034e-05,3463
Other communities,Policlinico S.Orsola-Malpighi,1,40225,2.486016159105034e-05,3464
Other communities,Policlinico San Matteo Fondazione,1,40225,2.486016159105034e-05,3465
Other communities,Policlinico di Modena,1,40225,2.486016159105034e-05,3466
Other communities,Polish Academy of Sciences,1,40225,2.486016159105034e-05,3467
Other communities,"PolyOmica, 5237 PA s-Hertogenbosch, The Netherlands",1,40225,2.486016159105034e-05,3468
Other communities,"PolyOmica, ‘s-Hertogenbosch, The Netherlands",1,40225,2.486016159105034e-05,3469
Other communities,Ponce Health Sciences University,1,40225,2.486016159105034e-05,3470
Other communities,"Precision Medicine, Department of Transfusion Medicine and Hematology, Fondazione IRCCS Cà Granda Pad Marangoni, Milan, Italy",1,40225,2.486016159105034e-05,3471
Other communities,"PrecisionLife, Unit 8b Bankside, Hanborough Business Park, Long Hanborough OX29 8LJ, UK",1,40225,2.486016159105034e-05,3472
Other communities,"Primary Health Care Network, Asturias Health Service, Madrid, Spain",1,40225,2.486016159105034e-05,3473
Other communities,Princess Alexandra Hospital,1,40225,2.486016159105034e-05,3474
Other communities,"Private Surgery Center “Medalp”, Saint Petersburg, Russia",1,40225,2.486016159105034e-05,3475
Other communities,"Professor, Department of Computer Science, Dr. N.G.P. Arts & Science College, Coimbatore, Tamil Nadu, India",1,40225,2.486016159105034e-05,3476
Other communities,Providence VA Medical Center,1,40225,2.486016159105034e-05,3477
Other communities,"Public Co-Investigator, ADMISSION Research Collaborative, Newcastle Upon Tyne, UK",1,40225,2.486016159105034e-05,3478
Other communities,Public Health Agency of Canada,1,40225,2.486016159105034e-05,3479
Other communities,"Public Health Division, Hospital of Zhongluotan Town Baiyun District, Guangzhou, China",1,40225,2.486016159105034e-05,3480
Other communities,"Public Health Division, Hospital of Zhongluotan Town, Baiyun District, 510515, Guangzhou, China",1,40225,2.486016159105034e-05,3481
Other communities,Public Health Foundation of India,1,40225,2.486016159105034e-05,3482
Other communities,"Public Health Service Center of Bao'an District, Shenzhen, China.",1,40225,2.486016159105034e-05,3483
Other communities,"Public Representative, Oxford, United Kingdom",1,40225,2.486016159105034e-05,3484
Other communities,Pudong New Area People's Hospital,1,40225,2.486016159105034e-05,3485
Other communities,Puigvert Foundation,1,40225,2.486016159105034e-05,3486
Other communities,Punjab Institute of Cardiology,1,40225,2.486016159105034e-05,3487
Other communities,Pál Heim Children's Hospital,1,40225,2.486016159105034e-05,3488
Other communities,Päijät-Hämeen Keskussairaala,1,40225,2.486016159105034e-05,3489
Other communities,Qatar Foundation,1,40225,2.486016159105034e-05,3490
Other communities,Qatar University,1,40225,2.486016159105034e-05,3491
Other communities,"Qingdao Centre for Disease Control, Qindao, Shandong 266033, China",1,40225,2.486016159105034e-05,3492
Other communities,Qingdao Eighth People's Hospital,1,40225,2.486016159105034e-05,3493
Other communities,"Quantopian Inc., Boston, MA, USA",1,40225,2.486016159105034e-05,3494
Other communities,"QuantumBlack, London, UK",1,40225,2.486016159105034e-05,3495
Other communities,Queen Alexandra Hospital,1,40225,2.486016159105034e-05,3496
Other communities,Queen Margaret Hospital,1,40225,2.486016159105034e-05,3497
Other communities,Queen Mary Hospital,1,40225,2.486016159105034e-05,3498
Other communities,Queen's Medical Centre,1,40225,2.486016159105034e-05,3499
Other communities,Queensland Children's Hospital,1,40225,2.486016159105034e-05,3500
Other communities,"R&D Data Science & Data Engineering, Collegeville, PA, USA",1,40225,2.486016159105034e-05,3501
Other communities,"R&D Department, VLMedia, Ankara, Türkiye",1,40225,2.486016159105034e-05,3502
Other communities,"R. Caxias do Sul, 95 - Operário, Novo Hamburgo - RS, 93315-132",1,40225,2.486016159105034e-05,3503
Other communities,RAND Corporation,1,40225,2.486016159105034e-05,3504
Other communities,RGC,1,40225,2.486016159105034e-05,3505
Other communities,RMIT University,1,40225,2.486016159105034e-05,3506
Other communities,Radboud University Nijmegen,1,40225,2.486016159105034e-05,3507
Other communities,Ramon Llull University,1,40225,2.486016159105034e-05,3508
Other communities,Reading Hospital,1,40225,2.486016159105034e-05,3509
Other communities,"Real-World Evidence, Trial Form Support, Barcelona, Spain",1,40225,2.486016159105034e-05,3510
Other communities,Recep Tayyip Erdoğan University,1,40225,2.486016159105034e-05,3511
Other communities,Recursion Pharmaceuticals Inc,1,40225,2.486016159105034e-05,3512
Other communities,"Red Crescent Institute of Cardiology, Hyderabad, Pakistan",1,40225,2.486016159105034e-05,3513
Other communities,Reichman University,1,40225,2.486016159105034e-05,3514
Other communities,Renal Association,1,40225,2.486016159105034e-05,3515
Other communities,Renji Hospital,1,40225,2.486016159105034e-05,3516
Other communities,"Reproductive Medical Center, Jiangxi Provincial Maternal and Child Health Hospital, Nanchang, Jiangxi, China",1,40225,2.486016159105034e-05,3517
Other communities,Research Canada,1,40225,2.486016159105034e-05,3518
Other communities,Research Center Jülich,1,40225,2.486016159105034e-05,3519
Other communities,Research Foundation - Flanders,1,40225,2.486016159105034e-05,3520
Other communities,"RexSoft Inc., Seoul, South Korea",1,40225,2.486016159105034e-05,3521
Other communities,Rheinland-Pfälzische Technische Universität Kaiserslautern-Landau,1,40225,2.486016159105034e-05,3522
Other communities,"Rheumatology Research, Mortroux, Belgium.",1,40225,2.486016159105034e-05,3523
Other communities,Rhineland-Palatinate General Directorate for Cultural Heritage,1,40225,2.486016159105034e-05,3524
Other communities,Riga East University Hospital,1,40225,2.486016159105034e-05,3525
Other communities,Rijnstate Hospital,1,40225,2.486016159105034e-05,3526
Other communities,Riley Hospital for Children,1,40225,2.486016159105034e-05,3527
Other communities,Robert Gordon University,1,40225,2.486016159105034e-05,3528
Other communities,Robert-Bosch-Krankenhaus GmbH,1,40225,2.486016159105034e-05,3529
Other communities,Rochester Institute of Technology,1,40225,2.486016159105034e-05,3530
Other communities,Rode Kruis-Vlaanderen,1,40225,2.486016159105034e-05,3531
Other communities,Ronin Institute,1,40225,2.486016159105034e-05,3532
Other communities,Roper St. Francis Healthcare,1,40225,2.486016159105034e-05,3533
Other communities,Rotunda Hospital,1,40225,2.486016159105034e-05,3534
Other communities,Royal Belgian Institute of Natural Sciences,1,40225,2.486016159105034e-05,3535
Other communities,Royal Bournemouth Hospital,1,40225,2.486016159105034e-05,3536
Other communities,Royal Brisbane and Women's Hospital,1,40225,2.486016159105034e-05,3537
Other communities,Royal College of Surgeons in Ireland - Bahrain,1,40225,2.486016159105034e-05,3538
Other communities,Royal College of Surgeons of England,1,40225,2.486016159105034e-05,3539
Other communities,Royal Cornwall Hospital Trust,1,40225,2.486016159105034e-05,3540
Other communities,"Royal Cornwall Museum, Truro, UK",1,40225,2.486016159105034e-05,3541
Other communities,Royal Hospital,1,40225,2.486016159105034e-05,3542
Other communities,Royal Liverpool University Hospital,1,40225,2.486016159105034e-05,3543
Other communities,Royal Melbourne Hospital,1,40225,2.486016159105034e-05,3544
Other communities,Royal North Shore Hospital,1,40225,2.486016159105034e-05,3545
Other communities,Royal Prince Alfred Hospital,1,40225,2.486016159105034e-05,3546
Other communities,Royal Surrey NHS Foundation Trust,1,40225,2.486016159105034e-05,3547
Other communities,Royan Institute,1,40225,2.486016159105034e-05,3548
Other communities,Rudolf Magnus Institute of Neuroscience,1,40225,2.486016159105034e-05,3549
Other communities,Ruikang Affiliated Hospital of Guangxi Medical University,1,40225,2.486016159105034e-05,3550
Other communities,Russells Hall Hospital,1,40225,2.486016159105034e-05,3551
Other communities,"Rye Country Day School, Rye, NY, USA",1,40225,2.486016159105034e-05,3552
Other communities,Rzeszów University,1,40225,2.486016159105034e-05,3553
Other communities,"Röntgen Domus, Reykjavík, Iceland",1,40225,2.486016159105034e-05,3554
Other communities,"SANOFI R&D, Data & Data Sciences, Chilly Mazarin, 91385, France",1,40225,2.486016159105034e-05,3555
Other communities,SUNY Downstate Health Sciences University,1,40225,2.486016159105034e-05,3556
Other communities,Sachs' Children and Youth Hospital,1,40225,2.486016159105034e-05,3557
Other communities,Sacred Heart University,1,40225,2.486016159105034e-05,3558
Other communities,Saga University,1,40225,2.486016159105034e-05,3559
Other communities,Saga University Hospital,1,40225,2.486016159105034e-05,3560
Other communities,Saint Joseph Mercy Hospital.,1,40225,2.486016159105034e-05,3561
Other communities,Saint Vincent College,1,40225,2.486016159105034e-05,3562
Other communities,Samsung Medical Center,1,40225,2.486016159105034e-05,3563
Other communities,San Antonio Military Medical Center,1,40225,2.486016159105034e-05,3564
Other communities,San Antonio Regional Hospital,1,40225,2.486016159105034e-05,3565
Other communities,San Francisco General Hospital,1,40225,2.486016159105034e-05,3566
Other communities,Sanda University,1,40225,2.486016159105034e-05,3567
Other communities,Sanford Health,1,40225,2.486016159105034e-05,3568
Other communities,Sanford Health Foundation,1,40225,2.486016159105034e-05,3569
Other communities,Sanjay Gandhi Post Graduate Institute of Medical Sciences,1,40225,2.486016159105034e-05,3570
Other communities,Sanquin,1,40225,2.486016159105034e-05,3571
Other communities,Sasaki Institute,1,40225,2.486016159105034e-05,3572
Other communities,Saveetha Institute of Medical And Technical Sciences,1,40225,2.486016159105034e-05,3573
Other communities,Savitribai Phule Pune University,1,40225,2.486016159105034e-05,3574
Other communities,Sawai ManSingh Medical College and Hospital,1,40225,2.486016159105034e-05,3575
Other communities,Sağlık Bilimleri Üniversitesi,1,40225,2.486016159105034e-05,3576
Other communities,Scania Regional Council,1,40225,2.486016159105034e-05,3577
Other communities,"School of Computing, Mohan Babu University,Department of CSE (AIML),Tirupati,Andhra Pradesh,India,517102",1,40225,2.486016159105034e-05,3578
Other communities,"School of Psychology, Army Military Medical University, Chongqing, People’s Republic of China",1,40225,2.486016159105034e-05,3579
Other communities,"School of Public Health, Shandong Second Medical University, Weifang, China. Electronic address: shifuyan@wfmc.edu.cn.",1,40225,2.486016159105034e-05,3580
Other communities,Science Park Corp,1,40225,2.486016159105034e-05,3581
Other communities,"Scientific Medical Genetic Center “LeoGENE”, Genetics, Lviv, Ukraine",1,40225,2.486016159105034e-05,3582
Other communities,"Scientific Police of São Paulo State, 19900-109, Ourinhos-SP, Brazil",1,40225,2.486016159105034e-05,3583
Other communities,Second Affiliated Hospital of Dalian Medical University,1,40225,2.486016159105034e-05,3584
Other communities,"Second Affiliated Hospital, Brain Science Institute, Key Laboratory of Cerebral Microcirculation in Universities of Shandong, Shandong First Medical University and Shandong Academy of Medical Sciences, Taian, China",1,40225,2.486016159105034e-05,3585
Other communities,"Second Department of Neurology, Affiliated Hospital of Inner Mongolia Minzu University, Tongliao, China.",1,40225,2.486016159105034e-05,3586
Other communities,Second Peoples Hospital of Huaihua,1,40225,2.486016159105034e-05,3587
Other communities,Security Forces Hospital,1,40225,2.486016159105034e-05,3588
Other communities,Senckenberg Society for Nature Research,1,40225,2.486016159105034e-05,3589
Other communities,Senior Bioinformatics Engineer in BGI Genomics,1,40225,2.486016159105034e-05,3590
Other communities,"Senior Editor, Nature",1,40225,2.486016159105034e-05,3591
Other communities,Sensetime Group Ltd,1,40225,2.486016159105034e-05,3592
Other communities,Seoul Metropolitan Government,1,40225,2.486016159105034e-05,3593
Other communities,"Service de chirurgie cardiovasculaire, Angers (C.B.).",1,40225,2.486016159105034e-05,3594
Other communities,Seven Oaks General Hospital,1,40225,2.486016159105034e-05,3595
Other communities,"Severn Health Solutions, Severna Park, Maryland",1,40225,2.486016159105034e-05,3596
Other communities,"Severn School of Radiology, Severn Deanery Bristol UK",1,40225,2.486016159105034e-05,3597
Other communities,Shahid Sadoughi University of Medical Sciences,1,40225,2.486016159105034e-05,3598
Other communities,Shan-Shan Dong and Wei-Ming He contribute equally to this work.,1,40225,2.486016159105034e-05,3599
Other communities,Shandong First Medical University & Shandong Academy of Medical Sciences Jinan Campus,1,40225,2.486016159105034e-05,3600
Other communities,Shandong Normal University,1,40225,2.486016159105034e-05,3601
Other communities,Shandong Tumor Hospital,1,40225,2.486016159105034e-05,3602
Other communities,Shandong University of Political Science and Law,1,40225,2.486016159105034e-05,3603
Other communities,Shanghai,1,40225,2.486016159105034e-05,3604
Other communities,"Shanghai Academy of Artificial Intelligence for Science, Shanghai, China",1,40225,2.486016159105034e-05,3605
Other communities,Shanghai Artificial Intelligence Laboratory,1,40225,2.486016159105034e-05,3606
Other communities,Shanghai Children's Medical Center,1,40225,2.486016159105034e-05,3607
Other communities,Shanghai Fourth People’s Hosp,1,40225,2.486016159105034e-05,3608
Other communities,Shanghai Institute of Organic Chemistry,1,40225,2.486016159105034e-05,3609
Other communities,Shanghai Mental Health Center,1,40225,2.486016159105034e-05,3610
Other communities,Shanghai Public Health Clinical Center,1,40225,2.486016159105034e-05,3611
Other communities,Shanghai University of Finance and Economics,1,40225,2.486016159105034e-05,3612
Other communities,Shanxi Cardiovascular Hospital,1,40225,2.486016159105034e-05,3613
Other communities,"Shanxi Institute of Science and Technology, Jincheng 048011, Shanxi, China.",1,40225,2.486016159105034e-05,3614
Other communities,"Shaoxing Chinese Medicine Hospital, China",1,40225,2.486016159105034e-05,3615
Other communities,Sheffield Children's Hospital,1,40225,2.486016159105034e-05,3616
Other communities,Shenyang Center for Disease Control and Prevention,1,40225,2.486016159105034e-05,3617
Other communities,Shenzhen Bay Laboratory,1,40225,2.486016159105034e-05,3618
Other communities,"Shenzhen Key Laboratory for Reproductive Immunology of Peri-implantation, Shenzhen Zhongshan Institute for Reproduction and Genetics, Shenzhen Zhongshan Obstetrics & Gynecology Hospital (formerly Shenzhen Zhongshan Urology Hospital), Shenzhen, Guangdong, China",1,40225,2.486016159105034e-05,3619
Other communities,Shenzhen Nanshan Center for Chronic Disease Control,1,40225,2.486016159105034e-05,3620
Other communities,Shenzhen Pingle Orthopedic Hospital,1,40225,2.486016159105034e-05,3621
Other communities,"Shenzhen RealOmics (Biotech) Co., Ltd., Shenzhen, China",1,40225,2.486016159105034e-05,3622
Other communities,Shijiazhuang University,1,40225,2.486016159105034e-05,3623
Other communities,Shin Kong WHS Memorial Hospital,1,40225,2.486016159105034e-05,3624
Other communities,Shiraz University of Medical Sciences,1,40225,2.486016159105034e-05,3625
Other communities,Shriners Hospitals for Children,1,40225,2.486016159105034e-05,3626
Other communities,Shriners Hospitals for Children - Philadelphia,1,40225,2.486016159105034e-05,3627
Other communities,Shuguang Hospital,1,40225,2.486016159105034e-05,3628
Other communities,Sichuan Center for Disease Control and Prevention,1,40225,2.486016159105034e-05,3629
Other communities,"Sichuan Polytechnic University, 618000, Deyang, Sichuan, China",1,40225,2.486016159105034e-05,3630
Other communities,Sichuan University of Arts and Science,1,40225,2.486016159105034e-05,3631
Other communities,Sidney Kimmel Comprehensive Cancer Center,1,40225,2.486016159105034e-05,3632
Other communities,Siemens AG,1,40225,2.486016159105034e-05,3633
Other communities,"Silberman College of Business, Fairleigh Dickinson University, Vancouver, Canada",1,40225,2.486016159105034e-05,3634
Other communities,Simmons University,1,40225,2.486016159105034e-05,3635
Other communities,Simón Bolívar University,1,40225,2.486016159105034e-05,3636
Other communities,"Singapore Brain and Spine Specialist Singapore Brain‐Spine‐Nerves Center, Singapore, Singapore, Singapore",1,40225,2.486016159105034e-05,3637
Other communities,Singapore Eye Research Institute,1,40225,2.486016159105034e-05,3638
Other communities,Sir Charles Gairdner Hospital,1,40225,2.486016159105034e-05,3639
Other communities,"Sir Winston Churchill High School, Calgary",1,40225,2.486016159105034e-05,3640
Other communities,Sisters of Charity Hospital,1,40225,2.486016159105034e-05,3641
Other communities,Sixth Medical Center of PLA General Hospital,1,40225,2.486016159105034e-05,3642
Other communities,"Skokie, IL, Evanston, IL",1,40225,2.486016159105034e-05,3643
Other communities,Social Insurance Saitama Chuo Hospital,1,40225,2.486016159105034e-05,3644
Other communities,"Social Research Institute Ltd, Port Moresby, Papua New Guinea",1,40225,2.486016159105034e-05,3645
Other communities,"Software developer in personal capacity, Weesp, the Netherlands",1,40225,2.486016159105034e-05,3646
Other communities,Solent NHS Trust,1,40225,2.486016159105034e-05,3647
Other communities,"Soniks Consulting LLC, 101 E Park Blvd, Suite no 410, Plano, TX, 75074, USA",1,40225,2.486016159105034e-05,3648
Other communities,Soonchunhyang University Hospital,1,40225,2.486016159105034e-05,3649
Other communities,Sophiahemmet University College,1,40225,2.486016159105034e-05,3650
Other communities,South London and Maudsley NHS Foundation Trust,1,40225,2.486016159105034e-05,3651
Other communities,South Tees Hospitals NHS Foundation Trust,1,40225,2.486016159105034e-05,3652
Other communities,South Warwickshire NHS Foundation Trust,1,40225,2.486016159105034e-05,3653
Other communities,Southampton General Hospital,1,40225,2.486016159105034e-05,3654
Other communities,Southampton Solent University,1,40225,2.486016159105034e-05,3655
Other communities,Southern Command Hospital,1,40225,2.486016159105034e-05,3656
Other communities,Southern Cross University,1,40225,2.486016159105034e-05,3657
Other communities,Southern Medical University Zhujiang Hospital,1,40225,2.486016159105034e-05,3658
Other communities,Southern Utah University,1,40225,2.486016159105034e-05,3659
Other communities,Southwest Hospital,1,40225,2.486016159105034e-05,3660
Other communities,Spaarne Ziekenhuis,1,40225,2.486016159105034e-05,3661
Other communities,"Specialist Oncology Dietitian, North Perth, Washington, Australia",1,40225,2.486016159105034e-05,3662
Other communities,Spedali Civili di Brescia,1,40225,2.486016159105034e-05,3663
Other communities,Spring Care Inc,1,40225,2.486016159105034e-05,3664
Other communities,Sri Jayadeva Institute of Cardiovascular Sciences and Research,1,40225,2.486016159105034e-05,3665
Other communities,"Sri Venkateswara College of Engineering,Department of CSE (Cybersecurity),Tirupati,Andhra Pradesh,India",1,40225,2.486016159105034e-05,3666
Other communities,St Bartholomew's Hospital,1,40225,2.486016159105034e-05,3667
Other communities,St Michael's Hospital,1,40225,2.486016159105034e-05,3668
Other communities,St Vincents Institute of Medical Research,1,40225,2.486016159105034e-05,3669
Other communities,St. Boniface Hospital,1,40225,2.486016159105034e-05,3670
Other communities,St. John's University,1,40225,2.486016159105034e-05,3671
Other communities,St. Luke's International Hospital,1,40225,2.486016159105034e-05,3672
Other communities,St. Luke's University Health Network,1,40225,2.486016159105034e-05,3673
Other communities,"Staatliches Museum für Archäologie, Chemnitz, Germany",1,40225,2.486016159105034e-05,3674
Other communities,Staffordshire University,1,40225,2.486016159105034e-05,3675
Other communities,Stanford and Calico Life Sciences.,1,40225,2.486016159105034e-05,3676
Other communities,"Stanford, Palo Alto, California, United States",1,40225,2.486016159105034e-05,3677
Other communities,Stanley Medical College,1,40225,2.486016159105034e-05,3678
Other communities,State Key Laboratory Conservation and Utilization of Bio-resources in Yunnan,1,40225,2.486016159105034e-05,3679
Other communities,State Key Laboratory of Medical Genomics,1,40225,2.486016159105034e-05,3680
Other communities,State Key Laboratory of Medical Neurobiology,1,40225,2.486016159105034e-05,3681
Other communities,State Key Laboratory of Microbial Technology,1,40225,2.486016159105034e-05,3682
Other communities,State Key Laboratory of Ophthalmology,1,40225,2.486016159105034e-05,3683
Other communities,State Key Laboratory of Optometry Ophthalmology and Vision Science,1,40225,2.486016159105034e-05,3684
Other communities,State Key Laboratory of Polymer Materials Engineering,1,40225,2.486016159105034e-05,3685
Other communities,State Key Laboratory of Proteomics,1,40225,2.486016159105034e-05,3686
Other communities,"State Key Laboratory of Proteomics, National Center for Protein Sciences at Beijing, Beijing Institute of Radiation Medicine, Beijing, China",1,40225,2.486016159105034e-05,3687
Other communities,State Key Laboratory of Smart City Internet of Things,1,40225,2.486016159105034e-05,3688
Other communities,State Key Laboratory of Toxicology and Medical Countermeasures,1,40225,2.486016159105034e-05,3689
Other communities,"State Office for Heritage Management and Archaeology, Saxony Anhalt/State Museum of Prehistory, Halle/Saale, Germany",1,40225,2.486016159105034e-05,3690
Other communities,State University of Campinas,1,40225,2.486016159105034e-05,3691
Other communities,State University of Ceará,1,40225,2.486016159105034e-05,3692
Other communities,State University of New York (System),1,40225,2.486016159105034e-05,3693
Other communities,State University of Semarang,1,40225,2.486016159105034e-05,3694
Other communities,Statistics Denmark,1,40225,2.486016159105034e-05,3695
Other communities,"StatsDecide Analytics and Consulting Ltd, Nakuru, Kenya",1,40225,2.486016159105034e-05,3696
Other communities,Stavanger University Hospital,1,40225,2.486016159105034e-05,3697
Other communities,Steven and Alexandra Cohen Children’s Medical Center,1,40225,2.486016159105034e-05,3698
Other communities,Stockholm Gerontology Research Center Foundation,1,40225,2.486016159105034e-05,3699
Other communities,Stockholm Regional Council,1,40225,2.486016159105034e-05,3700
Other communities,Stomatological Hospital of Guangzhou Medical University,1,40225,2.486016159105034e-05,3701
Other communities,"Strands, 26-32 Pirrama Road, Pyrmont 2009, New South Wales, Australia",1,40225,2.486016159105034e-05,3702
Other communities,Structure Fédérative de Recherche Necker,1,40225,2.486016159105034e-05,3703
Other communities,"Sub Direction of Research, Children’s Hospital of Mexico Federico Gómez, Mexico City 06720, Mexico",1,40225,2.486016159105034e-05,3704
Other communities,Suizhou Central Hospital,1,40225,2.486016159105034e-05,3705
Other communities,Sultanah Aminah Hospital,1,40225,2.486016159105034e-05,3706
Other communities,Sun Nuclear Corp,1,40225,2.486016159105034e-05,3707
Other communities,Surrey and Sussex Healthcare NHS Trust,1,40225,2.486016159105034e-05,3708
Other communities,"Suzhou Centers for Disease Control and Prevention, Suzhou 215000, Jiangsu, China",1,40225,2.486016159105034e-05,3709
Other communities,Suzhou Guangji Hospital,1,40225,2.486016159105034e-05,3710
Other communities,"Suzhou Industrial Park Center for Disease Control and Prevention, 200 Suhong West Road, Industrial Park District, Suzhou, Jiangsu Province 215123, China",1,40225,2.486016159105034e-05,3711
Other communities,Suzhou Institute of Systems Medicine,1,40225,2.486016159105034e-05,3712
Other communities,Suzhou Science and Technology Town Hospital,1,40225,2.486016159105034e-05,3713
Other communities,Suzhou Vocational Health College,1,40225,2.486016159105034e-05,3714
Other communities,Swami Ramanand Teerth Marathwada University,1,40225,2.486016159105034e-05,3715
Other communities,Swedish Medical Center,1,40225,2.486016159105034e-05,3716
Other communities,Swedish University of Agricultural Sciences,1,40225,2.486016159105034e-05,3717
Other communities,"Sydney Musculoskeletal Health, The Kolling Institute, Sydney, NSW, Australia",1,40225,2.486016159105034e-05,3718
Other communities,Sykehuset i Vestfold,1,40225,2.486016159105034e-05,3719
Other communities,TU Darmstadt,1,40225,2.486016159105034e-05,3720
Other communities,Tabriz University of Medical Sciences,1,40225,2.486016159105034e-05,3721
Other communities,Taian City Central Hospital,1,40225,2.486016159105034e-05,3722
Other communities,Taihe Hospital,1,40225,2.486016159105034e-05,3723
Other communities,Taipei Medical University Hospital,1,40225,2.486016159105034e-05,3724
Other communities,Taipei Tzu Chi Hospital,1,40225,2.486016159105034e-05,3725
Other communities,Taishan University,1,40225,2.486016159105034e-05,3726
Other communities,Taiyuan Central Hospital,1,40225,2.486016159105034e-05,3727
Other communities,Taizhou Enze Medical Center (Group),1,40225,2.486016159105034e-05,3728
Other communities,Tallinn Children’s Hospital,1,40225,2.486016159105034e-05,3729
Other communities,Tamkang University,1,40225,2.486016159105034e-05,3730
Other communities,Tang Du Hospital,1,40225,2.486016159105034e-05,3731
Other communities,Tango Therapeutics Inc,1,40225,2.486016159105034e-05,3732
Other communities,Tartu University Hospital,1,40225,2.486016159105034e-05,3733
Other communities,Technical University of Ostrava,1,40225,2.486016159105034e-05,3734
Other communities,Technological University Dublin,1,40225,2.486016159105034e-05,3735
Other communities,Teesside University,1,40225,2.486016159105034e-05,3736
Other communities,Telethon Institute of Genetics And Medicine,1,40225,2.486016159105034e-05,3737
Other communities,"Tempe, Arizona, United States",1,40225,2.486016159105034e-05,3738
Other communities,Temple Street Children's University Hospital,1,40225,2.486016159105034e-05,3739
Other communities,Termez University of Economics and Service,1,40225,2.486016159105034e-05,3740
Other communities,Texas Children's Hospital,1,40225,2.486016159105034e-05,3741
Other communities,Texas Christian University,1,40225,2.486016159105034e-05,3742
Other communities,"The 25% ME Group, PO BOX 8620, Troon, KA10 9BL, UK",1,40225,2.486016159105034e-05,3743
Other communities,The Alan Turing Institute,1,40225,2.486016159105034e-05,3744
Other communities,"The Center of Heart Development, College of Life Sciences, Hunan Norma University, Changsha, China",1,40225,2.486016159105034e-05,3745
Other communities,"The Children Hospital and the Institute of Child Health, Multan, Pakistan",1,40225,2.486016159105034e-05,3746
Other communities,"The First Affiliated Hospital, China Medical University",1,40225,2.486016159105034e-05,3747
Other communities,The First People's Hospital of Wenling,1,40225,2.486016159105034e-05,3748
Other communities,"The First People's Hospital of Xiaoshan District, Hangzhou",1,40225,2.486016159105034e-05,3749
Other communities,"The Genetics Institute, Galilee Mefical Center, Nahriya, Israel",1,40225,2.486016159105034e-05,3750
Other communities,"The Harker School, San Jose, CA, USA",1,40225,2.486016159105034e-05,3751
Other communities,"The Johns Hopkins School of Medicine, The Brady Urological Institute",1,40225,2.486016159105034e-05,3752
Other communities,The Laboratory in Mjodd,1,40225,2.486016159105034e-05,3753
Other communities,"The Laboratory in Mjodd, RAM, Reykjavik, Iceland",1,40225,2.486016159105034e-05,3754
Other communities,"The Landscape Research Centre Ltd., West Heslerton, UK",1,40225,2.486016159105034e-05,3755
Other communities,"The McManus: Dundee’s Art Gallery & Museum, Dundee, UK",1,40225,2.486016159105034e-05,3756
Other communities,The Open University,1,40225,2.486016159105034e-05,3757
Other communities,"The Third Central Hospital of Tianjin, Tianjin, China.",1,40225,2.486016159105034e-05,3758
Other communities,The University of Notre Dame Australia,1,40225,2.486016159105034e-05,3759
Other communities,The University of Texas Rio Grande Valley,1,40225,2.486016159105034e-05,3760
Other communities,The University of Texas at Arlington,1,40225,2.486016159105034e-05,3761
Other communities,The University of Texas at San Antonio,1,40225,2.486016159105034e-05,3762
Other communities,The Veteran Centre,1,40225,2.486016159105034e-05,3763
Other communities,Third Affiliated Hospital of Nanchang University,1,40225,2.486016159105034e-05,3764
Other communities,Third Hospital of Nanchang,1,40225,2.486016159105034e-05,3765
Other communities,Thomas Jefferson University,1,40225,2.486016159105034e-05,3766
Other communities,Thomas Jefferson University Hospital,1,40225,2.486016159105034e-05,3767
Other communities,Tianjin Anding Hospital,1,40225,2.486016159105034e-05,3768
Other communities,Tianjin Nankai Hospital,1,40225,2.486016159105034e-05,3769
Other communities,Tianjin University of Sport,1,40225,2.486016159105034e-05,3770
Other communities,"TileDB Inc., Cambridge, MA 02142, USA",1,40225,2.486016159105034e-05,3771
Other communities,Tisch Cancer Institute,1,40225,2.486016159105034e-05,3772
Other communities,Tohoku Medical and Pharmaceutical University,1,40225,2.486016159105034e-05,3773
Other communities,"Tokyo M&D University, Toyko, Japan, koeppl.dsc@tmd.ac.jp",1,40225,2.486016159105034e-05,3774
Other communities,Tokyo Seiei College,1,40225,2.486016159105034e-05,3775
Other communities,Tokyo University of Pharmacy and Life Sciences,1,40225,2.486016159105034e-05,3776
Other communities,Tomsk National Research Medical Center,1,40225,2.486016159105034e-05,3777
Other communities,Ton Duc Thang University,1,40225,2.486016159105034e-05,3778
Other communities,Toronto Western Hospital,1,40225,2.486016159105034e-05,3779
Other communities,"Traditional Chinese Medicine Hospital of Meishan, Chengdu, China",1,40225,2.486016159105034e-05,3780
Other communities,"Transform Specialist Medical Centre, Dubai 119190, United Arab Emirates",1,40225,2.486016159105034e-05,3781
Other communities,Translational Medicine Group,1,40225,2.486016159105034e-05,3782
Other communities,Travere Therapeutics Inc,1,40225,2.486016159105034e-05,3783
Other communities,"Tsimane Health and Life History Project, San Borja, Beni, Bolivia",1,40225,2.486016159105034e-05,3784
Other communities,"Tune Insight SA, Lausanne, Switzerland",1,40225,2.486016159105034e-05,3785
Other communities,Tunghai University,1,40225,2.486016159105034e-05,3786
Other communities,Turku University Hospital,1,40225,2.486016159105034e-05,3787
Other communities,Tyne and Wear Archives and Museums,1,40225,2.486016159105034e-05,3788
Other communities,"Tyumen State Medical University; Industrial University of Tyumen, Tyumen, Russia",1,40225,2.486016159105034e-05,3789
Other communities,Tzu Chi University,1,40225,2.486016159105034e-05,3790
Other communities,"U Hawaii, Honolulu, HI 96822, USA",1,40225,2.486016159105034e-05,3791
Other communities,UC Davis Health System,1,40225,2.486016159105034e-05,3792
Other communities,UCL,1,40225,2.486016159105034e-05,3793
Other communities,UCL Eastman Dental Institute,1,40225,2.486016159105034e-05,3794
Other communities,UCLA Institute for Precision Health,1,40225,2.486016159105034e-05,3795
Other communities,"UCLPartners, London, United Kingdom",1,40225,2.486016159105034e-05,3796
Other communities,UK Dementia Research Institute,1,40225,2.486016159105034e-05,3797
Other communities,"UMR 7268 ADÉS, Aix-Marseille, Université /EFS/CNRS; CoReBio PACA, case 901, Parc scientifique de Luminy, 13288, Marseille Cedex 09, France",1,40225,2.486016159105034e-05,3798
Other communities,UNM Comprehensive Cancer Center,1,40225,2.486016159105034e-05,3799
Other communities,USC Norris Comprehensive Cancer Center,1,40225,2.486016159105034e-05,3800
Other communities,UniCancer Group,1,40225,2.486016159105034e-05,3801
Other communities,Unilever PLC,1,40225,2.486016159105034e-05,3802
Other communities,"Unilever R&D Shanghai, 200335, Shanghai, China",1,40225,2.486016159105034e-05,3803
Other communities,United Lincolnshire Hospitals NHS Trust,1,40225,2.486016159105034e-05,3804
Other communities,"United Vein Vascular Center, Chicago, IL 60515, United States.",1,40225,2.486016159105034e-05,3805
Other communities,"Univ of Michigan, Chester Springs, MI",1,40225,2.486016159105034e-05,3806
Other communities,Universidad Autónoma Metropolitana,1,40225,2.486016159105034e-05,3807
Other communities,Universidad Autónoma de Chile,1,40225,2.486016159105034e-05,3808
Other communities,Universidad Bernardo O'Higgins,1,40225,2.486016159105034e-05,3809
Other communities,Universidad Peruana de Ciencias Aplicadas SAC,1,40225,2.486016159105034e-05,3810
Other communities,Universidad Santo Tomás,1,40225,2.486016159105034e-05,3811
Other communities,Universidad de Especialidades Espíritu Santo,1,40225,2.486016159105034e-05,3812
Other communities,Universidad de Los Andes,1,40225,2.486016159105034e-05,3813
Other communities,Universidade Federal do Vale do São Francisco,1,40225,2.486016159105034e-05,3814
Other communities,Universidade de Vigo,1,40225,2.486016159105034e-05,3815
Other communities,Universitas Islam Negeri Sultan Aji Muhammad Idris Samarinda,1,40225,2.486016159105034e-05,3816
Other communities,Universiti Malaysia Sarawak,1,40225,2.486016159105034e-05,3817
Other communities,University Children’s Hospital Bern,1,40225,2.486016159105034e-05,3818
Other communities,University Clinical Centre of Serbia,1,40225,2.486016159105034e-05,3819
Other communities,University College Cork,1,40225,2.486016159105034e-05,3820
Other communities,University College Hospital,1,40225,2.486016159105034e-05,3821
Other communities,University Hospital Kralovske Vinohrady,1,40225,2.486016159105034e-05,3822
Other communities,University Hospital Ostrava,1,40225,2.486016159105034e-05,3823
Other communities,University Hospital of North Durham,1,40225,2.486016159105034e-05,3824
Other communities,University Hospital of Psychiatry Zurich,1,40225,2.486016159105034e-05,3825
Other communities,University Hospitals Dorset NHS Foundation Trust,1,40225,2.486016159105034e-05,3826
Other communities,University Hospitals Seidman Cancer Center,1,40225,2.486016159105034e-05,3827
Other communities,University Hospitals of the Ruhr-University of Bochum,1,40225,2.486016159105034e-05,3828
Other communities,University Medical Center Freiburg,1,40225,2.486016159105034e-05,3829
Other communities,University Teaching Hospital of Butare,1,40225,2.486016159105034e-05,3830
Other communities,University of Alberta Hospital,1,40225,2.486016159105034e-05,3831
Other communities,University of Balamand,1,40225,2.486016159105034e-05,3832
Other communities,University of Bari Aldo Moro,1,40225,2.486016159105034e-05,3833
Other communities,University of Bayreuth,1,40225,2.486016159105034e-05,3834
Other communities,University of Bedfordshire,1,40225,2.486016159105034e-05,3835
Other communities,University of Bengkulu,1,40225,2.486016159105034e-05,3836
Other communities,University of Brasília,1,40225,2.486016159105034e-05,3837
Other communities,University of Chieti-Pescara,1,40225,2.486016159105034e-05,3838
Other communities,University of Clermont Auvergne,1,40225,2.486016159105034e-05,3839
Other communities,University of Colorado Denver,1,40225,2.486016159105034e-05,3840
Other communities,University of Costa Rica,1,40225,2.486016159105034e-05,3841
Other communities,University of Crete,1,40225,2.486016159105034e-05,3842
Other communities,University of Cyprus,1,40225,2.486016159105034e-05,3843
Other communities,University of Debrecen,1,40225,2.486016159105034e-05,3844
Other communities,University of Denver,1,40225,2.486016159105034e-05,3845
Other communities,University of Duisburg-Essen,1,40225,2.486016159105034e-05,3846
Other communities,University of Engineering & Management,1,40225,2.486016159105034e-05,3847
Other communities,University of Florida Health,1,40225,2.486016159105034e-05,3848
Other communities,University of Franche-Comté,1,40225,2.486016159105034e-05,3849
Other communities,University of Girona,1,40225,2.486016159105034e-05,3850
Other communities,University of Greenwich,1,40225,2.486016159105034e-05,3851
Other communities,University of Gävle,1,40225,2.486016159105034e-05,3852
Other communities,University of Health Sciences and Pharmacy,1,40225,2.486016159105034e-05,3853
Other communities,University of Hertfordshire,1,40225,2.486016159105034e-05,3854
Other communities,University of Hildesheim,1,40225,2.486016159105034e-05,3855
Other communities,University of Ioannina,1,40225,2.486016159105034e-05,3856
Other communities,University of Kelaniya,1,40225,2.486016159105034e-05,3857
Other communities,University of Kent,1,40225,2.486016159105034e-05,3858
Other communities,University of KwaZulu-Natal,1,40225,2.486016159105034e-05,3859
Other communities,University of L'Aquila,1,40225,2.486016159105034e-05,3860
Other communities,University of Lugano,1,40225,2.486016159105034e-05,3861
Other communities,University of Malawi,1,40225,2.486016159105034e-05,3862
Other communities,"University of Maryland, Baltimore County",1,40225,2.486016159105034e-05,3863
Other communities,University of Massachusetts Amherst,1,40225,2.486016159105034e-05,3864
Other communities,University of Massachusetts Boston,1,40225,2.486016159105034e-05,3865
Other communities,University of Medicine and Pharmacy of Târgu Mureş,1,40225,2.486016159105034e-05,3866
Other communities,University of Memphis,1,40225,2.486016159105034e-05,3867
Other communities,University of Mississippi Medical Center,1,40225,2.486016159105034e-05,3868
Other communities,University of Missouri–Kansas City,1,40225,2.486016159105034e-05,3869
Other communities,University of Missouri–St. Louis,1,40225,2.486016159105034e-05,3870
Other communities,University of Miyazaki,1,40225,2.486016159105034e-05,3871
Other communities,University of Molise,1,40225,2.486016159105034e-05,3872
Other communities,University of Namur,1,40225,2.486016159105034e-05,3873
Other communities,University of Nicosia,1,40225,2.486016159105034e-05,3874
Other communities,University of North Carolina Project-China; Dermatology Hospital of Southern Medical University,1,40225,2.486016159105034e-05,3875
Other communities,University of North Carolina at Charlotte,1,40225,2.486016159105034e-05,3876
Other communities,University of North Florida,1,40225,2.486016159105034e-05,3877
Other communities,University of Nottingham Ningbo China,1,40225,2.486016159105034e-05,3878
Other communities,University of Oradea,1,40225,2.486016159105034e-05,3879
Other communities,University of Parma,1,40225,2.486016159105034e-05,3880
Other communities,University of Quebec in Montreal,1,40225,2.486016159105034e-05,3881
Other communities,University of Reunion Island,1,40225,2.486016159105034e-05,3882
Other communities,University of Rwanda,1,40225,2.486016159105034e-05,3883
Other communities,University of Salamanca,1,40225,2.486016159105034e-05,3884
Other communities,University of Salzburg,1,40225,2.486016159105034e-05,3885
Other communities,University of San Francisco,1,40225,2.486016159105034e-05,3886
Other communities,University of Santiago Chile,1,40225,2.486016159105034e-05,3887
Other communities,University of Skövde,1,40225,2.486016159105034e-05,3888
Other communities,University of Social Sciences and Humanities,1,40225,2.486016159105034e-05,3889
Other communities,University of South Dakota,1,40225,2.486016159105034e-05,3890
Other communities,University of Split,1,40225,2.486016159105034e-05,3891
Other communities,University of Suwon,1,40225,2.486016159105034e-05,3892
Other communities,University of Szeged,1,40225,2.486016159105034e-05,3893
Other communities,University of Technology Malaysia,1,40225,2.486016159105034e-05,3894
Other communities,University of Thessaly,1,40225,2.486016159105034e-05,3895
Other communities,University of Tikrit,1,40225,2.486016159105034e-05,3896
Other communities,University of Toledo,1,40225,2.486016159105034e-05,3897
Other communities,University of Tours,1,40225,2.486016159105034e-05,3898
Other communities,University of Trás-os-Montes and Alto Douro,1,40225,2.486016159105034e-05,3899
Other communities,University of Ulm,1,40225,2.486016159105034e-05,3900
Other communities,University of Valladolid,1,40225,2.486016159105034e-05,3901
Other communities,University of Vermont Medical Center,1,40225,2.486016159105034e-05,3902
Other communities,University of Veterinary Medicine Hannover,1,40225,2.486016159105034e-05,3903
Other communities,University of Vic,1,40225,2.486016159105034e-05,3904
Other communities,University of Washington Medical Center,1,40225,2.486016159105034e-05,3905
Other communities,University of Waterloo,1,40225,2.486016159105034e-05,3906
Other communities,University of West London,1,40225,2.486016159105034e-05,3907
Other communities,University of Wyoming,1,40225,2.486016159105034e-05,3908
Other communities,University of Würzburg,1,40225,2.486016159105034e-05,3909
Other communities,University of Yamanashi,1,40225,2.486016159105034e-05,3910
Other communities,University of Zaragoza,1,40225,2.486016159105034e-05,3911
Other communities,University of Zimbabwe,1,40225,2.486016159105034e-05,3912
Other communities,University of the West of England,1,40225,2.486016159105034e-05,3913
Other communities,University of the West of Scotland,1,40225,2.486016159105034e-05,3914
Other communities,University ofAntwerp,1,40225,2.486016159105034e-05,3915
Other communities,Universitäts-Herzzentrum Freiburg-Bad Krozingen,1,40225,2.486016159105034e-05,3916
Other communities,Universitätsmedizin Göttingen,1,40225,2.486016159105034e-05,3917
Other communities,Université Catholique de Lille,1,40225,2.486016159105034e-05,3918
Other communities,"Université Paris Cité, Institut Pasteur, AP-HP, Hôpital Européen Georges Pompidou, Service ORL, INSERM, Fondation Pour l’Audition, IHU reConnect, F-75010 Paris, France",1,40225,2.486016159105034e-05,3919
Other communities,Université Sorbonne Paris Nord,1,40225,2.486016159105034e-05,3920
Other communities,Université du Québec en Outaouais,1,40225,2.486016159105034e-05,3921
Other communities,Université du Québec à Trois-Rivières,1,40225,2.486016159105034e-05,3922
Other communities,Urgench State University,1,40225,2.486016159105034e-05,3923
Other communities,Utah State University,1,40225,2.486016159105034e-05,3924
Other communities,VASCage,1,40225,2.486016159105034e-05,3925
Other communities,"Valence Labs, Montreal, Canada",1,40225,2.486016159105034e-05,3926
Other communities,Vall d'Hebron Institut de Recerca,1,40225,2.486016159105034e-05,3927
Other communities,Vanderbilt-Ingram Cancer Center,1,40225,2.486016159105034e-05,3928
Other communities,"Vasculitis Ireland Awareness, Galway, Ireland",1,40225,2.486016159105034e-05,3929
Other communities,Vassar Brothers Medical Center,1,40225,2.486016159105034e-05,3930
Other communities,Verily Life Sciences LLC,1,40225,2.486016159105034e-05,3931
Other communities,Versiti Blood Center of Wisconsin,1,40225,2.486016159105034e-05,3932
Other communities,Vestre Viken Hospital Trust,1,40225,2.486016159105034e-05,3933
Other communities,"Veterans Medical Research Institute, Veterans Health Service Medical Center, Seoul 05368, Republic of Korea;, lyou7688@gmail.com",1,40225,2.486016159105034e-05,3934
Other communities,Victoria Hospital,1,40225,2.486016159105034e-05,3935
Other communities,Victoria University,1,40225,2.486016159105034e-05,3936
Other communities,Victorian Clinical Genetics Services,1,40225,2.486016159105034e-05,3937
Other communities,"Virginia Institute for Psychiatric and Behavioral Genetics, Department of Psychiatry, Richmond, VA, USA",1,40225,2.486016159105034e-05,3938
Other communities,Virginia Mason Medical Center,1,40225,2.486016159105034e-05,3939
Other communities,Virginia Polytechnic Institute and State University,1,40225,2.486016159105034e-05,3940
Other communities,"Viscient Biosciences, 5752 Oberlin Dr., Suite 111, 92121, San Diego, CA, USA",1,40225,2.486016159105034e-05,3941
Other communities,Visvesvaraya Technological University,1,40225,2.486016159105034e-05,3942
Other communities,Voronezh State Medical Academy named after N.N. Burdenko,1,40225,2.486016159105034e-05,3943
Other communities,Walter Reed National Military Medical Center,1,40225,2.486016159105034e-05,3944
Other communities,Walter and Eliza Hall Institute of Medical Research,1,40225,2.486016159105034e-05,3945
Other communities,Wellcome Centre for Cell-Matrix Research,1,40225,2.486016159105034e-05,3946
Other communities,Wellcome Centre for Mitochondrial Research,1,40225,2.486016159105034e-05,3947
Other communities,"Wellcome Trust Center for Human Genetics, Oxford, UK",1,40225,2.486016159105034e-05,3948
Other communities,Wellcome/MRC Institute of Metabolic Science,1,40225,2.486016159105034e-05,3949
Other communities,Wells Fargo and Co,1,40225,2.486016159105034e-05,3950
Other communities,Wenzhou Institute,1,40225,2.486016159105034e-05,3951
Other communities,Wenzhou University,1,40225,2.486016159105034e-05,3952
Other communities,West Suffolk Hospital,1,40225,2.486016159105034e-05,3953
Other communities,West Suffolk NHS Foundation Trust,1,40225,2.486016159105034e-05,3954
Other communities,Western Carolina University,1,40225,2.486016159105034e-05,3955
Other communities,Western Washington University,1,40225,2.486016159105034e-05,3956
Other communities,Westmead Hospital,1,40225,2.486016159105034e-05,3957
Other communities,Westmead Institute for Medical Research,1,40225,2.486016159105034e-05,3958
Other communities,Whipps Cross University Hospital,1,40225,2.486016159105034e-05,3959
Other communities,Wilhelmina Children's Hospital,1,40225,2.486016159105034e-05,3960
Other communities,William S. Middleton Memorial Veterans Hospital,1,40225,2.486016159105034e-05,3961
Other communities,Windesheim University of Applied Sciences,1,40225,2.486016159105034e-05,3962
Other communities,Winship Cancer Institute,1,40225,2.486016159105034e-05,3963
Other communities,Women's and Children's Hospital,1,40225,2.486016159105034e-05,3964
Other communities,Wonkwang University,1,40225,2.486016159105034e-05,3965
Other communities,"Work Done at Google Via Advanced Clinical, Deerfield, IL, USA",1,40225,2.486016159105034e-05,3966
Other communities,"Work Done at Google via Pro Unlimited, Folsom, CA, USA",1,40225,2.486016159105034e-05,3967
Other communities,"World Health Organization (WHO), Brazzaville, Republic of Congo",1,40225,2.486016159105034e-05,3968
Other communities,World Health Organization - Zimbabwe,1,40225,2.486016159105034e-05,3969
Other communities,World Heart Federation,1,40225,2.486016159105034e-05,3970
Other communities,Wright-Patterson Air Force Base,1,40225,2.486016159105034e-05,3971
Other communities,Wuhan City Chinese Medicine Hospital,1,40225,2.486016159105034e-05,3972
Other communities,Wuhan Institute of Physics and Mathematics,1,40225,2.486016159105034e-05,3973
Other communities,Wuhan Institute of Technology,1,40225,2.486016159105034e-05,3974
Other communities,"Wuhan Neuracom Group Co. Ltd, Wuhan, China",1,40225,2.486016159105034e-05,3975
Other communities,Wuhan Prevention and Treatment Center for Occupational Diseases,1,40225,2.486016159105034e-05,3976
Other communities,Wuhan Pulmonary Hospital,1,40225,2.486016159105034e-05,3977
Other communities,Wuhan Sports University,1,40225,2.486016159105034e-05,3978
Other communities,"Wuwei Oncology Hospital, Wuwei, Gansu, China",1,40225,2.486016159105034e-05,3979
Other communities,Wuxi Maternal and Child Health Hospital,1,40225,2.486016159105034e-05,3980
Other communities,Xavier University of Louisiana,1,40225,2.486016159105034e-05,3981
Other communities,Xi'an Medical University,1,40225,2.486016159105034e-05,3982
Other communities,"Xiamen Key Lab of Psychoradiology and Neuromodulation, Department of Radiology, West China Xiamen Hospital of Sichuan University, 699 Jinyuan Xi Road, Jimei District, 361021, Xiamen, Fujian, China",1,40225,2.486016159105034e-05,3983
Other communities,Xiangnan University,1,40225,2.486016159105034e-05,3984
Other communities,Xiangyang Hospital of Traditional Chinese Medicine,1,40225,2.486016159105034e-05,3985
Other communities,Xijing Hospital,1,40225,2.486016159105034e-05,3986
Other communities,Xingtai Medical College,1,40225,2.486016159105034e-05,3987
Other communities,Xingtai People's Hospital,1,40225,2.486016159105034e-05,3988
Other communities,Xinqiao Hospital,1,40225,2.486016159105034e-05,3989
Other communities,Xinxiang Central Hospital,1,40225,2.486016159105034e-05,3990
Other communities,Xinxiang University,1,40225,2.486016159105034e-05,3991
Other communities,Yaan Peoples Hospital,1,40225,2.486016159105034e-05,3992
Other communities,Yahoo AD Tech LLC,1,40225,2.486016159105034e-05,3993
Other communities,"Yale Center for Genome Analysis, West Haven, CT, USA",1,40225,2.486016159105034e-05,3994
Other communities,"Yale Stroke Cntr, New Haven, CT",1,40225,2.486016159105034e-05,3995
Other communities,"Yan'an People's Hospital, Shanxi Province, 716000, PR China. Electronic address: zhqnbh@163.com.",1,40225,2.486016159105034e-05,3996
Other communities,Yanbian University,1,40225,2.486016159105034e-05,3997
Other communities,Yanbian University Hospital,1,40225,2.486016159105034e-05,3998
Other communities,"Yancheng Center for Disease Control and Prevention, Yancheng 224002, China;, tangquan_2008@126.com",1,40225,2.486016159105034e-05,3999
Other communities,Yantaishan Hospital,1,40225,2.486016159105034e-05,4000
Other communities,"Yashi Changhua Intelligent Technology Co., Ltd, Shenzhen, China",1,40225,2.486016159105034e-05,4001
Other communities,Yasuda Women's University,1,40225,2.486016159105034e-05,4002
Other communities,Yichang Central People's Hospital,1,40225,2.486016159105034e-05,4003
Other communities,"Yinzhou District Center for Disease Control and Prevention, Ningbo, China",1,40225,2.486016159105034e-05,4004
Other communities,"Yinzhou District Health Bureau of Ningbo, Ningbo 315040, China",1,40225,2.486016159105034e-05,4005
Other communities,Yogyakarta State University,1,40225,2.486016159105034e-05,4006
Other communities,Yuan Ze University,1,40225,2.486016159105034e-05,4007
Other communities,Yuncheng Central Hospital,1,40225,2.486016159105034e-05,4008
Other communities,"Yunnan Key Laboratory of Screening and Research on Anti-pathogenic Plant Resources from West Yunnan (Cultivation), Dali, Yunnan, China",1,40225,2.486016159105034e-05,4009
Other communities,"Yunnan TBH Biotech & Natural Resources Exploitation Co., Ltd, Kunming, China.",1,40225,2.486016159105034e-05,4010
Other communities,Zanjan University of Medical Sciences,1,40225,2.486016159105034e-05,4011
Other communities,Zaozhuang Municipal Hospital,1,40225,2.486016159105034e-05,4012
Other communities,Zealand University Hospital Køge,1,40225,2.486016159105034e-05,4013
Other communities,Zhejiang Normal University,1,40225,2.486016159105034e-05,4014
Other communities,"Zhejiang Provincial Center for Drug and Medical Device Procurement, Hangzhou, China",1,40225,2.486016159105034e-05,4015
Other communities,Zhejiang Sci-Tech University,1,40225,2.486016159105034e-05,4016
Other communities,Zhengzhou People's Hospital,1,40225,2.486016159105034e-05,4017
Other communities,Zhengzhou Railway Vocational & Technical College,1,40225,2.486016159105034e-05,4018
Other communities,"Zhenhong He, Youcun Zheng, and Jingxuan Ni contribute equally to this study.",1,40225,2.486016159105034e-05,4019
Other communities,Zhenjiang City Fourth People's Hospital,1,40225,2.486016159105034e-05,4020
Other communities,Zhoushan Hospital,1,40225,2.486016159105034e-05,4021
Other communities,Zucker Hillside Hospital,1,40225,2.486016159105034e-05,4022
Other communities,"deCODE genetics/Amgen, Inc., 102, Reykjavik, Iceland",1,40225,2.486016159105034e-05,4023
Other communities,for the Geisinger MyCode Community Health Initiative and the Regeneron Genetics Center (RGC) Research Team,1,40225,2.486016159105034e-05,4024
Other communities,"iSoftStone Information Technology (Group) Co., Ltd",1,40225,2.486016159105034e-05,4025
Other communities,l'Hôpital Pontchaillou,1,40225,2.486016159105034e-05,4026
Other communities,Örebro University Hospital,1,40225,2.486016159105034e-05,4027
Other communities,Østfold University College,1,40225,2.486016159105034e-05,4028
Other communities,上海海洋大学食品学院，上海 201306,1,40225,2.486016159105034e-05,4029
Other communities,中南大学湘雅医院心血管内科，长沙 410008,1,40225,2.486016159105034e-05,4030
Other communities,南华大学附属第一医院烧伤整形与创面修复中心，衡阳 421001,1,40225,2.486016159105034e-05,4031
Other communities,宁波大学医学部公共卫生学院，宁波 315211,1,40225,2.486016159105034e-05,4032
Other communities,山东大学齐鲁医学院公共卫生学院生物统计学系，济南 250012,1,40225,2.486016159105034e-05,4033
Other communities,福建医科大学附属第二医院药学部，泉州 362000,1,40225,2.486016159105034e-05,4034
