community,modal_for_l4,n_authors,group_authors,author_share,rank
1,Genetics,3654,6959,0.5250754418738325,1
1,Epidemiology,1271,6959,0.18264118407817215,2
1,Clinical Sciences,619,6959,0.08894956171863773,3
1,Biological Psychology,460,6959,0.06610145135795373,4
1,Cardiovascular Medicine and Haematology,325,6959,0.04670211237246731,5
1,Medical Biochemistry and Metabolomics,96,6959,0.013795085500790344,6
1,Public Health,52,6959,0.00747233797959477,7
1,Pharmacology and Pharmaceutical Sciences,42,6959,0.006035349906595776,8
1,Biochemistry and Cell Biology,41,6959,0.005891651099295876,9
1,Bioinformatics and Computational Biology,41,6959,0.005891651099295876,10
1,Medical Physiology,36,6959,0.005173157062796379,11
1,Reproductive Medicine,35,6959,0.0050294582554964795,12
1,Unclassified,34,6959,0.00488575944819658,13
1,Nutrition and Dietetics,32,6959,0.0045983618335967815,14
1,Immunology,28,6959,0.0040235666043971835,15
1,Evolutionary Biology,25,6959,0.0035924701824974854,16
1,Oncology and Carcinogenesis,25,6959,0.0035924701824974854,17
1,Ophthalmology and Optometry,20,6959,0.0028739761459979883,18
1,Health Services and Systems,18,6959,0.0025865785313981893,19
1,Dentistry,12,6959,0.001724385687598793,20
1,Machine Learning,12,6959,0.001724385687598793,21
1,Allied Health and Rehabilitation Science,10,6959,0.0014369880729989942,22
1,Anthropology,10,6959,0.0014369880729989942,23
1,Applied and Developmental Psychology,10,6959,0.0014369880729989942,24
1,Ecological Applications,10,6959,0.0014369880729989942,25
1,Agricultural Biotechnology,8,6959,0.0011495904583991954,26
1,Statistics,6,6959,0.0008621928437993965,27
1,Ecology,5,6959,0.0007184940364994971,28
1,Demography,4,6959,0.0005747952291995977,29
1,Clinical and Health Psychology,3,6959,0.00043109642189969824,30
1,Sports Science and Exercise,3,6959,0.00043109642189969824,31
1,Analytical Chemistry,2,6959,0.00028739761459979884,32
1,Data Management and Data Science,2,6959,0.00028739761459979884,33
1,Midwifery,2,6959,0.00028739761459979884,34
1,Neurosciences,2,6959,0.00028739761459979884,35
1,Applied Economics,1,6959,0.00014369880729989942,36
1,Biomedical Engineering,1,6959,0.00014369880729989942,37
1,Food Sciences,1,6959,0.00014369880729989942,38
1,Social and Personality Psychology,1,6959,0.00014369880729989942,39
2,Oncology and Carcinogenesis,1102,3657,0.30133989608969103,1
2,Genetics,980,3657,0.26797921793820073,2
2,Epidemiology,629,3657,0.17199890620727373,3
2,Clinical Sciences,385,3657,0.10527754990429314,4
2,Cardiovascular Medicine and Haematology,122,3657,0.03336067815149029,5
2,Nutrition and Dietetics,118,3657,0.03226688542521192,6
2,Health Services and Systems,102,3657,0.02789171452009844,7
2,Public Health,43,3657,0.01175827180749248,8
2,Immunology,33,3657,0.009023789991796555,9
2,Medical Biochemistry and Metabolomics,25,3657,0.006836204539239814,10
2,Biochemistry and Cell Biology,22,3657,0.006015859994531037,11
2,Unclassified,20,3657,0.005468963631391851,12
2,Reproductive Medicine,17,3657,0.004648619086683074,13
2,Pharmacology and Pharmaceutical Sciences,11,3657,0.0030079299972655183,14
2,Statistics,10,3657,0.0027344818156959257,15
2,Dentistry,9,3657,0.002461033634126333,16
2,Bioinformatics and Computational Biology,8,3657,0.0021875854525567405,17
2,Ophthalmology and Optometry,7,3657,0.0019141372709871479,18
2,"Agriculture, Land and Farm Management",3,3657,0.0008203445447087777,19
2,Biological Psychology,3,3657,0.0008203445447087777,20
2,Machine Learning,3,3657,0.0008203445447087777,21
2,Sports Science and Exercise,2,3657,0.0005468963631391851,22
2,Analytical Chemistry,1,3657,0.00027344818156959256,23
2,Distributed Computing and Systems Software,1,3657,0.00027344818156959256,24
2,Software Engineering,1,3657,0.00027344818156959256,25
3,Biological Psychology,1411,2646,0.5332577475434618,1
3,Genetics,381,2646,0.14399092970521543,2
3,Clinical Sciences,228,2646,0.08616780045351474,3
3,Epidemiology,154,2646,0.0582010582010582,4
3,Machine Learning,117,2646,0.04421768707482993,5
3,Unclassified,107,2646,0.040438397581254726,6
3,Pharmacology and Pharmaceutical Sciences,30,2646,0.011337868480725623,7
3,Health Services and Systems,28,2646,0.010582010582010581,8
3,Social and Personality Psychology,18,2646,0.006802721088435374,9
3,Statistics,17,2646,0.006424792139077854,10
3,Cardiovascular Medicine and Haematology,13,2646,0.0049130763416477706,11
3,Specialist Studies In Education,13,2646,0.0049130763416477706,12
3,Bioinformatics and Computational Biology,12,2646,0.0045351473922902496,13
3,Ophthalmology and Optometry,12,2646,0.0045351473922902496,14
3,Computer Vision and Multimedia Computation,11,2646,0.0041572184429327285,15
3,Neurosciences,11,2646,0.0041572184429327285,16
3,Biomedical Engineering,9,2646,0.003401360544217687,17
3,Data Management and Data Science,9,2646,0.003401360544217687,18
3,Public Health,9,2646,0.003401360544217687,19
3,Applied and Developmental Psychology,7,2646,0.0026455026455026454,20
3,Nutrition and Dietetics,6,2646,0.0022675736961451248,21
3,Medical Physiology,5,2646,0.001889644746787604,22
3,Paediatrics,5,2646,0.001889644746787604,23
3,Applied Ethics,4,2646,0.0015117157974300832,24
3,Clinical and Health Psychology,4,2646,0.0015117157974300832,25
3,Immunology,4,2646,0.0015117157974300832,26
3,Software Engineering,4,2646,0.0015117157974300832,27
3,Medical Biochemistry and Metabolomics,3,2646,0.0011337868480725624,28
3,Reproductive Medicine,3,2646,0.0011337868480725624,29
3,Allied Health and Rehabilitation Science,2,2646,0.0007558578987150416,30
3,"Graphics, Augmented Reality and Games",2,2646,0.0007558578987150416,31
3,Materials Engineering,2,2646,0.0007558578987150416,32
3,Anthropology,1,2646,0.0003779289493575208,33
3,Atmospheric Sciences,1,2646,0.0003779289493575208,34
3,Building,1,2646,0.0003779289493575208,35
3,Distributed Computing and Systems Software,1,2646,0.0003779289493575208,36
3,Zoology,1,2646,0.0003779289493575208,37
4,Genetics,1009,2207,0.45718169460806524,1
4,Epidemiology,843,2207,0.38196647032170367,2
4,Health Services and Systems,167,2207,0.07566832804712278,3
4,Immunology,54,2207,0.024467603081105575,4
4,Medical Microbiology,53,2207,0.02401449932034436,5
4,Oncology and Carcinogenesis,26,2207,0.011780697779791573,6
4,Clinical Sciences,23,2207,0.01042138649750793,7
4,Cardiovascular Medicine and Haematology,17,2207,0.007702763932940644,8
4,Public Health,15,2207,0.006796556411418215,9
5,Genetics,796,2086,0.3815915627996165,1
5,Epidemiology,248,2086,0.11888782358581017,2
5,Clinical Sciences,199,2086,0.09539789069990412,3
5,Cardiovascular Medicine and Haematology,194,2086,0.09300095877277086,4
5,Biochemistry and Cell Biology,101,2086,0.048418024928092045,5
5,Health Services and Systems,61,2086,0.029242569511025888,6
5,Biological Psychology,46,2086,0.02205177372962608,7
5,Paediatrics,44,2086,0.02109300095877277,8
5,Public Health,39,2086,0.018696069031639503,9
5,Unclassified,35,2086,0.016778523489932886,10
5,Bioinformatics and Computational Biology,32,2086,0.015340364333652923,11
5,Immunology,31,2086,0.014860977948226271,12
5,Nutrition and Dietetics,31,2086,0.014860977948226271,13
5,Ophthalmology and Optometry,27,2086,0.012943432406519654,14
5,Reproductive Medicine,26,2086,0.012464046021093002,15
5,Medical Biotechnology,25,2086,0.011984659635666348,16
5,Cognitive and Computational Psychology,24,2086,0.011505273250239693,17
5,Pharmacology and Pharmaceutical Sciences,23,2086,0.01102588686481304,18
5,Oncology and Carcinogenesis,21,2086,0.010067114093959731,19
5,Medical Biochemistry and Metabolomics,19,2086,0.009108341323106424,20
5,Medical Physiology,18,2086,0.00862895493767977,21
5,Dentistry,16,2086,0.007670182166826462,22
5,Agricultural Biotechnology,11,2086,0.0052732502396931925,23
5,Microbiology,11,2086,0.0052732502396931925,24
5,Statistics,5,2086,0.0023969319271332696,25
5,Machine Learning,3,2086,0.0014381591562799617,26
6,Genetics,461,1948,0.236652977412731,1
6,Epidemiology,448,1948,0.2299794661190965,2
6,Clinical Sciences,359,1948,0.18429158110882957,3
6,Cardiovascular Medicine and Haematology,217,1948,0.11139630390143737,4
6,Biochemistry and Cell Biology,53,1948,0.027207392197125257,5
6,Oncology and Carcinogenesis,50,1948,0.02566735112936345,6
6,Bioinformatics and Computational Biology,41,1948,0.02104722792607803,7
6,Pharmacology and Pharmaceutical Sciences,37,1948,0.018993839835728953,8
6,Medical Physiology,33,1948,0.016940451745379878,9
6,Unclassified,30,1948,0.015400410677618069,10
6,Neurosciences,26,1948,0.013347022587268994,11
6,Health Services and Systems,23,1948,0.011806981519507187,12
6,Public Health,21,1948,0.010780287474332649,13
6,Biomedical Engineering,18,1948,0.009240246406570842,14
6,Biological Psychology,16,1948,0.008213552361396304,15
6,Machine Learning,16,1948,0.008213552361396304,16
6,Microbiology,16,1948,0.008213552361396304,17
6,Medical Biochemistry and Metabolomics,14,1948,0.007186858316221766,18
6,Nutrition and Dietetics,14,1948,0.007186858316221766,19
6,Medical Biotechnology,12,1948,0.006160164271047228,20
6,Statistics,11,1948,0.005646817248459959,21
6,Applied Computing,10,1948,0.00513347022587269,22
6,Medical Microbiology,10,1948,0.00513347022587269,23
6,Immunology,7,1948,0.003593429158110883,24
6,Computer Vision and Multimedia Computation,2,1948,0.001026694045174538,25
6,Sports Science and Exercise,2,1948,0.001026694045174538,26
6,Reproductive Medicine,1,1948,0.000513347022587269,27
7,Clinical Sciences,518,1819,0.2847718526663002,1
7,Cardiovascular Medicine and Haematology,476,1819,0.2616822429906542,2
7,Genetics,231,1819,0.12699285321605278,3
7,Epidemiology,131,1819,0.0720175920835624,4
7,Health Services and Systems,85,1819,0.04672897196261682,5
7,Unclassified,46,1819,0.025288620120945574,6
7,Machine Learning,42,1819,0.02308960967564596,7
7,Biological Psychology,35,1819,0.019241341396371632,8
7,Computer Vision and Multimedia Computation,34,1819,0.018691588785046728,9
7,Biomedical Engineering,28,1819,0.015393073117097306,10
7,Medical and Biological Physics,28,1819,0.015393073117097306,11
7,Public Health,28,1819,0.015393073117097306,12
7,Reproductive Medicine,26,1819,0.014293567894447499,13
7,"Graphics, Augmented Reality and Games",18,1819,0.009895547003848268,14
7,Data Management and Data Science,11,1819,0.006047278724573941,15
7,Pharmacology and Pharmaceutical Sciences,9,1819,0.004947773501924134,16
7,Allied Health and Rehabilitation Science,7,1819,0.0038482682792743265,17
7,Human Resources and Industrial Relations,7,1819,0.0038482682792743265,18
7,Medical Biochemistry and Metabolomics,6,1819,0.003298515667949423,19
7,Ophthalmology and Optometry,6,1819,0.003298515667949423,20
7,Applied and Developmental Psychology,5,1819,0.002748763056624519,21
7,Bioinformatics and Computational Biology,5,1819,0.002748763056624519,22
7,Communications Engineering,5,1819,0.002748763056624519,23
7,Medical Microbiology,5,1819,0.002748763056624519,24
7,Fluid Mechanics and Thermal Engineering,4,1819,0.0021990104452996153,25
7,Nutrition and Dietetics,4,1819,0.0021990104452996153,26
7,Human Geography,3,1819,0.0016492578339747114,27
7,Oncology and Carcinogenesis,3,1819,0.0016492578339747114,28
7,Statistics,3,1819,0.0016492578339747114,29
7,Distributed Computing and Systems Software,2,1819,0.0010995052226498076,30
7,Neurosciences,2,1819,0.0010995052226498076,31
7,Artificial Intelligence,1,1819,0.0005497526113249038,32
7,Dentistry,1,1819,0.0005497526113249038,33
7,Information Systems,1,1819,0.0005497526113249038,34
7,Medical Physiology,1,1819,0.0005497526113249038,35
7,Sports Science and Exercise,1,1819,0.0005497526113249038,36
7,Veterinary Sciences,1,1819,0.0005497526113249038,37
8,Ophthalmology and Optometry,578,1649,0.35051546391752575,1
8,Genetics,292,1649,0.17707701637355974,2
8,Clinical Sciences,168,1649,0.10187992722862341,3
8,Epidemiology,128,1649,0.07762280169799879,4
8,Health Services and Systems,79,1649,0.04790782292298363,5
8,Cardiovascular Medicine and Haematology,61,1649,0.03699211643420255,6
8,Oncology and Carcinogenesis,40,1649,0.02425712553062462,7
8,Biomedical Engineering,39,1649,0.023650697392359005,8
8,Public Health,35,1649,0.021224984839296544,9
8,Biological Psychology,28,1649,0.016979987871437233,10
8,Nutrition and Dietetics,24,1649,0.014554275318374773,11
8,Unclassified,22,1649,0.013341419041843541,12
8,Biochemistry and Cell Biology,20,1649,0.01212856276531231,13
8,Bioinformatics and Computational Biology,18,1649,0.010915706488781079,14
8,Medical Physiology,18,1649,0.010915706488781079,15
8,Machine Learning,17,1649,0.010309278350515464,16
8,Reproductive Medicine,14,1649,0.008489993935718617,17
8,Medical Biochemistry and Metabolomics,12,1649,0.0072771376591873865,18
8,Allied Health and Rehabilitation Science,11,1649,0.0066707095209217705,19
8,Neurosciences,11,1649,0.0066707095209217705,20
8,Civil Engineering,8,1649,0.004851425106124924,21
8,Applied and Developmental Psychology,7,1649,0.004244996967859308,22
8,Pharmacology and Pharmaceutical Sciences,5,1649,0.0030321406913280777,23
8,Agricultural Biotechnology,4,1649,0.002425712553062462,24
8,Dentistry,3,1649,0.0018192844147968466,25
8,Gender Studies,3,1649,0.0018192844147968466,26
8,"Graphics, Augmented Reality and Games",2,1649,0.001212856276531231,27
8,Computer Vision and Multimedia Computation,1,1649,0.0006064281382656155,28
8,Human-Centred Computing,1,1649,0.0006064281382656155,29
9,Cardiovascular Medicine and Haematology,398,1520,0.2618421052631579,1
9,Genetics,344,1520,0.22631578947368422,2
9,Epidemiology,250,1520,0.16447368421052633,3
9,Clinical Sciences,198,1520,0.13026315789473683,4
9,Public Health,93,1520,0.06118421052631579,5
9,Health Services and Systems,58,1520,0.038157894736842106,6
9,Immunology,41,1520,0.026973684210526316,7
9,Ophthalmology and Optometry,30,1520,0.019736842105263157,8
9,Biological Psychology,22,1520,0.014473684210526316,9
9,Machine Learning,11,1520,0.007236842105263158,10
9,Pollution and Contamination,11,1520,0.007236842105263158,11
9,Oncology and Carcinogenesis,10,1520,0.006578947368421052,12
9,Pharmacology and Pharmaceutical Sciences,10,1520,0.006578947368421052,13
9,Biochemistry and Cell Biology,9,1520,0.0059210526315789476,14
9,Applied Computing,7,1520,0.004605263157894736,15
9,Bioinformatics and Computational Biology,6,1520,0.003947368421052632,16
9,Nutrition and Dietetics,6,1520,0.003947368421052632,17
9,Unclassified,5,1520,0.003289473684210526,18
9,Information Systems,3,1520,0.001973684210526316,19
9,Medical Biochemistry and Metabolomics,3,1520,0.001973684210526316,20
9,Reproductive Medicine,3,1520,0.001973684210526316,21
9,Human Resources and Industrial Relations,1,1520,0.0006578947368421052,22
9,Neurosciences,1,1520,0.0006578947368421052,23
10,Clinical Sciences,340,1519,0.2238314680710994,1
10,Genetics,331,1519,0.21790651744568795,2
10,Epidemiology,273,1519,0.17972350230414746,3
10,Biological Psychology,159,1519,0.10467412771560237,4
10,Neurosciences,100,1519,0.06583278472679395,5
10,Biochemistry and Cell Biology,83,1519,0.05464121132323897,6
10,Unclassified,83,1519,0.05464121132323897,7
10,Medical Biochemistry and Metabolomics,40,1519,0.026333113890717578,8
10,Health Services and Systems,35,1519,0.02304147465437788,9
10,Statistics,12,1519,0.007899934167215274,10
10,Reproductive Medicine,11,1519,0.007241606319947334,11
10,Cardiovascular Medicine and Haematology,10,1519,0.0065832784726793945,12
10,Bioinformatics and Computational Biology,9,1519,0.005924950625411455,13
10,Ophthalmology and Optometry,9,1519,0.005924950625411455,14
10,Oncology and Carcinogenesis,7,1519,0.004608294930875576,15
10,Medicinal and Biomolecular Chemistry,5,1519,0.0032916392363396972,16
10,Immunology,4,1519,0.0026333113890717576,17
10,Analytical Chemistry,3,1519,0.0019749835418038184,18
10,Machine Learning,3,1519,0.0019749835418038184,19
10,Econometrics,1,1519,0.0006583278472679394,20
10,Pharmacology and Pharmaceutical Sciences,1,1519,0.0006583278472679394,21
11,Cardiovascular Medicine and Haematology,336,1505,0.22325581395348837,1
11,Genetics,334,1505,0.22192691029900333,2
11,Epidemiology,304,1505,0.2019933554817276,3
11,Clinical Sciences,144,1505,0.09568106312292358,4
11,Bioinformatics and Computational Biology,67,1505,0.04451827242524917,5
11,Oncology and Carcinogenesis,43,1505,0.02857142857142857,6
11,Ophthalmology and Optometry,40,1505,0.026578073089700997,7
11,Biochemistry and Cell Biology,31,1505,0.020598006644518274,8
11,Biological Psychology,27,1505,0.017940199335548173,9
11,Sports Science and Exercise,27,1505,0.017940199335548173,10
11,Medical Biochemistry and Metabolomics,22,1505,0.014617940199335547,11
11,Health Services and Systems,19,1505,0.012624584717607974,12
11,Medical Physiology,17,1505,0.011295681063122924,13
11,Reproductive Medicine,17,1505,0.011295681063122924,14
11,Medical Biotechnology,15,1505,0.009966777408637873,15
11,Unclassified,15,1505,0.009966777408637873,16
11,Medical Microbiology,13,1505,0.008637873754152824,17
11,"Graphics, Augmented Reality and Games",11,1505,0.007308970099667774,18
11,Public Health,6,1505,0.003986710963455149,19
11,Fluid Mechanics and Thermal Engineering,5,1505,0.0033222591362126247,20
11,Machine Learning,4,1505,0.0026578073089701,21
11,Nutrition and Dietetics,2,1505,0.00132890365448505,22
11,Pharmacology and Pharmaceutical Sciences,2,1505,0.00132890365448505,23
11,Statistics,2,1505,0.00132890365448505,24
11,Allied Health and Rehabilitation Science,1,1505,0.000664451827242525,25
11,Clinical and Health Psychology,1,1505,0.000664451827242525,26
12,Biological Psychology,396,1497,0.26452905811623245,1
12,Clinical Sciences,334,1497,0.22311289245156982,2
12,Epidemiology,166,1497,0.11088844355377421,3
12,Health Services and Systems,115,1497,0.07682030728122913,4
12,Genetics,111,1497,0.07414829659318638,5
12,Public Health,104,1497,0.06947227788911156,6
12,Nutrition and Dietetics,68,1497,0.04542418169672679,7
12,Cardiovascular Medicine and Haematology,52,1497,0.03473613894455578,8
12,Biochemistry and Cell Biology,35,1497,0.02338009352037408,9
12,Pharmacology and Pharmaceutical Sciences,16,1497,0.01068804275217101,10
12,Unclassified,12,1497,0.008016032064128256,11
12,Clinical and Health Psychology,10,1497,0.006680026720106881,12
12,Dentistry,9,1497,0.006012024048096192,13
12,Social and Personality Psychology,9,1497,0.006012024048096192,14
12,Oncology and Carcinogenesis,8,1497,0.005344021376085505,15
12,Public Law,7,1497,0.004676018704074816,16
12,Reproductive Medicine,7,1497,0.004676018704074816,17
12,"Agriculture, Land and Farm Management",6,1497,0.004008016032064128,18
12,Applied and Developmental Psychology,6,1497,0.004008016032064128,19
12,Immunology,5,1497,0.0033400133600534404,20
12,"Graphics, Augmented Reality and Games",3,1497,0.002004008016032064,21
12,Neurosciences,3,1497,0.002004008016032064,22
12,Statistics,3,1497,0.002004008016032064,23
12,Allied Health and Rehabilitation Science,2,1497,0.0013360053440213762,24
12,Medical Biochemistry and Metabolomics,2,1497,0.0013360053440213762,25
12,Ophthalmology and Optometry,2,1497,0.0013360053440213762,26
12,Policy and Administration,2,1497,0.0013360053440213762,27
12,Human Resources and Industrial Relations,1,1497,0.0006680026720106881,28
12,Machine Learning,1,1497,0.0006680026720106881,29
12,Midwifery,1,1497,0.0006680026720106881,30
12,Social Work,1,1497,0.0006680026720106881,31
13,Clinical Sciences,451,1421,0.31738212526389864,1
13,Epidemiology,422,1421,0.29697396199859255,2
13,Genetics,269,1421,0.1893033075299085,3
13,Cardiovascular Medicine and Haematology,75,1421,0.05277973258268825,4
13,Biochemistry and Cell Biology,36,1421,0.025334271639690358,5
13,Biological Psychology,20,1421,0.014074595355383532,6
13,Nutrition and Dietetics,14,1421,0.009852216748768473,7
13,Reproductive Medicine,14,1421,0.009852216748768473,8
13,Unclassified,14,1421,0.009852216748768473,9
13,Statistics,11,1421,0.007741027445460943,10
13,Allied Health and Rehabilitation Science,10,1421,0.007037297677691766,11
13,Medical Biochemistry and Metabolomics,10,1421,0.007037297677691766,12
13,Public Health,10,1421,0.007037297677691766,13
13,Midwifery,9,1421,0.0063335679099225895,14
13,Immunology,8,1421,0.005629838142153413,15
13,Oncology and Carcinogenesis,8,1421,0.005629838142153413,16
13,Sports Science and Exercise,8,1421,0.005629838142153413,17
13,Health Services and Systems,7,1421,0.0049261083743842365,18
13,Bioinformatics and Computational Biology,4,1421,0.0028149190710767065,19
13,Dentistry,3,1421,0.00211118930330753,20
13,Human Geography,3,1421,0.00211118930330753,21
13,Ophthalmology and Optometry,3,1421,0.00211118930330753,22
13,Pharmacology and Pharmaceutical Sciences,3,1421,0.00211118930330753,23
13,Applied Economics,2,1421,0.0014074595355383533,24
13,Clinical and Health Psychology,2,1421,0.0014074595355383533,25
13,Medical Microbiology,2,1421,0.0014074595355383533,26
13,Cognitive and Computational Psychology,1,1421,0.0007037297677691766,27
13,"Education Policy, Sociology and Philosophy",1,1421,0.0007037297677691766,28
13,Evolutionary Biology,1,1421,0.0007037297677691766,29
14,Clinical Sciences,363,1283,0.2829306313328137,1
14,Genetics,289,1283,0.22525331254871395,2
14,Epidemiology,185,1283,0.1441932969602494,3
14,Oncology and Carcinogenesis,69,1283,0.05378020265003897,4
14,Cardiovascular Medicine and Haematology,62,1283,0.048324240062353856,5
14,Bioinformatics and Computational Biology,48,1283,0.037412314886983634,6
14,Biochemistry and Cell Biology,46,1283,0.03585346843335931,7
14,Biological Psychology,44,1283,0.034294621979735,8
14,Health Services and Systems,34,1283,0.026500389711613406,9
14,Medical Biochemistry and Metabolomics,31,1283,0.024162120031176928,10
14,Reproductive Medicine,15,1283,0.011691348402182385,11
14,Public Health,13,1283,0.010132501948558068,12
14,Machine Learning,11,1283,0.00857365549493375,13
14,Unclassified,11,1283,0.00857365549493375,14
14,Paediatrics,10,1283,0.00779423226812159,15
14,Nutrition and Dietetics,9,1283,0.007014809041309431,16
14,Applied Computing,8,1283,0.006235385814497272,17
14,Applied Ethics,6,1283,0.004676539360872954,18
14,Clinical and Health Psychology,6,1283,0.004676539360872954,19
14,Medical Physiology,6,1283,0.004676539360872954,20
14,Allied Health and Rehabilitation Science,4,1283,0.003117692907248636,21
14,Pharmacology and Pharmaceutical Sciences,4,1283,0.003117692907248636,22
14,Dentistry,3,1283,0.002338269680436477,23
14,Immunology,3,1283,0.002338269680436477,24
14,Human Resources and Industrial Relations,1,1283,0.000779423226812159,25
14,Sports Science and Exercise,1,1283,0.000779423226812159,26
14,Statistics,1,1283,0.000779423226812159,27
15,Biological Psychology,480,1279,0.3752931978107897,1
15,Genetics,387,1279,0.30258014073494915,2
15,Clinical Sciences,105,1279,0.08209538702111024,3
15,Epidemiology,101,1279,0.07896794370602032,4
15,Pharmacology and Pharmaceutical Sciences,58,1279,0.04534792806880375,5
15,Clinical and Health Psychology,24,1279,0.018764659890539485,6
15,Cardiovascular Medicine and Haematology,20,1279,0.01563721657544957,7
15,Applied and Developmental Psychology,14,1279,0.0109460516028147,8
15,Immunology,13,1279,0.010164190774042221,9
15,Ophthalmology and Optometry,12,1279,0.009382329945269743,10
15,Unclassified,12,1279,0.009382329945269743,11
15,Neurosciences,10,1279,0.007818608287724784,12
15,Biochemistry and Cell Biology,6,1279,0.004691164972634871,13
15,Allied Health and Rehabilitation Science,4,1279,0.003127443315089914,14
15,Nutrition and Dietetics,4,1279,0.003127443315089914,15
15,Social and Personality Psychology,4,1279,0.003127443315089914,16
15,Cognitive and Computational Psychology,3,1279,0.0023455824863174357,17
15,Health Services and Systems,3,1279,0.0023455824863174357,18
15,Machine Learning,3,1279,0.0023455824863174357,19
15,Public Health,3,1279,0.0023455824863174357,20
15,Applied Economics,2,1279,0.001563721657544957,21
15,Artificial Intelligence,2,1279,0.001563721657544957,22
15,Human Resources and Industrial Relations,2,1279,0.001563721657544957,23
15,Reproductive Medicine,2,1279,0.001563721657544957,24
15,Statistics,2,1279,0.001563721657544957,25
15,Gender Studies,1,1279,0.0007818608287724785,26
15,Oncology and Carcinogenesis,1,1279,0.0007818608287724785,27
15,Paediatrics,1,1279,0.0007818608287724785,28
16,Epidemiology,292,1114,0.2621184919210054,1
16,Clinical Sciences,285,1114,0.25583482944344704,2
16,Cardiovascular Medicine and Haematology,124,1114,0.11131059245960502,3
16,Nutrition and Dietetics,88,1114,0.07899461400359066,4
16,Public Health,63,1114,0.05655296229802514,5
16,Biological Psychology,61,1114,0.05475763016157989,6
16,Genetics,25,1114,0.02244165170556553,7
16,Medical Biochemistry and Metabolomics,25,1114,0.02244165170556553,8
16,Unclassified,21,1114,0.018850987432675045,9
16,Reproductive Medicine,15,1114,0.013464991023339317,10
16,Biochemistry and Cell Biology,13,1114,0.011669658886894075,11
16,Health Services and Systems,13,1114,0.011669658886894075,12
16,Paediatrics,11,1114,0.009874326750448833,13
16,Ophthalmology and Optometry,10,1114,0.008976660682226212,14
16,Neurosciences,9,1114,0.00807899461400359,15
16,Oncology and Carcinogenesis,9,1114,0.00807899461400359,16
16,Pharmacology and Pharmaceutical Sciences,9,1114,0.00807899461400359,17
16,Immunology,6,1114,0.005385996409335727,18
16,Statistics,6,1114,0.005385996409335727,19
16,Analytical Chemistry,5,1114,0.004488330341113106,20
16,Atmospheric Sciences,5,1114,0.004488330341113106,21
16,Machine Learning,5,1114,0.004488330341113106,22
16,Chemical Engineering,4,1114,0.003590664272890485,23
16,Medical Physiology,4,1114,0.003590664272890485,24
16,Food Sciences,2,1114,0.0017953321364452424,25
16,Policy and Administration,2,1114,0.0017953321364452424,26
16,Pollution and Contamination,2,1114,0.0017953321364452424,27
17,Genetics,450,1113,0.40431266846361186,1
17,Epidemiology,227,1113,0.20395327942497754,2
17,Bioinformatics and Computational Biology,102,1113,0.09164420485175202,3
17,Clinical Sciences,72,1113,0.0646900269541779,4
17,Ophthalmology and Optometry,46,1113,0.04132973944294699,5
17,Biological Psychology,41,1113,0.036837376460017966,6
17,Biomedical Engineering,32,1113,0.028751123090745734,7
17,Oncology and Carcinogenesis,23,1113,0.020664869721473494,8
17,Machine Learning,18,1113,0.016172506738544475,9
17,Immunology,15,1113,0.013477088948787063,10
17,Public Health,15,1113,0.013477088948787063,11
17,Biochemistry and Cell Biology,14,1113,0.012578616352201259,12
17,Cardiovascular Medicine and Haematology,11,1113,0.009883198562443846,13
17,Health Services and Systems,11,1113,0.009883198562443846,14
17,Archaeology,10,1113,0.008984725965858042,15
17,Anthropology,6,1113,0.005390835579514825,16
17,Reproductive Medicine,5,1113,0.004492362982929021,17
17,Statistics,5,1113,0.004492362982929021,18
17,Cybersecurity and Privacy,3,1113,0.0026954177897574125,19
17,Medical and Biological Physics,2,1113,0.0017969451931716084,20
17,"Graphics, Augmented Reality and Games",1,1113,0.0008984725965858042,21
17,Medical Biochemistry and Metabolomics,1,1113,0.0008984725965858042,22
17,Medical Biotechnology,1,1113,0.0008984725965858042,23
17,Neurosciences,1,1113,0.0008984725965858042,24
17,Unclassified,1,1113,0.0008984725965858042,25
18,Clinical Sciences,284,1064,0.2669172932330827,1
18,Epidemiology,281,1064,0.2640977443609023,2
18,Public Health,92,1064,0.08646616541353383,3
18,Cardiovascular Medicine and Haematology,89,1064,0.08364661654135339,4
18,Nutrition and Dietetics,79,1064,0.07424812030075188,5
18,Health Services and Systems,68,1064,0.06390977443609022,6
18,Biological Psychology,37,1064,0.03477443609022556,7
18,Oncology and Carcinogenesis,23,1064,0.021616541353383457,8
18,Ophthalmology and Optometry,20,1064,0.018796992481203006,9
18,Medical Biochemistry and Metabolomics,19,1064,0.017857142857142856,10
18,Genetics,14,1064,0.013157894736842105,11
18,Allied Health and Rehabilitation Science,10,1064,0.009398496240601503,12
18,Neurosciences,7,1064,0.006578947368421052,13
18,Pharmacology and Pharmaceutical Sciences,6,1064,0.005639097744360902,14
18,Biochemistry and Cell Biology,5,1064,0.004699248120300752,15
18,Bioinformatics and Computational Biology,4,1064,0.0037593984962406013,16
18,Biomedical Engineering,4,1064,0.0037593984962406013,17
18,Pollution and Contamination,4,1064,0.0037593984962406013,18
18,Unclassified,4,1064,0.0037593984962406013,19
18,Reproductive Medicine,3,1064,0.002819548872180451,20
18,Animal Production,2,1064,0.0018796992481203006,21
18,Applied and Developmental Psychology,2,1064,0.0018796992481203006,22
18,Dentistry,2,1064,0.0018796992481203006,23
18,Immunology,2,1064,0.0018796992481203006,24
18,Atmospheric Sciences,1,1064,0.0009398496240601503,25
18,Food Sciences,1,1064,0.0009398496240601503,26
18,Statistics,1,1064,0.0009398496240601503,27
19,Biological Psychology,429,1063,0.40357478833490124,1
19,Genetics,180,1063,0.16933207902163688,2
19,Clinical Sciences,99,1063,0.09313264346190028,3
19,Epidemiology,70,1063,0.0658513640639699,4
19,Biochemistry and Cell Biology,38,1063,0.03574788334901223,5
19,Cardiovascular Medicine and Haematology,38,1063,0.03574788334901223,6
19,Medical Biochemistry and Metabolomics,25,1063,0.023518344308560677,7
19,Unclassified,25,1063,0.023518344308560677,8
19,Health Services and Systems,24,1063,0.022577610536218252,9
19,Machine Learning,21,1063,0.01975540921919097,10
19,Medical Microbiology,21,1063,0.01975540921919097,11
19,Nutrition and Dietetics,14,1063,0.01317027281279398,12
19,Bioinformatics and Computational Biology,11,1063,0.010348071495766699,13
19,Data Management and Data Science,11,1063,0.010348071495766699,14
19,Pharmacology and Pharmaceutical Sciences,7,1063,0.00658513640639699,15
19,Medical Biotechnology,6,1063,0.005644402634054563,16
19,Public Health,6,1063,0.005644402634054563,17
19,Clinical and Health Psychology,5,1063,0.004703668861712135,18
19,Demography,5,1063,0.004703668861712135,19
19,Oncology and Carcinogenesis,5,1063,0.004703668861712135,20
19,Neurosciences,4,1063,0.0037629350893697085,21
19,Applied and Developmental Psychology,3,1063,0.0028222013170272815,22
19,Biomedical Engineering,3,1063,0.0028222013170272815,23
19,Cognitive and Computational Psychology,3,1063,0.0028222013170272815,24
19,Statistics,3,1063,0.0028222013170272815,25
19,Computer Vision and Multimedia Computation,2,1063,0.0018814675446848542,26
19,Ophthalmology and Optometry,2,1063,0.0018814675446848542,27
19,Applied Economics,1,1063,0.0009407337723424271,28
19,Econometrics,1,1063,0.0009407337723424271,29
19,Immunology,1,1063,0.0009407337723424271,30
20,Clinical Sciences,272,1050,0.259047619047619,1
20,Genetics,224,1050,0.21333333333333335,2
20,Cardiovascular Medicine and Haematology,112,1050,0.10666666666666667,3
20,Epidemiology,105,1050,0.1,4
20,Biochemistry and Cell Biology,81,1050,0.07714285714285714,5
20,Bioinformatics and Computational Biology,60,1050,0.05714285714285714,6
20,Immunology,43,1050,0.040952380952380955,7
20,Health Services and Systems,28,1050,0.02666666666666667,8
20,Reproductive Medicine,22,1050,0.02095238095238095,9
20,Medical Biochemistry and Metabolomics,20,1050,0.01904761904761905,10
20,Ophthalmology and Optometry,16,1050,0.015238095238095238,11
20,Public Health,16,1050,0.015238095238095238,12
20,Unclassified,12,1050,0.011428571428571429,13
20,Machine Learning,9,1050,0.008571428571428572,14
20,Microbiology,7,1050,0.006666666666666667,15
20,Oncology and Carcinogenesis,6,1050,0.005714285714285714,16
20,Paediatrics,5,1050,0.004761904761904762,17
20,Statistics,5,1050,0.004761904761904762,18
20,Nutrition and Dietetics,3,1050,0.002857142857142857,19
20,Applied Computing,2,1050,0.0019047619047619048,20
20,Pharmacology and Pharmaceutical Sciences,2,1050,0.0019047619047619048,21
21,Clinical Sciences,639,1036,0.6167953667953668,1
21,Medical Biochemistry and Metabolomics,70,1036,0.06756756756756757,2
21,Genetics,53,1036,0.05115830115830116,3
21,Epidemiology,51,1036,0.04922779922779923,4
21,Public Health,42,1036,0.04054054054054054,5
21,Cardiovascular Medicine and Haematology,37,1036,0.03571428571428571,6
21,Health Services and Systems,30,1036,0.02895752895752896,7
21,Nutrition and Dietetics,26,1036,0.025096525096525095,8
21,Oncology and Carcinogenesis,22,1036,0.021235521235521235,9
21,Bioinformatics and Computational Biology,14,1036,0.013513513513513514,10
21,Biological Psychology,12,1036,0.011583011583011582,11
21,Biochemistry and Cell Biology,8,1036,0.007722007722007722,12
21,Medical Microbiology,8,1036,0.007722007722007722,13
21,Pharmacology and Pharmaceutical Sciences,8,1036,0.007722007722007722,14
21,Clinical and Health Psychology,7,1036,0.006756756756756757,15
21,Ophthalmology and Optometry,5,1036,0.004826254826254826,16
21,Machine Learning,2,1036,0.0019305019305019305,17
21,Analytical Chemistry,1,1036,0.0009652509652509653,18
21,Unclassified,1,1036,0.0009652509652509653,19
22,Genetics,386,906,0.4260485651214128,1
22,Clinical Sciences,160,906,0.17660044150110377,2
22,Cardiovascular Medicine and Haematology,118,906,0.13024282560706402,3
22,Medical Physiology,75,906,0.08278145695364239,4
22,Epidemiology,74,906,0.08167770419426049,5
22,Bioinformatics and Computational Biology,25,906,0.02759381898454746,6
22,Medical Biochemistry and Metabolomics,15,906,0.016556291390728478,7
22,Pharmacology and Pharmaceutical Sciences,14,906,0.01545253863134658,8
22,Biological Psychology,10,906,0.011037527593818985,9
22,Unclassified,7,906,0.00772626931567329,10
22,Immunology,6,906,0.006622516556291391,11
22,Reproductive Medicine,6,906,0.006622516556291391,12
22,Health Services and Systems,4,906,0.004415011037527594,13
22,Machine Learning,3,906,0.0033112582781456954,14
22,Biochemistry and Cell Biology,2,906,0.002207505518763797,15
22,Oncology and Carcinogenesis,1,906,0.0011037527593818985,16
23,Epidemiology,230,877,0.26225769669327254,1
23,Clinical Sciences,205,877,0.233751425313569,2
23,Health Services and Systems,87,877,0.09920182440136831,3
23,Cardiovascular Medicine and Haematology,75,877,0.08551881413911061,4
23,Immunology,61,877,0.06955530216647662,5
23,Public Health,60,877,0.06841505131128849,6
23,Genetics,40,877,0.04561003420752566,7
23,Unclassified,23,877,0.026225769669327253,8
23,Oncology and Carcinogenesis,16,877,0.018244013683010263,9
23,Nutrition and Dietetics,14,877,0.01596351197263398,10
23,Medical Biochemistry and Metabolomics,11,877,0.012542759407069556,11
23,Biochemistry and Cell Biology,10,877,0.011402508551881414,12
23,Biological Psychology,10,877,0.011402508551881414,13
23,Microbiology,7,877,0.00798175598631699,14
23,Ophthalmology and Optometry,6,877,0.0068415051311288486,15
23,Neurosciences,5,877,0.005701254275940707,16
23,Biomedical Engineering,4,877,0.004561003420752566,17
23,Machine Learning,3,877,0.0034207525655644243,18
23,Curriculum and Pedagogy,2,877,0.002280501710376283,19
23,Data Management and Data Science,2,877,0.002280501710376283,20
23,Medical Physiology,2,877,0.002280501710376283,21
23,Reproductive Medicine,2,877,0.002280501710376283,22
23,Bioinformatics and Computational Biology,1,877,0.0011402508551881414,23
23,Human-Centred Computing,1,877,0.0011402508551881414,24
24,Epidemiology,228,818,0.2787286063569682,1
24,Oncology and Carcinogenesis,143,818,0.17481662591687042,2
24,Clinical Sciences,135,818,0.16503667481662593,3
24,Genetics,123,818,0.15036674816625917,4
24,Nutrition and Dietetics,37,818,0.04523227383863081,5
24,Cardiovascular Medicine and Haematology,29,818,0.035452322738386305,6
24,Biological Psychology,25,818,0.030562347188264057,7
24,Unclassified,14,818,0.017114914425427872,8
24,Immunology,12,818,0.014669926650366748,9
24,Medical Biotechnology,12,818,0.014669926650366748,10
24,Ophthalmology and Optometry,12,818,0.014669926650366748,11
24,Health Services and Systems,9,818,0.011002444987775062,12
24,Pharmacology and Pharmaceutical Sciences,9,818,0.011002444987775062,13
24,Pollution and Contamination,9,818,0.011002444987775062,14
24,Reproductive Medicine,6,818,0.007334963325183374,15
24,Medical Biochemistry and Metabolomics,4,818,0.004889975550122249,16
24,Statistics,4,818,0.004889975550122249,17
24,Microbiology,3,818,0.003667481662591687,18
24,Applied and Developmental Psychology,2,818,0.0024449877750611247,19
24,Bioinformatics and Computational Biology,2,818,0.0024449877750611247,20
25,Clinical Sciences,227,775,0.2929032258064516,1
25,Epidemiology,182,775,0.23483870967741935,2
25,Nutrition and Dietetics,85,775,0.10967741935483871,3
25,Genetics,78,775,0.10064516129032258,4
25,Cardiovascular Medicine and Haematology,58,775,0.07483870967741936,5
25,Oncology and Carcinogenesis,51,775,0.06580645161290323,6
25,Bioinformatics and Computational Biology,39,775,0.05032258064516129,7
25,Health Services and Systems,11,775,0.014193548387096775,8
25,Public Health,11,775,0.014193548387096775,9
25,Biological Psychology,9,775,0.011612903225806452,10
25,Dentistry,6,775,0.007741935483870968,11
25,Applied and Developmental Psychology,5,775,0.0064516129032258064,12
25,Medical Biochemistry and Metabolomics,4,775,0.005161290322580645,13
25,Immunology,3,775,0.003870967741935484,14
25,Food Sciences,2,775,0.0025806451612903226,15
25,Pharmacology and Pharmaceutical Sciences,1,775,0.0012903225806451613,16
25,Reproductive Medicine,1,775,0.0012903225806451613,17
25,Statistics,1,775,0.0012903225806451613,18
25,Unclassified,1,775,0.0012903225806451613,19
26,Genetics,392,679,0.5773195876288659,1
26,Biochemistry and Cell Biology,50,679,0.07363770250368189,2
26,Epidemiology,42,679,0.061855670103092786,3
26,Bioinformatics and Computational Biology,39,679,0.05743740795287187,4
26,Medical Physiology,31,679,0.045655375552282766,5
26,Clinical Sciences,28,679,0.041237113402061855,6
26,Pharmacology and Pharmaceutical Sciences,22,679,0.03240058910162003,7
26,Ophthalmology and Optometry,20,679,0.029455081001472753,8
26,Cardiovascular Medicine and Haematology,12,679,0.017673048600883652,9
26,Medical Biochemistry and Metabolomics,11,679,0.016200294550810016,10
26,Health Services and Systems,10,679,0.014727540500736377,11
26,Allied Health and Rehabilitation Science,5,679,0.007363770250368188,12
26,Biological Psychology,4,679,0.005891016200294551,13
26,Statistics,4,679,0.005891016200294551,14
26,Public Health,3,679,0.004418262150220913,15
26,Oncology and Carcinogenesis,2,679,0.0029455081001472753,16
26,Anthropology,1,679,0.0014727540500736377,17
26,Immunology,1,679,0.0014727540500736377,18
26,Reproductive Medicine,1,679,0.0014727540500736377,19
26,Sports Science and Exercise,1,679,0.0014727540500736377,20
27,Clinical Sciences,196,678,0.2890855457227139,1
27,Epidemiology,126,678,0.18584070796460178,2
27,Public Health,72,678,0.10619469026548672,3
27,Nutrition and Dietetics,56,678,0.08259587020648967,4
27,Health Services and Systems,51,678,0.0752212389380531,5
27,Biological Psychology,36,678,0.05309734513274336,6
27,Oncology and Carcinogenesis,26,678,0.038348082595870206,7
27,Cardiovascular Medicine and Haematology,25,678,0.03687315634218289,8
27,Demography,22,678,0.032448377581120944,9
27,Biochemistry and Cell Biology,21,678,0.030973451327433628,10
27,Genetics,10,678,0.014749262536873156,11
27,Medical Microbiology,10,678,0.014749262536873156,12
27,Immunology,7,678,0.01032448377581121,13
27,Ophthalmology and Optometry,7,678,0.01032448377581121,14
27,Medical Biochemistry and Metabolomics,4,678,0.0058997050147492625,15
27,Unclassified,4,678,0.0058997050147492625,16
27,Reproductive Medicine,2,678,0.0029498525073746312,17
27,Statistics,2,678,0.0029498525073746312,18
27,Pollution and Contamination,1,678,0.0014749262536873156,19
28,Cardiovascular Medicine and Haematology,166,671,0.2473919523099851,1
28,Genetics,161,671,0.2399403874813711,2
28,Clinical Sciences,126,671,0.18777943368107303,3
28,Epidemiology,94,671,0.14008941877794337,4
28,Biochemistry and Cell Biology,52,671,0.07749627421758569,5
28,Biological Psychology,15,671,0.022354694485842028,6
28,Immunology,10,671,0.014903129657228018,7
28,Oncology and Carcinogenesis,10,671,0.014903129657228018,8
28,Public Health,10,671,0.014903129657228018,9
28,Unclassified,9,671,0.013412816691505217,10
28,Microbiology,5,671,0.007451564828614009,11
28,Health Services and Systems,4,671,0.005961251862891207,12
28,Pharmacology and Pharmaceutical Sciences,4,671,0.005961251862891207,13
28,Medical Biochemistry and Metabolomics,2,671,0.0029806259314456036,14
28,Nutrition and Dietetics,2,671,0.0029806259314456036,15
28,Bioinformatics and Computational Biology,1,671,0.0014903129657228018,16
29,Clinical Sciences,214,650,0.3292307692307692,1
29,Epidemiology,141,650,0.2169230769230769,2
29,Genetics,79,650,0.12153846153846154,3
29,Oncology and Carcinogenesis,41,650,0.06307692307692307,4
29,Cardiovascular Medicine and Haematology,39,650,0.06,5
29,Nutrition and Dietetics,35,650,0.05384615384615385,6
29,Public Health,21,650,0.03230769230769231,7
29,Health Services and Systems,16,650,0.024615384615384615,8
29,Bioinformatics and Computational Biology,14,650,0.021538461538461538,9
29,Reproductive Medicine,12,650,0.018461538461538463,10
29,Ophthalmology and Optometry,9,650,0.013846153846153847,11
29,Neurosciences,7,650,0.010769230769230769,12
29,Animal Production,5,650,0.007692307692307693,13
29,Biological Psychology,4,650,0.006153846153846154,14
29,Biomedical Engineering,4,650,0.006153846153846154,15
29,Cybersecurity and Privacy,3,650,0.004615384615384616,16
29,Allied Health and Rehabilitation Science,1,650,0.0015384615384615385,17
29,Chemical Engineering,1,650,0.0015384615384615385,18
29,Information Systems,1,650,0.0015384615384615385,19
29,Medical Biochemistry and Metabolomics,1,650,0.0015384615384615385,20
29,Medical Physiology,1,650,0.0015384615384615385,21
29,Pharmacology and Pharmaceutical Sciences,1,650,0.0015384615384615385,22
30,Epidemiology,207,593,0.3490725126475548,1
30,Clinical Sciences,107,593,0.18043844856661045,2
30,Genetics,102,593,0.17200674536256325,3
30,Cardiovascular Medicine and Haematology,35,593,0.05902192242833052,4
30,Unclassified,19,593,0.03204047217537943,5
30,Nutrition and Dietetics,17,593,0.02866779089376054,6
30,Bioinformatics and Computational Biology,15,593,0.025295109612141653,7
30,Medical Biochemistry and Metabolomics,13,593,0.021922428330522766,8
30,Oncology and Carcinogenesis,12,593,0.02023608768971332,9
30,Allied Health and Rehabilitation Science,11,593,0.01854974704890388,10
30,Biological Psychology,9,593,0.01517706576728499,11
30,Public Health,9,593,0.01517706576728499,12
30,Biochemistry and Cell Biology,8,593,0.013490725126475547,13
30,Food Sciences,8,593,0.013490725126475547,14
30,Analytical Chemistry,4,593,0.006745362563237774,15
30,Health Services and Systems,4,593,0.006745362563237774,16
30,Immunology,4,593,0.006745362563237774,17
30,Applied and Developmental Psychology,3,593,0.00505902192242833,18
30,Medical Biotechnology,2,593,0.003372681281618887,19
30,Neurosciences,2,593,0.003372681281618887,20
30,Ophthalmology and Optometry,1,593,0.0016863406408094434,21
30,Reproductive Medicine,1,593,0.0016863406408094434,22
31,Clinical Sciences,222,581,0.38209982788296043,1
31,Epidemiology,174,581,0.29948364888123924,2
31,Genetics,121,581,0.2082616179001721,3
31,Machine Learning,12,581,0.020654044750430294,4
31,Cardiovascular Medicine and Haematology,11,581,0.0189328743545611,5
31,Ophthalmology and Optometry,8,581,0.013769363166953529,6
31,Biochemistry and Cell Biology,6,581,0.010327022375215147,7
31,Health Services and Systems,6,581,0.010327022375215147,8
31,Biomedical Engineering,5,581,0.008605851979345954,9
31,Clinical and Health Psychology,4,581,0.0068846815834767644,10
31,Paediatrics,4,581,0.0068846815834767644,11
31,Biological Psychology,3,581,0.0051635111876075735,12
31,Allied Health and Rehabilitation Science,2,581,0.0034423407917383822,13
31,Unclassified,2,581,0.0034423407917383822,14
31,Dentistry,1,581,0.0017211703958691911,15
32,Clinical Sciences,149,572,0.26048951048951047,1
32,Epidemiology,131,572,0.229020979020979,2
32,Cardiovascular Medicine and Haematology,72,572,0.1258741258741259,3
32,Oncology and Carcinogenesis,61,572,0.10664335664335664,4
32,Biochemistry and Cell Biology,22,572,0.038461538461538464,5
32,Genetics,22,572,0.038461538461538464,6
32,Health Services and Systems,17,572,0.02972027972027972,7
32,Biological Psychology,15,572,0.026223776223776224,8
32,Public Health,15,572,0.026223776223776224,9
32,Ophthalmology and Optometry,12,572,0.02097902097902098,10
32,Medical Physiology,11,572,0.019230769230769232,11
32,Pollution and Contamination,11,572,0.019230769230769232,12
32,Nutrition and Dietetics,8,572,0.013986013986013986,13
32,"Banking, Finance and Investment",7,572,0.012237762237762238,14
32,Unclassified,6,572,0.01048951048951049,15
32,Bioinformatics and Computational Biology,4,572,0.006993006993006993,16
32,Reproductive Medicine,4,572,0.006993006993006993,17
32,Medical Biochemistry and Metabolomics,2,572,0.0034965034965034965,18
32,Allied Health and Rehabilitation Science,1,572,0.0017482517482517483,19
32,Dentistry,1,572,0.0017482517482517483,20
32,Neurosciences,1,572,0.0017482517482517483,21
33,Ophthalmology and Optometry,135,540,0.25,1
33,Clinical Sciences,104,540,0.1925925925925926,2
33,Epidemiology,88,540,0.16296296296296298,3
33,Cardiovascular Medicine and Haematology,68,540,0.1259259259259259,4
33,Nutrition and Dietetics,21,540,0.03888888888888889,5
33,Medical Biochemistry and Metabolomics,18,540,0.03333333333333333,6
33,Biochemistry and Cell Biology,17,540,0.03148148148148148,7
33,Biomedical Engineering,17,540,0.03148148148148148,8
33,Public Health,16,540,0.02962962962962963,9
33,Oncology and Carcinogenesis,10,540,0.018518518518518517,10
33,Applied Computing,9,540,0.016666666666666666,11
33,Health Services and Systems,8,540,0.014814814814814815,12
33,Allied Health and Rehabilitation Science,7,540,0.012962962962962963,13
33,Genetics,6,540,0.011111111111111112,14
33,Animal Production,5,540,0.009259259259259259,15
33,Biological Psychology,5,540,0.009259259259259259,16
33,Computer Vision and Multimedia Computation,2,540,0.003703703703703704,17
33,Immunology,1,540,0.001851851851851852,18
33,Medical Physiology,1,540,0.001851851851851852,19
33,Statistics,1,540,0.001851851851851852,20
33,Unclassified,1,540,0.001851851851851852,21
34,Clinical Sciences,149,534,0.27902621722846443,1
34,Epidemiology,71,534,0.13295880149812733,2
34,Cardiovascular Medicine and Haematology,70,534,0.13108614232209737,3
34,Oncology and Carcinogenesis,32,534,0.0599250936329588,4
34,Public Health,29,534,0.054307116104868915,5
34,Health Services and Systems,26,534,0.04868913857677903,6
34,Nutrition and Dietetics,26,534,0.04868913857677903,7
34,Biological Psychology,25,534,0.04681647940074907,8
34,Ophthalmology and Optometry,24,534,0.0449438202247191,9
34,Genetics,18,534,0.033707865168539325,10
34,Immunology,12,534,0.02247191011235955,11
34,Biochemistry and Cell Biology,9,534,0.016853932584269662,12
34,Allied Health and Rehabilitation Science,8,534,0.0149812734082397,13
34,Statistics,8,534,0.0149812734082397,14
34,Neurosciences,7,534,0.013108614232209739,15
34,Medical Biochemistry and Metabolomics,5,534,0.009363295880149813,16
34,Nursing,5,534,0.009363295880149813,17
34,Reproductive Medicine,4,534,0.00749063670411985,18
34,Paediatrics,2,534,0.003745318352059925,19
34,Pharmacology and Pharmaceutical Sciences,2,534,0.003745318352059925,20
34,Bioinformatics and Computational Biology,1,534,0.0018726591760299626,21
34,Unclassified,1,534,0.0018726591760299626,22
35,Genetics,141,461,0.30585683297180044,1
35,Cardiovascular Medicine and Haematology,82,461,0.17787418655097614,2
35,Clinical Sciences,59,461,0.1279826464208243,3
35,Biochemistry and Cell Biology,48,461,0.10412147505422993,4
35,Epidemiology,29,461,0.06290672451193059,5
35,Bioinformatics and Computational Biology,20,461,0.04338394793926247,6
35,Biological Psychology,16,461,0.03470715835140998,7
35,Allied Health and Rehabilitation Science,15,461,0.03253796095444685,8
35,Medical Physiology,14,461,0.03036876355748373,9
35,Medical Biochemistry and Metabolomics,11,461,0.02386117136659436,10
35,Public Health,6,461,0.013015184381778741,11
35,Microbiology,5,461,0.010845986984815618,12
35,Machine Learning,4,461,0.008676789587852495,13
35,Classical Physics,2,461,0.004338394793926247,14
35,Human Geography,2,461,0.004338394793926247,15
35,Nutrition and Dietetics,2,461,0.004338394793926247,16
35,Ophthalmology and Optometry,2,461,0.004338394793926247,17
35,Paediatrics,1,461,0.0021691973969631237,18
35,Social and Personality Psychology,1,461,0.0021691973969631237,19
35,Unclassified,1,461,0.0021691973969631237,20
36,Biological Psychology,254,459,0.5533769063180828,1
36,Clinical Sciences,61,459,0.1328976034858388,2
36,Epidemiology,28,459,0.06100217864923747,3
36,Public Health,21,459,0.0457516339869281,4
36,Machine Learning,19,459,0.04139433551198257,5
36,Biochemistry and Cell Biology,16,459,0.034858387799564274,6
36,Cardiovascular Medicine and Haematology,10,459,0.02178649237472767,7
36,Genetics,8,459,0.017429193899782137,8
36,Medical Biochemistry and Metabolomics,7,459,0.015250544662309368,9
36,Unclassified,7,459,0.015250544662309368,10
36,Human-Centred Computing,6,459,0.013071895424836602,11
36,Health Services and Systems,5,459,0.010893246187363835,12
36,Nutrition and Dietetics,5,459,0.010893246187363835,13
36,"Atomic, Molecular and Optical Physics",3,459,0.006535947712418301,14
36,Bioinformatics and Computational Biology,3,459,0.006535947712418301,15
36,Applied and Developmental Psychology,2,459,0.004357298474945534,16
36,Clinical and Health Psychology,2,459,0.004357298474945534,17
36,Medical and Biological Physics,1,459,0.002178649237472767,18
36,Statistics,1,459,0.002178649237472767,19
37,Epidemiology,127,454,0.27973568281938327,1
37,Cardiovascular Medicine and Haematology,119,454,0.2621145374449339,2
37,Clinical Sciences,104,454,0.2290748898678414,3
37,Genetics,22,454,0.048458149779735685,4
37,Nutrition and Dietetics,17,454,0.037444933920704845,5
37,Biological Psychology,15,454,0.03303964757709251,6
37,Pollution and Contamination,14,454,0.030837004405286344,7
37,Public Health,11,454,0.024229074889867842,8
37,Health Services and Systems,7,454,0.015418502202643172,9
37,Unclassified,5,454,0.011013215859030838,10
37,Biochemistry and Cell Biology,4,454,0.00881057268722467,11
37,Clinical and Health Psychology,3,454,0.006607929515418502,12
37,Medical Biochemistry and Metabolomics,2,454,0.004405286343612335,13
37,Neurosciences,2,454,0.004405286343612335,14
37,Atmospheric Sciences,1,454,0.0022026431718061676,15
37,Oncology and Carcinogenesis,1,454,0.0022026431718061676,16
38,Genetics,102,440,0.2318181818181818,1
38,Clinical Sciences,68,440,0.15454545454545454,2
38,Epidemiology,58,440,0.1318181818181818,3
38,Oncology and Carcinogenesis,49,440,0.11136363636363636,4
38,Cardiovascular Medicine and Haematology,40,440,0.09090909090909091,5
38,Biochemistry and Cell Biology,39,440,0.08863636363636364,6
38,Biological Psychology,17,440,0.038636363636363635,7
38,Medical Physiology,14,440,0.031818181818181815,8
38,Health Services and Systems,11,440,0.025,9
38,Unclassified,11,440,0.025,10
38,Immunology,10,440,0.022727272727272728,11
38,Dentistry,8,440,0.01818181818181818,12
38,Bioinformatics and Computational Biology,6,440,0.013636363636363636,13
38,Nutrition and Dietetics,5,440,0.011363636363636364,14
38,Ecology,1,440,0.0022727272727272726,15
38,Pollution and Contamination,1,440,0.0022727272727272726,16
39,Epidemiology,129,430,0.3,1
39,Genetics,110,430,0.2558139534883721,2
39,Clinical Sciences,57,430,0.1325581395348837,3
39,Biological Psychology,19,430,0.044186046511627906,4
39,Immunology,17,430,0.03953488372093023,5
39,Dentistry,12,430,0.027906976744186046,6
39,Nutrition and Dietetics,12,430,0.027906976744186046,7
39,Cardiovascular Medicine and Haematology,11,430,0.02558139534883721,8
39,Environmental Management,9,430,0.020930232558139535,9
39,Oncology and Carcinogenesis,9,430,0.020930232558139535,10
39,Pollution and Contamination,9,430,0.020930232558139535,11
39,Health Services and Systems,8,430,0.018604651162790697,12
39,Atmospheric Sciences,6,430,0.013953488372093023,13
39,Medical Physiology,5,430,0.011627906976744186,14
39,Bioinformatics and Computational Biology,4,430,0.009302325581395349,15
39,Public Health,4,430,0.009302325581395349,16
39,Social and Personality Psychology,4,430,0.009302325581395349,17
39,Ecological Applications,3,430,0.0069767441860465115,18
39,Unclassified,2,430,0.004651162790697674,19
40,Clinical Sciences,156,429,0.36363636363636365,1
40,Epidemiology,110,429,0.2564102564102564,2
40,Genetics,42,429,0.0979020979020979,3
40,Cardiovascular Medicine and Haematology,22,429,0.05128205128205128,4
40,Health Services and Systems,18,429,0.04195804195804196,5
40,Applied Computing,15,429,0.03496503496503497,6
40,Ophthalmology and Optometry,13,429,0.030303030303030304,7
40,Immunology,12,429,0.027972027972027972,8
40,Nutrition and Dietetics,12,429,0.027972027972027972,9
40,Biological Psychology,7,429,0.016317016317016316,10
40,Oncology and Carcinogenesis,7,429,0.016317016317016316,11
40,Pharmacology and Pharmaceutical Sciences,6,429,0.013986013986013986,12
40,Biochemistry and Cell Biology,4,429,0.009324009324009324,13
40,Dentistry,4,429,0.009324009324009324,14
40,Public Health,1,429,0.002331002331002331,15
41,Biological Psychology,108,418,0.2583732057416268,1
41,Clinical Sciences,73,418,0.17464114832535885,2
41,Epidemiology,67,418,0.16028708133971292,3
41,Genetics,30,418,0.07177033492822966,4
41,Biochemistry and Cell Biology,27,418,0.0645933014354067,5
41,Health Services and Systems,25,418,0.05980861244019139,6
41,Cardiovascular Medicine and Haematology,15,418,0.03588516746411483,7
41,Ophthalmology and Optometry,15,418,0.03588516746411483,8
41,Unclassified,10,418,0.023923444976076555,9
41,Public Health,9,418,0.0215311004784689,10
41,Neurosciences,8,418,0.019138755980861243,11
41,Medical Biochemistry and Metabolomics,7,418,0.01674641148325359,12
41,Computer Vision and Multimedia Computation,6,418,0.014354066985645933,13
41,Bioinformatics and Computational Biology,5,418,0.011961722488038277,14
41,Allied Health and Rehabilitation Science,3,418,0.007177033492822967,15
41,Machine Learning,3,418,0.007177033492822967,16
41,Nutrition and Dietetics,3,418,0.007177033492822967,17
41,Dentistry,2,418,0.004784688995215311,18
41,Pharmacology and Pharmaceutical Sciences,1,418,0.0023923444976076554,19
41,Reproductive Medicine,1,418,0.0023923444976076554,20
42,Clinical Sciences,91,336,0.2708333333333333,1
42,Epidemiology,69,336,0.20535714285714285,2
42,Genetics,64,336,0.19047619047619047,3
42,Nutrition and Dietetics,33,336,0.09821428571428571,4
42,Biochemistry and Cell Biology,14,336,0.041666666666666664,5
42,Dentistry,12,336,0.03571428571428571,6
42,Oncology and Carcinogenesis,12,336,0.03571428571428571,7
42,Biological Psychology,9,336,0.026785714285714284,8
42,Public Health,9,336,0.026785714285714284,9
42,Animal Production,7,336,0.020833333333333332,10
42,Health Services and Systems,4,336,0.011904761904761904,11
42,Unclassified,3,336,0.008928571428571428,12
42,Biomedical Engineering,2,336,0.005952380952380952,13
42,Ophthalmology and Optometry,2,336,0.005952380952380952,14
42,Pharmacology and Pharmaceutical Sciences,2,336,0.005952380952380952,15
42,Cardiovascular Medicine and Haematology,1,336,0.002976190476190476,16
42,Medical Biochemistry and Metabolomics,1,336,0.002976190476190476,17
42,Microbiology,1,336,0.002976190476190476,18
43,Genetics,210,333,0.6306306306306306,1
43,Epidemiology,30,333,0.09009009009009009,2
43,Biochemistry and Cell Biology,20,333,0.06006006006006006,3
43,Clinical Sciences,20,333,0.06006006006006006,4
43,Medical Physiology,12,333,0.036036036036036036,5
43,Medical Biochemistry and Metabolomics,11,333,0.03303303303303303,6
43,Unclassified,11,333,0.03303303303303303,7
43,Pharmacology and Pharmaceutical Sciences,9,333,0.02702702702702703,8
43,Cardiovascular Medicine and Haematology,4,333,0.012012012012012012,9
43,Clinical and Health Psychology,3,333,0.009009009009009009,10
43,Reproductive Medicine,3,333,0.009009009009009009,11
44,Genetics,112,319,0.3510971786833856,1
44,Clinical Sciences,100,319,0.31347962382445144,2
44,Health Services and Systems,17,319,0.05329153605015674,3
44,Medical Biochemistry and Metabolomics,15,319,0.047021943573667714,4
44,Nutrition and Dietetics,14,319,0.0438871473354232,5
44,Epidemiology,12,319,0.03761755485893417,6
44,Sports Science and Exercise,10,319,0.03134796238244514,7
44,Unclassified,10,319,0.03134796238244514,8
44,Cardiovascular Medicine and Haematology,7,319,0.0219435736677116,9
44,Oncology and Carcinogenesis,7,319,0.0219435736677116,10
44,Biological Psychology,6,319,0.018808777429467086,11
44,Statistics,5,319,0.01567398119122257,12
44,Machine Learning,3,319,0.009404388714733543,13
44,Medical Microbiology,1,319,0.003134796238244514,14
45,Clinical Sciences,91,317,0.2870662460567823,1
45,Epidemiology,66,317,0.2082018927444795,2
45,Cardiovascular Medicine and Haematology,41,317,0.12933753943217666,3
45,Neurosciences,18,317,0.056782334384858045,4
45,Biological Psychology,15,317,0.0473186119873817,5
45,Immunology,15,317,0.0473186119873817,6
45,Medical Biochemistry and Metabolomics,14,317,0.04416403785488959,7
45,Biochemistry and Cell Biology,12,317,0.03785488958990536,8
45,Pollution and Contamination,11,317,0.03470031545741325,9
45,Public Health,10,317,0.031545741324921134,10
45,Reproductive Medicine,9,317,0.028391167192429023,11
45,Nutrition and Dietetics,7,317,0.022082018927444796,12
45,Bioinformatics and Computational Biology,5,317,0.015772870662460567,13
45,Oncology and Carcinogenesis,3,317,0.00946372239747634,14
46,Epidemiology,111,304,0.3651315789473684,1
46,Clinical Sciences,55,304,0.18092105263157895,2
46,Cardiovascular Medicine and Haematology,44,304,0.14473684210526316,3
46,Oncology and Carcinogenesis,24,304,0.07894736842105263,4
46,Nutrition and Dietetics,22,304,0.07236842105263158,5
46,Public Health,18,304,0.05921052631578947,6
46,Health Services and Systems,15,304,0.049342105263157895,7
46,Unclassified,12,304,0.039473684210526314,8
46,Biological Psychology,1,304,0.003289473684210526,9
46,Dentistry,1,304,0.003289473684210526,10
46,Genetics,1,304,0.003289473684210526,11
47,Oncology and Carcinogenesis,83,296,0.28040540540540543,1
47,Clinical Sciences,75,296,0.2533783783783784,2
47,Biochemistry and Cell Biology,30,296,0.10135135135135136,3
47,Nutrition and Dietetics,21,296,0.07094594594594594,4
47,Epidemiology,20,296,0.06756756756756757,5
47,Genetics,17,296,0.057432432432432436,6
47,Biological Psychology,11,296,0.037162162162162164,7
47,Public Health,9,296,0.030405405405405407,8
47,Cardiovascular Medicine and Haematology,6,296,0.02027027027027027,9
47,Ophthalmology and Optometry,6,296,0.02027027027027027,10
47,Unclassified,5,296,0.016891891891891893,11
47,Library and Information Studies,4,296,0.013513513513513514,12
47,Human-Centred Computing,3,296,0.010135135135135136,13
47,Health Services and Systems,2,296,0.006756756756756757,14
47,Reproductive Medicine,2,296,0.006756756756756757,15
47,Immunology,1,296,0.0033783783783783786,16
47,Machine Learning,1,296,0.0033783783783783786,17
48,Genetics,152,292,0.5205479452054794,1
48,Clinical Sciences,37,292,0.1267123287671233,2
48,Epidemiology,35,292,0.11986301369863013,3
48,Anthropology,20,292,0.0684931506849315,4
48,Health Services and Systems,19,292,0.06506849315068493,5
48,Biochemistry and Cell Biology,5,292,0.017123287671232876,6
48,"Graphics, Augmented Reality and Games",5,292,0.017123287671232876,7
48,Cardiovascular Medicine and Haematology,3,292,0.010273972602739725,8
48,Demography,3,292,0.010273972602739725,9
48,Ecology,3,292,0.010273972602739725,10
48,Biological Psychology,2,292,0.00684931506849315,11
48,Machine Learning,2,292,0.00684931506849315,12
48,Oncology and Carcinogenesis,2,292,0.00684931506849315,13
48,Public Health,2,292,0.00684931506849315,14
48,Reproductive Medicine,1,292,0.003424657534246575,15
48,Sports Science and Exercise,1,292,0.003424657534246575,16
49,Biological Psychology,155,281,0.5516014234875445,1
49,Genetics,36,281,0.12811387900355872,2
49,Epidemiology,29,281,0.10320284697508897,3
49,Clinical Sciences,25,281,0.08896797153024912,4
49,Health Services and Systems,18,281,0.06405693950177936,5
49,Unclassified,8,281,0.028469750889679714,6
49,Nutrition and Dietetics,4,281,0.014234875444839857,7
49,Immunology,3,281,0.010676156583629894,8
49,Neurosciences,2,281,0.0071174377224199285,9
49,Applied Computing,1,281,0.0035587188612099642,10
50,Epidemiology,48,273,0.17582417582417584,1
50,Clinical Sciences,46,273,0.1684981684981685,2
50,Nutrition and Dietetics,39,273,0.14285714285714285,3
50,Cardiovascular Medicine and Haematology,26,273,0.09523809523809523,4
50,Genetics,19,273,0.0695970695970696,5
50,Public Health,15,273,0.054945054945054944,6
50,Pharmacology and Pharmaceutical Sciences,14,273,0.05128205128205128,7
50,Biological Psychology,12,273,0.04395604395604396,8
50,Bioinformatics and Computational Biology,11,273,0.040293040293040296,9
50,Health Services and Systems,10,273,0.03663003663003663,10
50,Oncology and Carcinogenesis,8,273,0.029304029304029304,11
50,Clinical and Health Psychology,7,273,0.02564102564102564,12
50,Biochemistry and Cell Biology,6,273,0.02197802197802198,13
50,Immunology,5,273,0.018315018315018316,14
50,Reproductive Medicine,3,273,0.01098901098901099,15
50,Applied and Developmental Psychology,2,273,0.007326007326007326,16
50,Neurosciences,2,273,0.007326007326007326,17
51,Clinical Sciences,68,269,0.2527881040892193,1
51,Epidemiology,56,269,0.20817843866171004,2
51,Oncology and Carcinogenesis,43,269,0.15985130111524162,3
51,Genetics,20,269,0.07434944237918216,4
51,Health Services and Systems,17,269,0.06319702602230483,5
51,Nutrition and Dietetics,14,269,0.05204460966542751,6
51,Biological Psychology,13,269,0.048327137546468404,7
51,Pharmacology and Pharmaceutical Sciences,13,269,0.048327137546468404,8
51,Cardiovascular Medicine and Haematology,11,269,0.040892193308550186,9
51,Reproductive Medicine,4,269,0.01486988847583643,10
51,Artificial Intelligence,3,269,0.011152416356877323,11
51,Bioinformatics and Computational Biology,2,269,0.007434944237918215,12
51,Medical Biochemistry and Metabolomics,2,269,0.007434944237918215,13
51,Unclassified,2,269,0.007434944237918215,14
51,Public Health,1,269,0.0037174721189591076,15
52,Epidemiology,137,267,0.5131086142322098,1
52,Genetics,105,267,0.39325842696629215,2
52,Bioinformatics and Computational Biology,7,267,0.026217228464419477,3
52,Clinical Sciences,6,267,0.02247191011235955,4
52,Biological Psychology,3,267,0.011235955056179775,5
52,Nutrition and Dietetics,3,267,0.011235955056179775,6
52,Pharmacology and Pharmaceutical Sciences,2,267,0.00749063670411985,7
52,Unclassified,2,267,0.00749063670411985,8
52,Anthropology,1,267,0.003745318352059925,9
52,Oncology and Carcinogenesis,1,267,0.003745318352059925,10
53,Biochemistry and Cell Biology,92,258,0.35658914728682173,1
53,Epidemiology,69,258,0.26744186046511625,2
53,Clinical Sciences,35,258,0.13565891472868216,3
53,Cardiovascular Medicine and Haematology,30,258,0.11627906976744186,4
53,Genetics,13,258,0.050387596899224806,5
53,Public Health,9,258,0.03488372093023256,6
53,Nutrition and Dietetics,4,258,0.015503875968992248,7
53,Biomedical Engineering,3,258,0.011627906976744186,8
53,Unclassified,2,258,0.007751937984496124,9
53,Bioinformatics and Computational Biology,1,258,0.003875968992248062,10
54,Clinical Sciences,141,256,0.55078125,1
54,Genetics,64,256,0.25,2
54,Epidemiology,27,256,0.10546875,3
54,Biological Psychology,7,256,0.02734375,4
54,Health Services and Systems,6,256,0.0234375,5
54,Bioinformatics and Computational Biology,5,256,0.01953125,6
54,Reproductive Medicine,3,256,0.01171875,7
54,Unclassified,2,256,0.0078125,8
54,Neurosciences,1,256,0.00390625,9
55,Clinical Sciences,124,220,0.5636363636363636,1
55,Genetics,50,220,0.22727272727272727,2
55,Epidemiology,30,220,0.13636363636363635,3
55,Paediatrics,4,220,0.01818181818181818,4
55,Biological Psychology,3,220,0.013636363636363636,5
55,Oncology and Carcinogenesis,3,220,0.013636363636363636,6
55,Health Services and Systems,2,220,0.00909090909090909,7
55,Computer Vision and Multimedia Computation,1,220,0.004545454545454545,8
55,Machine Learning,1,220,0.004545454545454545,9
55,Neurosciences,1,220,0.004545454545454545,10
55,Pharmacology and Pharmaceutical Sciences,1,220,0.004545454545454545,11
56,Epidemiology,66,176,0.375,1
56,Clinical Sciences,44,176,0.25,2
56,Genetics,16,176,0.09090909090909091,3
56,Cardiovascular Medicine and Haematology,14,176,0.07954545454545454,4
56,Biochemistry and Cell Biology,8,176,0.045454545454545456,5
56,Biological Psychology,8,176,0.045454545454545456,6
56,Oncology and Carcinogenesis,8,176,0.045454545454545456,7
56,Dentistry,6,176,0.03409090909090909,8
56,Unclassified,3,176,0.017045454545454544,9
56,Immunology,1,176,0.005681818181818182,10
56,Medical Biochemistry and Metabolomics,1,176,0.005681818181818182,11
56,Ophthalmology and Optometry,1,176,0.005681818181818182,12
57,Clinical Sciences,94,160,0.5875,1
57,Biomedical Engineering,18,160,0.1125,2
57,Cardiovascular Medicine and Haematology,17,160,0.10625,3
57,Biological Psychology,7,160,0.04375,4
57,Epidemiology,6,160,0.0375,5
57,Health Services and Systems,6,160,0.0375,6
57,Biochemistry and Cell Biology,3,160,0.01875,7
57,Analytical Chemistry,2,160,0.0125,8
57,Neurosciences,2,160,0.0125,9
57,Nutrition and Dietetics,2,160,0.0125,10
57,Public Health,2,160,0.0125,11
57,Genetics,1,160,0.00625,12
58,Epidemiology,39,146,0.2671232876712329,1
58,Clinical Sciences,32,146,0.2191780821917808,2
58,Cardiovascular Medicine and Haematology,24,146,0.1643835616438356,3
58,Oncology and Carcinogenesis,12,146,0.0821917808219178,4
58,Public Health,11,146,0.07534246575342465,5
58,Immunology,6,146,0.0410958904109589,6
58,Nutrition and Dietetics,6,146,0.0410958904109589,7
58,Biological Psychology,5,146,0.03424657534246575,8
58,Pollution and Contamination,5,146,0.03424657534246575,9
58,Unclassified,4,146,0.0273972602739726,10
58,Medical Biochemistry and Metabolomics,1,146,0.00684931506849315,11
58,Statistics,1,146,0.00684931506849315,12
59,Genetics,51,141,0.3617021276595745,1
59,Biochemistry and Cell Biology,33,141,0.23404255319148937,2
59,Epidemiology,22,141,0.15602836879432624,3
59,Clinical Sciences,16,141,0.11347517730496454,4
59,Biological Psychology,12,141,0.0851063829787234,5
59,Pharmacology and Pharmaceutical Sciences,4,141,0.028368794326241134,6
59,Bioinformatics and Computational Biology,3,141,0.02127659574468085,7
60,Cardiovascular Medicine and Haematology,38,137,0.2773722627737226,1
60,Clinical Sciences,36,137,0.26277372262773724,2
60,Epidemiology,24,137,0.17518248175182483,3
60,Pharmacology and Pharmaceutical Sciences,8,137,0.058394160583941604,4
60,Pollution and Contamination,7,137,0.051094890510948905,5
60,Health Services and Systems,5,137,0.0364963503649635,6
60,Public Health,5,137,0.0364963503649635,7
60,Unclassified,5,137,0.0364963503649635,8
60,Genetics,3,137,0.021897810218978103,9
60,Nutrition and Dietetics,3,137,0.021897810218978103,10
60,Statistics,2,137,0.014598540145985401,11
60,Immunology,1,137,0.0072992700729927005,12
61,Oncology and Carcinogenesis,59,136,0.4338235294117647,1
61,Clinical Sciences,29,136,0.21323529411764705,2
61,Cardiovascular Medicine and Haematology,14,136,0.10294117647058823,3
61,Medical Microbiology,8,136,0.058823529411764705,4
61,Health Services and Systems,7,136,0.051470588235294115,5
61,Unclassified,6,136,0.04411764705882353,6
61,Biomedical Engineering,4,136,0.029411764705882353,7
61,Medical Biochemistry and Metabolomics,4,136,0.029411764705882353,8
61,Pharmacology and Pharmaceutical Sciences,3,136,0.022058823529411766,9
61,Biological Psychology,2,136,0.014705882352941176,10
62,Oncology and Carcinogenesis,68,131,0.5190839694656488,1
62,Cardiovascular Medicine and Haematology,19,131,0.1450381679389313,2
62,Clinical Sciences,16,131,0.12213740458015267,3
62,Immunology,10,131,0.07633587786259542,4
62,Health Services and Systems,7,131,0.05343511450381679,5
62,Nutrition and Dietetics,5,131,0.03816793893129771,6
62,Dentistry,3,131,0.022900763358778626,7
62,Epidemiology,2,131,0.015267175572519083,8
62,Public Health,1,131,0.007633587786259542,9
63,Clinical Sciences,64,130,0.49230769230769234,1
63,Biomedical Engineering,20,130,0.15384615384615385,2
63,Genetics,15,130,0.11538461538461539,3
63,Oncology and Carcinogenesis,14,130,0.1076923076923077,4
63,Immunology,11,130,0.08461538461538462,5
63,Epidemiology,3,130,0.023076923076923078,6
63,Neurosciences,2,130,0.015384615384615385,7
63,Biological Psychology,1,130,0.007692307692307693,8
64,Cardiovascular Medicine and Haematology,46,117,0.39316239316239315,1
64,Epidemiology,30,117,0.2564102564102564,2
64,Nutrition and Dietetics,16,117,0.13675213675213677,3
64,Clinical Sciences,12,117,0.10256410256410256,4
64,Genetics,6,117,0.05128205128205128,5
64,Medical Biochemistry and Metabolomics,3,117,0.02564102564102564,6
64,Applied Economics,2,117,0.017094017094017096,7
64,Oncology and Carcinogenesis,1,117,0.008547008547008548,8
64,Pharmacology and Pharmaceutical Sciences,1,117,0.008547008547008548,9
65,Clinical Sciences,46,113,0.40707964601769914,1
65,Epidemiology,39,113,0.34513274336283184,2
65,Nutrition and Dietetics,8,113,0.07079646017699115,3
65,Biological Psychology,7,113,0.061946902654867256,4
65,Genetics,5,113,0.04424778761061947,5
65,Biochemistry and Cell Biology,3,113,0.02654867256637168,6
65,Cardiovascular Medicine and Haematology,2,113,0.017699115044247787,7
65,Oncology and Carcinogenesis,2,113,0.017699115044247787,8
65,Reproductive Medicine,1,113,0.008849557522123894,9
66,Clinical Sciences,42,111,0.3783783783783784,1
66,Epidemiology,37,111,0.3333333333333333,2
66,Genetics,20,111,0.18018018018018017,3
66,Cardiovascular Medicine and Haematology,6,111,0.05405405405405406,4
66,Nutrition and Dietetics,2,111,0.018018018018018018,5
66,Health Services and Systems,1,111,0.009009009009009009,6
66,Immunology,1,111,0.009009009009009009,7
66,Medical Biochemistry and Metabolomics,1,111,0.009009009009009009,8
66,Reproductive Medicine,1,111,0.009009009009009009,9
67,Archaeology,97,104,0.9326923076923077,1
67,Genetics,7,104,0.0673076923076923,2
68,Clinical Sciences,26,98,0.2653061224489796,1
68,Epidemiology,22,98,0.22448979591836735,2
68,Dentistry,17,98,0.17346938775510204,3
68,Health Services and Systems,6,98,0.061224489795918366,4
68,Nutrition and Dietetics,6,98,0.061224489795918366,5
68,Public Health,6,98,0.061224489795918366,6
68,Genetics,4,98,0.04081632653061224,7
68,Architecture,3,98,0.030612244897959183,8
68,Unclassified,2,98,0.02040816326530612,9
68,Biological Psychology,1,98,0.01020408163265306,10
68,Cardiovascular Medicine and Haematology,1,98,0.01020408163265306,11
68,Human Geography,1,98,0.01020408163265306,12
68,Neurosciences,1,98,0.01020408163265306,13
68,Oncology and Carcinogenesis,1,98,0.01020408163265306,14
68,Reproductive Medicine,1,98,0.01020408163265306,15
69,Epidemiology,27,98,0.2755102040816326,1
69,Clinical Sciences,25,98,0.25510204081632654,2
69,Public Health,16,98,0.16326530612244897,3
69,Cardiovascular Medicine and Haematology,8,98,0.08163265306122448,4
69,Unclassified,8,98,0.08163265306122448,5
69,Biological Psychology,6,98,0.061224489795918366,6
69,Biochemistry and Cell Biology,5,98,0.05102040816326531,7
69,Medical Biochemistry and Metabolomics,1,98,0.01020408163265306,8
69,Ophthalmology and Optometry,1,98,0.01020408163265306,9
69,Pollution and Contamination,1,98,0.01020408163265306,10
70,Oncology and Carcinogenesis,63,92,0.6847826086956522,1
70,Immunology,24,92,0.2608695652173913,2
70,Biochemistry and Cell Biology,3,92,0.03260869565217391,3
70,Epidemiology,1,92,0.010869565217391304,4
70,Genetics,1,92,0.010869565217391304,5
71,Nutrition and Dietetics,29,92,0.31521739130434784,1
71,Clinical Sciences,21,92,0.22826086956521738,2
71,Epidemiology,16,92,0.17391304347826086,3
71,Biological Psychology,6,92,0.06521739130434782,4
71,Public Health,6,92,0.06521739130434782,5
71,Genetics,5,92,0.05434782608695652,6
71,Medical Biochemistry and Metabolomics,4,92,0.043478260869565216,7
71,Oncology and Carcinogenesis,4,92,0.043478260869565216,8
71,Health Services and Systems,1,92,0.010869565217391304,9
72,Public Health,34,85,0.4,1
72,Cardiovascular Medicine and Haematology,11,85,0.12941176470588237,2
72,Health Services and Systems,11,85,0.12941176470588237,3
72,Clinical Sciences,10,85,0.11764705882352941,4
72,Genetics,8,85,0.09411764705882353,5
72,Biological Psychology,5,85,0.058823529411764705,6
72,Epidemiology,4,85,0.047058823529411764,7
72,Pollution and Contamination,2,85,0.023529411764705882,8
73,Clinical Sciences,46,85,0.5411764705882353,1
73,Cardiovascular Medicine and Haematology,18,85,0.21176470588235294,2
73,"Graphics, Augmented Reality and Games",9,85,0.10588235294117647,3
73,Biological Psychology,6,85,0.07058823529411765,4
73,Biomedical Engineering,4,85,0.047058823529411764,5
73,Epidemiology,2,85,0.023529411764705882,6
74,Clinical Sciences,28,84,0.3333333333333333,1
74,Epidemiology,23,84,0.27380952380952384,2
74,Cardiovascular Medicine and Haematology,20,84,0.23809523809523808,3
74,Medical Biochemistry and Metabolomics,11,84,0.13095238095238096,4
74,Genetics,2,84,0.023809523809523808,5
75,Genetics,22,79,0.27848101265822783,1
75,Clinical Sciences,15,79,0.189873417721519,2
75,Biological Psychology,14,79,0.17721518987341772,3
75,Epidemiology,10,79,0.12658227848101267,4
75,Reproductive Medicine,5,79,0.06329113924050633,5
75,Nutrition and Dietetics,3,79,0.0379746835443038,6
75,Unclassified,3,79,0.0379746835443038,7
75,Allied Health and Rehabilitation Science,2,79,0.02531645569620253,8
75,Immunology,2,79,0.02531645569620253,9
75,Pharmacology and Pharmaceutical Sciences,2,79,0.02531645569620253,10
75,Ophthalmology and Optometry,1,79,0.012658227848101266,11
76,Cardiovascular Medicine and Haematology,28,77,0.36363636363636365,1
76,Epidemiology,16,77,0.2077922077922078,2
76,Clinical Sciences,9,77,0.11688311688311688,3
76,Genetics,9,77,0.11688311688311688,4
76,Oncology and Carcinogenesis,6,77,0.07792207792207792,5
76,Pharmacology and Pharmaceutical Sciences,4,77,0.05194805194805195,6
76,Nutrition and Dietetics,2,77,0.025974025974025976,7
76,Health Services and Systems,1,77,0.012987012987012988,8
76,Medical Biochemistry and Metabolomics,1,77,0.012987012987012988,9
76,Statistics,1,77,0.012987012987012988,10
77,Clinical Sciences,22,72,0.3055555555555556,1
77,Genetics,16,72,0.2222222222222222,2
77,Epidemiology,13,72,0.18055555555555555,3
77,Statistics,9,72,0.125,4
77,Machine Learning,6,72,0.08333333333333333,5
77,Biochemistry and Cell Biology,4,72,0.05555555555555555,6
77,Computer Vision and Multimedia Computation,1,72,0.013888888888888888,7
77,Econometrics,1,72,0.013888888888888888,8
78,Genetics,26,72,0.3611111111111111,1
78,Biomedical Engineering,12,72,0.16666666666666666,2
78,Machine Learning,10,72,0.1388888888888889,3
78,Pharmacology and Pharmaceutical Sciences,10,72,0.1388888888888889,4
78,Allied Health and Rehabilitation Science,6,72,0.08333333333333333,5
78,Ophthalmology and Optometry,5,72,0.06944444444444445,6
78,Biological Psychology,3,72,0.041666666666666664,7
79,Clinical Sciences,41,70,0.5857142857142857,1
79,Cardiovascular Medicine and Haematology,14,70,0.2,2
79,Biological Psychology,5,70,0.07142857142857142,3
79,Epidemiology,5,70,0.07142857142857142,4
79,Genetics,4,70,0.05714285714285714,5
79,Unclassified,1,70,0.014285714285714285,6
80,Clinical Sciences,51,64,0.796875,1
80,Epidemiology,8,64,0.125,2
80,Public Health,4,64,0.0625,3
80,Machine Learning,1,64,0.015625,4
81,Clinical Sciences,17,62,0.27419354838709675,1
81,Epidemiology,12,62,0.1935483870967742,2
81,Oncology and Carcinogenesis,12,62,0.1935483870967742,3
81,Genetics,9,62,0.14516129032258066,4
81,Applied Computing,5,62,0.08064516129032258,5
81,Health Services and Systems,4,62,0.06451612903225806,6
81,Immunology,2,62,0.03225806451612903,7
81,Unclassified,1,62,0.016129032258064516,8
82,Genetics,31,58,0.5344827586206896,1
82,Ophthalmology and Optometry,16,58,0.27586206896551724,2
82,Machine Learning,7,58,0.1206896551724138,3
82,Bioinformatics and Computational Biology,2,58,0.034482758620689655,4
82,Data Management and Data Science,1,58,0.017241379310344827,5
82,Epidemiology,1,58,0.017241379310344827,6
83,Clinical Sciences,18,55,0.32727272727272727,1
83,Cardiovascular Medicine and Haematology,8,55,0.14545454545454545,2
83,Genetics,8,55,0.14545454545454545,3
83,Medical Biochemistry and Metabolomics,8,55,0.14545454545454545,4
83,Oncology and Carcinogenesis,4,55,0.07272727272727272,5
83,Applied and Developmental Psychology,3,55,0.05454545454545454,6
83,Epidemiology,3,55,0.05454545454545454,7
83,Reproductive Medicine,3,55,0.05454545454545454,8
84,Epidemiology,11,54,0.2037037037037037,1
84,Public Health,10,54,0.18518518518518517,2
84,Biological Psychology,8,54,0.14814814814814814,3
84,Health Services and Systems,8,54,0.14814814814814814,4
84,Clinical Sciences,6,54,0.1111111111111111,5
84,Neurosciences,5,54,0.09259259259259259,6
84,Nutrition and Dietetics,3,54,0.05555555555555555,7
84,Unclassified,3,54,0.05555555555555555,8
85,Clinical Sciences,18,54,0.3333333333333333,1
85,Epidemiology,12,54,0.2222222222222222,2
85,Public Health,7,54,0.12962962962962962,3
85,Unclassified,6,54,0.1111111111111111,4
85,Biological Psychology,5,54,0.09259259259259259,5
85,Biochemistry and Cell Biology,3,54,0.05555555555555555,6
85,Cardiovascular Medicine and Haematology,3,54,0.05555555555555555,7
86,Cardiovascular Medicine and Haematology,28,53,0.5283018867924528,1
86,Clinical Sciences,15,53,0.2830188679245283,2
86,Epidemiology,8,53,0.1509433962264151,3
86,Nutrition and Dietetics,2,53,0.03773584905660377,4
87,Cardiovascular Medicine and Haematology,24,49,0.4897959183673469,1
87,Clinical Sciences,14,49,0.2857142857142857,2
87,Immunology,5,49,0.10204081632653061,3
87,Oncology and Carcinogenesis,4,49,0.08163265306122448,4
87,Biological Psychology,1,49,0.02040816326530612,5
87,Reproductive Medicine,1,49,0.02040816326530612,6
88,Oncology and Carcinogenesis,31,49,0.6326530612244898,1
88,Clinical Sciences,8,49,0.16326530612244897,2
88,Genetics,8,49,0.16326530612244897,3
88,Epidemiology,2,49,0.04081632653061224,4
89,Clinical Sciences,16,49,0.32653061224489793,1
89,Cardiovascular Medicine and Haematology,7,49,0.14285714285714285,2
89,Oncology and Carcinogenesis,5,49,0.10204081632653061,3
89,Epidemiology,4,49,0.08163265306122448,4
89,Genetics,4,49,0.08163265306122448,5
89,Machine Learning,4,49,0.08163265306122448,6
89,Health Services and Systems,3,49,0.061224489795918366,7
89,Medical Biochemistry and Metabolomics,3,49,0.061224489795918366,8
89,Public Health,3,49,0.061224489795918366,9
90,Clinical Sciences,25,48,0.5208333333333334,1
90,Oncology and Carcinogenesis,19,48,0.3958333333333333,2
90,Health Services and Systems,2,48,0.041666666666666664,3
90,Epidemiology,1,48,0.020833333333333332,4
90,Pharmacology and Pharmaceutical Sciences,1,48,0.020833333333333332,5
91,Clinical Sciences,24,48,0.5,1
91,Immunology,8,48,0.16666666666666666,2
91,Cardiovascular Medicine and Haematology,6,48,0.125,3
91,Biomedical Engineering,3,48,0.0625,4
91,Dentistry,3,48,0.0625,5
91,Epidemiology,3,48,0.0625,6
91,Biological Psychology,1,48,0.020833333333333332,7
92,Clinical Sciences,24,43,0.5581395348837209,1
92,Epidemiology,10,43,0.23255813953488372,2
92,Oncology and Carcinogenesis,4,43,0.09302325581395349,3
92,Genetics,3,43,0.06976744186046512,4
92,Biomedical Engineering,1,43,0.023255813953488372,5
92,Nutrition and Dietetics,1,43,0.023255813953488372,6
93,Clinical Sciences,25,43,0.5813953488372093,1
93,Biological Psychology,8,43,0.18604651162790697,2
93,Epidemiology,6,43,0.13953488372093023,3
93,Health Services and Systems,2,43,0.046511627906976744,4
93,Medical Biochemistry and Metabolomics,1,43,0.023255813953488372,5
93,Nutrition and Dietetics,1,43,0.023255813953488372,6
94,Oncology and Carcinogenesis,36,41,0.8780487804878049,1
94,Clinical Sciences,5,41,0.12195121951219512,2
95,Oncology and Carcinogenesis,21,39,0.5384615384615384,1
95,Clinical Sciences,7,39,0.1794871794871795,2
95,Genetics,6,39,0.15384615384615385,3
95,Health Services and Systems,3,39,0.07692307692307693,4
95,Epidemiology,1,39,0.02564102564102564,5
95,Public Health,1,39,0.02564102564102564,6
96,Epidemiology,17,38,0.4473684210526316,1
96,Clinical Sciences,12,38,0.3157894736842105,2
96,Oncology and Carcinogenesis,9,38,0.23684210526315788,3
97,Epidemiology,11,37,0.2972972972972973,1
97,Clinical Sciences,9,37,0.24324324324324326,2
97,Biochemistry and Cell Biology,6,37,0.16216216216216217,3
97,Oncology and Carcinogenesis,6,37,0.16216216216216217,4
97,Unclassified,3,37,0.08108108108108109,5
97,Applied and Developmental Psychology,2,37,0.05405405405405406,6
98,Clinical Sciences,15,36,0.4166666666666667,1
98,Nutrition and Dietetics,11,36,0.3055555555555556,2
98,Epidemiology,7,36,0.19444444444444445,3
98,Neurosciences,2,36,0.05555555555555555,4
98,Dentistry,1,36,0.027777777777777776,5
99,Biological Psychology,10,36,0.2777777777777778,1
99,Clinical Sciences,10,36,0.2777777777777778,2
99,Epidemiology,8,36,0.2222222222222222,3
99,Cardiovascular Medicine and Haematology,7,36,0.19444444444444445,4
99,Nutrition and Dietetics,1,36,0.027777777777777776,5
100,Epidemiology,29,35,0.8285714285714286,1
100,Health Services and Systems,5,35,0.14285714285714285,2
100,Cardiovascular Medicine and Haematology,1,35,0.02857142857142857,3
101,Cardiovascular Medicine and Haematology,22,34,0.6470588235294118,1
101,Epidemiology,6,34,0.17647058823529413,2
101,Clinical Sciences,4,34,0.11764705882352941,3
101,Pharmacology and Pharmaceutical Sciences,2,34,0.058823529411764705,4
102,Ophthalmology and Optometry,33,34,0.9705882352941176,1
102,Clinical Sciences,1,34,0.029411764705882353,2
103,Clinical Sciences,29,33,0.8787878787878788,1
103,Genetics,2,33,0.06060606060606061,2
103,Medical Biochemistry and Metabolomics,2,33,0.06060606060606061,3
104,Epidemiology,15,33,0.45454545454545453,1
104,Cardiovascular Medicine and Haematology,7,33,0.21212121212121213,2
104,Biological Psychology,5,33,0.15151515151515152,3
104,Nutrition and Dietetics,4,33,0.12121212121212122,4
104,Clinical Sciences,2,33,0.06060606060606061,5
105,Genetics,31,32,0.96875,1
105,Bioinformatics and Computational Biology,1,32,0.03125,2
106,Oncology and Carcinogenesis,32,32,1.0,1
107,Cardiovascular Medicine and Haematology,9,31,0.2903225806451613,1
107,Clinical Sciences,9,31,0.2903225806451613,2
107,Epidemiology,8,31,0.25806451612903225,3
107,Medical Biochemistry and Metabolomics,5,31,0.16129032258064516,4
108,Nutrition and Dietetics,19,31,0.6129032258064516,1
108,Epidemiology,5,31,0.16129032258064516,2
108,Clinical Sciences,3,31,0.0967741935483871,3
108,Unclassified,3,31,0.0967741935483871,4
108,Health Services and Systems,1,31,0.03225806451612903,5
109,Epidemiology,17,31,0.5483870967741935,1
109,Cardiovascular Medicine and Haematology,14,31,0.45161290322580644,2
110,Cardiovascular Medicine and Haematology,15,30,0.5,1
110,Clinical Sciences,15,30,0.5,2
111,Epidemiology,18,29,0.6206896551724138,1
111,Cardiovascular Medicine and Haematology,7,29,0.2413793103448276,2
111,Biochemistry and Cell Biology,4,29,0.13793103448275862,3
112,Epidemiology,18,29,0.6206896551724138,1
112,Nutrition and Dietetics,9,29,0.3103448275862069,2
112,Genetics,2,29,0.06896551724137931,3
113,Biological Psychology,13,29,0.4482758620689655,1
113,Clinical Sciences,8,29,0.27586206896551724,2
113,Biochemistry and Cell Biology,4,29,0.13793103448275862,3
113,Epidemiology,3,29,0.10344827586206896,4
113,Neurosciences,1,29,0.034482758620689655,5
114,Clinical Sciences,12,29,0.41379310344827586,1
114,Epidemiology,9,29,0.3103448275862069,2
114,Nutrition and Dietetics,4,29,0.13793103448275862,3
114,Medical Biochemistry and Metabolomics,2,29,0.06896551724137931,4
114,Cardiovascular Medicine and Haematology,1,29,0.034482758620689655,5
114,Public Health,1,29,0.034482758620689655,6
115,Epidemiology,17,28,0.6071428571428571,1
115,Medical Biochemistry and Metabolomics,6,28,0.21428571428571427,2
115,Cardiovascular Medicine and Haematology,3,28,0.10714285714285714,3
115,Clinical Sciences,2,28,0.07142857142857142,4
116,Epidemiology,9,27,0.3333333333333333,1
116,Public Health,9,27,0.3333333333333333,2
116,Unclassified,9,27,0.3333333333333333,3
117,Clinical Sciences,9,26,0.34615384615384615,1
117,Cardiovascular Medicine and Haematology,6,26,0.23076923076923078,2
117,Epidemiology,5,26,0.19230769230769232,3
117,Neurosciences,4,26,0.15384615384615385,4
117,Pharmacology and Pharmaceutical Sciences,2,26,0.07692307692307693,5
118,Ophthalmology and Optometry,12,25,0.48,1
118,Cardiovascular Medicine and Haematology,7,25,0.28,2
118,Health Services and Systems,6,25,0.24,3
119,Biochemistry and Cell Biology,10,25,0.4,1
119,Epidemiology,7,25,0.28,2
119,Genetics,4,25,0.16,3
119,Nutrition and Dietetics,4,25,0.16,4
120,Machine Learning,7,25,0.28,1
120,Biomedical Engineering,6,25,0.24,2
120,Health Services and Systems,6,25,0.24,3
120,Ophthalmology and Optometry,6,25,0.24,4
121,Biological Psychology,22,24,0.9166666666666666,1
121,Epidemiology,2,24,0.08333333333333333,2
122,Genetics,9,24,0.375,1
122,Clinical Sciences,7,24,0.2916666666666667,2
122,Epidemiology,5,24,0.20833333333333334,3
122,Medical Biochemistry and Metabolomics,3,24,0.125,4
123,Reproductive Medicine,19,24,0.7916666666666666,1
123,Epidemiology,5,24,0.20833333333333334,2
124,Biochemistry and Cell Biology,18,24,0.75,1
124,Epidemiology,4,24,0.16666666666666666,2
124,Clinical Sciences,2,24,0.08333333333333333,3
125,Medical Physiology,12,23,0.5217391304347826,1
125,Epidemiology,6,23,0.2608695652173913,2
125,Clinical Sciences,5,23,0.21739130434782608,3
126,Immunology,23,23,1.0,1
127,Cardiovascular Medicine and Haematology,11,23,0.4782608695652174,1
127,Biomedical Engineering,8,23,0.34782608695652173,2
127,Nutrition and Dietetics,3,23,0.13043478260869565,3
127,Clinical Sciences,1,23,0.043478260869565216,4
128,Clinical Sciences,21,22,0.9545454545454546,1
128,Biochemistry and Cell Biology,1,22,0.045454545454545456,2
129,Neurosciences,8,22,0.36363636363636365,1
129,Clinical Sciences,7,22,0.3181818181818182,2
129,Epidemiology,7,22,0.3181818181818182,3
130,Bioinformatics and Computational Biology,14,21,0.6666666666666666,1
130,Genetics,6,21,0.2857142857142857,2
130,Clinical Sciences,1,21,0.047619047619047616,3
131,Cardiovascular Medicine and Haematology,11,21,0.5238095238095238,1
131,Genetics,10,21,0.47619047619047616,2
132,Clinical Sciences,18,21,0.8571428571428571,1
132,Cardiovascular Medicine and Haematology,3,21,0.14285714285714285,2
133,Dentistry,12,21,0.5714285714285714,1
133,Immunology,6,21,0.2857142857142857,2
133,Genetics,3,21,0.14285714285714285,3
134,Clinical Sciences,13,21,0.6190476190476191,1
134,Epidemiology,8,21,0.38095238095238093,2
135,Pharmacology and Pharmaceutical Sciences,21,21,1.0,1
136,Biological Psychology,10,21,0.47619047619047616,1
136,Epidemiology,5,21,0.23809523809523808,2
136,Clinical Sciences,4,21,0.19047619047619047,3
136,Unclassified,2,21,0.09523809523809523,4
137,Health Services and Systems,13,21,0.6190476190476191,1
137,Epidemiology,4,21,0.19047619047619047,2
137,Nutrition and Dietetics,4,21,0.19047619047619047,3
138,Clinical Sciences,13,21,0.6190476190476191,1
138,Epidemiology,8,21,0.38095238095238093,2
139,Clinical Sciences,20,20,1.0,1
140,Epidemiology,13,20,0.65,1
140,Oncology and Carcinogenesis,4,20,0.2,2
140,Clinical Sciences,3,20,0.15,3
141,Epidemiology,8,20,0.4,1
141,Oncology and Carcinogenesis,6,20,0.3,2
141,Biochemistry and Cell Biology,4,20,0.2,3
141,Nutrition and Dietetics,2,20,0.1,4
142,Genetics,7,20,0.35,1
142,Cardiovascular Medicine and Haematology,6,20,0.3,2
142,Epidemiology,4,20,0.2,3
142,Public Health,3,20,0.15,4
143,Epidemiology,18,20,0.9,1
143,Clinical Sciences,2,20,0.1,2
144,Genetics,13,19,0.6842105263157895,1
144,Reproductive Medicine,6,19,0.3157894736842105,2
145,Epidemiology,16,19,0.8421052631578947,1
145,Reproductive Medicine,2,19,0.10526315789473684,2
145,Clinical Sciences,1,19,0.05263157894736842,3
146,Biological Psychology,12,19,0.631578947368421,1
146,Clinical Sciences,7,19,0.3684210526315789,2
147,Genetics,12,19,0.631578947368421,1
147,Clinical Sciences,3,19,0.15789473684210525,2
147,Epidemiology,2,19,0.10526315789473684,3
147,Medical Biochemistry and Metabolomics,1,19,0.05263157894736842,4
147,Unclassified,1,19,0.05263157894736842,5
148,Cardiovascular Medicine and Haematology,11,19,0.5789473684210527,1
148,Epidemiology,7,19,0.3684210526315789,2
148,Reproductive Medicine,1,19,0.05263157894736842,3
149,Clinical Sciences,14,19,0.7368421052631579,1
149,Genetics,4,19,0.21052631578947367,2
149,Nutrition and Dietetics,1,19,0.05263157894736842,3
150,Clinical and Health Psychology,10,19,0.5263157894736842,1
150,Data Management and Data Science,8,19,0.42105263157894735,2
150,Machine Learning,1,19,0.05263157894736842,3
151,Medical Biochemistry and Metabolomics,8,19,0.42105263157894735,1
151,Genetics,5,19,0.2631578947368421,2
151,Clinical Sciences,4,19,0.21052631578947367,3
151,Biochemistry and Cell Biology,1,19,0.05263157894736842,4
151,Pollution and Contamination,1,19,0.05263157894736842,5
152,Cardiovascular Medicine and Haematology,19,19,1.0,1
153,Clinical Sciences,12,18,0.6666666666666666,1
153,Medical Biochemistry and Metabolomics,6,18,0.3333333333333333,2
154,Clinical Sciences,8,18,0.4444444444444444,1
154,Epidemiology,6,18,0.3333333333333333,2
154,Medical Biochemistry and Metabolomics,4,18,0.2222222222222222,3
155,Clinical Sciences,16,18,0.8888888888888888,1
155,Epidemiology,2,18,0.1111111111111111,2
156,Clinical Sciences,18,18,1.0,1
157,Clinical Sciences,17,17,1.0,1
158,Clinical Sciences,17,17,1.0,1
159,Biochemistry and Cell Biology,11,17,0.6470588235294118,1
159,Clinical Sciences,6,17,0.35294117647058826,2
160,Genetics,17,17,1.0,1
161,Unclassified,13,17,0.7647058823529411,1
161,Clinical Sciences,4,17,0.23529411764705882,2
162,Oncology and Carcinogenesis,12,17,0.7058823529411765,1
162,Medical Biochemistry and Metabolomics,3,17,0.17647058823529413,2
162,Health Services and Systems,2,17,0.11764705882352941,3
163,Genetics,17,17,1.0,1
164,Clinical Sciences,11,17,0.6470588235294118,1
164,Genetics,4,17,0.23529411764705882,2
164,Biochemistry and Cell Biology,2,17,0.11764705882352941,3
165,Nutrition and Dietetics,8,17,0.47058823529411764,1
165,Clinical Sciences,6,17,0.35294117647058826,2
165,Unclassified,3,17,0.17647058823529413,3
166,Medical and Biological Physics,7,17,0.4117647058823529,1
166,Unclassified,7,17,0.4117647058823529,2
166,Applied Computing,3,17,0.17647058823529413,3
167,Epidemiology,8,17,0.47058823529411764,1
167,Public Health,5,17,0.29411764705882354,2
167,Medical Biochemistry and Metabolomics,2,17,0.11764705882352941,3
167,Nutrition and Dietetics,1,17,0.058823529411764705,4
167,Oncology and Carcinogenesis,1,17,0.058823529411764705,5
168,Clinical Sciences,16,17,0.9411764705882353,1
168,Epidemiology,1,17,0.058823529411764705,2
169,Clinical Sciences,16,16,1.0,1
170,Pharmacology and Pharmaceutical Sciences,11,16,0.6875,1
170,Medical Biotechnology,5,16,0.3125,2
171,Animal Production,8,16,0.5,1
171,Pharmacology and Pharmaceutical Sciences,6,16,0.375,2
171,Clinical Sciences,2,16,0.125,3
172,Epidemiology,16,16,1.0,1
173,Cardiovascular Medicine and Haematology,8,16,0.5,1
173,Biochemistry and Cell Biology,4,16,0.25,2
173,Nutrition and Dietetics,3,16,0.1875,3
173,Clinical Sciences,1,16,0.0625,4
174,Biological Psychology,11,16,0.6875,1
174,Biomedical Engineering,4,16,0.25,2
174,Medical Physiology,1,16,0.0625,3
175,Clinical Sciences,11,16,0.6875,1
175,Cardiovascular Medicine and Haematology,4,16,0.25,2
175,Unclassified,1,16,0.0625,3
176,Data Management and Data Science,9,16,0.5625,1
176,Genetics,6,16,0.375,2
176,Machine Learning,1,16,0.0625,3
177,Genetics,16,16,1.0,1
178,Oncology and Carcinogenesis,16,16,1.0,1
179,Nutrition and Dietetics,12,16,0.75,1
179,Epidemiology,4,16,0.25,2
180,Biological Psychology,5,16,0.3125,1
180,Epidemiology,5,16,0.3125,2
180,Clinical Sciences,4,16,0.25,3
180,Nutrition and Dietetics,2,16,0.125,4
181,Clinical Sciences,16,16,1.0,1
182,Oncology and Carcinogenesis,9,16,0.5625,1
182,Bioinformatics and Computational Biology,7,16,0.4375,2
183,Cardiovascular Medicine and Haematology,16,16,1.0,1
184,Epidemiology,16,16,1.0,1
185,Biochemistry and Cell Biology,15,15,1.0,1
186,Cardiovascular Medicine and Haematology,15,15,1.0,1
187,Nutrition and Dietetics,6,15,0.4,1
187,Oncology and Carcinogenesis,6,15,0.4,2
187,Clinical Sciences,3,15,0.2,3
188,Oncology and Carcinogenesis,15,15,1.0,1
189,Nutrition and Dietetics,15,15,1.0,1
190,Clinical Sciences,15,15,1.0,1
191,Epidemiology,6,15,0.4,1
191,Clinical Sciences,5,15,0.3333333333333333,2
191,Information Systems,4,15,0.26666666666666666,3
192,Nutrition and Dietetics,9,15,0.6,1
192,Clinical Sciences,6,15,0.4,2
193,Pollution and Contamination,7,15,0.4666666666666667,1
193,Unclassified,6,15,0.4,2
193,Reproductive Medicine,2,15,0.13333333333333333,3
194,Cardiovascular Medicine and Haematology,10,15,0.6666666666666666,1
194,Epidemiology,5,15,0.3333333333333333,2
195,Clinical Sciences,15,15,1.0,1
196,Cardiovascular Medicine and Haematology,15,15,1.0,1
197,Clinical Sciences,9,15,0.6,1
197,Cardiovascular Medicine and Haematology,6,15,0.4,2
198,Biochemistry and Cell Biology,10,15,0.6666666666666666,1
198,Epidemiology,5,15,0.3333333333333333,2
199,Clinical Sciences,9,15,0.6,1
199,Oncology and Carcinogenesis,6,15,0.4,2
200,Health Services and Systems,5,14,0.35714285714285715,1
200,Unclassified,5,14,0.35714285714285715,2
200,Immunology,4,14,0.2857142857142857,3
201,Clinical Sciences,8,14,0.5714285714285714,1
201,Genetics,6,14,0.42857142857142855,2
202,Epidemiology,11,14,0.7857142857142857,1
202,Genetics,2,14,0.14285714285714285,2
202,Clinical Sciences,1,14,0.07142857142857142,3
203,Biological Psychology,14,14,1.0,1
204,Statistics,14,14,1.0,1
205,Unclassified,14,14,1.0,1
206,Cardiovascular Medicine and Haematology,14,14,1.0,1
207,Nutrition and Dietetics,7,14,0.5,1
207,Epidemiology,6,14,0.42857142857142855,2
207,Clinical Sciences,1,14,0.07142857142857142,3
208,Clinical Sciences,8,14,0.5714285714285714,1
208,Cardiovascular Medicine and Haematology,3,14,0.21428571428571427,2
208,Epidemiology,3,14,0.21428571428571427,3
209,Clinical Sciences,8,14,0.5714285714285714,1
209,Epidemiology,4,14,0.2857142857142857,2
209,Ophthalmology and Optometry,2,14,0.14285714285714285,3
210,Epidemiology,14,14,1.0,1
211,Epidemiology,10,14,0.7142857142857143,1
211,Clinical Sciences,4,14,0.2857142857142857,2
212,Cardiovascular Medicine and Haematology,8,14,0.5714285714285714,1
212,Clinical Sciences,6,14,0.42857142857142855,2
213,Bioinformatics and Computational Biology,7,13,0.5384615384615384,1
213,Immunology,6,13,0.46153846153846156,2
214,Health Services and Systems,9,13,0.6923076923076923,1
214,Oncology and Carcinogenesis,4,13,0.3076923076923077,2
215,Immunology,13,13,1.0,1
216,Clinical Sciences,13,13,1.0,1
217,Immunology,13,13,1.0,1
218,Clinical Sciences,5,13,0.38461538461538464,1
218,Cardiovascular Medicine and Haematology,3,13,0.23076923076923078,2
218,Unclassified,3,13,0.23076923076923078,3
218,Epidemiology,2,13,0.15384615384615385,4
219,Clinical Sciences,6,13,0.46153846153846156,1
219,Genetics,6,13,0.46153846153846156,2
219,Medical Biochemistry and Metabolomics,1,13,0.07692307692307693,3
220,Epidemiology,13,13,1.0,1
221,Applied and Developmental Psychology,7,13,0.5384615384615384,1
221,Nutrition and Dietetics,6,13,0.46153846153846156,2
222,Clinical Sciences,13,13,1.0,1
223,Biological Psychology,13,13,1.0,1
224,Epidemiology,7,13,0.5384615384615384,1
224,Clinical Sciences,6,13,0.46153846153846156,2
225,Genetics,8,13,0.6153846153846154,1
225,Nutrition and Dietetics,5,13,0.38461538461538464,2
226,Clinical Sciences,13,13,1.0,1
227,Genetics,13,13,1.0,1
228,Ophthalmology and Optometry,13,13,1.0,1
229,Epidemiology,13,13,1.0,1
230,Oncology and Carcinogenesis,13,13,1.0,1
231,Genetics,6,13,0.46153846153846156,1
231,Epidemiology,5,13,0.38461538461538464,2
231,Applied Computing,2,13,0.15384615384615385,3
232,Clinical Sciences,12,12,1.0,1
233,Ophthalmology and Optometry,12,12,1.0,1
234,Biological Psychology,7,12,0.5833333333333334,1
234,Computer Vision and Multimedia Computation,5,12,0.4166666666666667,2
235,Reproductive Medicine,12,12,1.0,1
236,Clinical Sciences,10,12,0.8333333333333334,1
236,Epidemiology,2,12,0.16666666666666666,2
237,Clinical Sciences,12,12,1.0,1
238,Clinical Sciences,12,12,1.0,1
239,Nutrition and Dietetics,12,12,1.0,1
240,Cardiovascular Medicine and Haematology,7,12,0.5833333333333334,1
240,Biological Psychology,5,12,0.4166666666666667,2
241,Clinical Sciences,8,12,0.6666666666666666,1
241,Epidemiology,4,12,0.3333333333333333,2
242,Clinical Sciences,7,12,0.5833333333333334,1
242,Epidemiology,5,12,0.4166666666666667,2
243,Epidemiology,10,12,0.8333333333333334,1
243,Clinical Sciences,2,12,0.16666666666666666,2
244,Immunology,10,12,0.8333333333333334,1
244,Nutrition and Dietetics,2,12,0.16666666666666666,2
245,Clinical Sciences,5,12,0.4166666666666667,1
245,Genetics,4,12,0.3333333333333333,2
245,Unclassified,3,12,0.25,3
246,Clinical Sciences,9,12,0.75,1
246,Epidemiology,2,12,0.16666666666666666,2
246,Unclassified,1,12,0.08333333333333333,3
247,Cardiovascular Medicine and Haematology,6,12,0.5,1
247,Neurosciences,6,12,0.5,2
248,Clinical Sciences,8,12,0.6666666666666666,1
248,Nutrition and Dietetics,4,12,0.3333333333333333,2
249,Cardiovascular Medicine and Haematology,12,12,1.0,1
250,Bioinformatics and Computational Biology,12,12,1.0,1
251,Biological Psychology,8,12,0.6666666666666666,1
251,Epidemiology,4,12,0.3333333333333333,2
252,Genetics,9,12,0.75,1
252,Bioinformatics and Computational Biology,3,12,0.25,2
253,Epidemiology,12,12,1.0,1
254,Clinical Sciences,8,12,0.6666666666666666,1
254,Cardiovascular Medicine and Haematology,3,12,0.25,2
254,Medical Physiology,1,12,0.08333333333333333,3
255,Clinical Sciences,10,12,0.8333333333333334,1
255,Epidemiology,2,12,0.16666666666666666,2
256,Genetics,12,12,1.0,1
257,Clinical Sciences,10,12,0.8333333333333334,1
257,Biological Psychology,2,12,0.16666666666666666,2
258,Ecological Applications,12,12,1.0,1
259,Cardiovascular Medicine and Haematology,6,12,0.5,1
259,Genetics,6,12,0.5,2
260,Machine Learning,7,11,0.6363636363636364,1
260,Biological Psychology,4,11,0.36363636363636365,2
261,Ophthalmology and Optometry,11,11,1.0,1
262,Immunology,6,11,0.5454545454545454,1
262,Clinical Sciences,4,11,0.36363636363636365,2
262,Unclassified,1,11,0.09090909090909091,3
263,Biological Psychology,11,11,1.0,1
264,Bioinformatics and Computational Biology,7,11,0.6363636363636364,1
264,Epidemiology,3,11,0.2727272727272727,2
264,Genetics,1,11,0.09090909090909091,3
265,Epidemiology,11,11,1.0,1
266,Clinical Sciences,10,11,0.9090909090909091,1
266,Cardiovascular Medicine and Haematology,1,11,0.09090909090909091,2
267,Cardiovascular Medicine and Haematology,11,11,1.0,1
268,Machine Learning,8,11,0.7272727272727273,1
268,Clinical Sciences,1,11,0.09090909090909091,2
268,"Graphics, Augmented Reality and Games",1,11,0.09090909090909091,3
268,Unclassified,1,11,0.09090909090909091,4
269,Nutrition and Dietetics,11,11,1.0,1
270,Epidemiology,10,11,0.9090909090909091,1
270,Clinical Sciences,1,11,0.09090909090909091,2
271,Genetics,6,11,0.5454545454545454,1
271,Cardiovascular Medicine and Haematology,5,11,0.45454545454545453,2
272,Genetics,9,11,0.8181818181818182,1
272,Reproductive Medicine,2,11,0.18181818181818182,2
273,Pharmacology and Pharmaceutical Sciences,7,11,0.6363636363636364,1
273,Oncology and Carcinogenesis,4,11,0.36363636363636365,2
274,Microbiology,11,11,1.0,1
275,Clinical Sciences,11,11,1.0,1
276,Cardiovascular Medicine and Haematology,11,11,1.0,1
277,Medical Biochemistry and Metabolomics,6,11,0.5454545454545454,1
277,Cardiovascular Medicine and Haematology,5,11,0.45454545454545453,2
278,Epidemiology,11,11,1.0,1
279,Immunology,11,11,1.0,1
280,Public Health,5,11,0.45454545454545453,1
280,Applied and Developmental Psychology,2,11,0.18181818181818182,2
280,Epidemiology,2,11,0.18181818181818182,3
280,Allied Health and Rehabilitation Science,1,11,0.09090909090909091,4
280,Clinical Sciences,1,11,0.09090909090909091,5
281,Genetics,11,11,1.0,1
282,Clinical Sciences,11,11,1.0,1
283,Clinical Sciences,8,10,0.8,1
283,Epidemiology,2,10,0.2,2
284,Epidemiology,9,10,0.9,1
284,Clinical Sciences,1,10,0.1,2
285,Cardiovascular Medicine and Haematology,10,10,1.0,1
286,Clinical Sciences,10,10,1.0,1
287,Medical Biochemistry and Metabolomics,10,10,1.0,1
288,Epidemiology,10,10,1.0,1
289,Clinical Sciences,10,10,1.0,1
290,Nutrition and Dietetics,7,10,0.7,1
290,Clinical Sciences,3,10,0.3,2
291,Biological Psychology,5,10,0.5,1
291,Statistics,3,10,0.3,2
291,Artificial Intelligence,1,10,0.1,3
291,Clinical Sciences,1,10,0.1,4
292,Immunology,10,10,1.0,1
293,Clinical Sciences,10,10,1.0,1
294,Genetics,8,10,0.8,1
294,Medical Biochemistry and Metabolomics,1,10,0.1,2
294,Oncology and Carcinogenesis,1,10,0.1,3
295,Clinical Sciences,10,10,1.0,1
296,Nutrition and Dietetics,10,10,1.0,1
297,Epidemiology,10,10,1.0,1
298,Epidemiology,10,10,1.0,1
299,Genetics,6,10,0.6,1
299,Epidemiology,2,10,0.2,2
299,Machine Learning,2,10,0.2,3
300,Oncology and Carcinogenesis,10,10,1.0,1
301,Epidemiology,10,10,1.0,1
302,Clinical Sciences,10,10,1.0,1
303,Cybersecurity and Privacy,5,10,0.5,1
303,Epidemiology,5,10,0.5,2
304,Biochemistry and Cell Biology,4,10,0.4,1
304,Epidemiology,3,10,0.3,2
304,Genetics,3,10,0.3,3
305,Epidemiology,6,10,0.6,1
305,Clinical Sciences,4,10,0.4,2
306,Clinical Sciences,5,10,0.5,1
306,Epidemiology,3,10,0.3,2
306,Health Services and Systems,1,10,0.1,3
306,Oncology and Carcinogenesis,1,10,0.1,4
307,Clinical Sciences,10,10,1.0,1
308,Epidemiology,10,10,1.0,1
309,Clinical Sciences,7,10,0.7,1
309,Nutrition and Dietetics,3,10,0.3,2
310,Epidemiology,7,10,0.7,1
310,Unclassified,3,10,0.3,2
311,Cardiovascular Medicine and Haematology,6,10,0.6,1
311,Epidemiology,2,10,0.2,2
311,Genetics,2,10,0.2,3
312,Biological Psychology,10,10,1.0,1
313,Genetics,10,10,1.0,1
314,Genetics,5,10,0.5,1
314,Clinical Sciences,4,10,0.4,2
314,Epidemiology,1,10,0.1,3
315,Clinical Sciences,10,10,1.0,1
316,Epidemiology,10,10,1.0,1
317,Neurosciences,9,10,0.9,1
317,Biochemistry and Cell Biology,1,10,0.1,2
318,Immunology,10,10,1.0,1
319,Genetics,10,10,1.0,1
320,Cardiovascular Medicine and Haematology,10,10,1.0,1
321,Epidemiology,10,10,1.0,1
322,Cardiovascular Medicine and Haematology,10,10,1.0,1
323,Clinical Sciences,10,10,1.0,1
324,Clinical Sciences,10,10,1.0,1
325,Clinical Sciences,10,10,1.0,1
326,Clinical Sciences,10,10,1.0,1
327,Clinical Sciences,10,10,1.0,1
328,Clinical Sciences,10,10,1.0,1
329,Clinical Sciences,10,10,1.0,1
330,Epidemiology,10,10,1.0,1
331,Biological Psychology,10,10,1.0,1
332,Clinical Sciences,8,10,0.8,1
332,Epidemiology,2,10,0.2,2
333,Clinical Sciences,10,10,1.0,1
334,Public Health,10,10,1.0,1
335,Clinical Sciences,9,9,1.0,1
336,Oncology and Carcinogenesis,9,9,1.0,1
337,Medical Biochemistry and Metabolomics,9,9,1.0,1
338,Genetics,9,9,1.0,1
339,Clinical Sciences,9,9,1.0,1
340,Clinical Sciences,9,9,1.0,1
341,Bioinformatics and Computational Biology,9,9,1.0,1
342,Clinical Sciences,9,9,1.0,1
343,Epidemiology,9,9,1.0,1
344,Clinical Sciences,9,9,1.0,1
345,Clinical Sciences,9,9,1.0,1
346,Unclassified,9,9,1.0,1
347,Ophthalmology and Optometry,9,9,1.0,1
348,Allied Health and Rehabilitation Science,4,9,0.4444444444444444,1
348,Epidemiology,3,9,0.3333333333333333,2
348,Medical Biochemistry and Metabolomics,2,9,0.2222222222222222,3
349,Epidemiology,9,9,1.0,1
350,Ophthalmology and Optometry,6,9,0.6666666666666666,1
350,Public Health,3,9,0.3333333333333333,2
351,Cardiovascular Medicine and Haematology,9,9,1.0,1
352,Clinical Sciences,8,9,0.8888888888888888,1
352,Genetics,1,9,0.1111111111111111,2
353,Pharmacology and Pharmaceutical Sciences,7,9,0.7777777777777778,1
353,Epidemiology,2,9,0.2222222222222222,2
354,Pharmacology and Pharmaceutical Sciences,6,9,0.6666666666666666,1
354,Genetics,3,9,0.3333333333333333,2
355,Epidemiology,9,9,1.0,1
356,Cardiovascular Medicine and Haematology,6,9,0.6666666666666666,1
356,Clinical Sciences,2,9,0.2222222222222222,2
356,Immunology,1,9,0.1111111111111111,3
357,Cardiovascular Medicine and Haematology,9,9,1.0,1
358,Medical Physiology,9,9,1.0,1
359,Unclassified,9,9,1.0,1
360,Biological Psychology,8,9,0.8888888888888888,1
360,Applied Computing,1,9,0.1111111111111111,2
361,Cardiovascular Medicine and Haematology,7,9,0.7777777777777778,1
361,Clinical Sciences,2,9,0.2222222222222222,2
362,Epidemiology,9,9,1.0,1
363,Clinical Sciences,9,9,1.0,1
364,Clinical Sciences,9,9,1.0,1
365,Epidemiology,9,9,1.0,1
366,Biochemistry and Cell Biology,9,9,1.0,1
367,Health Services and Systems,9,9,1.0,1
368,Genetics,9,9,1.0,1
369,Genetics,9,9,1.0,1
370,Genetics,6,9,0.6666666666666666,1
370,Oncology and Carcinogenesis,3,9,0.3333333333333333,2
371,Epidemiology,9,9,1.0,1
372,Clinical Sciences,9,9,1.0,1
373,Genetics,9,9,1.0,1
374,Clinical Sciences,9,9,1.0,1
375,Clinical Sciences,9,9,1.0,1
376,Medical Biochemistry and Metabolomics,6,9,0.6666666666666666,1
376,Clinical Sciences,3,9,0.3333333333333333,2
377,Genetics,9,9,1.0,1
378,Biological Psychology,5,9,0.5555555555555556,1
378,Clinical Sciences,3,9,0.3333333333333333,2
378,Pharmacology and Pharmaceutical Sciences,1,9,0.1111111111111111,3
379,Epidemiology,9,9,1.0,1
380,Oncology and Carcinogenesis,9,9,1.0,1
381,Epidemiology,6,9,0.6666666666666666,1
381,Cardiovascular Medicine and Haematology,3,9,0.3333333333333333,2
382,Oncology and Carcinogenesis,9,9,1.0,1
383,Clinical Sciences,9,9,1.0,1
384,Oncology and Carcinogenesis,9,9,1.0,1
385,Genetics,9,9,1.0,1
386,Neurosciences,9,9,1.0,1
387,Clinical Sciences,5,9,0.5555555555555556,1
387,Epidemiology,4,9,0.4444444444444444,2
388,Oncology and Carcinogenesis,9,9,1.0,1
389,Epidemiology,9,9,1.0,1
390,Epidemiology,7,9,0.7777777777777778,1
390,Cardiovascular Medicine and Haematology,2,9,0.2222222222222222,2
391,Clinical Sciences,9,9,1.0,1
392,Cardiovascular Medicine and Haematology,9,9,1.0,1
393,Data Management and Data Science,9,9,1.0,1
394,Biological Psychology,9,9,1.0,1
395,Medical Biochemistry and Metabolomics,9,9,1.0,1
396,Design,9,9,1.0,1
397,Medical Biochemistry and Metabolomics,6,9,0.6666666666666666,1
397,Ophthalmology and Optometry,3,9,0.3333333333333333,2
398,Cardiovascular Medicine and Haematology,9,9,1.0,1
399,Clinical Sciences,9,9,1.0,1
400,Genetics,9,9,1.0,1
401,Clinical Sciences,6,9,0.6666666666666666,1
401,Biochemistry and Cell Biology,3,9,0.3333333333333333,2
402,Cardiovascular Medicine and Haematology,9,9,1.0,1
403,Epidemiology,9,9,1.0,1
404,Clinical Sciences,5,9,0.5555555555555556,1
404,Nutrition and Dietetics,4,9,0.4444444444444444,2
405,Clinical Sciences,6,9,0.6666666666666666,1
405,Epidemiology,3,9,0.3333333333333333,2
406,Epidemiology,8,9,0.8888888888888888,1
406,Pharmacology and Pharmaceutical Sciences,1,9,0.1111111111111111,2
407,Pharmacology and Pharmaceutical Sciences,5,9,0.5555555555555556,1
407,Epidemiology,3,9,0.3333333333333333,2
407,Nutrition and Dietetics,1,9,0.1111111111111111,3
408,Biological Psychology,9,9,1.0,1
409,Biomedical Engineering,9,9,1.0,1
410,Clinical Sciences,9,9,1.0,1
411,Clinical Sciences,6,9,0.6666666666666666,1
411,Genetics,3,9,0.3333333333333333,2
412,Medical Biochemistry and Metabolomics,9,9,1.0,1
413,Medical Biochemistry and Metabolomics,9,9,1.0,1
414,Cardiovascular Medicine and Haematology,6,9,0.6666666666666666,1
414,Clinical Sciences,3,9,0.3333333333333333,2
415,Epidemiology,9,9,1.0,1
416,Genetics,9,9,1.0,1
417,Clinical Sciences,9,9,1.0,1
418,Unclassified,9,9,1.0,1
419,Bioinformatics and Computational Biology,9,9,1.0,1
420,Epidemiology,9,9,1.0,1
421,Clinical Sciences,7,9,0.7777777777777778,1
421,Health Services and Systems,2,9,0.2222222222222222,2
422,Genetics,9,9,1.0,1
423,Genetics,9,9,1.0,1
424,Pharmacology and Pharmaceutical Sciences,9,9,1.0,1
425,Clinical Sciences,9,9,1.0,1
426,Clinical Sciences,9,9,1.0,1
427,Clinical Sciences,7,9,0.7777777777777778,1
427,Genetics,2,9,0.2222222222222222,2
428,Genetics,9,9,1.0,1
429,Biological Psychology,8,8,1.0,1
430,Chemical Engineering,8,8,1.0,1
431,Epidemiology,8,8,1.0,1
432,Clinical Sciences,7,8,0.875,1
432,Allied Health and Rehabilitation Science,1,8,0.125,2
433,Clinical Sciences,3,8,0.375,1
433,Medical and Biological Physics,3,8,0.375,2
433,"Graphics, Augmented Reality and Games",2,8,0.25,3
434,Cardiovascular Medicine and Haematology,8,8,1.0,1
435,Epidemiology,8,8,1.0,1
436,Genetics,6,8,0.75,1
436,Medical Biochemistry and Metabolomics,2,8,0.25,2
437,Epidemiology,8,8,1.0,1
438,Epidemiology,8,8,1.0,1
439,Cardiovascular Medicine and Haematology,8,8,1.0,1
440,Epidemiology,8,8,1.0,1
441,Epidemiology,8,8,1.0,1
442,Epidemiology,8,8,1.0,1
443,Genetics,5,8,0.625,1
443,Clinical Sciences,2,8,0.25,2
443,Biochemistry and Cell Biology,1,8,0.125,3
444,Epidemiology,8,8,1.0,1
445,Zoology,8,8,1.0,1
446,Biochemistry and Cell Biology,8,8,1.0,1
447,Biological Psychology,8,8,1.0,1
448,Clinical Sciences,8,8,1.0,1
449,Clinical Sciences,8,8,1.0,1
450,Oncology and Carcinogenesis,8,8,1.0,1
451,Epidemiology,8,8,1.0,1
452,Clinical Sciences,8,8,1.0,1
453,Cardiovascular Medicine and Haematology,8,8,1.0,1
454,Biological Psychology,8,8,1.0,1
455,Biochemistry and Cell Biology,4,8,0.5,1
455,Pharmacology and Pharmaceutical Sciences,3,8,0.375,2
455,Clinical Sciences,1,8,0.125,3
456,Cardiovascular Medicine and Haematology,7,8,0.875,1
456,Clinical Sciences,1,8,0.125,2
457,Epidemiology,8,8,1.0,1
458,Clinical Sciences,5,8,0.625,1
458,Cardiovascular Medicine and Haematology,1,8,0.125,2
458,Epidemiology,1,8,0.125,3
458,Nutrition and Dietetics,1,8,0.125,4
459,Cardiovascular Medicine and Haematology,8,8,1.0,1
460,Epidemiology,8,8,1.0,1
461,Unclassified,8,8,1.0,1
462,Clinical Sciences,8,8,1.0,1
463,Medical Biochemistry and Metabolomics,8,8,1.0,1
464,Epidemiology,8,8,1.0,1
465,Biological Psychology,8,8,1.0,1
466,Cardiovascular Medicine and Haematology,8,8,1.0,1
467,Epidemiology,5,8,0.625,1
467,Biological Psychology,3,8,0.375,2
468,Clinical Sciences,4,8,0.5,1
468,Epidemiology,3,8,0.375,2
468,Cardiovascular Medicine and Haematology,1,8,0.125,3
469,Epidemiology,8,8,1.0,1
470,Clinical Sciences,8,8,1.0,1
471,Cardiovascular Medicine and Haematology,5,8,0.625,1
471,Biochemistry and Cell Biology,3,8,0.375,2
472,Clinical Sciences,7,8,0.875,1
472,Biochemistry and Cell Biology,1,8,0.125,2
473,Health Services and Systems,8,8,1.0,1
474,Epidemiology,8,8,1.0,1
475,Immunology,8,8,1.0,1
476,Epidemiology,8,8,1.0,1
477,Oncology and Carcinogenesis,8,8,1.0,1
478,Nutrition and Dietetics,5,8,0.625,1
478,Medical Biochemistry and Metabolomics,3,8,0.375,2
479,Clinical Sciences,8,8,1.0,1
480,Epidemiology,7,8,0.875,1
480,Microbiology,1,8,0.125,2
481,Dentistry,8,8,1.0,1
482,Epidemiology,8,8,1.0,1
483,Epidemiology,8,8,1.0,1
484,Oncology and Carcinogenesis,8,8,1.0,1
485,Cardiovascular Medicine and Haematology,6,8,0.75,1
485,Epidemiology,2,8,0.25,2
486,Ecological Applications,8,8,1.0,1
487,Epidemiology,4,8,0.5,1
487,Genetics,3,8,0.375,2
487,Biological Psychology,1,8,0.125,3
488,Clinical Sciences,8,8,1.0,1
489,Clinical Sciences,6,8,0.75,1
489,Cardiovascular Medicine and Haematology,2,8,0.25,2
490,Dentistry,8,8,1.0,1
491,Nutrition and Dietetics,4,8,0.5,1
491,Epidemiology,3,8,0.375,2
491,Biochemistry and Cell Biology,1,8,0.125,3
492,Clinical Sciences,8,8,1.0,1
493,Genetics,8,8,1.0,1
494,Cardiovascular Medicine and Haematology,8,8,1.0,1
495,Epidemiology,7,8,0.875,1
495,Clinical Sciences,1,8,0.125,2
496,Epidemiology,8,8,1.0,1
497,Clinical Sciences,8,8,1.0,1
498,Clinical Sciences,8,8,1.0,1
499,Oncology and Carcinogenesis,8,8,1.0,1
500,Oncology and Carcinogenesis,8,8,1.0,1
501,Clinical Sciences,3,8,0.375,1
501,Medical Biochemistry and Metabolomics,3,8,0.375,2
501,Epidemiology,2,8,0.25,3
502,Clinical Sciences,8,8,1.0,1
503,Biochemistry and Cell Biology,8,8,1.0,1
504,Genetics,8,8,1.0,1
505,Cardiovascular Medicine and Haematology,8,8,1.0,1
506,Epidemiology,8,8,1.0,1
507,Cardiovascular Medicine and Haematology,8,8,1.0,1
508,Clinical Sciences,8,8,1.0,1
509,Clinical Sciences,8,8,1.0,1
510,Clinical Sciences,4,8,0.5,1
510,Epidemiology,4,8,0.5,2
511,Clinical Sciences,8,8,1.0,1
512,Immunology,8,8,1.0,1
513,Epidemiology,7,8,0.875,1
513,Immunology,1,8,0.125,2
514,Clinical Sciences,8,8,1.0,1
515,Cardiovascular Medicine and Haematology,8,8,1.0,1
516,Epidemiology,8,8,1.0,1
517,Clinical Sciences,8,8,1.0,1
518,Epidemiology,8,8,1.0,1
519,Epidemiology,8,8,1.0,1
520,Biological Psychology,7,8,0.875,1
520,Clinical Sciences,1,8,0.125,2
521,Genetics,8,8,1.0,1
522,Clinical Sciences,8,8,1.0,1
523,Epidemiology,7,7,1.0,1
524,Epidemiology,7,7,1.0,1
525,Clinical Sciences,7,7,1.0,1
526,Biological Psychology,7,7,1.0,1
527,Epidemiology,7,7,1.0,1
528,Public Health,7,7,1.0,1
529,Public Health,7,7,1.0,1
530,Ophthalmology and Optometry,7,7,1.0,1
531,Epidemiology,4,7,0.5714285714285714,1
531,Genetics,3,7,0.42857142857142855,2
532,Ophthalmology and Optometry,7,7,1.0,1
533,Medical Biochemistry and Metabolomics,7,7,1.0,1
534,Biochemistry and Cell Biology,7,7,1.0,1
535,Oncology and Carcinogenesis,5,7,0.7142857142857143,1
535,Genetics,2,7,0.2857142857142857,2
536,Nutrition and Dietetics,3,7,0.42857142857142855,1
536,Clinical Sciences,2,7,0.2857142857142857,2
536,Food Sciences,2,7,0.2857142857142857,3
537,Epidemiology,5,7,0.7142857142857143,1
537,Biological Psychology,2,7,0.2857142857142857,2
538,Epidemiology,7,7,1.0,1
539,Oncology and Carcinogenesis,7,7,1.0,1
540,Biochemistry and Cell Biology,7,7,1.0,1
541,Epidemiology,7,7,1.0,1
542,Cardiovascular Medicine and Haematology,7,7,1.0,1
543,Nutrition and Dietetics,4,7,0.5714285714285714,1
543,Clinical Sciences,3,7,0.42857142857142855,2
544,Biological Psychology,7,7,1.0,1
545,Epidemiology,7,7,1.0,1
546,Public Health,7,7,1.0,1
547,Immunology,7,7,1.0,1
548,Epidemiology,5,7,0.7142857142857143,1
548,Medical Microbiology,2,7,0.2857142857142857,2
549,Microbiology,7,7,1.0,1
550,Epidemiology,7,7,1.0,1
551,Clinical Sciences,7,7,1.0,1
552,Epidemiology,6,7,0.8571428571428571,1
552,Genetics,1,7,0.14285714285714285,2
553,Clinical Sciences,6,7,0.8571428571428571,1
553,Unclassified,1,7,0.14285714285714285,2
554,Epidemiology,7,7,1.0,1
555,Epidemiology,7,7,1.0,1
556,Genetics,7,7,1.0,1
557,Biochemistry and Cell Biology,7,7,1.0,1
558,Clinical Sciences,7,7,1.0,1
559,Clinical Sciences,7,7,1.0,1
560,Clinical Sciences,7,7,1.0,1
561,Clinical Sciences,7,7,1.0,1
562,Clinical Sciences,7,7,1.0,1
563,Clinical Sciences,7,7,1.0,1
564,Biological Psychology,7,7,1.0,1
565,Genetics,7,7,1.0,1
566,Epidemiology,5,7,0.7142857142857143,1
566,Public Health,2,7,0.2857142857142857,2
567,Unclassified,7,7,1.0,1
568,Oncology and Carcinogenesis,6,7,0.8571428571428571,1
568,Biological Psychology,1,7,0.14285714285714285,2
569,Epidemiology,7,7,1.0,1
570,Clinical Sciences,7,7,1.0,1
571,Epidemiology,7,7,1.0,1
572,Epidemiology,6,7,0.8571428571428571,1
572,Oncology and Carcinogenesis,1,7,0.14285714285714285,2
573,Clinical Sciences,7,7,1.0,1
574,Clinical Sciences,7,7,1.0,1
575,Clinical Sciences,7,7,1.0,1
576,Clinical Sciences,7,7,1.0,1
577,Nutrition and Dietetics,7,7,1.0,1
578,Clinical Sciences,7,7,1.0,1
579,Clinical Sciences,7,7,1.0,1
580,Microbiology,7,7,1.0,1
581,Medicinal and Biomolecular Chemistry,4,7,0.5714285714285714,1
581,Pharmacology and Pharmaceutical Sciences,3,7,0.42857142857142855,2
582,Bioinformatics and Computational Biology,7,7,1.0,1
583,Microbiology,7,7,1.0,1
584,Epidemiology,5,7,0.7142857142857143,1
584,Biological Psychology,2,7,0.2857142857142857,2
585,Clinical Sciences,7,7,1.0,1
586,Oncology and Carcinogenesis,7,7,1.0,1
587,Clinical Sciences,5,7,0.7142857142857143,1
587,Applied and Developmental Psychology,2,7,0.2857142857142857,2
588,Oncology and Carcinogenesis,7,7,1.0,1
589,Clinical Sciences,7,7,1.0,1
590,Public Health,7,7,1.0,1
591,Oncology and Carcinogenesis,7,7,1.0,1
592,Machine Learning,7,7,1.0,1
593,Microbiology,7,7,1.0,1
594,Clinical Sciences,7,7,1.0,1
595,Nutrition and Dietetics,7,7,1.0,1
596,Clinical Sciences,6,7,0.8571428571428571,1
596,Pharmacology and Pharmaceutical Sciences,1,7,0.14285714285714285,2
597,Genetics,7,7,1.0,1
598,Cardiovascular Medicine and Haematology,7,7,1.0,1
599,Allied Health and Rehabilitation Science,7,7,1.0,1
600,Ophthalmology and Optometry,3,7,0.42857142857142855,1
600,Clinical Sciences,2,7,0.2857142857142857,2
600,Biological Psychology,1,7,0.14285714285714285,3
600,Dentistry,1,7,0.14285714285714285,4
601,Epidemiology,7,7,1.0,1
602,Genetics,7,7,1.0,1
603,Genetics,6,7,0.8571428571428571,1
603,Epidemiology,1,7,0.14285714285714285,2
604,Clinical Sciences,4,7,0.5714285714285714,1
604,Epidemiology,3,7,0.42857142857142855,2
605,Clinical Sciences,7,7,1.0,1
606,Clinical Sciences,7,7,1.0,1
607,Genetics,7,7,1.0,1
608,Epidemiology,7,7,1.0,1
609,Genetics,7,7,1.0,1
610,Epidemiology,7,7,1.0,1
611,Epidemiology,7,7,1.0,1
612,Clinical Sciences,7,7,1.0,1
613,Biochemistry and Cell Biology,7,7,1.0,1
614,Oncology and Carcinogenesis,7,7,1.0,1
615,"Graphics, Augmented Reality and Games",7,7,1.0,1
616,Epidemiology,7,7,1.0,1
617,Epidemiology,7,7,1.0,1
618,Allied Health and Rehabilitation Science,5,7,0.7142857142857143,1
618,Public Health,2,7,0.2857142857142857,2
619,Genetics,7,7,1.0,1
620,Clinical Sciences,7,7,1.0,1
621,Clinical Sciences,6,7,0.8571428571428571,1
621,"Atomic, Molecular and Optical Physics",1,7,0.14285714285714285,2
622,Clinical Sciences,7,7,1.0,1
623,Epidemiology,7,7,1.0,1
624,Epidemiology,7,7,1.0,1
625,Cardiovascular Medicine and Haematology,4,7,0.5714285714285714,1
625,Genetics,3,7,0.42857142857142855,2
626,Ecology,7,7,1.0,1
627,Genetics,7,7,1.0,1
628,Epidemiology,7,7,1.0,1
629,Clinical Sciences,7,7,1.0,1
630,Biological Psychology,4,7,0.5714285714285714,1
630,Health Services and Systems,3,7,0.42857142857142855,2
631,Biochemistry and Cell Biology,7,7,1.0,1
632,Genetics,7,7,1.0,1
633,Epidemiology,7,7,1.0,1
634,Epidemiology,7,7,1.0,1
635,Oncology and Carcinogenesis,7,7,1.0,1
636,Clinical Sciences,6,7,0.8571428571428571,1
636,Health Services and Systems,1,7,0.14285714285714285,2
637,Clinical Sciences,7,7,1.0,1
638,Biochemistry and Cell Biology,5,7,0.7142857142857143,1
638,Clinical Sciences,2,7,0.2857142857142857,2
639,Epidemiology,7,7,1.0,1
640,Epidemiology,7,7,1.0,1
641,Epidemiology,6,7,0.8571428571428571,1
641,Oncology and Carcinogenesis,1,7,0.14285714285714285,2
642,Ophthalmology and Optometry,6,7,0.8571428571428571,1
642,Epidemiology,1,7,0.14285714285714285,2
643,Ophthalmology and Optometry,7,7,1.0,1
644,Food Sciences,7,7,1.0,1
645,Epidemiology,4,7,0.5714285714285714,1
645,Ophthalmology and Optometry,3,7,0.42857142857142855,2
646,Epidemiology,7,7,1.0,1
647,Medical Biochemistry and Metabolomics,7,7,1.0,1
648,Oncology and Carcinogenesis,7,7,1.0,1
649,Epidemiology,7,7,1.0,1
650,Clinical Sciences,7,7,1.0,1
651,Clinical Sciences,7,7,1.0,1
652,Ophthalmology and Optometry,7,7,1.0,1
653,Epidemiology,7,7,1.0,1
654,Clinical Sciences,6,6,1.0,1
655,Epidemiology,4,6,0.6666666666666666,1
655,Unclassified,2,6,0.3333333333333333,2
656,Epidemiology,6,6,1.0,1
657,Cardiovascular Medicine and Haematology,6,6,1.0,1
658,Clinical Sciences,6,6,1.0,1
659,Biological Psychology,6,6,1.0,1
660,Nutrition and Dietetics,6,6,1.0,1
661,Biological Psychology,6,6,1.0,1
662,Clinical Sciences,6,6,1.0,1
663,Clinical Sciences,6,6,1.0,1
664,Epidemiology,6,6,1.0,1
665,Clinical Sciences,6,6,1.0,1
666,Biological Psychology,6,6,1.0,1
667,Epidemiology,6,6,1.0,1
668,Oncology and Carcinogenesis,6,6,1.0,1
669,Biological Psychology,6,6,1.0,1
670,Clinical Sciences,4,6,0.6666666666666666,1
670,Biological Psychology,2,6,0.3333333333333333,2
671,Clinical Sciences,6,6,1.0,1
672,Pharmacology and Pharmaceutical Sciences,6,6,1.0,1
673,Clinical Sciences,6,6,1.0,1
674,Epidemiology,6,6,1.0,1
675,Genetics,6,6,1.0,1
676,Microbiology,6,6,1.0,1
677,Pharmacology and Pharmaceutical Sciences,4,6,0.6666666666666666,1
677,Epidemiology,2,6,0.3333333333333333,2
678,Health Services and Systems,6,6,1.0,1
679,Biological Psychology,6,6,1.0,1
680,Dentistry,6,6,1.0,1
681,Epidemiology,6,6,1.0,1
682,Public Health,5,6,0.8333333333333334,1
682,Distributed Computing and Systems Software,1,6,0.16666666666666666,2
683,Epidemiology,6,6,1.0,1
684,Nutrition and Dietetics,6,6,1.0,1
685,Epidemiology,6,6,1.0,1
686,Health Services and Systems,6,6,1.0,1
687,Nutrition and Dietetics,6,6,1.0,1
688,Cardiovascular Medicine and Haematology,6,6,1.0,1
689,Reproductive Medicine,6,6,1.0,1
690,Unclassified,6,6,1.0,1
691,Pharmacology and Pharmaceutical Sciences,6,6,1.0,1
692,Nutrition and Dietetics,4,6,0.6666666666666666,1
692,Epidemiology,2,6,0.3333333333333333,2
693,Clinical Sciences,6,6,1.0,1
694,Clinical Sciences,6,6,1.0,1
695,Clinical Sciences,6,6,1.0,1
696,Clinical Sciences,6,6,1.0,1
697,Nutrition and Dietetics,6,6,1.0,1
698,Epidemiology,6,6,1.0,1
699,Biochemistry and Cell Biology,6,6,1.0,1
700,Epidemiology,6,6,1.0,1
701,Clinical Sciences,6,6,1.0,1
702,Medical Biotechnology,6,6,1.0,1
703,Biological Psychology,6,6,1.0,1
704,Epidemiology,6,6,1.0,1
705,Clinical Sciences,6,6,1.0,1
706,Biochemistry and Cell Biology,6,6,1.0,1
707,Clinical Sciences,6,6,1.0,1
708,Epidemiology,6,6,1.0,1
709,Reproductive Medicine,6,6,1.0,1
710,Biochemistry and Cell Biology,6,6,1.0,1
711,Biological Psychology,6,6,1.0,1
712,Epidemiology,6,6,1.0,1
713,Allied Health and Rehabilitation Science,6,6,1.0,1
714,Oncology and Carcinogenesis,6,6,1.0,1
715,Pollution and Contamination,6,6,1.0,1
716,Clinical Sciences,6,6,1.0,1
717,Clinical Sciences,6,6,1.0,1
718,Clinical Sciences,6,6,1.0,1
719,Immunology,6,6,1.0,1
720,Oncology and Carcinogenesis,6,6,1.0,1
721,Clinical Sciences,6,6,1.0,1
722,Clinical Sciences,6,6,1.0,1
723,Epidemiology,6,6,1.0,1
724,Cardiovascular Medicine and Haematology,6,6,1.0,1
725,Epidemiology,6,6,1.0,1
726,Biological Psychology,6,6,1.0,1
727,Epidemiology,6,6,1.0,1
728,Oncology and Carcinogenesis,6,6,1.0,1
729,Sports Science and Exercise,6,6,1.0,1
730,Epidemiology,6,6,1.0,1
731,Nutrition and Dietetics,6,6,1.0,1
732,Medical Biochemistry and Metabolomics,6,6,1.0,1
733,Nutrition and Dietetics,6,6,1.0,1
734,Reproductive Medicine,6,6,1.0,1
735,Health Services and Systems,6,6,1.0,1
736,Epidemiology,6,6,1.0,1
737,Cardiovascular Medicine and Haematology,6,6,1.0,1
738,Health Services and Systems,6,6,1.0,1
739,Ophthalmology and Optometry,6,6,1.0,1
740,Chemical Engineering,6,6,1.0,1
741,Clinical Sciences,6,6,1.0,1
742,Cardiovascular Medicine and Haematology,6,6,1.0,1
743,Clinical Sciences,6,6,1.0,1
744,Epidemiology,6,6,1.0,1
745,Epidemiology,6,6,1.0,1
746,Clinical Sciences,5,6,0.8333333333333334,1
746,Reproductive Medicine,1,6,0.16666666666666666,2
747,Clinical Sciences,6,6,1.0,1
748,Applied and Developmental Psychology,6,6,1.0,1
749,Immunology,6,6,1.0,1
750,Clinical Sciences,6,6,1.0,1
751,Medical Biochemistry and Metabolomics,6,6,1.0,1
752,Genetics,6,6,1.0,1
753,Clinical Sciences,6,6,1.0,1
754,Genetics,6,6,1.0,1
755,Epidemiology,6,6,1.0,1
756,Clinical Sciences,6,6,1.0,1
757,Pharmacology and Pharmaceutical Sciences,6,6,1.0,1
758,Health Services and Systems,4,6,0.6666666666666666,1
758,Oncology and Carcinogenesis,2,6,0.3333333333333333,2
759,Reproductive Medicine,6,6,1.0,1
760,Ophthalmology and Optometry,6,6,1.0,1
761,Epidemiology,6,6,1.0,1
762,Biochemistry and Cell Biology,6,6,1.0,1
763,Cardiovascular Medicine and Haematology,6,6,1.0,1
764,Immunology,6,6,1.0,1
765,Public Health,6,6,1.0,1
766,Epidemiology,6,6,1.0,1
767,Clinical Sciences,6,6,1.0,1
768,Epidemiology,6,6,1.0,1
769,Unclassified,6,6,1.0,1
770,Epidemiology,6,6,1.0,1
771,Unclassified,6,6,1.0,1
772,Biological Psychology,5,6,0.8333333333333334,1
772,Nutrition and Dietetics,1,6,0.16666666666666666,2
773,Cardiovascular Medicine and Haematology,5,6,0.8333333333333334,1
773,Genetics,1,6,0.16666666666666666,2
774,Microbiology,6,6,1.0,1
775,Neurosciences,6,6,1.0,1
776,Epidemiology,6,6,1.0,1
777,Clinical Sciences,6,6,1.0,1
778,Pharmacology and Pharmaceutical Sciences,6,6,1.0,1
779,Epidemiology,6,6,1.0,1
780,Epidemiology,6,6,1.0,1
781,Epidemiology,6,6,1.0,1
782,Immunology,6,6,1.0,1
783,Cardiovascular Medicine and Haematology,6,6,1.0,1
784,Clinical Sciences,6,6,1.0,1
785,Immunology,6,6,1.0,1
786,Clinical Sciences,6,6,1.0,1
787,Clinical Sciences,6,6,1.0,1
788,Epidemiology,6,6,1.0,1
789,Epidemiology,6,6,1.0,1
790,Clinical Sciences,6,6,1.0,1
791,Allied Health and Rehabilitation Science,6,6,1.0,1
792,Biological Psychology,6,6,1.0,1
793,Cardiovascular Medicine and Haematology,6,6,1.0,1
794,Biological Psychology,6,6,1.0,1
795,Nutrition and Dietetics,6,6,1.0,1
796,Epidemiology,6,6,1.0,1
797,Epidemiology,6,6,1.0,1
798,Cardiovascular Medicine and Haematology,6,6,1.0,1
799,Clinical Sciences,6,6,1.0,1
800,Reproductive Medicine,6,6,1.0,1
801,Genetics,6,6,1.0,1
802,Genetics,6,6,1.0,1
803,Nutrition and Dietetics,6,6,1.0,1
804,Clinical and Health Psychology,6,6,1.0,1
805,Clinical Sciences,3,6,0.5,1
805,Nutrition and Dietetics,3,6,0.5,2
806,Epidemiology,6,6,1.0,1
807,Epidemiology,6,6,1.0,1
808,Clinical Sciences,6,6,1.0,1
809,Biological Psychology,5,5,1.0,1
810,Biochemistry and Cell Biology,5,5,1.0,1
811,Clinical Sciences,4,5,0.8,1
811,Epidemiology,1,5,0.2,2
812,Clinical Sciences,5,5,1.0,1
813,Epidemiology,5,5,1.0,1
814,Cardiovascular Medicine and Haematology,3,5,0.6,1
814,Epidemiology,2,5,0.4,2
815,Statistics,5,5,1.0,1
816,Reproductive Medicine,5,5,1.0,1
817,Epidemiology,5,5,1.0,1
818,Bioinformatics and Computational Biology,5,5,1.0,1
819,Nutrition and Dietetics,5,5,1.0,1
820,Nutrition and Dietetics,5,5,1.0,1
821,Genetics,5,5,1.0,1
822,Clinical Sciences,5,5,1.0,1
823,Health Services and Systems,5,5,1.0,1
824,Epidemiology,5,5,1.0,1
825,Unclassified,5,5,1.0,1
826,Epidemiology,5,5,1.0,1
827,Cardiovascular Medicine and Haematology,5,5,1.0,1
828,Epidemiology,5,5,1.0,1
829,Nutrition and Dietetics,5,5,1.0,1
830,Epidemiology,5,5,1.0,1
831,Biological Psychology,5,5,1.0,1
832,Pharmacology and Pharmaceutical Sciences,5,5,1.0,1
833,Clinical Sciences,5,5,1.0,1
834,Unclassified,5,5,1.0,1
835,Genetics,5,5,1.0,1
836,Microbiology,5,5,1.0,1
837,Epidemiology,5,5,1.0,1
838,Epidemiology,5,5,1.0,1
839,Pharmacology and Pharmaceutical Sciences,5,5,1.0,1
840,Biochemistry and Cell Biology,5,5,1.0,1
841,Epidemiology,5,5,1.0,1
842,Medical Biochemistry and Metabolomics,5,5,1.0,1
843,Epidemiology,5,5,1.0,1
844,Epidemiology,5,5,1.0,1
845,Epidemiology,5,5,1.0,1
846,Clinical Sciences,5,5,1.0,1
847,Clinical Sciences,5,5,1.0,1
848,Epidemiology,4,5,0.8,1
848,Clinical Sciences,1,5,0.2,2
849,Clinical Sciences,5,5,1.0,1
850,Ophthalmology and Optometry,4,5,0.8,1
850,Epidemiology,1,5,0.2,2
851,Genetics,5,5,1.0,1
852,Nutrition and Dietetics,5,5,1.0,1
853,Clinical Sciences,5,5,1.0,1
854,Clinical Sciences,5,5,1.0,1
855,Health Services and Systems,5,5,1.0,1
856,Clinical Sciences,5,5,1.0,1
857,Microbiology,5,5,1.0,1
858,Biological Psychology,5,5,1.0,1
859,Clinical Sciences,5,5,1.0,1
860,Biochemistry and Cell Biology,5,5,1.0,1
861,Unclassified,5,5,1.0,1
862,Clinical Sciences,5,5,1.0,1
863,Epidemiology,4,5,0.8,1
863,Neurosciences,1,5,0.2,2
864,Epidemiology,5,5,1.0,1
865,Oncology and Carcinogenesis,5,5,1.0,1
866,Pharmacology and Pharmaceutical Sciences,5,5,1.0,1
867,Clinical Sciences,5,5,1.0,1
868,Clinical Sciences,5,5,1.0,1
869,Machine Learning,5,5,1.0,1
870,Cardiovascular Medicine and Haematology,5,5,1.0,1
871,Epidemiology,5,5,1.0,1
872,Nutrition and Dietetics,5,5,1.0,1
873,Epidemiology,5,5,1.0,1
874,Machine Learning,5,5,1.0,1
875,Cardiovascular Medicine and Haematology,5,5,1.0,1
876,Bioinformatics and Computational Biology,4,5,0.8,1
876,Biomedical Engineering,1,5,0.2,2
877,Reproductive Medicine,5,5,1.0,1
878,Epidemiology,5,5,1.0,1
879,Biochemistry and Cell Biology,3,5,0.6,1
879,Pharmacology and Pharmaceutical Sciences,2,5,0.4,2
880,Immunology,5,5,1.0,1
881,Ophthalmology and Optometry,5,5,1.0,1
882,Genetics,5,5,1.0,1
883,Oncology and Carcinogenesis,5,5,1.0,1
884,Clinical Sciences,5,5,1.0,1
885,Epidemiology,5,5,1.0,1
886,Cardiovascular Medicine and Haematology,5,5,1.0,1
887,Oncology and Carcinogenesis,5,5,1.0,1
888,Immunology,5,5,1.0,1
889,Medical Biochemistry and Metabolomics,3,5,0.6,1
889,Statistics,2,5,0.4,2
890,Clinical Sciences,5,5,1.0,1
891,Epidemiology,3,5,0.6,1
891,Biochemistry and Cell Biology,2,5,0.4,2
892,Epidemiology,5,5,1.0,1
893,Ophthalmology and Optometry,5,5,1.0,1
894,Cardiovascular Medicine and Haematology,5,5,1.0,1
895,Epidemiology,5,5,1.0,1
896,Genetics,5,5,1.0,1
897,Unclassified,5,5,1.0,1
898,Nutrition and Dietetics,5,5,1.0,1
899,Epidemiology,5,5,1.0,1
900,Biological Psychology,3,5,0.6,1
900,Clinical Sciences,2,5,0.4,2
901,Epidemiology,5,5,1.0,1
902,Nutrition and Dietetics,5,5,1.0,1
903,Clinical Sciences,5,5,1.0,1
904,Biochemistry and Cell Biology,5,5,1.0,1
905,Midwifery,5,5,1.0,1
906,Biological Psychology,5,5,1.0,1
907,Epidemiology,5,5,1.0,1
908,Oncology and Carcinogenesis,5,5,1.0,1
909,Bioinformatics and Computational Biology,5,5,1.0,1
910,Ophthalmology and Optometry,5,5,1.0,1
911,Cardiovascular Medicine and Haematology,5,5,1.0,1
912,Epidemiology,5,5,1.0,1
913,Epidemiology,5,5,1.0,1
914,Cardiovascular Medicine and Haematology,5,5,1.0,1
915,Biological Psychology,5,5,1.0,1
916,Epidemiology,5,5,1.0,1
917,Clinical Sciences,5,5,1.0,1
918,Unclassified,5,5,1.0,1
919,Cardiovascular Medicine and Haematology,5,5,1.0,1
920,Genetics,5,5,1.0,1
921,Clinical Sciences,5,5,1.0,1
922,Machine Learning,5,5,1.0,1
923,Clinical Sciences,5,5,1.0,1
924,Clinical Sciences,5,5,1.0,1
925,Bioinformatics and Computational Biology,5,5,1.0,1
926,Epidemiology,5,5,1.0,1
927,Genetics,5,5,1.0,1
928,Cardiovascular Medicine and Haematology,5,5,1.0,1
929,Oncology and Carcinogenesis,5,5,1.0,1
930,Cardiovascular Medicine and Haematology,5,5,1.0,1
931,Clinical Sciences,5,5,1.0,1
932,Cardiovascular Medicine and Haematology,5,5,1.0,1
933,Medical Biochemistry and Metabolomics,5,5,1.0,1
934,Genetics,5,5,1.0,1
935,Nutrition and Dietetics,5,5,1.0,1
936,Clinical Sciences,4,5,0.8,1
936,Cardiovascular Medicine and Haematology,1,5,0.2,2
937,Clinical Sciences,5,5,1.0,1
938,Nutrition and Dietetics,5,5,1.0,1
939,Biological Psychology,4,5,0.8,1
939,Machine Learning,1,5,0.2,2
940,Genetics,5,5,1.0,1
941,Epidemiology,5,5,1.0,1
942,Clinical Sciences,5,5,1.0,1
943,"Graphics, Augmented Reality and Games",4,5,0.8,1
943,Information Systems,1,5,0.2,2
944,Clinical Sciences,5,5,1.0,1
945,Biological Psychology,5,5,1.0,1
946,Genetics,5,5,1.0,1
947,Epidemiology,5,5,1.0,1
948,Genetics,5,5,1.0,1
949,Nutrition and Dietetics,5,5,1.0,1
950,Biological Psychology,5,5,1.0,1
951,Epidemiology,5,5,1.0,1
952,Reproductive Medicine,5,5,1.0,1
953,Genetics,5,5,1.0,1
954,Epidemiology,5,5,1.0,1
955,Clinical Sciences,5,5,1.0,1
956,Epidemiology,5,5,1.0,1
957,Clinical Sciences,5,5,1.0,1
958,Epidemiology,5,5,1.0,1
959,Ophthalmology and Optometry,5,5,1.0,1
960,Clinical Sciences,5,5,1.0,1
961,Clinical Sciences,5,5,1.0,1
962,Clinical Sciences,5,5,1.0,1
963,Biochemistry and Cell Biology,5,5,1.0,1
964,Health Services and Systems,5,5,1.0,1
965,Dentistry,5,5,1.0,1
966,Epidemiology,5,5,1.0,1
967,Clinical Sciences,5,5,1.0,1
968,Clinical Sciences,5,5,1.0,1
969,Health Services and Systems,4,5,0.8,1
969,Epidemiology,1,5,0.2,2
970,Epidemiology,5,5,1.0,1
971,Microbiology,5,5,1.0,1
972,Epidemiology,5,5,1.0,1
973,Pharmacology and Pharmaceutical Sciences,5,5,1.0,1
974,Clinical Sciences,5,5,1.0,1
975,Clinical Sciences,5,5,1.0,1
976,Epidemiology,5,5,1.0,1
977,Oncology and Carcinogenesis,5,5,1.0,1
978,Biological Psychology,5,5,1.0,1
979,Clinical Sciences,5,5,1.0,1
980,Epidemiology,5,5,1.0,1
981,Immunology,5,5,1.0,1
982,Genetics,5,5,1.0,1
983,Medical Microbiology,5,5,1.0,1
984,Genetics,5,5,1.0,1
985,Medical Biochemistry and Metabolomics,4,5,0.8,1
985,Epidemiology,1,5,0.2,2
986,Clinical Sciences,5,5,1.0,1
987,Epidemiology,5,5,1.0,1
988,Clinical Sciences,5,5,1.0,1
989,Epidemiology,5,5,1.0,1
990,Distributed Computing and Systems Software,5,5,1.0,1
991,Clinical Sciences,3,5,0.6,1
991,Epidemiology,2,5,0.4,2
992,Biological Psychology,5,5,1.0,1
993,Immunology,5,5,1.0,1
994,Clinical Sciences,5,5,1.0,1
995,Cardiovascular Medicine and Haematology,5,5,1.0,1
996,Medical Biochemistry and Metabolomics,5,5,1.0,1
997,Biological Psychology,3,5,0.6,1
997,Epidemiology,2,5,0.4,2
998,Clinical Sciences,5,5,1.0,1
999,Clinical Sciences,5,5,1.0,1
1000,Epidemiology,5,5,1.0,1
1001,Cardiovascular Medicine and Haematology,5,5,1.0,1
1002,Clinical Sciences,5,5,1.0,1
1003,Clinical Sciences,5,5,1.0,1
1004,Epidemiology,5,5,1.0,1
1005,Genetics,5,5,1.0,1
1006,Clinical Sciences,5,5,1.0,1
1007,Clinical Sciences,5,5,1.0,1
1008,Cardiovascular Medicine and Haematology,5,5,1.0,1
1009,Epidemiology,5,5,1.0,1
1010,Nutrition and Dietetics,5,5,1.0,1
1011,Genetics,5,5,1.0,1
1012,Nutrition and Dietetics,5,5,1.0,1
1013,Clinical Sciences,5,5,1.0,1
1014,Epidemiology,5,5,1.0,1
1015,Epidemiology,5,5,1.0,1
1016,Epidemiology,5,5,1.0,1
1017,Clinical Sciences,4,4,1.0,1
1018,Ophthalmology and Optometry,4,4,1.0,1
1019,Clinical Sciences,4,4,1.0,1
1020,Biochemistry and Cell Biology,4,4,1.0,1
1021,Epidemiology,4,4,1.0,1
1022,Epidemiology,4,4,1.0,1
1023,Genetics,4,4,1.0,1
1024,Clinical Sciences,2,4,0.5,1
1024,Neurosciences,2,4,0.5,2
1025,Cardiovascular Medicine and Haematology,4,4,1.0,1
1026,Nutrition and Dietetics,4,4,1.0,1
1027,Epidemiology,3,4,0.75,1
1027,Genetics,1,4,0.25,2
1028,Biological Psychology,3,4,0.75,1
1028,Clinical Sciences,1,4,0.25,2
1029,Reproductive Medicine,4,4,1.0,1
1030,Epidemiology,4,4,1.0,1
1031,Medical Biochemistry and Metabolomics,4,4,1.0,1
1032,Epidemiology,4,4,1.0,1
1033,Biological Psychology,4,4,1.0,1
1034,Nutrition and Dietetics,4,4,1.0,1
1035,Unclassified,4,4,1.0,1
1036,Cardiovascular Medicine and Haematology,4,4,1.0,1
1037,Biological Psychology,4,4,1.0,1
1038,Public Health,4,4,1.0,1
1039,Clinical and Health Psychology,4,4,1.0,1
1040,Clinical Sciences,4,4,1.0,1
1041,Genetics,4,4,1.0,1
1042,Biochemistry and Cell Biology,4,4,1.0,1
1043,Genetics,4,4,1.0,1
1044,Genetics,4,4,1.0,1
1045,Epidemiology,4,4,1.0,1
1046,Cardiovascular Medicine and Haematology,4,4,1.0,1
1047,Clinical Sciences,4,4,1.0,1
1048,Genetics,4,4,1.0,1
1049,Epidemiology,4,4,1.0,1
1050,Cardiovascular Medicine and Haematology,4,4,1.0,1
1051,Oncology and Carcinogenesis,4,4,1.0,1
1052,Clinical Sciences,4,4,1.0,1
1053,Immunology,4,4,1.0,1
1054,Clinical Sciences,4,4,1.0,1
1055,Epidemiology,4,4,1.0,1
1056,Epidemiology,4,4,1.0,1
1057,Epidemiology,4,4,1.0,1
1058,Epidemiology,4,4,1.0,1
1059,Biological Psychology,4,4,1.0,1
1060,Epidemiology,4,4,1.0,1
1061,Epidemiology,2,4,0.5,1
1061,Nutrition and Dietetics,2,4,0.5,2
1062,Pharmacology and Pharmaceutical Sciences,4,4,1.0,1
1063,Epidemiology,4,4,1.0,1
1064,Epidemiology,2,4,0.5,1
1064,Machine Learning,2,4,0.5,2
1065,Clinical Sciences,4,4,1.0,1
1066,Epidemiology,4,4,1.0,1
1067,Cardiovascular Medicine and Haematology,4,4,1.0,1
1068,Clinical Sciences,4,4,1.0,1
1069,Biochemistry and Cell Biology,4,4,1.0,1
1070,Epidemiology,4,4,1.0,1
1071,Medical Biochemistry and Metabolomics,4,4,1.0,1
1072,Clinical Sciences,4,4,1.0,1
1073,Epidemiology,4,4,1.0,1
1074,Epidemiology,4,4,1.0,1
1075,Clinical Sciences,4,4,1.0,1
1076,Clinical Sciences,4,4,1.0,1
1077,Epidemiology,4,4,1.0,1
1078,Epidemiology,4,4,1.0,1
1079,Clinical Sciences,4,4,1.0,1
1080,Cardiovascular Medicine and Haematology,4,4,1.0,1
1081,Cardiovascular Medicine and Haematology,4,4,1.0,1
1082,Genetics,4,4,1.0,1
1083,Statistics,4,4,1.0,1
1084,Genetics,4,4,1.0,1
1085,Epidemiology,4,4,1.0,1
1086,Clinical Sciences,4,4,1.0,1
1087,Oncology and Carcinogenesis,4,4,1.0,1
1088,Clinical and Health Psychology,4,4,1.0,1
1089,Cardiovascular Medicine and Haematology,4,4,1.0,1
1090,Clinical Sciences,4,4,1.0,1
1091,Ophthalmology and Optometry,4,4,1.0,1
1092,Genetics,4,4,1.0,1
1093,Clinical Sciences,4,4,1.0,1
1094,Clinical Sciences,4,4,1.0,1
1095,Clinical Sciences,4,4,1.0,1
1096,Clinical Sciences,3,4,0.75,1
1096,Cardiovascular Medicine and Haematology,1,4,0.25,2
1097,Epidemiology,4,4,1.0,1
1098,Nutrition and Dietetics,4,4,1.0,1
1099,Public Health,4,4,1.0,1
1100,Epidemiology,4,4,1.0,1
1101,Epidemiology,4,4,1.0,1
1102,Cardiovascular Medicine and Haematology,4,4,1.0,1
1103,Clinical Sciences,4,4,1.0,1
1104,"Graphics, Augmented Reality and Games",4,4,1.0,1
1105,Epidemiology,4,4,1.0,1
1106,Epidemiology,4,4,1.0,1
1107,Epidemiology,4,4,1.0,1
1108,Clinical Sciences,4,4,1.0,1
1109,Public Health,4,4,1.0,1
1110,Health Services and Systems,4,4,1.0,1
1111,Cardiovascular Medicine and Haematology,4,4,1.0,1
1112,Clinical Sciences,4,4,1.0,1
1113,Clinical and Health Psychology,4,4,1.0,1
1114,Epidemiology,4,4,1.0,1
1115,Epidemiology,4,4,1.0,1
1116,Electrical Engineering,4,4,1.0,1
1117,Cardiovascular Medicine and Haematology,4,4,1.0,1
1118,Machine Learning,4,4,1.0,1
1119,Cardiovascular Medicine and Haematology,4,4,1.0,1
1120,Clinical Sciences,4,4,1.0,1
1121,Biochemistry and Cell Biology,4,4,1.0,1
1122,Oncology and Carcinogenesis,4,4,1.0,1
1123,Clinical Sciences,4,4,1.0,1
1124,Biological Psychology,4,4,1.0,1
1125,Clinical Sciences,4,4,1.0,1
1126,Epidemiology,4,4,1.0,1
1127,Clinical Sciences,4,4,1.0,1
1128,Clinical Sciences,4,4,1.0,1
1129,Clinical Sciences,4,4,1.0,1
1130,Clinical Sciences,4,4,1.0,1
1131,Allied Health and Rehabilitation Science,4,4,1.0,1
1132,Ophthalmology and Optometry,4,4,1.0,1
1133,Epidemiology,2,4,0.5,1
1133,Oncology and Carcinogenesis,2,4,0.5,2
1134,Cardiovascular Medicine and Haematology,4,4,1.0,1
1135,Public Health,4,4,1.0,1
1136,Oncology and Carcinogenesis,4,4,1.0,1
1137,Epidemiology,4,4,1.0,1
1138,Applied and Developmental Psychology,4,4,1.0,1
1139,Dentistry,4,4,1.0,1
1140,Genetics,4,4,1.0,1
1141,Clinical Sciences,4,4,1.0,1
1142,Epidemiology,4,4,1.0,1
1143,Clinical Sciences,4,4,1.0,1
1144,Reproductive Medicine,4,4,1.0,1
1145,Clinical Sciences,4,4,1.0,1
1146,Clinical Sciences,4,4,1.0,1
1147,Clinical Sciences,4,4,1.0,1
1148,Genetics,4,4,1.0,1
1149,Clinical Sciences,4,4,1.0,1
1150,Genetics,4,4,1.0,1
1151,Epidemiology,4,4,1.0,1
1152,Clinical Sciences,4,4,1.0,1
1153,Medical Biochemistry and Metabolomics,4,4,1.0,1
1154,Clinical Sciences,4,4,1.0,1
1155,Bioinformatics and Computational Biology,4,4,1.0,1
1156,Animal Production,2,4,0.5,1
1156,Epidemiology,2,4,0.5,2
1157,Biological Psychology,4,4,1.0,1
1158,Clinical Sciences,4,4,1.0,1
1159,Epidemiology,4,4,1.0,1
1160,Clinical Sciences,4,4,1.0,1
1161,Dentistry,4,4,1.0,1
1162,Epidemiology,4,4,1.0,1
1163,Clinical Sciences,4,4,1.0,1
1164,Epidemiology,4,4,1.0,1
1165,Epidemiology,4,4,1.0,1
1166,Statistics,4,4,1.0,1
1167,Nutrition and Dietetics,4,4,1.0,1
1168,Epidemiology,4,4,1.0,1
1169,Clinical Sciences,4,4,1.0,1
1170,Cardiovascular Medicine and Haematology,4,4,1.0,1
1171,Epidemiology,4,4,1.0,1
1172,Clinical Sciences,4,4,1.0,1
1173,Clinical Sciences,4,4,1.0,1
1174,Clinical Sciences,4,4,1.0,1
1175,Immunology,4,4,1.0,1
1176,Health Services and Systems,4,4,1.0,1
1177,Epidemiology,4,4,1.0,1
1178,Clinical Sciences,4,4,1.0,1
1179,Clinical Sciences,4,4,1.0,1
1180,Public Health,4,4,1.0,1
1181,Epidemiology,4,4,1.0,1
1182,Bioinformatics and Computational Biology,4,4,1.0,1
1183,Clinical Sciences,4,4,1.0,1
1184,Epidemiology,4,4,1.0,1
1185,Clinical Sciences,4,4,1.0,1
1186,Health Services and Systems,4,4,1.0,1
1187,Immunology,4,4,1.0,1
1188,Biochemistry and Cell Biology,4,4,1.0,1
1189,Genetics,4,4,1.0,1
1190,Clinical Sciences,4,4,1.0,1
1191,Clinical Sciences,4,4,1.0,1
1192,Clinical Sciences,4,4,1.0,1
1193,Biochemistry and Cell Biology,4,4,1.0,1
1194,Clinical Sciences,4,4,1.0,1
1195,Clinical Sciences,4,4,1.0,1
1196,Clinical Sciences,4,4,1.0,1
1197,Epidemiology,4,4,1.0,1
1198,Public Health,4,4,1.0,1
1199,Cardiovascular Medicine and Haematology,4,4,1.0,1
1200,Clinical Sciences,4,4,1.0,1
1201,Epidemiology,4,4,1.0,1
1202,Epidemiology,3,4,0.75,1
1202,Medical Physiology,1,4,0.25,2
1203,Cardiovascular Medicine and Haematology,4,4,1.0,1
1204,Dentistry,4,4,1.0,1
1205,Epidemiology,4,4,1.0,1
1206,Unclassified,4,4,1.0,1
1207,Cardiovascular Medicine and Haematology,4,4,1.0,1
1208,Clinical Sciences,4,4,1.0,1
1209,Nutrition and Dietetics,4,4,1.0,1
1210,Cardiovascular Medicine and Haematology,4,4,1.0,1
1211,Reproductive Medicine,4,4,1.0,1
1212,Epidemiology,4,4,1.0,1
1213,Clinical Sciences,4,4,1.0,1
1214,Epidemiology,4,4,1.0,1
1215,Biological Psychology,4,4,1.0,1
1216,Biochemistry and Cell Biology,4,4,1.0,1
1217,Biological Psychology,4,4,1.0,1
1218,Oncology and Carcinogenesis,4,4,1.0,1
1219,Epidemiology,4,4,1.0,1
1220,Clinical Sciences,4,4,1.0,1
1221,Clinical Sciences,4,4,1.0,1
1222,Epidemiology,4,4,1.0,1
1223,Clinical Sciences,4,4,1.0,1
1224,Epidemiology,4,4,1.0,1
1225,Biological Psychology,3,4,0.75,1
1225,Genetics,1,4,0.25,2
1226,Clinical Sciences,4,4,1.0,1
1227,Clinical Sciences,4,4,1.0,1
1228,Public Health,4,4,1.0,1
1229,Data Management and Data Science,4,4,1.0,1
1230,Clinical Sciences,4,4,1.0,1
1231,Epidemiology,4,4,1.0,1
1232,Oncology and Carcinogenesis,4,4,1.0,1
1233,Epidemiology,4,4,1.0,1
1234,Epidemiology,4,4,1.0,1
1235,Clinical Sciences,4,4,1.0,1
1236,Biochemistry and Cell Biology,4,4,1.0,1
1237,Epidemiology,4,4,1.0,1
1238,Epidemiology,3,3,1.0,1
1239,Reproductive Medicine,3,3,1.0,1
1240,Genetics,3,3,1.0,1
1241,Epidemiology,3,3,1.0,1
1242,Reproductive Medicine,3,3,1.0,1
1243,Epidemiology,3,3,1.0,1
1244,Clinical Sciences,3,3,1.0,1
1245,Genetics,3,3,1.0,1
1246,Epidemiology,3,3,1.0,1
1247,Genetics,2,3,0.6666666666666666,1
1247,Epidemiology,1,3,0.3333333333333333,2
1248,Epidemiology,3,3,1.0,1
1249,Clinical Sciences,3,3,1.0,1
1250,Epidemiology,3,3,1.0,1
1251,Law In Context,3,3,1.0,1
1252,Oncology and Carcinogenesis,3,3,1.0,1
1253,Clinical Sciences,3,3,1.0,1
1254,Epidemiology,3,3,1.0,1
1255,Epidemiology,3,3,1.0,1
1256,Statistics,3,3,1.0,1
1257,Clinical Sciences,3,3,1.0,1
1258,Clinical Sciences,3,3,1.0,1
1259,Medical Biochemistry and Metabolomics,3,3,1.0,1
1260,Biological Psychology,3,3,1.0,1
1261,Clinical Sciences,3,3,1.0,1
1262,Genetics,3,3,1.0,1
1263,Public Health,3,3,1.0,1
1264,Data Management and Data Science,2,3,0.6666666666666666,1
1264,Clinical Sciences,1,3,0.3333333333333333,2
1265,Epidemiology,3,3,1.0,1
1266,Biological Psychology,3,3,1.0,1
1267,Allied Health and Rehabilitation Science,3,3,1.0,1
1268,Immunology,3,3,1.0,1
1269,Ophthalmology and Optometry,3,3,1.0,1
1270,Biological Psychology,3,3,1.0,1
1271,Epidemiology,3,3,1.0,1
1272,Manufacturing Engineering,3,3,1.0,1
1273,Clinical Sciences,3,3,1.0,1
1274,Nutrition and Dietetics,3,3,1.0,1
1275,Health Services and Systems,3,3,1.0,1
1276,Biological Psychology,3,3,1.0,1
1277,Biological Psychology,3,3,1.0,1
1278,Clinical Sciences,3,3,1.0,1
1279,Statistics,3,3,1.0,1
1280,Clinical Sciences,3,3,1.0,1
1281,Oncology and Carcinogenesis,3,3,1.0,1
1282,Clinical Sciences,3,3,1.0,1
1283,Genetics,3,3,1.0,1
1284,Genetics,3,3,1.0,1
1285,Machine Learning,3,3,1.0,1
1286,Epidemiology,3,3,1.0,1
1287,Genetics,3,3,1.0,1
1288,Oncology and Carcinogenesis,3,3,1.0,1
1289,Bioinformatics and Computational Biology,3,3,1.0,1
1290,Clinical Sciences,3,3,1.0,1
1291,Biomedical Engineering,3,3,1.0,1
1292,Genetics,3,3,1.0,1
1293,Oncology and Carcinogenesis,3,3,1.0,1
1294,Clinical Sciences,3,3,1.0,1
1295,Genetics,3,3,1.0,1
1296,Genetics,3,3,1.0,1
1297,Clinical Sciences,3,3,1.0,1
1298,Epidemiology,3,3,1.0,1
1299,Applied Computing,3,3,1.0,1
1300,Biological Psychology,3,3,1.0,1
1301,Clinical Sciences,3,3,1.0,1
1302,Clinical Sciences,3,3,1.0,1
1303,Ophthalmology and Optometry,3,3,1.0,1
1304,Immunology,3,3,1.0,1
1305,Oncology and Carcinogenesis,3,3,1.0,1
1306,Epidemiology,3,3,1.0,1
1307,Immunology,3,3,1.0,1
1308,Clinical Sciences,3,3,1.0,1
1309,Epidemiology,3,3,1.0,1
1310,Nutrition and Dietetics,3,3,1.0,1
1311,Medical Biochemistry and Metabolomics,3,3,1.0,1
1312,Dentistry,3,3,1.0,1
1313,Genetics,3,3,1.0,1
1314,Epidemiology,3,3,1.0,1
1315,Epidemiology,3,3,1.0,1
1316,Clinical Sciences,3,3,1.0,1
1317,Food Sciences,3,3,1.0,1
1318,Ophthalmology and Optometry,3,3,1.0,1
1319,Clinical Sciences,3,3,1.0,1
1320,Clinical Sciences,3,3,1.0,1
1321,Clinical Sciences,3,3,1.0,1
1322,Clinical Sciences,3,3,1.0,1
1323,Public Health,3,3,1.0,1
1324,Clinical Sciences,3,3,1.0,1
1325,Epidemiology,3,3,1.0,1
1326,Clinical Sciences,3,3,1.0,1
1327,Clinical Sciences,3,3,1.0,1
1328,Epidemiology,3,3,1.0,1
1329,Clinical Sciences,3,3,1.0,1
1330,Genetics,3,3,1.0,1
1331,Epidemiology,3,3,1.0,1
1332,Clinical Sciences,3,3,1.0,1
1333,Immunology,3,3,1.0,1
1334,Clinical Sciences,3,3,1.0,1
1335,Immunology,3,3,1.0,1
1336,Genetics,3,3,1.0,1
1337,Epidemiology,3,3,1.0,1
1338,Medicinal and Biomolecular Chemistry,3,3,1.0,1
1339,Clinical Sciences,3,3,1.0,1
1340,Epidemiology,3,3,1.0,1
1341,Cardiovascular Medicine and Haematology,3,3,1.0,1
1342,Cardiovascular Medicine and Haematology,3,3,1.0,1
1343,Genetics,3,3,1.0,1
1344,Computer Vision and Multimedia Computation,3,3,1.0,1
1345,Cardiovascular Medicine and Haematology,2,3,0.6666666666666666,1
1345,Clinical Sciences,1,3,0.3333333333333333,2
1346,Nutrition and Dietetics,3,3,1.0,1
1347,Biological Psychology,3,3,1.0,1
1348,Reproductive Medicine,3,3,1.0,1
1349,Clinical Sciences,3,3,1.0,1
1350,Epidemiology,3,3,1.0,1
1351,Epidemiology,3,3,1.0,1
1352,Epidemiology,3,3,1.0,1
1353,Health Services and Systems,3,3,1.0,1
1354,Ophthalmology and Optometry,3,3,1.0,1
1355,Clinical Sciences,3,3,1.0,1
1356,Cardiovascular Medicine and Haematology,3,3,1.0,1
1357,Genetics,3,3,1.0,1
1358,Genetics,3,3,1.0,1
1359,Human Geography,3,3,1.0,1
1360,Epidemiology,3,3,1.0,1
1361,Epidemiology,3,3,1.0,1
1362,Epidemiology,3,3,1.0,1
1363,Genetics,3,3,1.0,1
1364,Epidemiology,3,3,1.0,1
1365,Statistics,3,3,1.0,1
1366,Oncology and Carcinogenesis,3,3,1.0,1
1367,Clinical Sciences,3,3,1.0,1
1368,Clinical Sciences,3,3,1.0,1
1369,Clinical Sciences,3,3,1.0,1
1370,Clinical Sciences,3,3,1.0,1
1371,Epidemiology,3,3,1.0,1
1372,Epidemiology,3,3,1.0,1
1373,Animal Production,3,3,1.0,1
1374,Clinical Sciences,3,3,1.0,1
1375,Ophthalmology and Optometry,3,3,1.0,1
1376,Oncology and Carcinogenesis,3,3,1.0,1
1377,Unclassified,3,3,1.0,1
1378,Clinical Sciences,3,3,1.0,1
1379,Cardiovascular Medicine and Haematology,3,3,1.0,1
1380,Clinical Sciences,3,3,1.0,1
1381,Epidemiology,3,3,1.0,1
1382,Epidemiology,3,3,1.0,1
1383,Epidemiology,3,3,1.0,1
1384,Health Services and Systems,3,3,1.0,1
1385,Oncology and Carcinogenesis,3,3,1.0,1
1386,Dentistry,3,3,1.0,1
1387,Statistics,3,3,1.0,1
1388,Epidemiology,3,3,1.0,1
1389,Cardiovascular Medicine and Haematology,3,3,1.0,1
1390,Health Services and Systems,2,3,0.6666666666666666,1
1390,Unclassified,1,3,0.3333333333333333,2
1391,Epidemiology,3,3,1.0,1
1392,Public Health,3,3,1.0,1
1393,Epidemiology,3,3,1.0,1
1394,Data Management and Data Science,3,3,1.0,1
1395,Machine Learning,3,3,1.0,1
1396,Statistics,2,3,0.6666666666666666,1
1396,Econometrics,1,3,0.3333333333333333,2
1397,Genetics,3,3,1.0,1
1398,Dentistry,3,3,1.0,1
1399,Clinical Sciences,3,3,1.0,1
1400,Clinical Sciences,3,3,1.0,1
1401,Genetics,3,3,1.0,1
1402,Genetics,3,3,1.0,1
1403,Genetics,2,3,0.6666666666666666,1
1403,Clinical Sciences,1,3,0.3333333333333333,2
1404,Oncology and Carcinogenesis,3,3,1.0,1
1405,Clinical Sciences,3,3,1.0,1
1406,Clinical Sciences,3,3,1.0,1
1407,Medical Physiology,3,3,1.0,1
1408,Clinical Sciences,3,3,1.0,1
1409,Pharmacology and Pharmaceutical Sciences,3,3,1.0,1
1410,Ophthalmology and Optometry,3,3,1.0,1
1411,Oncology and Carcinogenesis,3,3,1.0,1
1412,Clinical Sciences,3,3,1.0,1
1413,Epidemiology,3,3,1.0,1
1414,Oncology and Carcinogenesis,3,3,1.0,1
1415,Medical Biochemistry and Metabolomics,3,3,1.0,1
1416,Cardiovascular Medicine and Haematology,3,3,1.0,1
1417,Clinical Sciences,3,3,1.0,1
1418,Clinical Sciences,3,3,1.0,1
1419,Clinical Sciences,3,3,1.0,1
1420,Nutrition and Dietetics,3,3,1.0,1
1421,Artificial Intelligence,3,3,1.0,1
1422,Epidemiology,3,3,1.0,1
1423,Epidemiology,3,3,1.0,1
1424,Oncology and Carcinogenesis,3,3,1.0,1
1425,Clinical Sciences,3,3,1.0,1
1426,Biological Psychology,3,3,1.0,1
1427,Clinical Sciences,3,3,1.0,1
1428,Clinical Sciences,3,3,1.0,1
1429,Immunology,3,3,1.0,1
1430,Genetics,3,3,1.0,1
1431,Clinical Sciences,3,3,1.0,1
1432,Epidemiology,3,3,1.0,1
1433,Business Systems In Context,3,3,1.0,1
1434,Epidemiology,3,3,1.0,1
1435,Epidemiology,3,3,1.0,1
1436,Epidemiology,3,3,1.0,1
1437,Genetics,3,3,1.0,1
1438,Clinical Sciences,3,3,1.0,1
1439,Biochemistry and Cell Biology,3,3,1.0,1
1440,Clinical Sciences,3,3,1.0,1
1441,Machine Learning,3,3,1.0,1
1442,Biological Psychology,3,3,1.0,1
1443,Dentistry,3,3,1.0,1
1444,Cardiovascular Medicine and Haematology,3,3,1.0,1
1445,Data Management and Data Science,3,3,1.0,1
1446,Epidemiology,3,3,1.0,1
1447,Epidemiology,3,3,1.0,1
1448,Clinical Sciences,3,3,1.0,1
1449,Epidemiology,3,3,1.0,1
1450,Epidemiology,3,3,1.0,1
1451,Paediatrics,3,3,1.0,1
1452,Clinical Sciences,3,3,1.0,1
1453,Paediatrics,3,3,1.0,1
1454,Epidemiology,3,3,1.0,1
1455,Epidemiology,3,3,1.0,1
1456,Genetics,3,3,1.0,1
1457,Cardiovascular Medicine and Haematology,3,3,1.0,1
1458,Epidemiology,3,3,1.0,1
1459,Epidemiology,3,3,1.0,1
1460,Biological Psychology,3,3,1.0,1
1461,Clinical Sciences,3,3,1.0,1
1462,Clinical Sciences,3,3,1.0,1
1463,Cardiovascular Medicine and Haematology,3,3,1.0,1
1464,Biological Psychology,3,3,1.0,1
1465,Epidemiology,3,3,1.0,1
1466,Ophthalmology and Optometry,2,2,1.0,1
1467,Genetics,2,2,1.0,1
1468,Clinical Sciences,2,2,1.0,1
1469,Clinical Sciences,2,2,1.0,1
1470,Ophthalmology and Optometry,2,2,1.0,1
1471,Reproductive Medicine,2,2,1.0,1
1472,Epidemiology,2,2,1.0,1
1473,Biological Psychology,2,2,1.0,1
1474,Applied and Developmental Psychology,2,2,1.0,1
1475,Clinical Sciences,2,2,1.0,1
1476,Clinical Sciences,2,2,1.0,1
1477,Oncology and Carcinogenesis,2,2,1.0,1
1478,Machine Learning,2,2,1.0,1
1479,Clinical Sciences,2,2,1.0,1
1480,Health Services and Systems,2,2,1.0,1
1481,Clinical Sciences,2,2,1.0,1
1482,Public Health,2,2,1.0,1
1483,Epidemiology,2,2,1.0,1
1484,Epidemiology,2,2,1.0,1
1485,Clinical Sciences,2,2,1.0,1
1486,Epidemiology,2,2,1.0,1
1487,Public Health,2,2,1.0,1
1488,Genetics,1,2,0.5,1
1488,Statistics,1,2,0.5,2
1489,Medical Biochemistry and Metabolomics,2,2,1.0,1
1490,Epidemiology,2,2,1.0,1
1491,Biomedical Engineering,2,2,1.0,1
1492,Medical Biochemistry and Metabolomics,2,2,1.0,1
1493,Epidemiology,2,2,1.0,1
1494,Clinical Sciences,2,2,1.0,1
1495,Oncology and Carcinogenesis,2,2,1.0,1
1496,Clinical Sciences,2,2,1.0,1
1497,Cardiovascular Medicine and Haematology,2,2,1.0,1
1498,Clinical Sciences,2,2,1.0,1
1499,Clinical Sciences,2,2,1.0,1
1500,Genetics,2,2,1.0,1
1501,Applied and Developmental Psychology,2,2,1.0,1
1502,Clinical Sciences,2,2,1.0,1
1503,Epidemiology,2,2,1.0,1
1504,Clinical Sciences,2,2,1.0,1
1505,Clinical Sciences,2,2,1.0,1
1506,Genetics,2,2,1.0,1
1507,Clinical Sciences,2,2,1.0,1
1508,Epidemiology,2,2,1.0,1
1509,Immunology,2,2,1.0,1
1510,Biological Psychology,2,2,1.0,1
1511,Dentistry,2,2,1.0,1
1512,Clinical Sciences,2,2,1.0,1
1513,Immunology,2,2,1.0,1
1514,Epidemiology,2,2,1.0,1
1515,Biological Psychology,2,2,1.0,1
1516,Genetics,2,2,1.0,1
1517,Medical Biotechnology,2,2,1.0,1
1518,Epidemiology,2,2,1.0,1
1519,Cardiovascular Medicine and Haematology,2,2,1.0,1
1520,Clinical Sciences,2,2,1.0,1
1521,Biochemistry and Cell Biology,1,2,0.5,1
1521,Genetics,1,2,0.5,2
1522,Biochemistry and Cell Biology,2,2,1.0,1
1523,Epidemiology,2,2,1.0,1
1524,Biological Psychology,2,2,1.0,1
1525,Clinical Sciences,2,2,1.0,1
1526,Chemical Engineering,2,2,1.0,1
1527,Biological Psychology,2,2,1.0,1
1528,Epidemiology,2,2,1.0,1
1529,Artificial Intelligence,2,2,1.0,1
1530,Biological Psychology,2,2,1.0,1
1531,Clinical Sciences,2,2,1.0,1
1532,Public Health,2,2,1.0,1
1533,Clinical Sciences,2,2,1.0,1
1534,Biological Psychology,2,2,1.0,1
1535,Epidemiology,2,2,1.0,1
1536,Cardiovascular Medicine and Haematology,2,2,1.0,1
1537,Health Services and Systems,2,2,1.0,1
1538,Genetics,2,2,1.0,1
1539,Oncology and Carcinogenesis,2,2,1.0,1
1540,Machine Learning,2,2,1.0,1
1541,Epidemiology,2,2,1.0,1
1542,Clinical Sciences,2,2,1.0,1
1543,Statistics,2,2,1.0,1
1544,Clinical Sciences,2,2,1.0,1
1545,Medical Physiology,2,2,1.0,1
1546,Genetics,2,2,1.0,1
1547,Clinical Sciences,2,2,1.0,1
1548,Epidemiology,2,2,1.0,1
1549,Genetics,2,2,1.0,1
1550,Clinical Sciences,2,2,1.0,1
1551,Epidemiology,2,2,1.0,1
1552,Epidemiology,2,2,1.0,1
1553,Genetics,2,2,1.0,1
1554,Nutrition and Dietetics,2,2,1.0,1
1555,Epidemiology,2,2,1.0,1
1556,Clinical Sciences,2,2,1.0,1
1557,Epidemiology,2,2,1.0,1
1558,Biological Psychology,2,2,1.0,1
1559,Epidemiology,2,2,1.0,1
1560,Clinical Sciences,2,2,1.0,1
1561,Oncology and Carcinogenesis,2,2,1.0,1
1562,Epidemiology,2,2,1.0,1
1563,Epidemiology,2,2,1.0,1
1564,Nutrition and Dietetics,2,2,1.0,1
1565,Oncology and Carcinogenesis,2,2,1.0,1
1566,Epidemiology,2,2,1.0,1
1567,Clinical Sciences,2,2,1.0,1
1568,Cardiovascular Medicine and Haematology,2,2,1.0,1
1569,Biological Psychology,2,2,1.0,1
1570,Epidemiology,2,2,1.0,1
1571,Epidemiology,2,2,1.0,1
1572,Health Services and Systems,2,2,1.0,1
1573,Clinical Sciences,2,2,1.0,1
1574,Clinical Sciences,2,2,1.0,1
1575,Clinical Sciences,2,2,1.0,1
1576,Epidemiology,2,2,1.0,1
1577,Epidemiology,2,2,1.0,1
1578,Public Health,2,2,1.0,1
1579,Cardiovascular Medicine and Haematology,2,2,1.0,1
1580,Public Health,2,2,1.0,1
1581,Epidemiology,2,2,1.0,1
1582,Epidemiology,2,2,1.0,1
1583,Cardiovascular Medicine and Haematology,2,2,1.0,1
1584,Epidemiology,2,2,1.0,1
1585,Artificial Intelligence,2,2,1.0,1
1586,Public Health,2,2,1.0,1
1587,Allied Health and Rehabilitation Science,2,2,1.0,1
1588,Nutrition and Dietetics,2,2,1.0,1
1589,Genetics,2,2,1.0,1
1590,Cardiovascular Medicine and Haematology,2,2,1.0,1
1591,Gender Studies,2,2,1.0,1
1592,Clinical Sciences,2,2,1.0,1
1593,Analytical Chemistry,2,2,1.0,1
1594,Epidemiology,2,2,1.0,1
1595,Clinical Sciences,2,2,1.0,1
1596,Clinical Sciences,2,2,1.0,1
1597,Epidemiology,2,2,1.0,1
1598,Machine Learning,2,2,1.0,1
1599,Cardiovascular Medicine and Haematology,2,2,1.0,1
1600,Clinical Sciences,2,2,1.0,1
1601,Epidemiology,2,2,1.0,1
1602,Clinical Sciences,2,2,1.0,1
1603,Clinical Sciences,2,2,1.0,1
1604,Applied and Developmental Psychology,2,2,1.0,1
1605,Epidemiology,2,2,1.0,1
1606,Health Services and Systems,2,2,1.0,1
1607,Epidemiology,2,2,1.0,1
1608,Epidemiology,2,2,1.0,1
1609,Medical Biochemistry and Metabolomics,2,2,1.0,1
1610,Atmospheric Sciences,2,2,1.0,1
1611,Immunology,2,2,1.0,1
1612,Nutrition and Dietetics,2,2,1.0,1
1613,Clinical Sciences,2,2,1.0,1
1614,Clinical Sciences,2,2,1.0,1
1615,Epidemiology,2,2,1.0,1
1616,Reproductive Medicine,2,2,1.0,1
1617,Machine Learning,2,2,1.0,1
1618,Nutrition and Dietetics,2,2,1.0,1
1619,Epidemiology,2,2,1.0,1
1620,Epidemiology,2,2,1.0,1
1621,Unclassified,2,2,1.0,1
1622,Epidemiology,2,2,1.0,1
1623,Clinical Sciences,2,2,1.0,1
1624,Clinical Sciences,2,2,1.0,1
1625,Cardiovascular Medicine and Haematology,2,2,1.0,1
1626,Epidemiology,2,2,1.0,1
1627,Nutrition and Dietetics,2,2,1.0,1
1628,Social and Personality Psychology,2,2,1.0,1
1629,Biological Psychology,2,2,1.0,1
1630,Clinical Sciences,2,2,1.0,1
1631,Clinical Sciences,2,2,1.0,1
1632,Epidemiology,2,2,1.0,1
1633,Genetics,2,2,1.0,1
1634,Clinical Sciences,2,2,1.0,1
1635,Clinical and Health Psychology,2,2,1.0,1
1636,Genetics,2,2,1.0,1
1637,Genetics,2,2,1.0,1
1638,Epidemiology,2,2,1.0,1
1639,Immunology,2,2,1.0,1
1640,Reproductive Medicine,2,2,1.0,1
1641,Dentistry,2,2,1.0,1
1642,Clinical Sciences,2,2,1.0,1
1643,Unclassified,2,2,1.0,1
1644,Immunology,2,2,1.0,1
1645,Clinical Sciences,2,2,1.0,1
1646,Genetics,2,2,1.0,1
1647,Neurosciences,2,2,1.0,1
1648,Epidemiology,2,2,1.0,1
1649,Bioinformatics and Computational Biology,2,2,1.0,1
1650,Clinical Sciences,2,2,1.0,1
1651,Oncology and Carcinogenesis,2,2,1.0,1
1652,Epidemiology,2,2,1.0,1
1653,Biomedical Engineering,2,2,1.0,1
1654,Epidemiology,2,2,1.0,1
1655,Machine Learning,2,2,1.0,1
1656,Biological Psychology,2,2,1.0,1
1657,Microbiology,2,2,1.0,1
1658,Clinical Sciences,2,2,1.0,1
1659,Oncology and Carcinogenesis,2,2,1.0,1
1660,Public Health,2,2,1.0,1
1661,Oncology and Carcinogenesis,2,2,1.0,1
1662,Clinical Sciences,2,2,1.0,1
1663,Epidemiology,2,2,1.0,1
1664,Cardiovascular Medicine and Haematology,2,2,1.0,1
1665,Clinical Sciences,2,2,1.0,1
1666,Oncology and Carcinogenesis,2,2,1.0,1
1667,Immunology,2,2,1.0,1
1668,Cardiovascular Medicine and Haematology,2,2,1.0,1
1669,Nutrition and Dietetics,2,2,1.0,1
1670,Neurosciences,2,2,1.0,1
1671,Clinical Sciences,2,2,1.0,1
1672,Biochemistry and Cell Biology,2,2,1.0,1
1673,Machine Learning,2,2,1.0,1
1674,Epidemiology,2,2,1.0,1
1675,Clinical Sciences,2,2,1.0,1
1676,Epidemiology,2,2,1.0,1
1677,Epidemiology,2,2,1.0,1
1678,Clinical Sciences,2,2,1.0,1
1679,Immunology,2,2,1.0,1
1680,Biological Psychology,2,2,1.0,1
1681,Cardiovascular Medicine and Haematology,2,2,1.0,1
1682,Clinical Sciences,2,2,1.0,1
1683,Clinical Sciences,1,1,1.0,1
1684,Epidemiology,1,1,1.0,1
1685,Dentistry,1,1,1.0,1
1686,Clinical Sciences,1,1,1.0,1
1687,Clinical Sciences,1,1,1.0,1
1688,Oncology and Carcinogenesis,1,1,1.0,1
1689,Epidemiology,1,1,1.0,1
1690,Epidemiology,1,1,1.0,1
1691,Clinical Sciences,1,1,1.0,1
1692,Reproductive Medicine,1,1,1.0,1
1693,Nutrition and Dietetics,1,1,1.0,1
1694,Epidemiology,1,1,1.0,1
1695,Computer Vision and Multimedia Computation,1,1,1.0,1
1696,Clinical Sciences,1,1,1.0,1
1697,Clinical Sciences,1,1,1.0,1
1698,Oncology and Carcinogenesis,1,1,1.0,1
1699,Oncology and Carcinogenesis,1,1,1.0,1
1700,Genetics,1,1,1.0,1
1701,Biological Psychology,1,1,1.0,1
1702,Clinical Sciences,1,1,1.0,1
1703,Epidemiology,1,1,1.0,1
1704,Clinical Sciences,1,1,1.0,1
1705,Unclassified,1,1,1.0,1
1706,Cardiovascular Medicine and Haematology,1,1,1.0,1
1707,Clinical Sciences,1,1,1.0,1
1708,Clinical Sciences,1,1,1.0,1
1709,Biological Psychology,1,1,1.0,1
1710,Epidemiology,1,1,1.0,1
1711,Biochemistry and Cell Biology,1,1,1.0,1
1712,Epidemiology,1,1,1.0,1
1713,Machine Learning,1,1,1.0,1
1714,Biological Psychology,1,1,1.0,1
1715,Biological Psychology,1,1,1.0,1
1716,Epidemiology,1,1,1.0,1
1717,Clinical Sciences,1,1,1.0,1
1718,Medical Microbiology,1,1,1.0,1
1719,Cardiovascular Medicine and Haematology,1,1,1.0,1
1720,Clinical Sciences,1,1,1.0,1
1721,Biological Psychology,1,1,1.0,1
1722,Clinical Sciences,1,1,1.0,1
1723,Clinical Sciences,1,1,1.0,1
1724,Oncology and Carcinogenesis,1,1,1.0,1
1725,Clinical Sciences,1,1,1.0,1
1726,Clinical Sciences,1,1,1.0,1
1727,Clinical Sciences,1,1,1.0,1
1728,Policy and Administration,1,1,1.0,1
1729,Clinical Sciences,1,1,1.0,1
1730,Clinical Sciences,1,1,1.0,1
1731,Epidemiology,1,1,1.0,1
1732,Clinical Sciences,1,1,1.0,1
1733,Reproductive Medicine,1,1,1.0,1
1734,Biochemistry and Cell Biology,1,1,1.0,1
1735,Public Health,1,1,1.0,1
1736,Immunology,1,1,1.0,1
1737,Immunology,1,1,1.0,1
1738,Epidemiology,1,1,1.0,1
1739,Epidemiology,1,1,1.0,1
1740,Oncology and Carcinogenesis,1,1,1.0,1
1741,Epidemiology,1,1,1.0,1
1742,Biological Psychology,1,1,1.0,1
1743,Applied Computing,1,1,1.0,1
1744,Epidemiology,1,1,1.0,1
1745,Epidemiology,1,1,1.0,1
1746,Machine Learning,1,1,1.0,1
1747,Epidemiology,1,1,1.0,1
1748,Clinical Sciences,1,1,1.0,1
1749,Clinical Sciences,1,1,1.0,1
1750,Health Services and Systems,1,1,1.0,1
1751,Biological Psychology,1,1,1.0,1
1752,Biomedical Engineering,1,1,1.0,1
1753,Oncology and Carcinogenesis,1,1,1.0,1
1754,Biochemistry and Cell Biology,1,1,1.0,1
1755,Clinical Sciences,1,1,1.0,1
1756,Epidemiology,1,1,1.0,1
1757,Cardiovascular Medicine and Haematology,1,1,1.0,1
1758,Computer Vision and Multimedia Computation,1,1,1.0,1
1759,Epidemiology,1,1,1.0,1
1760,Clinical Sciences,1,1,1.0,1
1761,Epidemiology,1,1,1.0,1
1762,Epidemiology,1,1,1.0,1
1763,Epidemiology,1,1,1.0,1
1764,Clinical Sciences,1,1,1.0,1
1765,Cardiovascular Medicine and Haematology,1,1,1.0,1
1766,Epidemiology,1,1,1.0,1
1767,Clinical Sciences,1,1,1.0,1
1768,Epidemiology,1,1,1.0,1
1769,Epidemiology,1,1,1.0,1
1770,Epidemiology,1,1,1.0,1
1771,Pharmacology and Pharmaceutical Sciences,1,1,1.0,1
1772,Cardiovascular Medicine and Haematology,1,1,1.0,1
1773,Reproductive Medicine,1,1,1.0,1
1774,Epidemiology,1,1,1.0,1
1775,Clinical Sciences,1,1,1.0,1
1776,Pharmacology and Pharmaceutical Sciences,1,1,1.0,1
1777,Clinical Sciences,1,1,1.0,1
1778,Biomedical Engineering,1,1,1.0,1
1779,Medicinal and Biomolecular Chemistry,1,1,1.0,1
1780,Public Health,1,1,1.0,1
1781,Immunology,1,1,1.0,1
1782,Evolutionary Biology,1,1,1.0,1
1783,Epidemiology,1,1,1.0,1
1784,Clinical Sciences,1,1,1.0,1
1785,Cardiovascular Medicine and Haematology,1,1,1.0,1
1786,Epidemiology,1,1,1.0,1
1787,Genetics,1,1,1.0,1
1788,Biological Psychology,1,1,1.0,1
1789,Genetics,1,1,1.0,1
1790,Genetics,1,1,1.0,1
1791,Machine Learning,1,1,1.0,1
1792,Epidemiology,1,1,1.0,1
1793,Clinical Sciences,1,1,1.0,1
1794,Clinical Sciences,1,1,1.0,1
1795,Unclassified,1,1,1.0,1
1796,Epidemiology,1,1,1.0,1
1797,Clinical Sciences,1,1,1.0,1
1798,Genetics,1,1,1.0,1
1799,Clinical Sciences,1,1,1.0,1
1800,Epidemiology,1,1,1.0,1
1801,Biological Psychology,1,1,1.0,1
1802,Nutrition and Dietetics,1,1,1.0,1
1803,Bioinformatics and Computational Biology,1,1,1.0,1
1804,Clinical Sciences,1,1,1.0,1
1805,Epidemiology,1,1,1.0,1
1806,Clinical Sciences,1,1,1.0,1
1807,Clinical Sciences,1,1,1.0,1
1808,Biochemistry and Cell Biology,1,1,1.0,1
1809,Biomedical Engineering,1,1,1.0,1
1810,Unclassified,1,1,1.0,1
1811,Reproductive Medicine,1,1,1.0,1
1812,Clinical Sciences,1,1,1.0,1
1813,Clinical Sciences,1,1,1.0,1
1814,Clinical Sciences,1,1,1.0,1
1815,Ophthalmology and Optometry,1,1,1.0,1
1816,Nutrition and Dietetics,1,1,1.0,1
1817,Genetics,1,1,1.0,1
1818,Statistics,1,1,1.0,1
1819,Genetics,1,1,1.0,1
1820,Epidemiology,1,1,1.0,1
1821,Clinical Sciences,1,1,1.0,1
1822,Clinical Sciences,1,1,1.0,1
1823,Epidemiology,1,1,1.0,1
1824,Oncology and Carcinogenesis,1,1,1.0,1
1825,Medical Microbiology,1,1,1.0,1
1826,Evolutionary Biology,1,1,1.0,1
1827,Public Health,1,1,1.0,1
1828,Clinical Sciences,1,1,1.0,1
1829,Clinical Sciences,1,1,1.0,1
1830,Unclassified,1,1,1.0,1
1831,Oncology and Carcinogenesis,1,1,1.0,1
1832,Biological Psychology,1,1,1.0,1
1833,Applied Computing,1,1,1.0,1
1834,Computer Vision and Multimedia Computation,1,1,1.0,1
1835,Epidemiology,1,1,1.0,1
1836,Nutrition and Dietetics,1,1,1.0,1
1837,Epidemiology,1,1,1.0,1
1838,Cardiovascular Medicine and Haematology,1,1,1.0,1
1839,Epidemiology,1,1,1.0,1
1840,Bioinformatics and Computational Biology,1,1,1.0,1
1841,Epidemiology,1,1,1.0,1
1842,Medical Microbiology,1,1,1.0,1
1843,Biological Psychology,1,1,1.0,1
1844,Biochemistry and Cell Biology,1,1,1.0,1
1845,Epidemiology,1,1,1.0,1
1846,Epidemiology,1,1,1.0,1
1847,Epidemiology,1,1,1.0,1
1848,Epidemiology,1,1,1.0,1
1849,Immunology,1,1,1.0,1
1850,Genetics,1,1,1.0,1
1851,Epidemiology,1,1,1.0,1
1852,Clinical Sciences,1,1,1.0,1
1853,Clinical Sciences,1,1,1.0,1
1854,Clinical Sciences,1,1,1.0,1
1855,Gender Studies,1,1,1.0,1
1856,Epidemiology,1,1,1.0,1
1857,Oncology and Carcinogenesis,1,1,1.0,1
