community,modal_for_l2,n_authors,group_authors,author_share,rank
1,Biological Sciences,4602,6959,0.6613019111941371,1
1,Biomedical and Clinical Sciences,1755,6959,0.25219140681132346,2
1,Health Sciences,468,6959,0.06725104181635293,3
1,Psychology,93,6959,0.013363989078890645,4
1,Information and Computing Sciences,16,6959,0.0022991809167983907,5
1,Human Society,10,6959,0.0014369880729989942,6
1,"Agricultural, Veterinary and Food Sciences",9,6959,0.0012932892656990947,7
1,Mathematical Sciences,5,6959,0.0007184940364994971,8
1,Economics,1,6959,0.00014369880729989942,9
2,Biomedical and Clinical Sciences,2308,3657,0.6311184030626197,1
2,Biological Sciences,1045,3657,0.2857533497402242,2
2,Health Sciences,285,3657,0.07793273174733388,3
2,Mathematical Sciences,10,3657,0.0027344818156959257,4
2,Information and Computing Sciences,4,3657,0.0010937927262783702,5
2,"Agricultural, Veterinary and Food Sciences",3,3657,0.0008203445447087777,6
2,Built Environment and Design,1,3657,0.00027344818156959256,7
2,Engineering,1,3657,0.00027344818156959256,8
3,Biomedical and Clinical Sciences,860,2646,0.3250188964474679,1
3,Psychology,807,2646,0.30498866213151926,2
3,Biological Sciences,579,2646,0.21882086167800455,3
3,Health Sciences,204,2646,0.07709750566893424,4
3,Information and Computing Sciences,132,2646,0.049886621315192746,5
3,Physical Sciences,25,2646,0.00944822373393802,6
3,Mathematical Sciences,17,2646,0.006424792139077854,7
3,Engineering,14,2646,0.005291005291005291,8
3,Education,7,2646,0.0026455026455026454,9
3,Earth Sciences,1,2646,0.0003779289493575208,10
4,Biological Sciences,1813,2207,0.8214771182600815,1
4,Biomedical and Clinical Sciences,216,2207,0.0978704123244223,2
4,Health Sciences,178,2207,0.08065246941549614,3
5,Biological Sciences,996,2086,0.47746883988494726,1
5,Biomedical and Clinical Sciences,839,2086,0.40220517737296263,2
5,Health Sciences,194,2086,0.09300095877277086,3
5,"Agricultural, Veterinary and Food Sciences",28,2086,0.013422818791946308,4
5,Psychology,23,2086,0.01102588686481304,5
5,Mathematical Sciences,6,2086,0.0028763183125599234,6
6,Biomedical and Clinical Sciences,974,1948,0.5,1
6,Biological Sciences,710,1948,0.364476386036961,2
6,Health Sciences,201,1948,0.10318275154004107,3
6,Information and Computing Sciences,44,1948,0.022587268993839837,4
6,Mathematical Sciences,10,1948,0.00513347022587269,5
6,Engineering,4,1948,0.002053388090349076,6
6,Psychology,4,1948,0.002053388090349076,7
6,Economics,1,1948,0.000513347022587269,8
7,Biomedical and Clinical Sciences,1203,1819,0.6613523914238593,1
7,Biological Sciences,213,1819,0.1170973062122045,2
7,Health Sciences,200,1819,0.10995052226498075,3
7,Information and Computing Sciences,165,1819,0.09070918086860913,4
7,Engineering,22,1819,0.012094557449147883,5
7,Psychology,11,1819,0.006047278724573941,6
7,"Commerce, Management, Tourism and Services",3,1819,0.0016492578339747114,7
7,"Agricultural, Veterinary and Food Sciences",1,1819,0.0005497526113249038,8
7,Unclassified,1,1819,0.0005497526113249038,9
8,Biomedical and Clinical Sciences,1033,1649,0.6264402668283808,1
8,Biological Sciences,385,1649,0.23347483323226198,2
8,Health Sciences,163,1649,0.09884778653729533,3
8,Information and Computing Sciences,26,1649,0.015767131594906003,4
8,Engineering,18,1649,0.010915706488781079,5
8,Psychology,18,1649,0.010915706488781079,6
8,"Agricultural, Veterinary and Food Sciences",4,1649,0.002425712553062462,7
8,Human Society,1,1649,0.0006064281382656155,8
8,Mathematical Sciences,1,1649,0.0006064281382656155,9
9,Biomedical and Clinical Sciences,842,1520,0.5539473684210526,1
9,Biological Sciences,375,1520,0.24671052631578946,2
9,Health Sciences,262,1520,0.1723684210526316,3
9,Environmental Sciences,21,1520,0.01381578947368421,4
9,Psychology,10,1520,0.006578947368421052,5
9,Information and Computing Sciences,9,1520,0.0059210526315789476,6
9,Engineering,1,1520,0.0006578947368421052,7
10,Biomedical and Clinical Sciences,826,1519,0.543778801843318,1
10,Biological Sciences,537,1519,0.3535220539828835,2
10,Health Sciences,98,1519,0.06451612903225806,3
10,Psychology,22,1519,0.014483212639894667,4
10,Mathematical Sciences,11,1519,0.007241606319947334,5
10,Environmental Sciences,10,1519,0.0065832784726793945,6
10,Chemical Sciences,8,1519,0.005266622778143515,7
10,Information and Computing Sciences,7,1519,0.004608294930875576,8
11,Biomedical and Clinical Sciences,833,1505,0.5534883720930233,1
11,Biological Sciences,459,1505,0.30498338870431896,2
11,Health Sciences,185,1505,0.12292358803986711,3
11,Information and Computing Sciences,16,1505,0.0106312292358804,4
11,Psychology,11,1505,0.007308970099667774,5
11,Mathematical Sciences,1,1505,0.000664451827242525,6
12,Biomedical and Clinical Sciences,764,1497,0.5103540414161657,1
12,Health Sciences,297,1497,0.19839679358717435,2
12,Psychology,214,1497,0.14295257181028725,3
12,Biological Sciences,209,1497,0.1396125584502338,4
12,"Agricultural, Veterinary and Food Sciences",6,1497,0.004008016032064128,5
12,Law and Legal Studies,5,1497,0.0033400133600534404,6
12,"Commerce, Management, Tourism and Services",1,1497,0.0006680026720106881,7
12,Information and Computing Sciences,1,1497,0.0006680026720106881,8
13,Biomedical and Clinical Sciences,674,1421,0.47431386347642507,1
13,Biological Sciences,394,1421,0.2772695285010556,2
13,Health Sciences,317,1421,0.22308233638282898,3
13,Environmental Sciences,22,1421,0.015482054890921885,4
13,Psychology,6,1421,0.00422237860661506,5
13,Economics,3,1421,0.00211118930330753,6
13,Human Society,2,1421,0.0014074595355383533,7
13,Mathematical Sciences,2,1421,0.0014074595355383533,8
13,Education,1,1421,0.0007037297677691766,9
14,Biomedical and Clinical Sciences,717,1283,0.558846453624318,1
14,Biological Sciences,394,1283,0.30709275136399067,2
14,Health Sciences,132,1283,0.10288386593920498,3
14,Psychology,16,1283,0.012470771628994544,4
14,Information and Computing Sciences,11,1283,0.00857365549493375,5
14,Philosophy and Religious Studies,5,1283,0.003897116134060795,6
14,Engineering,4,1283,0.003117692907248636,7
14,Environmental Sciences,2,1283,0.001558846453624318,8
14,"Commerce, Management, Tourism and Services",1,1283,0.000779423226812159,9
14,Mathematical Sciences,1,1283,0.000779423226812159,10
15,Biomedical and Clinical Sciences,495,1279,0.38702111024237684,1
15,Biological Sciences,466,1279,0.364347146207975,2
15,Psychology,219,1279,0.1712275215011728,3
15,Health Sciences,89,1279,0.06958561376075059,4
15,Mathematical Sciences,5,1279,0.003909304143862392,5
15,Information and Computing Sciences,3,1279,0.0023455824863174357,6
15,"Commerce, Management, Tourism and Services",1,1279,0.0007818608287724785,7
15,Human Society,1,1279,0.0007818608287724785,8
16,Biomedical and Clinical Sciences,770,1114,0.6912028725314183,1
16,Health Sciences,222,1114,0.1992818671454219,2
16,Biological Sciences,65,1114,0.05834829443447038,3
16,Engineering,15,1114,0.013464991023339317,4
16,Psychology,15,1114,0.013464991023339317,5
16,"Agricultural, Veterinary and Food Sciences",6,1114,0.005385996409335727,6
16,Mathematical Sciences,6,1114,0.005385996409335727,7
16,Earth Sciences,5,1114,0.004488330341113106,8
16,Information and Computing Sciences,5,1114,0.004488330341113106,9
16,Environmental Sciences,2,1114,0.0017953321364452424,10
16,Human Society,2,1114,0.0017953321364452424,11
16,Education,1,1114,0.0008976660682226212,12
17,Biological Sciences,730,1113,0.655884995507637,1
17,Biomedical and Clinical Sciences,219,1113,0.1967654986522911,2
17,Health Sciences,102,1113,0.09164420485175202,3
17,Engineering,30,1113,0.026954177897574125,4
17,Information and Computing Sciences,22,1113,0.019766397124887692,5
17,"History, Heritage and Archaeology",4,1113,0.0035938903863432167,6
17,Mathematical Sciences,2,1113,0.0017969451931716084,7
17,Physical Sciences,2,1113,0.0017969451931716084,8
17,Psychology,2,1113,0.0017969451931716084,9
18,Biomedical and Clinical Sciences,722,1064,0.6785714285714286,1
18,Health Sciences,287,1064,0.26973684210526316,2
18,Biological Sciences,29,1064,0.02725563909774436,3
18,Environmental Sciences,12,1064,0.011278195488721804,4
18,Psychology,9,1064,0.008458646616541353,5
18,"Agricultural, Veterinary and Food Sciences",3,1064,0.002819548872180451,6
18,Earth Sciences,1,1064,0.0009398496240601503,7
18,Mathematical Sciences,1,1064,0.0009398496240601503,8
19,Biomedical and Clinical Sciences,453,1063,0.4261523988711195,1
19,Biological Sciences,303,1063,0.2850423330197554,2
19,Psychology,182,1063,0.17121354656632173,3
19,Health Sciences,74,1063,0.06961429915333961,4
19,Information and Computing Sciences,36,1063,0.03386641580432737,5
19,Mathematical Sciences,4,1063,0.0037629350893697085,6
19,Engineering,3,1063,0.0028222013170272815,7
19,Physical Sciences,3,1063,0.0028222013170272815,8
19,Economics,2,1063,0.0018814675446848542,9
19,Human Society,2,1063,0.0018814675446848542,10
19,Environmental Sciences,1,1063,0.0009407337723424271,11
20,Biomedical and Clinical Sciences,535,1050,0.5095238095238095,1
20,Biological Sciences,438,1050,0.41714285714285715,2
20,Health Sciences,77,1050,0.07333333333333333,3
21,Biomedical and Clinical Sciences,858,1036,0.8281853281853282,1
21,Biological Sciences,85,1036,0.08204633204633205,2
21,Health Sciences,81,1036,0.07818532818532818,3
21,Psychology,10,1036,0.009652509652509652,4
21,Information and Computing Sciences,2,1036,0.0019305019305019305,5
22,Biological Sciences,467,906,0.5154525386313465,1
22,Biomedical and Clinical Sciences,413,906,0.45584988962472406,2
22,Health Sciences,14,906,0.01545253863134658,3
22,Information and Computing Sciences,10,906,0.011037527593818985,4
22,Psychology,2,906,0.002207505518763797,5
23,Biomedical and Clinical Sciences,489,877,0.5575826681870011,1
23,Health Sciences,300,877,0.34207525655644244,2
23,Biological Sciences,77,877,0.08779931584948689,3
23,Psychology,4,877,0.004561003420752566,4
23,Information and Computing Sciences,3,877,0.0034207525655644243,5
23,Education,2,877,0.002280501710376283,6
23,Engineering,2,877,0.002280501710376283,7
24,Biomedical and Clinical Sciences,483,818,0.5904645476772616,1
24,Biological Sciences,157,818,0.19193154034229828,2
24,Health Sciences,124,818,0.15158924205378974,3
24,Environmental Sciences,26,818,0.03178484107579462,4
24,Psychology,15,818,0.018337408312958436,5
24,Information and Computing Sciences,9,818,0.011002444987775062,6
24,Mathematical Sciences,3,818,0.003667481662591687,7
24,Unclassified,1,818,0.0012224938875305623,8
25,Biomedical and Clinical Sciences,523,775,0.6748387096774193,1
25,Biological Sciences,158,775,0.20387096774193547,2
25,Health Sciences,89,775,0.11483870967741935,3
25,"Agricultural, Veterinary and Food Sciences",2,775,0.0025806451612903226,4
25,Environmental Sciences,2,775,0.0025806451612903226,5
25,Mathematical Sciences,1,775,0.0012903225806451613,6
26,Biological Sciences,511,679,0.7525773195876289,1
26,Biomedical and Clinical Sciences,154,679,0.2268041237113402,2
26,Health Sciences,7,679,0.010309278350515464,3
26,Mathematical Sciences,4,679,0.005891016200294551,4
26,Psychology,3,679,0.004418262150220913,5
27,Biomedical and Clinical Sciences,414,678,0.6106194690265486,1
27,Health Sciences,211,678,0.3112094395280236,2
27,Biological Sciences,36,678,0.05309734513274336,3
27,Environmental Sciences,7,678,0.01032448377581121,4
27,Human Society,4,678,0.0058997050147492625,5
27,Mathematical Sciences,2,678,0.0029498525073746312,6
27,Psychology,2,678,0.0029498525073746312,7
27,Education,1,678,0.0014749262536873156,8
27,Unclassified,1,678,0.0014749262536873156,9
28,Biomedical and Clinical Sciences,384,671,0.5722801788375559,1
28,Biological Sciences,225,671,0.3353204172876304,2
28,Health Sciences,62,671,0.09239940387481371,3
29,Biomedical and Clinical Sciences,438,650,0.6738461538461539,1
29,Biological Sciences,99,650,0.1523076923076923,2
29,Health Sciences,93,650,0.14307692307692307,3
29,"Agricultural, Veterinary and Food Sciences",6,650,0.009230769230769232,4
29,Environmental Sciences,6,650,0.009230769230769232,5
29,Information and Computing Sciences,5,650,0.007692307692307693,6
29,Engineering,3,650,0.004615384615384616,7
30,Biomedical and Clinical Sciences,272,593,0.45868465430016864,1
30,Biological Sciences,172,593,0.2900505902192243,2
30,Health Sciences,115,593,0.19392917369308602,3
30,Psychology,13,593,0.021922428330522766,4
30,Environmental Sciences,11,593,0.01854974704890388,5
30,"Agricultural, Veterinary and Food Sciences",8,593,0.013490725126475547,6
30,Human Society,2,593,0.003372681281618887,7
31,Biomedical and Clinical Sciences,288,581,0.49569707401032703,1
31,Biological Sciences,168,581,0.2891566265060241,2
31,Health Sciences,111,581,0.19104991394148021,3
31,Psychology,6,581,0.010327022375215147,4
31,Engineering,5,581,0.008605851979345954,5
31,Information and Computing Sciences,3,581,0.0051635111876075735,6
32,Biomedical and Clinical Sciences,375,572,0.6555944055944056,1
32,Health Sciences,108,572,0.1888111888111888,2
32,Biological Sciences,66,572,0.11538461538461539,3
32,Environmental Sciences,11,572,0.019230769230769232,4
32,"Commerce, Management, Tourism and Services",7,572,0.012237762237762238,5
32,Psychology,5,572,0.008741258741258742,6
33,Biomedical and Clinical Sciences,407,540,0.7537037037037037,1
33,Health Sciences,74,540,0.13703703703703704,2
33,Biological Sciences,28,540,0.05185185185185185,3
33,Chemical Sciences,12,540,0.022222222222222223,4
33,Engineering,12,540,0.022222222222222223,5
33,"Agricultural, Veterinary and Food Sciences",5,540,0.009259259259259259,6
33,Information and Computing Sciences,2,540,0.003703703703703704,7
34,Biomedical and Clinical Sciences,404,534,0.7565543071161048,1
34,Health Sciences,94,534,0.1760299625468165,2
34,Biological Sciences,36,534,0.06741573033707865,3
35,Biological Sciences,294,461,0.6377440347071583,1
35,Biomedical and Clinical Sciences,122,461,0.2646420824295011,2
35,Health Sciences,22,461,0.04772234273318872,3
35,Psychology,12,461,0.026030368763557483,4
35,Information and Computing Sciences,8,461,0.01735357917570499,5
35,Physical Sciences,2,461,0.004338394793926247,6
35,Environmental Sciences,1,461,0.0021691973969631237,7
36,Biomedical and Clinical Sciences,172,459,0.3747276688453159,1
36,Psychology,164,459,0.3572984749455338,2
36,Health Sciences,49,459,0.10675381263616558,3
36,Biological Sciences,38,459,0.08278867102396514,4
36,Information and Computing Sciences,26,459,0.05664488017429194,5
36,Physical Sciences,6,459,0.013071895424836602,6
36,Mathematical Sciences,4,459,0.008714596949891068,7
37,Biomedical and Clinical Sciences,288,454,0.6343612334801763,1
37,Health Sciences,109,454,0.24008810572687225,2
37,Biological Sciences,37,454,0.08149779735682819,3
37,Environmental Sciences,18,454,0.039647577092511016,4
37,Chemical Sciences,1,454,0.0022026431718061676,5
37,Engineering,1,454,0.0022026431718061676,6
38,Biomedical and Clinical Sciences,235,440,0.5340909090909091,1
38,Biological Sciences,169,440,0.3840909090909091,2
38,Health Sciences,25,440,0.056818181818181816,3
38,Psychology,6,440,0.013636363636363636,4
38,Environmental Sciences,5,440,0.011363636363636364,5
39,Biomedical and Clinical Sciences,165,430,0.38372093023255816,1
39,Biological Sciences,119,430,0.27674418604651163,2
39,Health Sciences,86,430,0.2,3
39,Environmental Sciences,32,430,0.07441860465116279,4
39,Psychology,9,430,0.020930232558139535,5
39,"Agricultural, Veterinary and Food Sciences",8,430,0.018604651162790697,6
39,Earth Sciences,6,430,0.013953488372093023,7
39,Engineering,3,430,0.0069767441860465115,8
39,Chemical Sciences,2,430,0.004651162790697674,9
40,Biomedical and Clinical Sciences,276,429,0.6433566433566433,1
40,Health Sciences,84,429,0.1958041958041958,2
40,Biological Sciences,66,429,0.15384615384615385,3
40,Environmental Sciences,3,429,0.006993006993006993,4
41,Biomedical and Clinical Sciences,237,418,0.5669856459330144,1
41,Health Sciences,77,418,0.18421052631578946,2
41,Biological Sciences,60,418,0.14354066985645933,3
41,Psychology,26,418,0.06220095693779904,4
41,Information and Computing Sciences,10,418,0.023923444976076555,5
41,Environmental Sciences,4,418,0.009569377990430622,6
41,Physical Sciences,4,418,0.009569377990430622,7
42,Biomedical and Clinical Sciences,190,336,0.5654761904761905,1
42,Biological Sciences,90,336,0.26785714285714285,2
42,Health Sciences,44,336,0.13095238095238096,3
42,"Agricultural, Veterinary and Food Sciences",7,336,0.020833333333333332,4
42,Psychology,3,336,0.008928571428571428,5
42,Physical Sciences,2,336,0.005952380952380952,6
43,Biological Sciences,239,333,0.7177177177177178,1
43,Biomedical and Clinical Sciences,89,333,0.2672672672672673,2
43,Psychology,3,333,0.009009009009009009,3
43,Health Sciences,2,333,0.006006006006006006,4
44,Biomedical and Clinical Sciences,189,319,0.5924764890282131,1
44,Biological Sciences,109,319,0.34169278996865204,2
44,Health Sciences,13,319,0.04075235109717868,3
44,Mathematical Sciences,5,319,0.01567398119122257,4
44,Information and Computing Sciences,3,319,0.009404388714733543,5
45,Biomedical and Clinical Sciences,238,317,0.750788643533123,1
45,Health Sciences,53,317,0.167192429022082,2
45,Biological Sciences,20,317,0.06309148264984227,3
45,Environmental Sciences,5,317,0.015772870662460567,4
45,Psychology,1,317,0.0031545741324921135,5
46,Biomedical and Clinical Sciences,215,304,0.7072368421052632,1
46,Health Sciences,83,304,0.2730263157894737,2
46,Biological Sciences,6,304,0.019736842105263157,3
47,Biomedical and Clinical Sciences,226,296,0.7635135135135135,1
47,Biological Sciences,48,296,0.16216216216216217,2
47,Health Sciences,11,296,0.037162162162162164,3
47,Information and Computing Sciences,8,296,0.02702702702702703,4
47,Psychology,3,296,0.010135135135135136,5
48,Biological Sciences,201,292,0.6883561643835616,1
48,Biomedical and Clinical Sciences,48,292,0.1643835616438356,2
48,Health Sciences,36,292,0.1232876712328767,3
48,Information and Computing Sciences,5,292,0.017123287671232876,4
48,Human Society,2,292,0.00684931506849315,5
49,Biomedical and Clinical Sciences,110,281,0.3914590747330961,1
49,Psychology,64,281,0.2277580071174377,2
49,Health Sciences,53,281,0.18861209964412812,3
49,Biological Sciences,52,281,0.18505338078291814,4
49,Information and Computing Sciences,2,281,0.0071174377224199285,5
50,Biomedical and Clinical Sciences,172,273,0.63003663003663,1
50,Health Sciences,53,273,0.19413919413919414,2
50,Biological Sciences,40,273,0.14652014652014653,3
50,Psychology,8,273,0.029304029304029304,4
51,Biomedical and Clinical Sciences,200,269,0.7434944237918215,1
51,Health Sciences,35,269,0.13011152416356878,2
51,Biological Sciences,25,269,0.09293680297397769,3
51,Information and Computing Sciences,5,269,0.01858736059479554,4
51,Psychology,4,269,0.01486988847583643,5
52,Biological Sciences,244,267,0.9138576779026217,1
52,Biomedical and Clinical Sciences,12,267,0.0449438202247191,2
52,Health Sciences,8,267,0.0299625468164794,3
52,Information and Computing Sciences,3,267,0.011235955056179775,4
53,Biological Sciences,126,258,0.4883720930232558,1
53,Biomedical and Clinical Sciences,80,258,0.31007751937984496,2
53,Health Sciences,47,258,0.1821705426356589,3
53,Engineering,3,258,0.011627906976744186,4
53,Information and Computing Sciences,2,258,0.007751937984496124,5
54,Biomedical and Clinical Sciences,137,256,0.53515625,1
54,Biological Sciences,86,256,0.3359375,2
54,Health Sciences,31,256,0.12109375,3
54,Information and Computing Sciences,2,256,0.0078125,4
55,Biomedical and Clinical Sciences,149,220,0.6772727272727272,1
55,Biological Sciences,53,220,0.2409090909090909,2
55,Health Sciences,17,220,0.07727272727272727,3
55,Information and Computing Sciences,1,220,0.004545454545454545,4
56,Biomedical and Clinical Sciences,112,176,0.6363636363636364,1
56,Biological Sciences,39,176,0.2215909090909091,2
56,Health Sciences,25,176,0.14204545454545456,3
57,Biomedical and Clinical Sciences,137,160,0.85625,1
57,Health Sciences,18,160,0.1125,2
57,Biological Sciences,5,160,0.03125,3
58,Biomedical and Clinical Sciences,98,146,0.6712328767123288,1
58,Health Sciences,38,146,0.2602739726027397,2
58,Environmental Sciences,6,146,0.0410958904109589,3
58,Biological Sciences,4,146,0.0273972602739726,4
59,Biological Sciences,97,141,0.6879432624113475,1
59,Biomedical and Clinical Sciences,34,141,0.24113475177304963,2
59,Health Sciences,7,141,0.04964539007092199,3
59,Psychology,3,141,0.02127659574468085,4
60,Biomedical and Clinical Sciences,96,137,0.7007299270072993,1
60,Health Sciences,28,137,0.20437956204379562,2
60,Environmental Sciences,8,137,0.058394160583941604,3
60,Biological Sciences,4,137,0.029197080291970802,4
60,Mathematical Sciences,1,137,0.0072992700729927005,5
61,Biomedical and Clinical Sciences,131,136,0.9632352941176471,1
61,Engineering,4,136,0.029411764705882353,2
61,Health Sciences,1,136,0.007352941176470588,3
62,Biomedical and Clinical Sciences,127,131,0.9694656488549618,1
62,Health Sciences,3,131,0.022900763358778626,2
62,Biological Sciences,1,131,0.007633587786259542,3
63,Biomedical and Clinical Sciences,69,130,0.5307692307692308,1
63,Biological Sciences,38,130,0.2923076923076923,2
63,Engineering,19,130,0.14615384615384616,3
63,Health Sciences,3,130,0.023076923076923078,4
63,Psychology,1,130,0.007692307692307693,5
64,Biomedical and Clinical Sciences,90,117,0.7692307692307693,1
64,Health Sciences,17,117,0.1452991452991453,2
64,Biological Sciences,9,117,0.07692307692307693,3
64,Environmental Sciences,1,117,0.008547008547008548,4
65,Biomedical and Clinical Sciences,84,113,0.7433628318584071,1
65,Health Sciences,22,113,0.19469026548672566,2
65,Biological Sciences,7,113,0.061946902654867256,3
66,Biomedical and Clinical Sciences,58,111,0.5225225225225225,1
66,Biological Sciences,24,111,0.21621621621621623,2
66,Health Sciences,21,111,0.1891891891891892,3
66,Environmental Sciences,8,111,0.07207207207207207,4
67,"History, Heritage and Archaeology",96,104,0.9230769230769231,1
67,Biological Sciences,8,104,0.07692307692307693,2
68,Biomedical and Clinical Sciences,76,98,0.7755102040816326,1
68,Health Sciences,13,98,0.1326530612244898,2
68,Biological Sciences,4,98,0.04081632653061224,3
68,Human Society,3,98,0.030612244897959183,4
68,Built Environment and Design,1,98,0.01020408163265306,5
68,Psychology,1,98,0.01020408163265306,6
69,Biomedical and Clinical Sciences,75,98,0.7653061224489796,1
69,Health Sciences,17,98,0.17346938775510204,2
69,Biological Sciences,5,98,0.05102040816326531,3
69,Chemical Sciences,1,98,0.01020408163265306,4
70,Biomedical and Clinical Sciences,89,92,0.967391304347826,1
70,Biological Sciences,3,92,0.03260869565217391,2
71,Biomedical and Clinical Sciences,64,92,0.6956521739130435,1
71,Health Sciences,18,92,0.1956521739130435,2
71,Biological Sciences,10,92,0.10869565217391304,3
72,Health Sciences,47,85,0.5529411764705883,1
72,Biomedical and Clinical Sciences,29,85,0.3411764705882353,2
72,Biological Sciences,7,85,0.08235294117647059,3
72,Environmental Sciences,2,85,0.023529411764705882,4
73,Biomedical and Clinical Sciences,71,85,0.8352941176470589,1
73,Information and Computing Sciences,10,85,0.11764705882352941,2
73,Biological Sciences,2,85,0.023529411764705882,3
73,Engineering,1,85,0.011764705882352941,4
73,Health Sciences,1,85,0.011764705882352941,5
74,Biomedical and Clinical Sciences,71,84,0.8452380952380952,1
74,Biological Sciences,12,84,0.14285714285714285,2
74,Health Sciences,1,84,0.011904761904761904,3
75,Biomedical and Clinical Sciences,46,79,0.5822784810126582,1
75,Biological Sciences,24,79,0.3037974683544304,2
75,Health Sciences,5,79,0.06329113924050633,3
75,Psychology,4,79,0.05063291139240506,4
76,Biomedical and Clinical Sciences,57,77,0.7402597402597403,1
76,Health Sciences,11,77,0.14285714285714285,2
76,Biological Sciences,9,77,0.11688311688311688,3
77,Biological Sciences,31,72,0.4305555555555556,1
77,Biomedical and Clinical Sciences,23,72,0.3194444444444444,2
77,Mathematical Sciences,9,72,0.125,3
77,Information and Computing Sciences,7,72,0.09722222222222222,4
77,Economics,1,72,0.013888888888888888,5
77,Health Sciences,1,72,0.013888888888888888,6
78,Biological Sciences,31,72,0.4305555555555556,1
78,Biomedical and Clinical Sciences,19,72,0.2638888888888889,2
78,Engineering,12,72,0.16666666666666666,3
78,Information and Computing Sciences,10,72,0.1388888888888889,4
79,Biomedical and Clinical Sciences,60,70,0.8571428571428571,1
79,Biological Sciences,6,70,0.08571428571428572,2
79,Health Sciences,4,70,0.05714285714285714,3
80,Biomedical and Clinical Sciences,61,64,0.953125,1
80,Information and Computing Sciences,3,64,0.046875,2
81,Biomedical and Clinical Sciences,33,62,0.532258064516129,1
81,Health Sciences,15,62,0.24193548387096775,2
81,Biological Sciences,10,62,0.16129032258064516,3
81,Information and Computing Sciences,4,62,0.06451612903225806,4
82,Biological Sciences,35,58,0.603448275862069,1
82,Biomedical and Clinical Sciences,23,58,0.39655172413793105,2
83,Biomedical and Clinical Sciences,44,55,0.8,1
83,Biological Sciences,8,55,0.14545454545454545,2
83,Psychology,3,55,0.05454545454545454,3
84,Health Sciences,29,54,0.5370370370370371,1
84,Biomedical and Clinical Sciences,24,54,0.4444444444444444,2
84,Environmental Sciences,1,54,0.018518518518518517,3
85,Biomedical and Clinical Sciences,28,54,0.5185185185185185,1
85,Health Sciences,16,54,0.2962962962962963,2
85,Biological Sciences,8,54,0.14814814814814814,3
85,Psychology,2,54,0.037037037037037035,4
86,Biomedical and Clinical Sciences,47,53,0.8867924528301887,1
86,Health Sciences,6,53,0.11320754716981132,2
87,Biomedical and Clinical Sciences,44,49,0.8979591836734694,1
87,Biological Sciences,5,49,0.10204081632653061,2
88,Biomedical and Clinical Sciences,39,49,0.7959183673469388,1
88,Biological Sciences,8,49,0.16326530612244897,2
88,Health Sciences,2,49,0.04081632653061224,3
89,Biomedical and Clinical Sciences,36,49,0.7346938775510204,1
89,Health Sciences,9,49,0.1836734693877551,2
89,Biological Sciences,4,49,0.08163265306122448,3
90,Biomedical and Clinical Sciences,47,48,0.9791666666666666,1
90,Health Sciences,1,48,0.020833333333333332,2
91,Biomedical and Clinical Sciences,45,48,0.9375,1
91,Engineering,2,48,0.041666666666666664,2
91,"Agricultural, Veterinary and Food Sciences",1,48,0.020833333333333332,3
92,Biomedical and Clinical Sciences,31,43,0.7209302325581395,1
92,Health Sciences,8,43,0.18604651162790697,2
92,Biological Sciences,3,43,0.06976744186046512,3
92,Chemical Sciences,1,43,0.023255813953488372,4
93,Biomedical and Clinical Sciences,34,43,0.7906976744186046,1
93,Health Sciences,9,43,0.20930232558139536,2
94,Biomedical and Clinical Sciences,41,41,1.0,1
95,Biomedical and Clinical Sciences,30,39,0.7692307692307693,1
95,Biological Sciences,6,39,0.15384615384615385,2
95,Health Sciences,3,39,0.07692307692307693,3
96,Health Sciences,17,38,0.4473684210526316,1
96,Biomedical and Clinical Sciences,12,38,0.3157894736842105,2
96,Biological Sciences,9,38,0.23684210526315788,3
97,Biomedical and Clinical Sciences,14,37,0.3783783783783784,1
97,Health Sciences,13,37,0.35135135135135137,2
97,Biological Sciences,6,37,0.16216216216216217,3
97,Psychology,4,37,0.10810810810810811,4
98,Biomedical and Clinical Sciences,36,36,1.0,1
99,Biomedical and Clinical Sciences,28,36,0.7777777777777778,1
99,Health Sciences,7,36,0.19444444444444445,2
99,Biological Sciences,1,36,0.027777777777777776,3
100,Health Sciences,28,35,0.8,1
100,Biomedical and Clinical Sciences,7,35,0.2,2
101,Biomedical and Clinical Sciences,34,34,1.0,1
102,Biomedical and Clinical Sciences,34,34,1.0,1
103,Biomedical and Clinical Sciences,28,33,0.8484848484848485,1
103,Biological Sciences,4,33,0.12121212121212122,2
103,Health Sciences,1,33,0.030303030303030304,3
104,Biomedical and Clinical Sciences,17,33,0.5151515151515151,1
104,Health Sciences,14,33,0.42424242424242425,2
104,Psychology,2,33,0.06060606060606061,3
105,Biological Sciences,32,32,1.0,1
106,Biomedical and Clinical Sciences,32,32,1.0,1
107,Biomedical and Clinical Sciences,27,31,0.8709677419354839,1
107,Health Sciences,4,31,0.12903225806451613,2
108,Biomedical and Clinical Sciences,31,31,1.0,1
109,Biomedical and Clinical Sciences,16,31,0.5161290322580645,1
109,Health Sciences,15,31,0.4838709677419355,2
110,Biomedical and Clinical Sciences,30,30,1.0,1
111,Health Sciences,16,29,0.5517241379310345,1
111,Biomedical and Clinical Sciences,9,29,0.3103448275862069,2
111,Biological Sciences,4,29,0.13793103448275862,3
112,Health Sciences,14,29,0.4827586206896552,1
112,Biomedical and Clinical Sciences,9,29,0.3103448275862069,2
112,Biological Sciences,6,29,0.20689655172413793,3
113,Biomedical and Clinical Sciences,16,29,0.5517241379310345,1
113,Psychology,7,29,0.2413793103448276,2
113,Biological Sciences,4,29,0.13793103448275862,3
113,Health Sciences,2,29,0.06896551724137931,4
114,Biomedical and Clinical Sciences,21,29,0.7241379310344828,1
114,Health Sciences,8,29,0.27586206896551724,2
115,Biomedical and Clinical Sciences,17,28,0.6071428571428571,1
115,Health Sciences,11,28,0.39285714285714285,2
116,Health Sciences,27,27,1.0,1
117,Biomedical and Clinical Sciences,26,26,1.0,1
118,Biomedical and Clinical Sciences,19,25,0.76,1
118,Health Sciences,6,25,0.24,2
119,Biological Sciences,15,25,0.6,1
119,Biomedical and Clinical Sciences,10,25,0.4,2
120,Biomedical and Clinical Sciences,17,25,0.68,1
120,Engineering,5,25,0.2,2
120,Health Sciences,3,25,0.12,3
121,Biological Sciences,9,24,0.375,1
121,Psychology,9,24,0.375,2
121,Health Sciences,3,24,0.125,3
121,Information and Computing Sciences,3,24,0.125,4
122,Biological Sciences,13,24,0.5416666666666666,1
122,Biomedical and Clinical Sciences,11,24,0.4583333333333333,2
123,Biomedical and Clinical Sciences,22,24,0.9166666666666666,1
123,Health Sciences,2,24,0.08333333333333333,2
124,Biological Sciences,18,24,0.75,1
124,Health Sciences,4,24,0.16666666666666666,2
124,Biomedical and Clinical Sciences,2,24,0.08333333333333333,3
125,Biomedical and Clinical Sciences,17,23,0.7391304347826086,1
125,Health Sciences,6,23,0.2608695652173913,2
126,Biomedical and Clinical Sciences,23,23,1.0,1
127,Biomedical and Clinical Sciences,23,23,1.0,1
128,Biomedical and Clinical Sciences,21,22,0.9545454545454546,1
128,Biological Sciences,1,22,0.045454545454545456,2
129,Biomedical and Clinical Sciences,21,22,0.9545454545454546,1
129,Biological Sciences,1,22,0.045454545454545456,2
130,Biological Sciences,20,21,0.9523809523809523,1
130,Biomedical and Clinical Sciences,1,21,0.047619047619047616,2
131,Biomedical and Clinical Sciences,11,21,0.5238095238095238,1
131,Biological Sciences,10,21,0.47619047619047616,2
132,Biomedical and Clinical Sciences,21,21,1.0,1
133,Biomedical and Clinical Sciences,19,21,0.9047619047619048,1
133,Biological Sciences,2,21,0.09523809523809523,2
134,Biomedical and Clinical Sciences,13,21,0.6190476190476191,1
134,Health Sciences,8,21,0.38095238095238093,2
135,Biological Sciences,21,21,1.0,1
136,Biomedical and Clinical Sciences,15,21,0.7142857142857143,1
136,Health Sciences,4,21,0.19047619047619047,2
136,Psychology,2,21,0.09523809523809523,3
137,Health Sciences,13,21,0.6190476190476191,1
137,Biomedical and Clinical Sciences,8,21,0.38095238095238093,2
138,Biomedical and Clinical Sciences,21,21,1.0,1
139,Biomedical and Clinical Sciences,14,20,0.7,1
139,Biological Sciences,6,20,0.3,2
140,Health Sciences,12,20,0.6,1
140,Biomedical and Clinical Sciences,7,20,0.35,2
140,Biological Sciences,1,20,0.05,3
141,Biomedical and Clinical Sciences,16,20,0.8,1
141,Biological Sciences,4,20,0.2,2
142,Biological Sciences,8,20,0.4,1
142,Biomedical and Clinical Sciences,6,20,0.3,2
142,Health Sciences,6,20,0.3,3
143,Health Sciences,18,20,0.9,1
143,Biomedical and Clinical Sciences,2,20,0.1,2
144,Biological Sciences,13,19,0.6842105263157895,1
144,Biomedical and Clinical Sciences,6,19,0.3157894736842105,2
145,Biomedical and Clinical Sciences,19,19,1.0,1
146,Psychology,12,19,0.631578947368421,1
146,Biomedical and Clinical Sciences,7,19,0.3684210526315789,2
147,Biomedical and Clinical Sciences,10,19,0.5263157894736842,1
147,Biological Sciences,9,19,0.47368421052631576,2
148,Biomedical and Clinical Sciences,12,19,0.631578947368421,1
148,Environmental Sciences,7,19,0.3684210526315789,2
149,Biomedical and Clinical Sciences,15,19,0.7894736842105263,1
149,Biological Sciences,4,19,0.21052631578947367,2
150,Information and Computing Sciences,13,19,0.6842105263157895,1
150,Psychology,6,19,0.3157894736842105,2
151,Biomedical and Clinical Sciences,10,19,0.5263157894736842,1
151,Biological Sciences,6,19,0.3157894736842105,2
151,Health Sciences,2,19,0.10526315789473684,3
151,Environmental Sciences,1,19,0.05263157894736842,4
152,Biomedical and Clinical Sciences,19,19,1.0,1
153,Biomedical and Clinical Sciences,18,18,1.0,1
154,Biomedical and Clinical Sciences,14,18,0.7777777777777778,1
154,Health Sciences,4,18,0.2222222222222222,2
155,Biomedical and Clinical Sciences,16,18,0.8888888888888888,1
155,Health Sciences,2,18,0.1111111111111111,2
156,Biomedical and Clinical Sciences,18,18,1.0,1
157,Biomedical and Clinical Sciences,17,17,1.0,1
158,Biomedical and Clinical Sciences,17,17,1.0,1
159,Biomedical and Clinical Sciences,12,17,0.7058823529411765,1
159,Biological Sciences,5,17,0.29411764705882354,2
160,Biological Sciences,17,17,1.0,1
161,Biomedical and Clinical Sciences,17,17,1.0,1
162,Biomedical and Clinical Sciences,17,17,1.0,1
163,Biological Sciences,17,17,1.0,1
164,Biomedical and Clinical Sciences,11,17,0.6470588235294118,1
164,Biological Sciences,6,17,0.35294117647058826,2
165,Biomedical and Clinical Sciences,17,17,1.0,1
166,Biomedical and Clinical Sciences,15,17,0.8823529411764706,1
166,Information and Computing Sciences,2,17,0.11764705882352941,2
167,Biomedical and Clinical Sciences,7,17,0.4117647058823529,1
167,Health Sciences,7,17,0.4117647058823529,2
167,Biological Sciences,3,17,0.17647058823529413,3
168,Biomedical and Clinical Sciences,16,17,0.9411764705882353,1
168,Health Sciences,1,17,0.058823529411764705,2
169,Biomedical and Clinical Sciences,16,16,1.0,1
170,Biomedical and Clinical Sciences,16,16,1.0,1
171,"Agricultural, Veterinary and Food Sciences",8,16,0.5,1
171,Biomedical and Clinical Sciences,8,16,0.5,2
172,Health Sciences,16,16,1.0,1
173,Biomedical and Clinical Sciences,12,16,0.75,1
173,Biological Sciences,4,16,0.25,2
174,Psychology,7,16,0.4375,1
174,Biomedical and Clinical Sciences,4,16,0.25,2
174,Engineering,4,16,0.25,3
174,Information and Computing Sciences,1,16,0.0625,4
175,Biomedical and Clinical Sciences,16,16,1.0,1
176,Information and Computing Sciences,11,16,0.6875,1
176,Biological Sciences,5,16,0.3125,2
177,Biological Sciences,16,16,1.0,1
178,Biomedical and Clinical Sciences,16,16,1.0,1
179,Biomedical and Clinical Sciences,16,16,1.0,1
180,Biomedical and Clinical Sciences,8,16,0.5,1
180,Psychology,5,16,0.3125,2
180,Health Sciences,3,16,0.1875,3
181,Biological Sciences,16,16,1.0,1
182,Biomedical and Clinical Sciences,15,16,0.9375,1
182,Biological Sciences,1,16,0.0625,2
183,Biomedical and Clinical Sciences,16,16,1.0,1
184,Biological Sciences,16,16,1.0,1
185,Biological Sciences,15,15,1.0,1
186,Biomedical and Clinical Sciences,15,15,1.0,1
187,Biomedical and Clinical Sciences,15,15,1.0,1
188,Biomedical and Clinical Sciences,15,15,1.0,1
189,Biomedical and Clinical Sciences,15,15,1.0,1
190,Biomedical and Clinical Sciences,9,15,0.6,1
190,Biological Sciences,6,15,0.4,2
191,Biomedical and Clinical Sciences,10,15,0.6666666666666666,1
191,Information and Computing Sciences,4,15,0.26666666666666666,2
191,Health Sciences,1,15,0.06666666666666667,3
192,Biomedical and Clinical Sciences,15,15,1.0,1
193,Engineering,8,15,0.5333333333333333,1
193,Environmental Sciences,4,15,0.26666666666666666,2
193,Biomedical and Clinical Sciences,3,15,0.2,3
194,Biomedical and Clinical Sciences,11,15,0.7333333333333333,1
194,Health Sciences,4,15,0.26666666666666666,2
195,Biomedical and Clinical Sciences,15,15,1.0,1
196,Biomedical and Clinical Sciences,15,15,1.0,1
197,Biomedical and Clinical Sciences,15,15,1.0,1
198,Biological Sciences,10,15,0.6666666666666666,1
198,Health Sciences,5,15,0.3333333333333333,2
199,Biomedical and Clinical Sciences,15,15,1.0,1
200,Biomedical and Clinical Sciences,8,14,0.5714285714285714,1
200,Biological Sciences,5,14,0.35714285714285715,2
200,Health Sciences,1,14,0.07142857142857142,3
201,Biological Sciences,7,14,0.5,1
201,Biomedical and Clinical Sciences,7,14,0.5,2
202,Health Sciences,11,14,0.7857142857142857,1
202,Biological Sciences,2,14,0.14285714285714285,2
202,Biomedical and Clinical Sciences,1,14,0.07142857142857142,3
203,Psychology,14,14,1.0,1
204,Health Sciences,14,14,1.0,1
205,Biomedical and Clinical Sciences,14,14,1.0,1
206,Biomedical and Clinical Sciences,14,14,1.0,1
207,Biomedical and Clinical Sciences,9,14,0.6428571428571429,1
207,Biological Sciences,5,14,0.35714285714285715,2
208,Biomedical and Clinical Sciences,14,14,1.0,1
209,Biomedical and Clinical Sciences,11,14,0.7857142857142857,1
209,Health Sciences,3,14,0.21428571428571427,2
210,Biological Sciences,14,14,1.0,1
211,Health Sciences,10,14,0.7142857142857143,1
211,Biomedical and Clinical Sciences,4,14,0.2857142857142857,2
212,Biomedical and Clinical Sciences,14,14,1.0,1
213,Biological Sciences,7,13,0.5384615384615384,1
213,Biomedical and Clinical Sciences,6,13,0.46153846153846156,2
214,Biomedical and Clinical Sciences,13,13,1.0,1
215,Biomedical and Clinical Sciences,13,13,1.0,1
216,Biomedical and Clinical Sciences,13,13,1.0,1
217,Biomedical and Clinical Sciences,13,13,1.0,1
218,Biomedical and Clinical Sciences,11,13,0.8461538461538461,1
218,Biological Sciences,2,13,0.15384615384615385,2
219,Biomedical and Clinical Sciences,8,13,0.6153846153846154,1
219,Biological Sciences,5,13,0.38461538461538464,2
220,Health Sciences,13,13,1.0,1
221,Biomedical and Clinical Sciences,13,13,1.0,1
222,Biomedical and Clinical Sciences,13,13,1.0,1
223,Biomedical and Clinical Sciences,13,13,1.0,1
224,Biomedical and Clinical Sciences,8,13,0.6153846153846154,1
224,Health Sciences,4,13,0.3076923076923077,2
224,Environmental Sciences,1,13,0.07692307692307693,3
225,Biological Sciences,7,13,0.5384615384615384,1
225,Biomedical and Clinical Sciences,6,13,0.46153846153846156,2
226,Biomedical and Clinical Sciences,13,13,1.0,1
227,Biological Sciences,13,13,1.0,1
228,Biomedical and Clinical Sciences,13,13,1.0,1
229,Biomedical and Clinical Sciences,13,13,1.0,1
230,Biomedical and Clinical Sciences,13,13,1.0,1
231,Biological Sciences,13,13,1.0,1
232,Biomedical and Clinical Sciences,12,12,1.0,1
233,Biomedical and Clinical Sciences,12,12,1.0,1
234,Information and Computing Sciences,8,12,0.6666666666666666,1
234,Biomedical and Clinical Sciences,4,12,0.3333333333333333,2
235,Biomedical and Clinical Sciences,12,12,1.0,1
236,Biomedical and Clinical Sciences,10,12,0.8333333333333334,1
236,Biological Sciences,2,12,0.16666666666666666,2
237,Biomedical and Clinical Sciences,12,12,1.0,1
238,Biomedical and Clinical Sciences,12,12,1.0,1
239,Biomedical and Clinical Sciences,12,12,1.0,1
240,Biomedical and Clinical Sciences,12,12,1.0,1
241,Biomedical and Clinical Sciences,8,12,0.6666666666666666,1
241,Health Sciences,4,12,0.3333333333333333,2
242,Biomedical and Clinical Sciences,7,12,0.5833333333333334,1
242,Biological Sciences,5,12,0.4166666666666667,2
243,Health Sciences,6,12,0.5,1
243,Environmental Sciences,4,12,0.3333333333333333,2
243,Biomedical and Clinical Sciences,2,12,0.16666666666666666,3
244,Biomedical and Clinical Sciences,12,12,1.0,1
245,Biomedical and Clinical Sciences,8,12,0.6666666666666666,1
245,Biological Sciences,4,12,0.3333333333333333,2
246,Biomedical and Clinical Sciences,10,12,0.8333333333333334,1
246,Health Sciences,2,12,0.16666666666666666,2
247,Biomedical and Clinical Sciences,12,12,1.0,1
248,Biomedical and Clinical Sciences,12,12,1.0,1
249,Biomedical and Clinical Sciences,12,12,1.0,1
250,Biological Sciences,12,12,1.0,1
251,Psychology,7,12,0.5833333333333334,1
251,Health Sciences,5,12,0.4166666666666667,2
252,Biological Sciences,12,12,1.0,1
253,Biomedical and Clinical Sciences,12,12,1.0,1
254,Biomedical and Clinical Sciences,12,12,1.0,1
255,Biomedical and Clinical Sciences,10,12,0.8333333333333334,1
255,Health Sciences,2,12,0.16666666666666666,2
256,Biological Sciences,12,12,1.0,1
257,Biomedical and Clinical Sciences,10,12,0.8333333333333334,1
257,Psychology,2,12,0.16666666666666666,2
258,Biomedical and Clinical Sciences,12,12,1.0,1
259,Biological Sciences,7,12,0.5833333333333334,1
259,Biomedical and Clinical Sciences,5,12,0.4166666666666667,2
260,Information and Computing Sciences,7,11,0.6363636363636364,1
260,Biomedical and Clinical Sciences,2,11,0.18181818181818182,2
260,Psychology,2,11,0.18181818181818182,3
261,Biomedical and Clinical Sciences,11,11,1.0,1
262,Biomedical and Clinical Sciences,9,11,0.8181818181818182,1
262,Biological Sciences,1,11,0.09090909090909091,2
262,Environmental Sciences,1,11,0.09090909090909091,3
263,Biomedical and Clinical Sciences,11,11,1.0,1
264,Biological Sciences,11,11,1.0,1
265,Biological Sciences,11,11,1.0,1
266,Biomedical and Clinical Sciences,11,11,1.0,1
267,Biomedical and Clinical Sciences,11,11,1.0,1
268,Biomedical and Clinical Sciences,6,11,0.5454545454545454,1
268,Information and Computing Sciences,5,11,0.45454545454545453,2
269,Biomedical and Clinical Sciences,11,11,1.0,1
270,Biomedical and Clinical Sciences,6,11,0.5454545454545454,1
270,Health Sciences,5,11,0.45454545454545453,2
271,Biological Sciences,7,11,0.6363636363636364,1
271,Biomedical and Clinical Sciences,4,11,0.36363636363636365,2
272,Biological Sciences,9,11,0.8181818181818182,1
272,Biomedical and Clinical Sciences,2,11,0.18181818181818182,2
273,Biomedical and Clinical Sciences,11,11,1.0,1
274,Biological Sciences,11,11,1.0,1
275,Biomedical and Clinical Sciences,11,11,1.0,1
276,Biomedical and Clinical Sciences,11,11,1.0,1
277,Biomedical and Clinical Sciences,11,11,1.0,1
278,Health Sciences,11,11,1.0,1
279,Biological Sciences,11,11,1.0,1
280,Health Sciences,8,11,0.7272727272727273,1
280,Psychology,2,11,0.18181818181818182,2
280,Biological Sciences,1,11,0.09090909090909091,3
281,Biological Sciences,11,11,1.0,1
282,Biomedical and Clinical Sciences,11,11,1.0,1
283,Biomedical and Clinical Sciences,8,10,0.8,1
283,Health Sciences,2,10,0.2,2
284,Biomedical and Clinical Sciences,10,10,1.0,1
285,Biomedical and Clinical Sciences,10,10,1.0,1
286,Biomedical and Clinical Sciences,7,10,0.7,1
286,Biological Sciences,3,10,0.3,2
287,Biomedical and Clinical Sciences,10,10,1.0,1
288,Health Sciences,10,10,1.0,1
289,Biomedical and Clinical Sciences,10,10,1.0,1
290,Biomedical and Clinical Sciences,10,10,1.0,1
291,Biomedical and Clinical Sciences,3,10,0.3,1
291,Mathematical Sciences,3,10,0.3,2
291,Psychology,3,10,0.3,3
291,Information and Computing Sciences,1,10,0.1,4
292,Biomedical and Clinical Sciences,10,10,1.0,1
293,Biomedical and Clinical Sciences,10,10,1.0,1
294,Biomedical and Clinical Sciences,9,10,0.9,1
294,Biological Sciences,1,10,0.1,2
295,Biomedical and Clinical Sciences,10,10,1.0,1
296,Biomedical and Clinical Sciences,10,10,1.0,1
297,Biological Sciences,10,10,1.0,1
298,Health Sciences,10,10,1.0,1
299,Biological Sciences,8,10,0.8,1
299,Health Sciences,2,10,0.2,2
300,Biomedical and Clinical Sciences,10,10,1.0,1
301,Biological Sciences,10,10,1.0,1
302,Biomedical and Clinical Sciences,10,10,1.0,1
303,Biological Sciences,5,10,0.5,1
303,Health Sciences,4,10,0.4,2
303,Information and Computing Sciences,1,10,0.1,3
304,Biological Sciences,10,10,1.0,1
305,Health Sciences,6,10,0.6,1
305,Biomedical and Clinical Sciences,4,10,0.4,2
306,Biomedical and Clinical Sciences,7,10,0.7,1
306,Health Sciences,3,10,0.3,2
307,Biomedical and Clinical Sciences,10,10,1.0,1
308,Health Sciences,10,10,1.0,1
309,Biomedical and Clinical Sciences,10,10,1.0,1
310,Health Sciences,6,10,0.6,1
310,Biomedical and Clinical Sciences,4,10,0.4,2
311,Biomedical and Clinical Sciences,6,10,0.6,1
311,Biological Sciences,2,10,0.2,2
311,Health Sciences,2,10,0.2,3
312,Psychology,10,10,1.0,1
313,Biological Sciences,10,10,1.0,1
314,Biological Sciences,5,10,0.5,1
314,Biomedical and Clinical Sciences,4,10,0.4,2
314,Health Sciences,1,10,0.1,3
315,Biomedical and Clinical Sciences,10,10,1.0,1
316,Biological Sciences,10,10,1.0,1
317,Biomedical and Clinical Sciences,9,10,0.9,1
317,Biological Sciences,1,10,0.1,2
318,Biomedical and Clinical Sciences,10,10,1.0,1
319,Biological Sciences,10,10,1.0,1
320,Biomedical and Clinical Sciences,10,10,1.0,1
321,Health Sciences,10,10,1.0,1
322,Biomedical and Clinical Sciences,10,10,1.0,1
323,Biomedical and Clinical Sciences,10,10,1.0,1
324,Biomedical and Clinical Sciences,10,10,1.0,1
325,Biomedical and Clinical Sciences,10,10,1.0,1
326,Biomedical and Clinical Sciences,10,10,1.0,1
327,Biomedical and Clinical Sciences,10,10,1.0,1
328,Biomedical and Clinical Sciences,10,10,1.0,1
329,Biomedical and Clinical Sciences,10,10,1.0,1
330,Health Sciences,10,10,1.0,1
331,Psychology,10,10,1.0,1
332,Biomedical and Clinical Sciences,10,10,1.0,1
333,Biomedical and Clinical Sciences,10,10,1.0,1
334,Health Sciences,7,10,0.7,1
334,Biomedical and Clinical Sciences,3,10,0.3,2
335,Biomedical and Clinical Sciences,9,9,1.0,1
336,Biomedical and Clinical Sciences,9,9,1.0,1
337,Biomedical and Clinical Sciences,9,9,1.0,1
338,Biological Sciences,9,9,1.0,1
339,Biomedical and Clinical Sciences,9,9,1.0,1
340,Biomedical and Clinical Sciences,9,9,1.0,1
341,Biological Sciences,9,9,1.0,1
342,Biomedical and Clinical Sciences,9,9,1.0,1
343,Health Sciences,9,9,1.0,1
344,Biomedical and Clinical Sciences,9,9,1.0,1
345,Biomedical and Clinical Sciences,9,9,1.0,1
346,Biomedical and Clinical Sciences,9,9,1.0,1
347,Biomedical and Clinical Sciences,9,9,1.0,1
348,Biomedical and Clinical Sciences,9,9,1.0,1
349,Health Sciences,9,9,1.0,1
350,Health Sciences,6,9,0.6666666666666666,1
350,Biomedical and Clinical Sciences,3,9,0.3333333333333333,2
351,Biomedical and Clinical Sciences,9,9,1.0,1
352,Biomedical and Clinical Sciences,6,9,0.6666666666666666,1
352,Biological Sciences,3,9,0.3333333333333333,2
353,Biomedical and Clinical Sciences,7,9,0.7777777777777778,1
353,Biological Sciences,2,9,0.2222222222222222,2
354,Biomedical and Clinical Sciences,6,9,0.6666666666666666,1
354,Biological Sciences,3,9,0.3333333333333333,2
355,Health Sciences,9,9,1.0,1
356,Biomedical and Clinical Sciences,9,9,1.0,1
357,Biomedical and Clinical Sciences,9,9,1.0,1
358,Biomedical and Clinical Sciences,9,9,1.0,1
359,Biological Sciences,9,9,1.0,1
360,Information and Computing Sciences,9,9,1.0,1
361,Biomedical and Clinical Sciences,9,9,1.0,1
362,Biological Sciences,9,9,1.0,1
363,Biomedical and Clinical Sciences,9,9,1.0,1
364,Biomedical and Clinical Sciences,9,9,1.0,1
365,Biological Sciences,9,9,1.0,1
366,Biological Sciences,9,9,1.0,1
367,Health Sciences,9,9,1.0,1
368,Biological Sciences,9,9,1.0,1
369,Biological Sciences,9,9,1.0,1
370,Biological Sciences,9,9,1.0,1
371,Health Sciences,9,9,1.0,1
372,Biomedical and Clinical Sciences,9,9,1.0,1
373,Biological Sciences,9,9,1.0,1
374,Biomedical and Clinical Sciences,9,9,1.0,1
375,Biomedical and Clinical Sciences,9,9,1.0,1
376,Biomedical and Clinical Sciences,9,9,1.0,1
377,Biological Sciences,9,9,1.0,1
378,Biomedical and Clinical Sciences,4,9,0.4444444444444444,1
378,Biological Sciences,3,9,0.3333333333333333,2
378,Psychology,2,9,0.2222222222222222,3
379,Health Sciences,9,9,1.0,1
380,Biomedical and Clinical Sciences,9,9,1.0,1
381,Health Sciences,6,9,0.6666666666666666,1
381,Biomedical and Clinical Sciences,3,9,0.3333333333333333,2
382,Biomedical and Clinical Sciences,9,9,1.0,1
383,Biomedical and Clinical Sciences,9,9,1.0,1
384,Biomedical and Clinical Sciences,9,9,1.0,1
385,Biological Sciences,9,9,1.0,1
386,Biomedical and Clinical Sciences,9,9,1.0,1
387,Biomedical and Clinical Sciences,5,9,0.5555555555555556,1
387,Biological Sciences,4,9,0.4444444444444444,2
388,Biomedical and Clinical Sciences,9,9,1.0,1
389,Health Sciences,9,9,1.0,1
390,Health Sciences,7,9,0.7777777777777778,1
390,Biomedical and Clinical Sciences,2,9,0.2222222222222222,2
391,Biomedical and Clinical Sciences,9,9,1.0,1
392,Biomedical and Clinical Sciences,9,9,1.0,1
393,Information and Computing Sciences,9,9,1.0,1
394,Psychology,9,9,1.0,1
395,Biomedical and Clinical Sciences,9,9,1.0,1
396,Biomedical and Clinical Sciences,9,9,1.0,1
397,Biomedical and Clinical Sciences,9,9,1.0,1
398,Biomedical and Clinical Sciences,9,9,1.0,1
399,Biomedical and Clinical Sciences,9,9,1.0,1
400,Biological Sciences,9,9,1.0,1
401,Biomedical and Clinical Sciences,6,9,0.6666666666666666,1
401,Biological Sciences,3,9,0.3333333333333333,2
402,Biomedical and Clinical Sciences,9,9,1.0,1
403,Health Sciences,9,9,1.0,1
404,Biomedical and Clinical Sciences,9,9,1.0,1
405,Biomedical and Clinical Sciences,6,9,0.6666666666666666,1
405,Health Sciences,3,9,0.3333333333333333,2
406,Biomedical and Clinical Sciences,9,9,1.0,1
407,Biomedical and Clinical Sciences,7,9,0.7777777777777778,1
407,Health Sciences,2,9,0.2222222222222222,2
408,Health Sciences,9,9,1.0,1
409,Biomedical and Clinical Sciences,9,9,1.0,1
410,Biomedical and Clinical Sciences,9,9,1.0,1
411,Biomedical and Clinical Sciences,6,9,0.6666666666666666,1
411,Biological Sciences,3,9,0.3333333333333333,2
412,Biomedical and Clinical Sciences,9,9,1.0,1
413,Biomedical and Clinical Sciences,9,9,1.0,1
414,Biomedical and Clinical Sciences,9,9,1.0,1
415,Biological Sciences,9,9,1.0,1
416,Biological Sciences,9,9,1.0,1
417,Biomedical and Clinical Sciences,9,9,1.0,1
418,Biomedical and Clinical Sciences,9,9,1.0,1
419,Biological Sciences,9,9,1.0,1
420,Biological Sciences,9,9,1.0,1
421,Biomedical and Clinical Sciences,9,9,1.0,1
422,Biological Sciences,9,9,1.0,1
423,Biological Sciences,9,9,1.0,1
424,Biomedical and Clinical Sciences,9,9,1.0,1
425,Biomedical and Clinical Sciences,9,9,1.0,1
426,Biomedical and Clinical Sciences,9,9,1.0,1
427,Biomedical and Clinical Sciences,6,9,0.6666666666666666,1
427,Biological Sciences,3,9,0.3333333333333333,2
428,Biological Sciences,9,9,1.0,1
429,Biomedical and Clinical Sciences,5,8,0.625,1
429,Psychology,3,8,0.375,2
430,"Agricultural, Veterinary and Food Sciences",8,8,1.0,1
431,Biomedical and Clinical Sciences,8,8,1.0,1
432,Biomedical and Clinical Sciences,8,8,1.0,1
433,Information and Computing Sciences,8,8,1.0,1
434,Biomedical and Clinical Sciences,8,8,1.0,1
435,Biological Sciences,8,8,1.0,1
436,Biological Sciences,6,8,0.75,1
436,Biomedical and Clinical Sciences,2,8,0.25,2
437,Health Sciences,8,8,1.0,1
438,Health Sciences,8,8,1.0,1
439,Biomedical and Clinical Sciences,8,8,1.0,1
440,Health Sciences,8,8,1.0,1
441,Biomedical and Clinical Sciences,8,8,1.0,1
442,Health Sciences,8,8,1.0,1
443,Biological Sciences,6,8,0.75,1
443,Biomedical and Clinical Sciences,2,8,0.25,2
444,Health Sciences,8,8,1.0,1
445,Biological Sciences,8,8,1.0,1
446,Biological Sciences,8,8,1.0,1
447,Health Sciences,8,8,1.0,1
448,Biomedical and Clinical Sciences,8,8,1.0,1
449,Biomedical and Clinical Sciences,8,8,1.0,1
450,Biomedical and Clinical Sciences,8,8,1.0,1
451,"Agricultural, Veterinary and Food Sciences",6,8,0.75,1
451,Health Sciences,2,8,0.25,2
452,Biomedical and Clinical Sciences,8,8,1.0,1
453,Biomedical and Clinical Sciences,8,8,1.0,1
454,Biomedical and Clinical Sciences,8,8,1.0,1
455,Biomedical and Clinical Sciences,6,8,0.75,1
455,Biological Sciences,2,8,0.25,2
456,Biomedical and Clinical Sciences,8,8,1.0,1
457,Health Sciences,8,8,1.0,1
458,Biomedical and Clinical Sciences,6,8,0.75,1
458,"Agricultural, Veterinary and Food Sciences",1,8,0.125,2
458,Health Sciences,1,8,0.125,3
459,Biomedical and Clinical Sciences,8,8,1.0,1
460,Biomedical and Clinical Sciences,8,8,1.0,1
461,Biomedical and Clinical Sciences,8,8,1.0,1
462,Biomedical and Clinical Sciences,8,8,1.0,1
463,Biomedical and Clinical Sciences,8,8,1.0,1
464,Health Sciences,8,8,1.0,1
465,Biomedical and Clinical Sciences,8,8,1.0,1
466,Biomedical and Clinical Sciences,8,8,1.0,1
467,Health Sciences,5,8,0.625,1
467,Biomedical and Clinical Sciences,3,8,0.375,2
468,Biomedical and Clinical Sciences,5,8,0.625,1
468,Health Sciences,3,8,0.375,2
469,Health Sciences,8,8,1.0,1
470,Biomedical and Clinical Sciences,8,8,1.0,1
471,Biomedical and Clinical Sciences,6,8,0.75,1
471,Biological Sciences,2,8,0.25,2
472,Biomedical and Clinical Sciences,7,8,0.875,1
472,Biological Sciences,1,8,0.125,2
473,Biomedical and Clinical Sciences,8,8,1.0,1
474,Health Sciences,8,8,1.0,1
475,Biomedical and Clinical Sciences,8,8,1.0,1
476,Health Sciences,8,8,1.0,1
477,Biomedical and Clinical Sciences,8,8,1.0,1
478,Biomedical and Clinical Sciences,8,8,1.0,1
479,Biomedical and Clinical Sciences,8,8,1.0,1
480,Biological Sciences,8,8,1.0,1
481,Biomedical and Clinical Sciences,8,8,1.0,1
482,Biological Sciences,8,8,1.0,1
483,Health Sciences,8,8,1.0,1
484,Biomedical and Clinical Sciences,8,8,1.0,1
485,Biomedical and Clinical Sciences,6,8,0.75,1
485,Health Sciences,2,8,0.25,2
486,Engineering,8,8,1.0,1
487,Biological Sciences,8,8,1.0,1
488,Biomedical and Clinical Sciences,8,8,1.0,1
489,Biomedical and Clinical Sciences,8,8,1.0,1
490,Biomedical and Clinical Sciences,8,8,1.0,1
491,Biomedical and Clinical Sciences,3,8,0.375,1
491,Health Sciences,3,8,0.375,2
491,Biological Sciences,2,8,0.25,3
492,Biomedical and Clinical Sciences,8,8,1.0,1
493,Biological Sciences,8,8,1.0,1
494,Biomedical and Clinical Sciences,8,8,1.0,1
495,Biomedical and Clinical Sciences,5,8,0.625,1
495,Health Sciences,3,8,0.375,2
496,Health Sciences,8,8,1.0,1
497,Biomedical and Clinical Sciences,8,8,1.0,1
498,Biomedical and Clinical Sciences,8,8,1.0,1
499,Biomedical and Clinical Sciences,8,8,1.0,1
500,Biomedical and Clinical Sciences,8,8,1.0,1
501,Biomedical and Clinical Sciences,7,8,0.875,1
501,Health Sciences,1,8,0.125,2
502,Biomedical and Clinical Sciences,8,8,1.0,1
503,Biological Sciences,8,8,1.0,1
504,Biological Sciences,8,8,1.0,1
505,Biomedical and Clinical Sciences,8,8,1.0,1
506,Biomedical and Clinical Sciences,8,8,1.0,1
507,Biomedical and Clinical Sciences,8,8,1.0,1
508,Biomedical and Clinical Sciences,8,8,1.0,1
509,Biomedical and Clinical Sciences,8,8,1.0,1
510,Biomedical and Clinical Sciences,5,8,0.625,1
510,Health Sciences,3,8,0.375,2
511,Biomedical and Clinical Sciences,8,8,1.0,1
512,Biomedical and Clinical Sciences,8,8,1.0,1
513,Health Sciences,6,8,0.75,1
513,Biomedical and Clinical Sciences,2,8,0.25,2
514,Biomedical and Clinical Sciences,8,8,1.0,1
515,Biomedical and Clinical Sciences,8,8,1.0,1
516,Health Sciences,8,8,1.0,1
517,Biomedical and Clinical Sciences,8,8,1.0,1
518,Biomedical and Clinical Sciences,8,8,1.0,1
519,Biomedical and Clinical Sciences,8,8,1.0,1
520,Biomedical and Clinical Sciences,8,8,1.0,1
521,Biological Sciences,8,8,1.0,1
522,Biomedical and Clinical Sciences,8,8,1.0,1
523,Health Sciences,7,7,1.0,1
524,Biomedical and Clinical Sciences,7,7,1.0,1
525,Biomedical and Clinical Sciences,7,7,1.0,1
526,Information and Computing Sciences,7,7,1.0,1
527,Health Sciences,7,7,1.0,1
528,Biomedical and Clinical Sciences,7,7,1.0,1
529,Health Sciences,7,7,1.0,1
530,Biomedical and Clinical Sciences,7,7,1.0,1
531,Biological Sciences,4,7,0.5714285714285714,1
531,Biomedical and Clinical Sciences,3,7,0.42857142857142855,2
532,Biomedical and Clinical Sciences,7,7,1.0,1
533,Biomedical and Clinical Sciences,7,7,1.0,1
534,Biological Sciences,7,7,1.0,1
535,Biomedical and Clinical Sciences,5,7,0.7142857142857143,1
535,Biological Sciences,2,7,0.2857142857142857,2
536,Biomedical and Clinical Sciences,5,7,0.7142857142857143,1
536,"Agricultural, Veterinary and Food Sciences",2,7,0.2857142857142857,2
537,Health Sciences,5,7,0.7142857142857143,1
537,Biomedical and Clinical Sciences,2,7,0.2857142857142857,2
538,Biological Sciences,7,7,1.0,1
539,Biomedical and Clinical Sciences,7,7,1.0,1
540,Biological Sciences,7,7,1.0,1
541,Environmental Sciences,7,7,1.0,1
542,Biomedical and Clinical Sciences,7,7,1.0,1
543,Biomedical and Clinical Sciences,7,7,1.0,1
544,Psychology,7,7,1.0,1
545,Biomedical and Clinical Sciences,7,7,1.0,1
546,Biomedical and Clinical Sciences,7,7,1.0,1
547,Biomedical and Clinical Sciences,7,7,1.0,1
548,Health Sciences,5,7,0.7142857142857143,1
548,Biological Sciences,2,7,0.2857142857142857,2
549,Biological Sciences,7,7,1.0,1
550,Health Sciences,7,7,1.0,1
551,Biomedical and Clinical Sciences,7,7,1.0,1
552,Biological Sciences,6,7,0.8571428571428571,1
552,Health Sciences,1,7,0.14285714285714285,2
553,Biological Sciences,5,7,0.7142857142857143,1
553,Biomedical and Clinical Sciences,2,7,0.2857142857142857,2
554,Health Sciences,7,7,1.0,1
555,Health Sciences,7,7,1.0,1
556,Biological Sciences,7,7,1.0,1
557,Biological Sciences,7,7,1.0,1
558,Biomedical and Clinical Sciences,7,7,1.0,1
559,Biomedical and Clinical Sciences,7,7,1.0,1
560,Biomedical and Clinical Sciences,7,7,1.0,1
561,Biomedical and Clinical Sciences,7,7,1.0,1
562,Biomedical and Clinical Sciences,7,7,1.0,1
563,Biomedical and Clinical Sciences,7,7,1.0,1
564,Biomedical and Clinical Sciences,7,7,1.0,1
565,Biological Sciences,7,7,1.0,1
566,Health Sciences,7,7,1.0,1
567,Biomedical and Clinical Sciences,7,7,1.0,1
568,Biomedical and Clinical Sciences,7,7,1.0,1
569,Biological Sciences,7,7,1.0,1
570,Biomedical and Clinical Sciences,7,7,1.0,1
571,Biological Sciences,7,7,1.0,1
572,Biomedical and Clinical Sciences,7,7,1.0,1
573,Biomedical and Clinical Sciences,7,7,1.0,1
574,Biomedical and Clinical Sciences,7,7,1.0,1
575,Biomedical and Clinical Sciences,7,7,1.0,1
576,Biomedical and Clinical Sciences,7,7,1.0,1
577,Biomedical and Clinical Sciences,7,7,1.0,1
578,Biomedical and Clinical Sciences,7,7,1.0,1
579,Biomedical and Clinical Sciences,7,7,1.0,1
580,Biological Sciences,7,7,1.0,1
581,Biomedical and Clinical Sciences,7,7,1.0,1
582,Biological Sciences,7,7,1.0,1
583,Biological Sciences,7,7,1.0,1
584,Biomedical and Clinical Sciences,5,7,0.7142857142857143,1
584,Psychology,2,7,0.2857142857142857,2
585,Biomedical and Clinical Sciences,7,7,1.0,1
586,Biomedical and Clinical Sciences,7,7,1.0,1
587,Biomedical and Clinical Sciences,7,7,1.0,1
588,Biomedical and Clinical Sciences,7,7,1.0,1
589,Biomedical and Clinical Sciences,7,7,1.0,1
590,Biomedical and Clinical Sciences,7,7,1.0,1
591,Biological Sciences,7,7,1.0,1
592,Information and Computing Sciences,7,7,1.0,1
593,Biological Sciences,7,7,1.0,1
594,Biomedical and Clinical Sciences,7,7,1.0,1
595,Biomedical and Clinical Sciences,7,7,1.0,1
596,Biomedical and Clinical Sciences,7,7,1.0,1
597,Biological Sciences,7,7,1.0,1
598,Biomedical and Clinical Sciences,7,7,1.0,1
599,Biomedical and Clinical Sciences,7,7,1.0,1
600,Biomedical and Clinical Sciences,7,7,1.0,1
601,Biomedical and Clinical Sciences,7,7,1.0,1
602,Biological Sciences,7,7,1.0,1
603,Biological Sciences,7,7,1.0,1
604,Biomedical and Clinical Sciences,4,7,0.5714285714285714,1
604,Health Sciences,3,7,0.42857142857142855,2
605,Biomedical and Clinical Sciences,7,7,1.0,1
606,Biomedical and Clinical Sciences,7,7,1.0,1
607,Biological Sciences,7,7,1.0,1
608,Biomedical and Clinical Sciences,7,7,1.0,1
609,Biological Sciences,7,7,1.0,1
610,Biomedical and Clinical Sciences,7,7,1.0,1
611,Biomedical and Clinical Sciences,7,7,1.0,1
612,Biomedical and Clinical Sciences,7,7,1.0,1
613,Biological Sciences,7,7,1.0,1
614,Biomedical and Clinical Sciences,7,7,1.0,1
615,Information and Computing Sciences,7,7,1.0,1
616,Health Sciences,7,7,1.0,1
617,Health Sciences,7,7,1.0,1
618,Health Sciences,7,7,1.0,1
619,Biological Sciences,7,7,1.0,1
620,Biomedical and Clinical Sciences,7,7,1.0,1
621,Biomedical and Clinical Sciences,6,7,0.8571428571428571,1
621,Engineering,1,7,0.14285714285714285,2
622,Biomedical and Clinical Sciences,7,7,1.0,1
623,Biological Sciences,7,7,1.0,1
624,Health Sciences,7,7,1.0,1
625,Biomedical and Clinical Sciences,4,7,0.5714285714285714,1
625,Biological Sciences,3,7,0.42857142857142855,2
626,Biological Sciences,7,7,1.0,1
627,Biological Sciences,7,7,1.0,1
628,Health Sciences,5,7,0.7142857142857143,1
628,Biological Sciences,2,7,0.2857142857142857,2
629,Biomedical and Clinical Sciences,7,7,1.0,1
630,Biomedical and Clinical Sciences,4,7,0.5714285714285714,1
630,Health Sciences,3,7,0.42857142857142855,2
631,Biological Sciences,7,7,1.0,1
632,Biomedical and Clinical Sciences,5,7,0.7142857142857143,1
632,Biological Sciences,2,7,0.2857142857142857,2
633,Biomedical and Clinical Sciences,7,7,1.0,1
634,Health Sciences,7,7,1.0,1
635,Biomedical and Clinical Sciences,7,7,1.0,1
636,Biomedical and Clinical Sciences,7,7,1.0,1
637,Biomedical and Clinical Sciences,7,7,1.0,1
638,Biological Sciences,5,7,0.7142857142857143,1
638,Biomedical and Clinical Sciences,2,7,0.2857142857142857,2
639,Biomedical and Clinical Sciences,7,7,1.0,1
640,Health Sciences,7,7,1.0,1
641,Health Sciences,4,7,0.5714285714285714,1
641,Biomedical and Clinical Sciences,3,7,0.42857142857142855,2
642,Biomedical and Clinical Sciences,6,7,0.8571428571428571,1
642,Health Sciences,1,7,0.14285714285714285,2
643,Biomedical and Clinical Sciences,7,7,1.0,1
644,"Agricultural, Veterinary and Food Sciences",7,7,1.0,1
645,Biomedical and Clinical Sciences,4,7,0.5714285714285714,1
645,Health Sciences,3,7,0.42857142857142855,2
646,Health Sciences,4,7,0.5714285714285714,1
646,Biological Sciences,3,7,0.42857142857142855,2
647,Biomedical and Clinical Sciences,7,7,1.0,1
648,Biomedical and Clinical Sciences,7,7,1.0,1
649,Biological Sciences,7,7,1.0,1
650,Biomedical and Clinical Sciences,7,7,1.0,1
651,Biomedical and Clinical Sciences,7,7,1.0,1
652,Biomedical and Clinical Sciences,7,7,1.0,1
653,Health Sciences,7,7,1.0,1
654,Biomedical and Clinical Sciences,6,6,1.0,1
655,Health Sciences,4,6,0.6666666666666666,1
655,Biomedical and Clinical Sciences,2,6,0.3333333333333333,2
656,Biological Sciences,6,6,1.0,1
657,Biomedical and Clinical Sciences,6,6,1.0,1
658,Biomedical and Clinical Sciences,6,6,1.0,1
659,Biomedical and Clinical Sciences,6,6,1.0,1
660,Biomedical and Clinical Sciences,6,6,1.0,1
661,Psychology,6,6,1.0,1
662,Biomedical and Clinical Sciences,6,6,1.0,1
663,Biomedical and Clinical Sciences,6,6,1.0,1
664,Health Sciences,6,6,1.0,1
665,Biomedical and Clinical Sciences,6,6,1.0,1
666,Biomedical and Clinical Sciences,6,6,1.0,1
667,Biomedical and Clinical Sciences,6,6,1.0,1
668,Biomedical and Clinical Sciences,6,6,1.0,1
669,Biomedical and Clinical Sciences,6,6,1.0,1
670,Biomedical and Clinical Sciences,5,6,0.8333333333333334,1
670,Psychology,1,6,0.16666666666666666,2
671,Biomedical and Clinical Sciences,6,6,1.0,1
672,Biomedical and Clinical Sciences,6,6,1.0,1
673,Biomedical and Clinical Sciences,6,6,1.0,1
674,Health Sciences,6,6,1.0,1
675,Biological Sciences,6,6,1.0,1
676,Biological Sciences,6,6,1.0,1
677,Biomedical and Clinical Sciences,4,6,0.6666666666666666,1
677,Biological Sciences,2,6,0.3333333333333333,2
678,Health Sciences,6,6,1.0,1
679,Biomedical and Clinical Sciences,6,6,1.0,1
680,Biomedical and Clinical Sciences,6,6,1.0,1
681,Health Sciences,6,6,1.0,1
682,Health Sciences,5,6,0.8333333333333334,1
682,Engineering,1,6,0.16666666666666666,2
683,Health Sciences,6,6,1.0,1
684,Biomedical and Clinical Sciences,6,6,1.0,1
685,Health Sciences,6,6,1.0,1
686,Health Sciences,6,6,1.0,1
687,Biomedical and Clinical Sciences,6,6,1.0,1
688,Biomedical and Clinical Sciences,6,6,1.0,1
689,Biomedical and Clinical Sciences,6,6,1.0,1
690,Biomedical and Clinical Sciences,6,6,1.0,1
691,Biomedical and Clinical Sciences,6,6,1.0,1
692,Biomedical and Clinical Sciences,5,6,0.8333333333333334,1
692,Biological Sciences,1,6,0.16666666666666666,2
693,Biomedical and Clinical Sciences,6,6,1.0,1
694,Biomedical and Clinical Sciences,6,6,1.0,1
695,Biomedical and Clinical Sciences,6,6,1.0,1
696,Biomedical and Clinical Sciences,6,6,1.0,1
697,Biomedical and Clinical Sciences,6,6,1.0,1
698,Health Sciences,6,6,1.0,1
699,Biological Sciences,6,6,1.0,1
700,Health Sciences,6,6,1.0,1
701,Biomedical and Clinical Sciences,6,6,1.0,1
702,Biomedical and Clinical Sciences,6,6,1.0,1
703,Biomedical and Clinical Sciences,6,6,1.0,1
704,Health Sciences,6,6,1.0,1
705,Biomedical and Clinical Sciences,6,6,1.0,1
706,Biological Sciences,6,6,1.0,1
707,Biomedical and Clinical Sciences,6,6,1.0,1
708,Biomedical and Clinical Sciences,6,6,1.0,1
709,Biomedical and Clinical Sciences,6,6,1.0,1
710,Biological Sciences,6,6,1.0,1
711,Biological Sciences,6,6,1.0,1
712,Health Sciences,6,6,1.0,1
713,Biomedical and Clinical Sciences,6,6,1.0,1
714,Biomedical and Clinical Sciences,6,6,1.0,1
715,Environmental Sciences,6,6,1.0,1
716,Biomedical and Clinical Sciences,6,6,1.0,1
717,Biomedical and Clinical Sciences,6,6,1.0,1
718,Biomedical and Clinical Sciences,6,6,1.0,1
719,Biomedical and Clinical Sciences,6,6,1.0,1
720,Biomedical and Clinical Sciences,6,6,1.0,1
721,Biomedical and Clinical Sciences,6,6,1.0,1
722,Biomedical and Clinical Sciences,6,6,1.0,1
723,Biological Sciences,6,6,1.0,1
724,Biomedical and Clinical Sciences,6,6,1.0,1
725,Health Sciences,6,6,1.0,1
726,Biomedical and Clinical Sciences,6,6,1.0,1
727,Health Sciences,6,6,1.0,1
728,Biomedical and Clinical Sciences,6,6,1.0,1
729,Health Sciences,6,6,1.0,1
730,Health Sciences,6,6,1.0,1
731,Biomedical and Clinical Sciences,6,6,1.0,1
732,Biomedical and Clinical Sciences,6,6,1.0,1
733,Biomedical and Clinical Sciences,6,6,1.0,1
734,Biomedical and Clinical Sciences,6,6,1.0,1
735,Health Sciences,6,6,1.0,1
736,Biomedical and Clinical Sciences,6,6,1.0,1
737,Biomedical and Clinical Sciences,6,6,1.0,1
738,Health Sciences,6,6,1.0,1
739,Biomedical and Clinical Sciences,6,6,1.0,1
740,"Agricultural, Veterinary and Food Sciences",6,6,1.0,1
741,Biomedical and Clinical Sciences,6,6,1.0,1
742,Biomedical and Clinical Sciences,6,6,1.0,1
743,Biomedical and Clinical Sciences,6,6,1.0,1
744,Biomedical and Clinical Sciences,6,6,1.0,1
745,Biological Sciences,6,6,1.0,1
746,Biomedical and Clinical Sciences,6,6,1.0,1
747,Biomedical and Clinical Sciences,6,6,1.0,1
748,Biomedical and Clinical Sciences,6,6,1.0,1
749,Biomedical and Clinical Sciences,6,6,1.0,1
750,Biomedical and Clinical Sciences,6,6,1.0,1
751,Biomedical and Clinical Sciences,6,6,1.0,1
752,Biological Sciences,6,6,1.0,1
753,Biomedical and Clinical Sciences,6,6,1.0,1
754,Biological Sciences,6,6,1.0,1
755,Health Sciences,6,6,1.0,1
756,Biomedical and Clinical Sciences,6,6,1.0,1
757,Biomedical and Clinical Sciences,6,6,1.0,1
758,Biomedical and Clinical Sciences,6,6,1.0,1
759,Biomedical and Clinical Sciences,6,6,1.0,1
760,Biomedical and Clinical Sciences,6,6,1.0,1
761,Health Sciences,6,6,1.0,1
762,Biological Sciences,6,6,1.0,1
763,Biomedical and Clinical Sciences,6,6,1.0,1
764,Biomedical and Clinical Sciences,6,6,1.0,1
765,Health Sciences,6,6,1.0,1
766,Biological Sciences,6,6,1.0,1
767,Biomedical and Clinical Sciences,6,6,1.0,1
768,Health Sciences,6,6,1.0,1
769,Health Sciences,6,6,1.0,1
770,Health Sciences,6,6,1.0,1
771,Health Sciences,6,6,1.0,1
772,Biomedical and Clinical Sciences,6,6,1.0,1
773,Biological Sciences,6,6,1.0,1
774,Biological Sciences,6,6,1.0,1
775,Biomedical and Clinical Sciences,6,6,1.0,1
776,Health Sciences,6,6,1.0,1
777,Biomedical and Clinical Sciences,6,6,1.0,1
778,Biomedical and Clinical Sciences,6,6,1.0,1
779,Biomedical and Clinical Sciences,6,6,1.0,1
780,Biological Sciences,6,6,1.0,1
781,Health Sciences,6,6,1.0,1
782,Biomedical and Clinical Sciences,6,6,1.0,1
783,Biomedical and Clinical Sciences,6,6,1.0,1
784,Biomedical and Clinical Sciences,6,6,1.0,1
785,Biomedical and Clinical Sciences,6,6,1.0,1
786,Biomedical and Clinical Sciences,6,6,1.0,1
787,Biomedical and Clinical Sciences,6,6,1.0,1
788,Health Sciences,6,6,1.0,1
789,Health Sciences,6,6,1.0,1
790,Biomedical and Clinical Sciences,6,6,1.0,1
791,Biomedical and Clinical Sciences,4,6,0.6666666666666666,1
791,Health Sciences,2,6,0.3333333333333333,2
792,Biomedical and Clinical Sciences,6,6,1.0,1
793,Biomedical and Clinical Sciences,6,6,1.0,1
794,Psychology,6,6,1.0,1
795,Biomedical and Clinical Sciences,6,6,1.0,1
796,Biomedical and Clinical Sciences,6,6,1.0,1
797,Health Sciences,6,6,1.0,1
798,Biomedical and Clinical Sciences,6,6,1.0,1
799,Biomedical and Clinical Sciences,6,6,1.0,1
800,Biomedical and Clinical Sciences,6,6,1.0,1
801,Biological Sciences,6,6,1.0,1
802,Biological Sciences,6,6,1.0,1
803,Biomedical and Clinical Sciences,6,6,1.0,1
804,Biomedical and Clinical Sciences,6,6,1.0,1
805,Biomedical and Clinical Sciences,6,6,1.0,1
806,Biomedical and Clinical Sciences,6,6,1.0,1
807,Environmental Sciences,6,6,1.0,1
808,Biomedical and Clinical Sciences,6,6,1.0,1
809,Psychology,4,5,0.8,1
809,Biomedical and Clinical Sciences,1,5,0.2,2
810,Biological Sciences,5,5,1.0,1
811,Biomedical and Clinical Sciences,5,5,1.0,1
812,Biomedical and Clinical Sciences,5,5,1.0,1
813,Biomedical and Clinical Sciences,5,5,1.0,1
814,Biomedical and Clinical Sciences,3,5,0.6,1
814,Health Sciences,2,5,0.4,2
815,Mathematical Sciences,5,5,1.0,1
816,Biomedical and Clinical Sciences,5,5,1.0,1
817,Health Sciences,5,5,1.0,1
818,Biological Sciences,5,5,1.0,1
819,Biomedical and Clinical Sciences,5,5,1.0,1
820,Biomedical and Clinical Sciences,5,5,1.0,1
821,Biological Sciences,5,5,1.0,1
822,Biomedical and Clinical Sciences,5,5,1.0,1
823,Biomedical and Clinical Sciences,5,5,1.0,1
824,Health Sciences,5,5,1.0,1
825,Information and Computing Sciences,5,5,1.0,1
826,Health Sciences,5,5,1.0,1
827,Biomedical and Clinical Sciences,5,5,1.0,1
828,Health Sciences,5,5,1.0,1
829,Biomedical and Clinical Sciences,5,5,1.0,1
830,Biomedical and Clinical Sciences,5,5,1.0,1
831,Biomedical and Clinical Sciences,5,5,1.0,1
832,Biomedical and Clinical Sciences,5,5,1.0,1
833,Biomedical and Clinical Sciences,5,5,1.0,1
834,Biomedical and Clinical Sciences,5,5,1.0,1
835,Biological Sciences,5,5,1.0,1
836,Biological Sciences,5,5,1.0,1
837,Biological Sciences,5,5,1.0,1
838,Health Sciences,5,5,1.0,1
839,Biomedical and Clinical Sciences,5,5,1.0,1
840,Biological Sciences,5,5,1.0,1
841,Health Sciences,5,5,1.0,1
842,Biomedical and Clinical Sciences,5,5,1.0,1
843,Health Sciences,5,5,1.0,1
844,Health Sciences,5,5,1.0,1
845,Health Sciences,5,5,1.0,1
846,Biomedical and Clinical Sciences,5,5,1.0,1
847,Biomedical and Clinical Sciences,5,5,1.0,1
848,Health Sciences,4,5,0.8,1
848,Biomedical and Clinical Sciences,1,5,0.2,2
849,Biomedical and Clinical Sciences,5,5,1.0,1
850,Biomedical and Clinical Sciences,5,5,1.0,1
851,Biological Sciences,5,5,1.0,1
852,Biomedical and Clinical Sciences,5,5,1.0,1
853,Biomedical and Clinical Sciences,5,5,1.0,1
854,Biomedical and Clinical Sciences,5,5,1.0,1
855,Health Sciences,5,5,1.0,1
856,Biomedical and Clinical Sciences,5,5,1.0,1
857,Biological Sciences,5,5,1.0,1
858,Biomedical and Clinical Sciences,5,5,1.0,1
859,Biomedical and Clinical Sciences,5,5,1.0,1
860,Biological Sciences,5,5,1.0,1
861,Biomedical and Clinical Sciences,5,5,1.0,1
862,Biomedical and Clinical Sciences,5,5,1.0,1
863,Biomedical and Clinical Sciences,3,5,0.6,1
863,Health Sciences,2,5,0.4,2
864,Health Sciences,5,5,1.0,1
865,Biomedical and Clinical Sciences,5,5,1.0,1
866,Biomedical and Clinical Sciences,5,5,1.0,1
867,Biomedical and Clinical Sciences,5,5,1.0,1
868,Biomedical and Clinical Sciences,5,5,1.0,1
869,Information and Computing Sciences,5,5,1.0,1
870,Biomedical and Clinical Sciences,5,5,1.0,1
871,Health Sciences,5,5,1.0,1
872,Biomedical and Clinical Sciences,5,5,1.0,1
873,Biological Sciences,5,5,1.0,1
874,Information and Computing Sciences,5,5,1.0,1
875,Biomedical and Clinical Sciences,5,5,1.0,1
876,Biological Sciences,4,5,0.8,1
876,Biomedical and Clinical Sciences,1,5,0.2,2
877,Biomedical and Clinical Sciences,5,5,1.0,1
878,Health Sciences,5,5,1.0,1
879,Biological Sciences,3,5,0.6,1
879,Biomedical and Clinical Sciences,2,5,0.4,2
880,Biomedical and Clinical Sciences,5,5,1.0,1
881,Biomedical and Clinical Sciences,5,5,1.0,1
882,Biological Sciences,5,5,1.0,1
883,Biomedical and Clinical Sciences,5,5,1.0,1
884,Biomedical and Clinical Sciences,5,5,1.0,1
885,Health Sciences,5,5,1.0,1
886,Biomedical and Clinical Sciences,5,5,1.0,1
887,Biomedical and Clinical Sciences,5,5,1.0,1
888,Biomedical and Clinical Sciences,5,5,1.0,1
889,Biomedical and Clinical Sciences,3,5,0.6,1
889,Information and Computing Sciences,2,5,0.4,2
890,Biomedical and Clinical Sciences,5,5,1.0,1
891,Biological Sciences,4,5,0.8,1
891,Biomedical and Clinical Sciences,1,5,0.2,2
892,Biological Sciences,5,5,1.0,1
893,Biomedical and Clinical Sciences,5,5,1.0,1
894,Biomedical and Clinical Sciences,5,5,1.0,1
895,Biomedical and Clinical Sciences,5,5,1.0,1
896,Biological Sciences,5,5,1.0,1
897,Biomedical and Clinical Sciences,5,5,1.0,1
898,Biomedical and Clinical Sciences,5,5,1.0,1
899,Health Sciences,5,5,1.0,1
900,Biomedical and Clinical Sciences,5,5,1.0,1
901,Health Sciences,5,5,1.0,1
902,Biomedical and Clinical Sciences,5,5,1.0,1
903,Biomedical and Clinical Sciences,5,5,1.0,1
904,Biological Sciences,5,5,1.0,1
905,Health Sciences,5,5,1.0,1
906,Psychology,5,5,1.0,1
907,Biological Sciences,5,5,1.0,1
908,Biomedical and Clinical Sciences,5,5,1.0,1
909,Biological Sciences,5,5,1.0,1
910,Biomedical and Clinical Sciences,5,5,1.0,1
911,Biomedical and Clinical Sciences,5,5,1.0,1
912,Biological Sciences,5,5,1.0,1
913,Biological Sciences,5,5,1.0,1
914,Biomedical and Clinical Sciences,5,5,1.0,1
915,Biomedical and Clinical Sciences,5,5,1.0,1
916,Biomedical and Clinical Sciences,5,5,1.0,1
917,Biomedical and Clinical Sciences,5,5,1.0,1
918,Biomedical and Clinical Sciences,5,5,1.0,1
919,Biomedical and Clinical Sciences,5,5,1.0,1
920,Biological Sciences,5,5,1.0,1
921,Biomedical and Clinical Sciences,5,5,1.0,1
922,Information and Computing Sciences,5,5,1.0,1
923,Biomedical and Clinical Sciences,5,5,1.0,1
924,Biomedical and Clinical Sciences,5,5,1.0,1
925,Biological Sciences,5,5,1.0,1
926,Biological Sciences,5,5,1.0,1
927,Biological Sciences,5,5,1.0,1
928,Biomedical and Clinical Sciences,5,5,1.0,1
929,Biomedical and Clinical Sciences,5,5,1.0,1
930,Biomedical and Clinical Sciences,5,5,1.0,1
931,Biomedical and Clinical Sciences,5,5,1.0,1
932,Biomedical and Clinical Sciences,5,5,1.0,1
933,Biomedical and Clinical Sciences,5,5,1.0,1
934,Biological Sciences,5,5,1.0,1
935,Biomedical and Clinical Sciences,5,5,1.0,1
936,Biomedical and Clinical Sciences,5,5,1.0,1
937,Biomedical and Clinical Sciences,5,5,1.0,1
938,Biomedical and Clinical Sciences,5,5,1.0,1
939,Information and Computing Sciences,5,5,1.0,1
940,Biological Sciences,5,5,1.0,1
941,Health Sciences,5,5,1.0,1
942,Biomedical and Clinical Sciences,5,5,1.0,1
943,Information and Computing Sciences,5,5,1.0,1
944,Biomedical and Clinical Sciences,5,5,1.0,1
945,Health Sciences,5,5,1.0,1
946,Biological Sciences,5,5,1.0,1
947,Health Sciences,5,5,1.0,1
948,Biological Sciences,5,5,1.0,1
949,Biomedical and Clinical Sciences,5,5,1.0,1
950,Biomedical and Clinical Sciences,5,5,1.0,1
951,Biological Sciences,5,5,1.0,1
952,Biomedical and Clinical Sciences,5,5,1.0,1
953,Biological Sciences,5,5,1.0,1
954,Health Sciences,5,5,1.0,1
955,Biomedical and Clinical Sciences,5,5,1.0,1
956,Health Sciences,5,5,1.0,1
957,Biomedical and Clinical Sciences,5,5,1.0,1
958,Health Sciences,5,5,1.0,1
959,Biomedical and Clinical Sciences,5,5,1.0,1
960,Biomedical and Clinical Sciences,5,5,1.0,1
961,Biomedical and Clinical Sciences,5,5,1.0,1
962,Biomedical and Clinical Sciences,5,5,1.0,1
963,Biological Sciences,5,5,1.0,1
964,Health Sciences,5,5,1.0,1
965,Biomedical and Clinical Sciences,5,5,1.0,1
966,Health Sciences,5,5,1.0,1
967,Biomedical and Clinical Sciences,5,5,1.0,1
968,Biomedical and Clinical Sciences,5,5,1.0,1
969,Biomedical and Clinical Sciences,4,5,0.8,1
969,Health Sciences,1,5,0.2,2
970,Biological Sciences,5,5,1.0,1
971,Biological Sciences,5,5,1.0,1
972,Biomedical and Clinical Sciences,5,5,1.0,1
973,Biomedical and Clinical Sciences,5,5,1.0,1
974,Biomedical and Clinical Sciences,5,5,1.0,1
975,Biomedical and Clinical Sciences,5,5,1.0,1
976,Health Sciences,5,5,1.0,1
977,Biomedical and Clinical Sciences,5,5,1.0,1
978,Biomedical and Clinical Sciences,5,5,1.0,1
979,Biomedical and Clinical Sciences,5,5,1.0,1
980,Environmental Sciences,5,5,1.0,1
981,Biomedical and Clinical Sciences,5,5,1.0,1
982,Biological Sciences,5,5,1.0,1
983,Biological Sciences,5,5,1.0,1
984,Biological Sciences,5,5,1.0,1
985,Biomedical and Clinical Sciences,4,5,0.8,1
985,Health Sciences,1,5,0.2,2
986,Biomedical and Clinical Sciences,5,5,1.0,1
987,Biomedical and Clinical Sciences,5,5,1.0,1
988,Biomedical and Clinical Sciences,5,5,1.0,1
989,Health Sciences,5,5,1.0,1
990,Engineering,5,5,1.0,1
991,Biomedical and Clinical Sciences,5,5,1.0,1
992,Psychology,5,5,1.0,1
993,Biomedical and Clinical Sciences,5,5,1.0,1
994,Biomedical and Clinical Sciences,5,5,1.0,1
995,Biomedical and Clinical Sciences,5,5,1.0,1
996,Biomedical and Clinical Sciences,5,5,1.0,1
997,Health Sciences,5,5,1.0,1
998,Biomedical and Clinical Sciences,5,5,1.0,1
999,Biomedical and Clinical Sciences,5,5,1.0,1
1000,Health Sciences,5,5,1.0,1
1001,Biomedical and Clinical Sciences,5,5,1.0,1
1002,Biomedical and Clinical Sciences,5,5,1.0,1
1003,Biomedical and Clinical Sciences,5,5,1.0,1
1004,Biomedical and Clinical Sciences,5,5,1.0,1
1005,Biological Sciences,5,5,1.0,1
1006,Biomedical and Clinical Sciences,5,5,1.0,1
1007,Biomedical and Clinical Sciences,5,5,1.0,1
1008,Biomedical and Clinical Sciences,5,5,1.0,1
1009,Health Sciences,5,5,1.0,1
1010,Biomedical and Clinical Sciences,5,5,1.0,1
1011,Biological Sciences,5,5,1.0,1
1012,Biomedical and Clinical Sciences,5,5,1.0,1
1013,Biomedical and Clinical Sciences,5,5,1.0,1
1014,Biological Sciences,5,5,1.0,1
1015,Health Sciences,5,5,1.0,1
1016,Biological Sciences,5,5,1.0,1
1017,Biomedical and Clinical Sciences,4,4,1.0,1
1018,Biomedical and Clinical Sciences,4,4,1.0,1
1019,Biomedical and Clinical Sciences,4,4,1.0,1
1020,Biological Sciences,4,4,1.0,1
1021,Health Sciences,4,4,1.0,1
1022,Biomedical and Clinical Sciences,4,4,1.0,1
1023,Biological Sciences,4,4,1.0,1
1024,Biomedical and Clinical Sciences,4,4,1.0,1
1025,Biomedical and Clinical Sciences,4,4,1.0,1
1026,Biomedical and Clinical Sciences,4,4,1.0,1
1027,Biological Sciences,3,4,0.75,1
1027,Health Sciences,1,4,0.25,2
1028,Psychology,3,4,0.75,1
1028,Biomedical and Clinical Sciences,1,4,0.25,2
1029,Biomedical and Clinical Sciences,4,4,1.0,1
1030,Health Sciences,4,4,1.0,1
1031,Biomedical and Clinical Sciences,4,4,1.0,1
1032,Health Sciences,4,4,1.0,1
1033,Psychology,4,4,1.0,1
1034,Biomedical and Clinical Sciences,4,4,1.0,1
1035,Health Sciences,4,4,1.0,1
1036,Biomedical and Clinical Sciences,4,4,1.0,1
1037,Biomedical and Clinical Sciences,4,4,1.0,1
1038,Health Sciences,4,4,1.0,1
1039,Biomedical and Clinical Sciences,4,4,1.0,1
1040,Biomedical and Clinical Sciences,4,4,1.0,1
1041,Biological Sciences,4,4,1.0,1
1042,Biological Sciences,4,4,1.0,1
1043,Biological Sciences,4,4,1.0,1
1044,Biological Sciences,4,4,1.0,1
1045,Biological Sciences,4,4,1.0,1
1046,Biomedical and Clinical Sciences,4,4,1.0,1
1047,Biomedical and Clinical Sciences,4,4,1.0,1
1048,Biological Sciences,4,4,1.0,1
1049,Health Sciences,4,4,1.0,1
1050,Biomedical and Clinical Sciences,4,4,1.0,1
1051,Biomedical and Clinical Sciences,4,4,1.0,1
1052,Biomedical and Clinical Sciences,4,4,1.0,1
1053,Biomedical and Clinical Sciences,4,4,1.0,1
1054,Biomedical and Clinical Sciences,4,4,1.0,1
1055,Health Sciences,4,4,1.0,1
1056,Biological Sciences,4,4,1.0,1
1057,Biomedical and Clinical Sciences,4,4,1.0,1
1058,Biomedical and Clinical Sciences,4,4,1.0,1
1059,Psychology,4,4,1.0,1
1060,Health Sciences,4,4,1.0,1
1061,Biomedical and Clinical Sciences,4,4,1.0,1
1062,Biomedical and Clinical Sciences,4,4,1.0,1
1063,Biological Sciences,4,4,1.0,1
1064,Health Sciences,4,4,1.0,1
1065,Biomedical and Clinical Sciences,4,4,1.0,1
1066,Health Sciences,4,4,1.0,1
1067,Biomedical and Clinical Sciences,4,4,1.0,1
1068,Biomedical and Clinical Sciences,4,4,1.0,1
1069,Biological Sciences,4,4,1.0,1
1070,Biological Sciences,4,4,1.0,1
1071,Biomedical and Clinical Sciences,4,4,1.0,1
1072,Biomedical and Clinical Sciences,4,4,1.0,1
1073,Health Sciences,4,4,1.0,1
1074,Biological Sciences,4,4,1.0,1
1075,Biomedical and Clinical Sciences,4,4,1.0,1
1076,Biomedical and Clinical Sciences,4,4,1.0,1
1077,Health Sciences,4,4,1.0,1
1078,Biomedical and Clinical Sciences,4,4,1.0,1
1079,Biomedical and Clinical Sciences,4,4,1.0,1
1080,Biomedical and Clinical Sciences,4,4,1.0,1
1081,Biomedical and Clinical Sciences,4,4,1.0,1
1082,Biological Sciences,4,4,1.0,1
1083,Information and Computing Sciences,4,4,1.0,1
1084,Biological Sciences,4,4,1.0,1
1085,Health Sciences,4,4,1.0,1
1086,Biomedical and Clinical Sciences,4,4,1.0,1
1087,Biomedical and Clinical Sciences,4,4,1.0,1
1088,Psychology,4,4,1.0,1
1089,Biomedical and Clinical Sciences,4,4,1.0,1
1090,Biomedical and Clinical Sciences,4,4,1.0,1
1091,Biomedical and Clinical Sciences,4,4,1.0,1
1092,Biological Sciences,4,4,1.0,1
1093,Biomedical and Clinical Sciences,4,4,1.0,1
1094,Biomedical and Clinical Sciences,4,4,1.0,1
1095,Biomedical and Clinical Sciences,4,4,1.0,1
1096,Biomedical and Clinical Sciences,4,4,1.0,1
1097,Health Sciences,4,4,1.0,1
1098,Biomedical and Clinical Sciences,4,4,1.0,1
1099,Health Sciences,4,4,1.0,1
1100,Biomedical and Clinical Sciences,4,4,1.0,1
1101,Health Sciences,4,4,1.0,1
1102,Biomedical and Clinical Sciences,4,4,1.0,1
1103,Biomedical and Clinical Sciences,4,4,1.0,1
1104,Information and Computing Sciences,4,4,1.0,1
1105,Biomedical and Clinical Sciences,4,4,1.0,1
1106,Biological Sciences,4,4,1.0,1
1107,Health Sciences,4,4,1.0,1
1108,Biomedical and Clinical Sciences,4,4,1.0,1
1109,Health Sciences,4,4,1.0,1
1110,Biomedical and Clinical Sciences,4,4,1.0,1
1111,Biomedical and Clinical Sciences,4,4,1.0,1
1112,Biomedical and Clinical Sciences,4,4,1.0,1
1113,Health Sciences,4,4,1.0,1
1114,Biological Sciences,4,4,1.0,1
1115,Health Sciences,4,4,1.0,1
1116,Engineering,4,4,1.0,1
1117,Biomedical and Clinical Sciences,4,4,1.0,1
1118,Information and Computing Sciences,4,4,1.0,1
1119,Biomedical and Clinical Sciences,4,4,1.0,1
1120,Biomedical and Clinical Sciences,4,4,1.0,1
1121,Biological Sciences,4,4,1.0,1
1122,Biomedical and Clinical Sciences,4,4,1.0,1
1123,Biomedical and Clinical Sciences,4,4,1.0,1
1124,Biomedical and Clinical Sciences,4,4,1.0,1
1125,Biomedical and Clinical Sciences,4,4,1.0,1
1126,Health Sciences,4,4,1.0,1
1127,Biomedical and Clinical Sciences,4,4,1.0,1
1128,Biomedical and Clinical Sciences,4,4,1.0,1
1129,Biomedical and Clinical Sciences,4,4,1.0,1
1130,Biomedical and Clinical Sciences,4,4,1.0,1
1131,Biomedical and Clinical Sciences,4,4,1.0,1
1132,Biomedical and Clinical Sciences,4,4,1.0,1
1133,Biomedical and Clinical Sciences,3,4,0.75,1
1133,Health Sciences,1,4,0.25,2
1134,Biomedical and Clinical Sciences,4,4,1.0,1
1135,Health Sciences,4,4,1.0,1
1136,Biomedical and Clinical Sciences,4,4,1.0,1
1137,Health Sciences,4,4,1.0,1
1138,Health Sciences,4,4,1.0,1
1139,Biomedical and Clinical Sciences,4,4,1.0,1
1140,Biological Sciences,4,4,1.0,1
1141,Biomedical and Clinical Sciences,4,4,1.0,1
1142,Health Sciences,4,4,1.0,1
1143,Biomedical and Clinical Sciences,4,4,1.0,1
1144,Biomedical and Clinical Sciences,4,4,1.0,1
1145,Biomedical and Clinical Sciences,4,4,1.0,1
1146,Biomedical and Clinical Sciences,4,4,1.0,1
1147,Biomedical and Clinical Sciences,4,4,1.0,1
1148,Biological Sciences,4,4,1.0,1
1149,Biomedical and Clinical Sciences,4,4,1.0,1
1150,Biological Sciences,4,4,1.0,1
1151,Biological Sciences,4,4,1.0,1
1152,Biomedical and Clinical Sciences,4,4,1.0,1
1153,Biomedical and Clinical Sciences,4,4,1.0,1
1154,Biomedical and Clinical Sciences,4,4,1.0,1
1155,Biological Sciences,4,4,1.0,1
1156,"Agricultural, Veterinary and Food Sciences",3,4,0.75,1
1156,Health Sciences,1,4,0.25,2
1157,Biomedical and Clinical Sciences,4,4,1.0,1
1158,Biomedical and Clinical Sciences,4,4,1.0,1
1159,Health Sciences,4,4,1.0,1
1160,Biomedical and Clinical Sciences,4,4,1.0,1
1161,Biomedical and Clinical Sciences,4,4,1.0,1
1162,Biomedical and Clinical Sciences,2,4,0.5,1
1162,Health Sciences,2,4,0.5,2
1163,Biomedical and Clinical Sciences,4,4,1.0,1
1164,Environmental Sciences,4,4,1.0,1
1165,Health Sciences,4,4,1.0,1
1166,Mathematical Sciences,4,4,1.0,1
1167,Biomedical and Clinical Sciences,4,4,1.0,1
1168,Health Sciences,4,4,1.0,1
1169,Biomedical and Clinical Sciences,4,4,1.0,1
1170,Biomedical and Clinical Sciences,4,4,1.0,1
1171,Biological Sciences,4,4,1.0,1
1172,Biomedical and Clinical Sciences,4,4,1.0,1
1173,Biomedical and Clinical Sciences,4,4,1.0,1
1174,Biomedical and Clinical Sciences,4,4,1.0,1
1175,Biomedical and Clinical Sciences,4,4,1.0,1
1176,Biomedical and Clinical Sciences,4,4,1.0,1
1177,Health Sciences,4,4,1.0,1
1178,Biomedical and Clinical Sciences,4,4,1.0,1
1179,Biomedical and Clinical Sciences,4,4,1.0,1
1180,Health Sciences,4,4,1.0,1
1181,Biological Sciences,4,4,1.0,1
1182,Biological Sciences,4,4,1.0,1
1183,Biomedical and Clinical Sciences,4,4,1.0,1
1184,Health Sciences,4,4,1.0,1
1185,Biomedical and Clinical Sciences,4,4,1.0,1
1186,Health Sciences,4,4,1.0,1
1187,Biomedical and Clinical Sciences,4,4,1.0,1
1188,Biological Sciences,4,4,1.0,1
1189,Biological Sciences,4,4,1.0,1
1190,Biomedical and Clinical Sciences,4,4,1.0,1
1191,Biomedical and Clinical Sciences,4,4,1.0,1
1192,Biomedical and Clinical Sciences,4,4,1.0,1
1193,Biological Sciences,4,4,1.0,1
1194,Biomedical and Clinical Sciences,4,4,1.0,1
1195,Biomedical and Clinical Sciences,4,4,1.0,1
1196,Biomedical and Clinical Sciences,4,4,1.0,1
1197,Health Sciences,4,4,1.0,1
1198,Health Sciences,4,4,1.0,1
1199,Biomedical and Clinical Sciences,4,4,1.0,1
1200,Biomedical and Clinical Sciences,4,4,1.0,1
1201,Health Sciences,4,4,1.0,1
1202,Biomedical and Clinical Sciences,4,4,1.0,1
1203,Biomedical and Clinical Sciences,4,4,1.0,1
1204,Biomedical and Clinical Sciences,4,4,1.0,1
1205,Health Sciences,4,4,1.0,1
1206,Biomedical and Clinical Sciences,4,4,1.0,1
1207,Biomedical and Clinical Sciences,4,4,1.0,1
1208,Biomedical and Clinical Sciences,4,4,1.0,1
1209,Biomedical and Clinical Sciences,4,4,1.0,1
1210,Biomedical and Clinical Sciences,4,4,1.0,1
1211,Biomedical and Clinical Sciences,4,4,1.0,1
1212,Biomedical and Clinical Sciences,4,4,1.0,1
1213,Biomedical and Clinical Sciences,4,4,1.0,1
1214,Health Sciences,4,4,1.0,1
1215,Psychology,4,4,1.0,1
1216,Biological Sciences,4,4,1.0,1
1217,Psychology,4,4,1.0,1
1218,Biomedical and Clinical Sciences,4,4,1.0,1
1219,Biomedical and Clinical Sciences,4,4,1.0,1
1220,Biomedical and Clinical Sciences,4,4,1.0,1
1221,Biomedical and Clinical Sciences,4,4,1.0,1
1222,Health Sciences,4,4,1.0,1
1223,Biomedical and Clinical Sciences,4,4,1.0,1
1224,Health Sciences,4,4,1.0,1
1225,Biomedical and Clinical Sciences,4,4,1.0,1
1226,Biomedical and Clinical Sciences,4,4,1.0,1
1227,Biomedical and Clinical Sciences,4,4,1.0,1
1228,Biomedical and Clinical Sciences,4,4,1.0,1
1229,Information and Computing Sciences,4,4,1.0,1
1230,Biomedical and Clinical Sciences,4,4,1.0,1
1231,Health Sciences,4,4,1.0,1
1232,Biomedical and Clinical Sciences,4,4,1.0,1
1233,Health Sciences,4,4,1.0,1
1234,Health Sciences,4,4,1.0,1
1235,Biomedical and Clinical Sciences,4,4,1.0,1
1236,Biological Sciences,4,4,1.0,1
1237,Health Sciences,4,4,1.0,1
1238,Health Sciences,3,3,1.0,1
1239,Biomedical and Clinical Sciences,3,3,1.0,1
1240,Biological Sciences,3,3,1.0,1
1241,Health Sciences,3,3,1.0,1
1242,Biomedical and Clinical Sciences,3,3,1.0,1
1243,Biomedical and Clinical Sciences,3,3,1.0,1
1244,Biomedical and Clinical Sciences,3,3,1.0,1
1245,Biomedical and Clinical Sciences,2,3,0.6666666666666666,1
1245,Biological Sciences,1,3,0.3333333333333333,2
1246,Health Sciences,3,3,1.0,1
1247,Biological Sciences,3,3,1.0,1
1248,Biological Sciences,3,3,1.0,1
1249,Biomedical and Clinical Sciences,3,3,1.0,1
1250,Health Sciences,3,3,1.0,1
1251,Law and Legal Studies,3,3,1.0,1
1252,Biological Sciences,3,3,1.0,1
1253,Biomedical and Clinical Sciences,3,3,1.0,1
1254,Biological Sciences,3,3,1.0,1
1255,Biomedical and Clinical Sciences,3,3,1.0,1
1256,Mathematical Sciences,3,3,1.0,1
1257,Biomedical and Clinical Sciences,3,3,1.0,1
1258,Biomedical and Clinical Sciences,3,3,1.0,1
1259,Biomedical and Clinical Sciences,3,3,1.0,1
1260,Biomedical and Clinical Sciences,3,3,1.0,1
1261,Biomedical and Clinical Sciences,3,3,1.0,1
1262,Biological Sciences,3,3,1.0,1
1263,Health Sciences,3,3,1.0,1
1264,Health Sciences,2,3,0.6666666666666666,1
1264,Biomedical and Clinical Sciences,1,3,0.3333333333333333,2
1265,Health Sciences,3,3,1.0,1
1266,Biomedical and Clinical Sciences,3,3,1.0,1
1267,Biomedical and Clinical Sciences,3,3,1.0,1
1268,Biomedical and Clinical Sciences,3,3,1.0,1
1269,Biomedical and Clinical Sciences,3,3,1.0,1
1270,Biomedical and Clinical Sciences,3,3,1.0,1
1271,Biological Sciences,3,3,1.0,1
1272,Biomedical and Clinical Sciences,3,3,1.0,1
1273,Biomedical and Clinical Sciences,3,3,1.0,1
1274,Biomedical and Clinical Sciences,3,3,1.0,1
1275,Health Sciences,3,3,1.0,1
1276,Psychology,3,3,1.0,1
1277,Psychology,3,3,1.0,1
1278,Biomedical and Clinical Sciences,3,3,1.0,1
1279,Information and Computing Sciences,3,3,1.0,1
1280,Biomedical and Clinical Sciences,3,3,1.0,1
1281,Biomedical and Clinical Sciences,3,3,1.0,1
1282,Biomedical and Clinical Sciences,3,3,1.0,1
1283,Biological Sciences,3,3,1.0,1
1284,Biological Sciences,3,3,1.0,1
1285,Information and Computing Sciences,3,3,1.0,1
1286,Biological Sciences,3,3,1.0,1
1287,Biological Sciences,3,3,1.0,1
1288,Biomedical and Clinical Sciences,3,3,1.0,1
1289,Biological Sciences,3,3,1.0,1
1290,Biomedical and Clinical Sciences,3,3,1.0,1
1291,Engineering,3,3,1.0,1
1292,Biological Sciences,3,3,1.0,1
1293,Biomedical and Clinical Sciences,3,3,1.0,1
1294,Biomedical and Clinical Sciences,3,3,1.0,1
1295,Biological Sciences,3,3,1.0,1
1296,Biological Sciences,3,3,1.0,1
1297,Biomedical and Clinical Sciences,3,3,1.0,1
1298,Biological Sciences,3,3,1.0,1
1299,Information and Computing Sciences,3,3,1.0,1
1300,Psychology,3,3,1.0,1
1301,Biomedical and Clinical Sciences,3,3,1.0,1
1302,Biomedical and Clinical Sciences,3,3,1.0,1
1303,Biomedical and Clinical Sciences,3,3,1.0,1
1304,Biomedical and Clinical Sciences,3,3,1.0,1
1305,Biomedical and Clinical Sciences,3,3,1.0,1
1306,Biological Sciences,3,3,1.0,1
1307,Biomedical and Clinical Sciences,3,3,1.0,1
1308,Biomedical and Clinical Sciences,3,3,1.0,1
1309,Biological Sciences,3,3,1.0,1
1310,Biomedical and Clinical Sciences,3,3,1.0,1
1311,Biomedical and Clinical Sciences,3,3,1.0,1
1312,Biomedical and Clinical Sciences,3,3,1.0,1
1313,Biological Sciences,3,3,1.0,1
1314,Biomedical and Clinical Sciences,3,3,1.0,1
1315,Biomedical and Clinical Sciences,3,3,1.0,1
1316,Biomedical and Clinical Sciences,3,3,1.0,1
1317,"Agricultural, Veterinary and Food Sciences",3,3,1.0,1
1318,Biomedical and Clinical Sciences,3,3,1.0,1
1319,Biomedical and Clinical Sciences,3,3,1.0,1
1320,Biomedical and Clinical Sciences,3,3,1.0,1
1321,Biomedical and Clinical Sciences,3,3,1.0,1
1322,Biomedical and Clinical Sciences,3,3,1.0,1
1323,Biomedical and Clinical Sciences,3,3,1.0,1
1324,Biomedical and Clinical Sciences,3,3,1.0,1
1325,Biological Sciences,3,3,1.0,1
1326,Biomedical and Clinical Sciences,3,3,1.0,1
1327,Biomedical and Clinical Sciences,3,3,1.0,1
1328,Health Sciences,3,3,1.0,1
1329,Biomedical and Clinical Sciences,3,3,1.0,1
1330,Biological Sciences,3,3,1.0,1
1331,Health Sciences,3,3,1.0,1
1332,Biomedical and Clinical Sciences,3,3,1.0,1
1333,Biomedical and Clinical Sciences,3,3,1.0,1
1334,Biomedical and Clinical Sciences,3,3,1.0,1
1335,Biomedical and Clinical Sciences,3,3,1.0,1
1336,Biological Sciences,3,3,1.0,1
1337,Health Sciences,3,3,1.0,1
1338,Chemical Sciences,3,3,1.0,1
1339,Biomedical and Clinical Sciences,3,3,1.0,1
1340,Environmental Sciences,3,3,1.0,1
1341,Biomedical and Clinical Sciences,3,3,1.0,1
1342,Biomedical and Clinical Sciences,3,3,1.0,1
1343,Biological Sciences,3,3,1.0,1
1344,Information and Computing Sciences,3,3,1.0,1
1345,Biomedical and Clinical Sciences,3,3,1.0,1
1346,Biomedical and Clinical Sciences,3,3,1.0,1
1347,Biomedical and Clinical Sciences,3,3,1.0,1
1348,Biomedical and Clinical Sciences,3,3,1.0,1
1349,Biomedical and Clinical Sciences,3,3,1.0,1
1350,Health Sciences,3,3,1.0,1
1351,Health Sciences,3,3,1.0,1
1352,Biomedical and Clinical Sciences,3,3,1.0,1
1353,Health Sciences,3,3,1.0,1
1354,Biomedical and Clinical Sciences,3,3,1.0,1
1355,Biomedical and Clinical Sciences,3,3,1.0,1
1356,Biomedical and Clinical Sciences,3,3,1.0,1
1357,Biological Sciences,3,3,1.0,1
1358,Biological Sciences,3,3,1.0,1
1359,Health Sciences,3,3,1.0,1
1360,Biological Sciences,3,3,1.0,1
1361,Health Sciences,3,3,1.0,1
1362,Biological Sciences,3,3,1.0,1
1363,Biological Sciences,3,3,1.0,1
1364,Biological Sciences,3,3,1.0,1
1365,Mathematical Sciences,3,3,1.0,1
1366,Biomedical and Clinical Sciences,3,3,1.0,1
1367,Biomedical and Clinical Sciences,3,3,1.0,1
1368,Biomedical and Clinical Sciences,3,3,1.0,1
1369,Biomedical and Clinical Sciences,3,3,1.0,1
1370,Biomedical and Clinical Sciences,3,3,1.0,1
1371,Biomedical and Clinical Sciences,3,3,1.0,1
1372,Health Sciences,3,3,1.0,1
1373,"Agricultural, Veterinary and Food Sciences",3,3,1.0,1
1374,Biomedical and Clinical Sciences,3,3,1.0,1
1375,Biomedical and Clinical Sciences,3,3,1.0,1
1376,Biomedical and Clinical Sciences,3,3,1.0,1
1377,Biological Sciences,3,3,1.0,1
1378,Biomedical and Clinical Sciences,3,3,1.0,1
1379,Biomedical and Clinical Sciences,3,3,1.0,1
1380,Biomedical and Clinical Sciences,3,3,1.0,1
1381,Health Sciences,3,3,1.0,1
1382,Biological Sciences,3,3,1.0,1
1383,Health Sciences,3,3,1.0,1
1384,Health Sciences,3,3,1.0,1
1385,Biomedical and Clinical Sciences,3,3,1.0,1
1386,Biomedical and Clinical Sciences,3,3,1.0,1
1387,Health Sciences,3,3,1.0,1
1388,Health Sciences,3,3,1.0,1
1389,Biomedical and Clinical Sciences,3,3,1.0,1
1390,Information and Computing Sciences,3,3,1.0,1
1391,Health Sciences,3,3,1.0,1
1392,Health Sciences,3,3,1.0,1
1393,Health Sciences,3,3,1.0,1
1394,Information and Computing Sciences,3,3,1.0,1
1395,Information and Computing Sciences,3,3,1.0,1
1396,Mathematical Sciences,2,3,0.6666666666666666,1
1396,Economics,1,3,0.3333333333333333,2
1397,Biological Sciences,3,3,1.0,1
1398,Biomedical and Clinical Sciences,3,3,1.0,1
1399,Biomedical and Clinical Sciences,3,3,1.0,1
1400,Biomedical and Clinical Sciences,3,3,1.0,1
1401,Biological Sciences,3,3,1.0,1
1402,Biological Sciences,3,3,1.0,1
1403,Biomedical and Clinical Sciences,2,3,0.6666666666666666,1
1403,Biological Sciences,1,3,0.3333333333333333,2
1404,Biomedical and Clinical Sciences,3,3,1.0,1
1405,Biomedical and Clinical Sciences,3,3,1.0,1
1406,Biomedical and Clinical Sciences,3,3,1.0,1
1407,Biomedical and Clinical Sciences,3,3,1.0,1
1408,Biomedical and Clinical Sciences,3,3,1.0,1
1409,Biomedical and Clinical Sciences,3,3,1.0,1
1410,Biomedical and Clinical Sciences,3,3,1.0,1
1411,Biomedical and Clinical Sciences,3,3,1.0,1
1412,Biomedical and Clinical Sciences,3,3,1.0,1
1413,Health Sciences,3,3,1.0,1
1414,Biomedical and Clinical Sciences,3,3,1.0,1
1415,Biomedical and Clinical Sciences,3,3,1.0,1
1416,Biomedical and Clinical Sciences,3,3,1.0,1
1417,Biomedical and Clinical Sciences,3,3,1.0,1
1418,Biomedical and Clinical Sciences,3,3,1.0,1
1419,Biomedical and Clinical Sciences,3,3,1.0,1
1420,Biomedical and Clinical Sciences,3,3,1.0,1
1421,Information and Computing Sciences,3,3,1.0,1
1422,Biological Sciences,3,3,1.0,1
1423,Health Sciences,3,3,1.0,1
1424,Biomedical and Clinical Sciences,3,3,1.0,1
1425,Biomedical and Clinical Sciences,3,3,1.0,1
1426,Psychology,3,3,1.0,1
1427,Biomedical and Clinical Sciences,3,3,1.0,1
1428,Biomedical and Clinical Sciences,3,3,1.0,1
1429,Biomedical and Clinical Sciences,3,3,1.0,1
1430,Biological Sciences,3,3,1.0,1
1431,Biomedical and Clinical Sciences,3,3,1.0,1
1432,Biological Sciences,2,3,0.6666666666666666,1
1432,Health Sciences,1,3,0.3333333333333333,2
1433,Health Sciences,3,3,1.0,1
1434,Health Sciences,3,3,1.0,1
1435,Biomedical and Clinical Sciences,3,3,1.0,1
1436,Health Sciences,3,3,1.0,1
1437,Biological Sciences,3,3,1.0,1
1438,Biomedical and Clinical Sciences,3,3,1.0,1
1439,Biological Sciences,3,3,1.0,1
1440,Biomedical and Clinical Sciences,3,3,1.0,1
1441,Biological Sciences,3,3,1.0,1
1442,Biomedical and Clinical Sciences,3,3,1.0,1
1443,Biomedical and Clinical Sciences,3,3,1.0,1
1444,Biomedical and Clinical Sciences,3,3,1.0,1
1445,Information and Computing Sciences,3,3,1.0,1
1446,Health Sciences,3,3,1.0,1
1447,Biomedical and Clinical Sciences,3,3,1.0,1
1448,Biomedical and Clinical Sciences,3,3,1.0,1
1449,Health Sciences,3,3,1.0,1
1450,Health Sciences,3,3,1.0,1
1451,Biomedical and Clinical Sciences,3,3,1.0,1
1452,Biomedical and Clinical Sciences,3,3,1.0,1
1453,Biomedical and Clinical Sciences,3,3,1.0,1
1454,Health Sciences,3,3,1.0,1
1455,Biomedical and Clinical Sciences,3,3,1.0,1
1456,Biological Sciences,3,3,1.0,1
1457,Biomedical and Clinical Sciences,3,3,1.0,1
1458,Health Sciences,3,3,1.0,1
1459,Health Sciences,3,3,1.0,1
1460,Psychology,3,3,1.0,1
1461,Biomedical and Clinical Sciences,3,3,1.0,1
1462,Biomedical and Clinical Sciences,3,3,1.0,1
1463,Biomedical and Clinical Sciences,3,3,1.0,1
1464,Biomedical and Clinical Sciences,3,3,1.0,1
1465,Biomedical and Clinical Sciences,3,3,1.0,1
1466,Biomedical and Clinical Sciences,2,2,1.0,1
1467,Biological Sciences,2,2,1.0,1
1468,Biomedical and Clinical Sciences,2,2,1.0,1
1469,Biomedical and Clinical Sciences,2,2,1.0,1
1470,Biomedical and Clinical Sciences,2,2,1.0,1
1471,Biomedical and Clinical Sciences,2,2,1.0,1
1472,Biomedical and Clinical Sciences,2,2,1.0,1
1473,Biomedical and Clinical Sciences,2,2,1.0,1
1474,Psychology,2,2,1.0,1
1475,Biomedical and Clinical Sciences,2,2,1.0,1
1476,Biomedical and Clinical Sciences,2,2,1.0,1
1477,Biomedical and Clinical Sciences,2,2,1.0,1
1478,Information and Computing Sciences,2,2,1.0,1
1479,Biomedical and Clinical Sciences,2,2,1.0,1
1480,Health Sciences,2,2,1.0,1
1481,Biomedical and Clinical Sciences,2,2,1.0,1
1482,Biomedical and Clinical Sciences,2,2,1.0,1
1483,Biomedical and Clinical Sciences,2,2,1.0,1
1484,Health Sciences,2,2,1.0,1
1485,Biomedical and Clinical Sciences,2,2,1.0,1
1486,Biological Sciences,2,2,1.0,1
1487,Biomedical and Clinical Sciences,2,2,1.0,1
1488,Mathematical Sciences,2,2,1.0,1
1489,Biomedical and Clinical Sciences,2,2,1.0,1
1490,Health Sciences,2,2,1.0,1
1491,Engineering,2,2,1.0,1
1492,Biological Sciences,2,2,1.0,1
1493,Health Sciences,2,2,1.0,1
1494,Biomedical and Clinical Sciences,2,2,1.0,1
1495,Biomedical and Clinical Sciences,2,2,1.0,1
1496,Biomedical and Clinical Sciences,2,2,1.0,1
1497,Biomedical and Clinical Sciences,2,2,1.0,1
1498,Biological Sciences,2,2,1.0,1
1499,Biomedical and Clinical Sciences,2,2,1.0,1
1500,Biological Sciences,2,2,1.0,1
1501,Biomedical and Clinical Sciences,2,2,1.0,1
1502,Biomedical and Clinical Sciences,2,2,1.0,1
1503,Health Sciences,2,2,1.0,1
1504,Biomedical and Clinical Sciences,2,2,1.0,1
1505,Biomedical and Clinical Sciences,2,2,1.0,1
1506,Biological Sciences,2,2,1.0,1
1507,Biomedical and Clinical Sciences,2,2,1.0,1
1508,Biomedical and Clinical Sciences,2,2,1.0,1
1509,Biomedical and Clinical Sciences,2,2,1.0,1
1510,Biological Sciences,2,2,1.0,1
1511,Biomedical and Clinical Sciences,2,2,1.0,1
1512,Biomedical and Clinical Sciences,2,2,1.0,1
1513,Biomedical and Clinical Sciences,2,2,1.0,1
1514,Health Sciences,2,2,1.0,1
1515,Biomedical and Clinical Sciences,2,2,1.0,1
1516,Biological Sciences,2,2,1.0,1
1517,Biomedical and Clinical Sciences,2,2,1.0,1
1518,Health Sciences,2,2,1.0,1
1519,Biomedical and Clinical Sciences,2,2,1.0,1
1520,Biomedical and Clinical Sciences,2,2,1.0,1
1521,Biological Sciences,1,2,0.5,1
1521,Biomedical and Clinical Sciences,1,2,0.5,2
1522,Biological Sciences,2,2,1.0,1
1523,Health Sciences,2,2,1.0,1
1524,Biomedical and Clinical Sciences,2,2,1.0,1
1525,Biomedical and Clinical Sciences,2,2,1.0,1
1526,"Agricultural, Veterinary and Food Sciences",2,2,1.0,1
1527,Biomedical and Clinical Sciences,2,2,1.0,1
1528,Health Sciences,2,2,1.0,1
1529,Information and Computing Sciences,2,2,1.0,1
1530,Biomedical and Clinical Sciences,2,2,1.0,1
1531,Biomedical and Clinical Sciences,2,2,1.0,1
1532,Health Sciences,2,2,1.0,1
1533,Biomedical and Clinical Sciences,2,2,1.0,1
1534,Biomedical and Clinical Sciences,2,2,1.0,1
1535,Health Sciences,2,2,1.0,1
1536,Biomedical and Clinical Sciences,2,2,1.0,1
1537,Health Sciences,2,2,1.0,1
1538,Biological Sciences,2,2,1.0,1
1539,Biomedical and Clinical Sciences,2,2,1.0,1
1540,Information and Computing Sciences,2,2,1.0,1
1541,Biological Sciences,2,2,1.0,1
1542,Biomedical and Clinical Sciences,2,2,1.0,1
1543,Mathematical Sciences,2,2,1.0,1
1544,Biomedical and Clinical Sciences,2,2,1.0,1
1545,Biomedical and Clinical Sciences,2,2,1.0,1
1546,Biological Sciences,2,2,1.0,1
1547,Biomedical and Clinical Sciences,2,2,1.0,1
1548,Health Sciences,2,2,1.0,1
1549,Biological Sciences,2,2,1.0,1
1550,Biomedical and Clinical Sciences,2,2,1.0,1
1551,Biological Sciences,2,2,1.0,1
1552,Health Sciences,2,2,1.0,1
1553,Biological Sciences,2,2,1.0,1
1554,Biomedical and Clinical Sciences,2,2,1.0,1
1555,Health Sciences,2,2,1.0,1
1556,Biomedical and Clinical Sciences,2,2,1.0,1
1557,Health Sciences,2,2,1.0,1
1558,Psychology,2,2,1.0,1
1559,Health Sciences,2,2,1.0,1
1560,Biomedical and Clinical Sciences,2,2,1.0,1
1561,Biomedical and Clinical Sciences,2,2,1.0,1
1562,Health Sciences,2,2,1.0,1
1563,Health Sciences,2,2,1.0,1
1564,Biomedical and Clinical Sciences,2,2,1.0,1
1565,Biomedical and Clinical Sciences,2,2,1.0,1
1566,Biological Sciences,2,2,1.0,1
1567,Biomedical and Clinical Sciences,2,2,1.0,1
1568,Biomedical and Clinical Sciences,2,2,1.0,1
1569,Biomedical and Clinical Sciences,2,2,1.0,1
1570,Health Sciences,2,2,1.0,1
1571,Health Sciences,2,2,1.0,1
1572,Health Sciences,2,2,1.0,1
1573,Biomedical and Clinical Sciences,2,2,1.0,1
1574,Biomedical and Clinical Sciences,2,2,1.0,1
1575,Biomedical and Clinical Sciences,2,2,1.0,1
1576,Biological Sciences,1,2,0.5,1
1576,Health Sciences,1,2,0.5,2
1577,Health Sciences,2,2,1.0,1
1578,Health Sciences,2,2,1.0,1
1579,Biomedical and Clinical Sciences,2,2,1.0,1
1580,Health Sciences,2,2,1.0,1
1581,Biological Sciences,2,2,1.0,1
1582,Biological Sciences,2,2,1.0,1
1583,Biomedical and Clinical Sciences,2,2,1.0,1
1584,Biological Sciences,2,2,1.0,1
1585,Information and Computing Sciences,2,2,1.0,1
1586,Health Sciences,2,2,1.0,1
1587,Biomedical and Clinical Sciences,2,2,1.0,1
1588,Biomedical and Clinical Sciences,2,2,1.0,1
1589,Biological Sciences,2,2,1.0,1
1590,Biomedical and Clinical Sciences,2,2,1.0,1
1591,Human Society,2,2,1.0,1
1592,Biomedical and Clinical Sciences,2,2,1.0,1
1593,Biomedical and Clinical Sciences,2,2,1.0,1
1594,Health Sciences,2,2,1.0,1
1595,Biomedical and Clinical Sciences,2,2,1.0,1
1596,Biomedical and Clinical Sciences,2,2,1.0,1
1597,Health Sciences,2,2,1.0,1
1598,Biological Sciences,2,2,1.0,1
1599,Biomedical and Clinical Sciences,2,2,1.0,1
1600,Biomedical and Clinical Sciences,2,2,1.0,1
1601,Biological Sciences,2,2,1.0,1
1602,Biomedical and Clinical Sciences,2,2,1.0,1
1603,Biomedical and Clinical Sciences,2,2,1.0,1
1604,Biomedical and Clinical Sciences,2,2,1.0,1
1605,Biological Sciences,2,2,1.0,1
1606,Biomedical and Clinical Sciences,2,2,1.0,1
1607,Health Sciences,2,2,1.0,1
1608,Biomedical and Clinical Sciences,2,2,1.0,1
1609,Biomedical and Clinical Sciences,2,2,1.0,1
1610,Earth Sciences,2,2,1.0,1
1611,Biomedical and Clinical Sciences,2,2,1.0,1
1612,Biomedical and Clinical Sciences,2,2,1.0,1
1613,Biomedical and Clinical Sciences,2,2,1.0,1
1614,Biomedical and Clinical Sciences,2,2,1.0,1
1615,Health Sciences,2,2,1.0,1
1616,Biomedical and Clinical Sciences,2,2,1.0,1
1617,Information and Computing Sciences,2,2,1.0,1
1618,Biomedical and Clinical Sciences,2,2,1.0,1
1619,Biological Sciences,2,2,1.0,1
1620,Biological Sciences,2,2,1.0,1
1621,Biological Sciences,2,2,1.0,1
1622,Health Sciences,2,2,1.0,1
1623,Biomedical and Clinical Sciences,2,2,1.0,1
1624,Biomedical and Clinical Sciences,2,2,1.0,1
1625,Biomedical and Clinical Sciences,2,2,1.0,1
1626,Health Sciences,2,2,1.0,1
1627,Biomedical and Clinical Sciences,2,2,1.0,1
1628,Psychology,2,2,1.0,1
1629,Biomedical and Clinical Sciences,2,2,1.0,1
1630,Biomedical and Clinical Sciences,2,2,1.0,1
1631,Biomedical and Clinical Sciences,2,2,1.0,1
1632,Health Sciences,2,2,1.0,1
1633,Biological Sciences,2,2,1.0,1
1634,Biomedical and Clinical Sciences,2,2,1.0,1
1635,Biomedical and Clinical Sciences,2,2,1.0,1
1636,Biological Sciences,2,2,1.0,1
1637,Biological Sciences,2,2,1.0,1
1638,Health Sciences,2,2,1.0,1
1639,Biomedical and Clinical Sciences,2,2,1.0,1
1640,Biomedical and Clinical Sciences,2,2,1.0,1
1641,Biomedical and Clinical Sciences,2,2,1.0,1
1642,Biomedical and Clinical Sciences,2,2,1.0,1
1643,Biomedical and Clinical Sciences,2,2,1.0,1
1644,Biomedical and Clinical Sciences,2,2,1.0,1
1645,Biomedical and Clinical Sciences,2,2,1.0,1
1646,Biological Sciences,2,2,1.0,1
1647,Biomedical and Clinical Sciences,2,2,1.0,1
1648,Biomedical and Clinical Sciences,2,2,1.0,1
1649,Biological Sciences,2,2,1.0,1
1650,Biomedical and Clinical Sciences,2,2,1.0,1
1651,Biomedical and Clinical Sciences,2,2,1.0,1
1652,Health Sciences,2,2,1.0,1
1653,"Agricultural, Veterinary and Food Sciences",2,2,1.0,1
1654,Health Sciences,2,2,1.0,1
1655,Information and Computing Sciences,2,2,1.0,1
1656,Biomedical and Clinical Sciences,2,2,1.0,1
1657,Biological Sciences,2,2,1.0,1
1658,Biomedical and Clinical Sciences,2,2,1.0,1
1659,Biomedical and Clinical Sciences,2,2,1.0,1
1660,Biomedical and Clinical Sciences,2,2,1.0,1
1661,Biomedical and Clinical Sciences,2,2,1.0,1
1662,Biomedical and Clinical Sciences,2,2,1.0,1
1663,Health Sciences,2,2,1.0,1
1664,Biomedical and Clinical Sciences,2,2,1.0,1
1665,Biomedical and Clinical Sciences,2,2,1.0,1
1666,Biomedical and Clinical Sciences,2,2,1.0,1
1667,Biological Sciences,2,2,1.0,1
1668,Biomedical and Clinical Sciences,2,2,1.0,1
1669,Biomedical and Clinical Sciences,2,2,1.0,1
1670,Biomedical and Clinical Sciences,2,2,1.0,1
1671,Biomedical and Clinical Sciences,2,2,1.0,1
1672,Biological Sciences,2,2,1.0,1
1673,Information and Computing Sciences,2,2,1.0,1
1674,Health Sciences,2,2,1.0,1
1675,Biomedical and Clinical Sciences,2,2,1.0,1
1676,Health Sciences,2,2,1.0,1
1677,Biological Sciences,2,2,1.0,1
1678,Biomedical and Clinical Sciences,2,2,1.0,1
1679,Biomedical and Clinical Sciences,2,2,1.0,1
1680,Biomedical and Clinical Sciences,2,2,1.0,1
1681,Biomedical and Clinical Sciences,2,2,1.0,1
1682,Biomedical and Clinical Sciences,2,2,1.0,1
1683,Biomedical and Clinical Sciences,1,1,1.0,1
1684,Health Sciences,1,1,1.0,1
1685,Biomedical and Clinical Sciences,1,1,1.0,1
1686,Biomedical and Clinical Sciences,1,1,1.0,1
1687,Biomedical and Clinical Sciences,1,1,1.0,1
1688,Biomedical and Clinical Sciences,1,1,1.0,1
1689,Health Sciences,1,1,1.0,1
1690,Biomedical and Clinical Sciences,1,1,1.0,1
1691,Biomedical and Clinical Sciences,1,1,1.0,1
1692,Biomedical and Clinical Sciences,1,1,1.0,1
1693,Biomedical and Clinical Sciences,1,1,1.0,1
1694,Health Sciences,1,1,1.0,1
1695,Information and Computing Sciences,1,1,1.0,1
1696,Biomedical and Clinical Sciences,1,1,1.0,1
1697,Biomedical and Clinical Sciences,1,1,1.0,1
1698,Biomedical and Clinical Sciences,1,1,1.0,1
1699,Biomedical and Clinical Sciences,1,1,1.0,1
1700,Biological Sciences,1,1,1.0,1
1701,Biomedical and Clinical Sciences,1,1,1.0,1
1702,Biomedical and Clinical Sciences,1,1,1.0,1
1703,Health Sciences,1,1,1.0,1
1704,Biomedical and Clinical Sciences,1,1,1.0,1
1705,Biomedical and Clinical Sciences,1,1,1.0,1
1706,Biomedical and Clinical Sciences,1,1,1.0,1
1707,Biomedical and Clinical Sciences,1,1,1.0,1
1708,Biomedical and Clinical Sciences,1,1,1.0,1
1709,Biomedical and Clinical Sciences,1,1,1.0,1
1710,Health Sciences,1,1,1.0,1
1711,Biological Sciences,1,1,1.0,1
1712,Biomedical and Clinical Sciences,1,1,1.0,1
1713,Information and Computing Sciences,1,1,1.0,1
1714,Biomedical and Clinical Sciences,1,1,1.0,1
1715,Biomedical and Clinical Sciences,1,1,1.0,1
1716,Health Sciences,1,1,1.0,1
1717,Biomedical and Clinical Sciences,1,1,1.0,1
1718,Biomedical and Clinical Sciences,1,1,1.0,1
1719,Biomedical and Clinical Sciences,1,1,1.0,1
1720,Biomedical and Clinical Sciences,1,1,1.0,1
1721,Biomedical and Clinical Sciences,1,1,1.0,1
1722,Biomedical and Clinical Sciences,1,1,1.0,1
1723,Biomedical and Clinical Sciences,1,1,1.0,1
1724,Biomedical and Clinical Sciences,1,1,1.0,1
1725,Biomedical and Clinical Sciences,1,1,1.0,1
1726,Biomedical and Clinical Sciences,1,1,1.0,1
1727,Biomedical and Clinical Sciences,1,1,1.0,1
1728,Human Society,1,1,1.0,1
1729,Biomedical and Clinical Sciences,1,1,1.0,1
1730,Biomedical and Clinical Sciences,1,1,1.0,1
1731,Biomedical and Clinical Sciences,1,1,1.0,1
1732,Biomedical and Clinical Sciences,1,1,1.0,1
1733,Biomedical and Clinical Sciences,1,1,1.0,1
1734,Biological Sciences,1,1,1.0,1
1735,Biomedical and Clinical Sciences,1,1,1.0,1
1736,Biomedical and Clinical Sciences,1,1,1.0,1
1737,Biomedical and Clinical Sciences,1,1,1.0,1
1738,Biological Sciences,1,1,1.0,1
1739,Health Sciences,1,1,1.0,1
1740,Biomedical and Clinical Sciences,1,1,1.0,1
1741,Environmental Sciences,1,1,1.0,1
1742,Biomedical and Clinical Sciences,1,1,1.0,1
1743,Biological Sciences,1,1,1.0,1
1744,Biomedical and Clinical Sciences,1,1,1.0,1
1745,Biomedical and Clinical Sciences,1,1,1.0,1
1746,Information and Computing Sciences,1,1,1.0,1
1747,Biomedical and Clinical Sciences,1,1,1.0,1
1748,Biomedical and Clinical Sciences,1,1,1.0,1
1749,Biomedical and Clinical Sciences,1,1,1.0,1
1750,Health Sciences,1,1,1.0,1
1751,Biomedical and Clinical Sciences,1,1,1.0,1
1752,Engineering,1,1,1.0,1
1753,Biomedical and Clinical Sciences,1,1,1.0,1
1754,Biological Sciences,1,1,1.0,1
1755,Biomedical and Clinical Sciences,1,1,1.0,1
1756,Biological Sciences,1,1,1.0,1
1757,Biomedical and Clinical Sciences,1,1,1.0,1
1758,Information and Computing Sciences,1,1,1.0,1
1759,Biological Sciences,1,1,1.0,1
1760,Biomedical and Clinical Sciences,1,1,1.0,1
1761,Biomedical and Clinical Sciences,1,1,1.0,1
1762,Biomedical and Clinical Sciences,1,1,1.0,1
1763,Health Sciences,1,1,1.0,1
1764,Biomedical and Clinical Sciences,1,1,1.0,1
1765,Biomedical and Clinical Sciences,1,1,1.0,1
1766,Biomedical and Clinical Sciences,1,1,1.0,1
1767,Biomedical and Clinical Sciences,1,1,1.0,1
1768,Biological Sciences,1,1,1.0,1
1769,Health Sciences,1,1,1.0,1
1770,Biomedical and Clinical Sciences,1,1,1.0,1
1771,Biomedical and Clinical Sciences,1,1,1.0,1
1772,Biomedical and Clinical Sciences,1,1,1.0,1
1773,Biomedical and Clinical Sciences,1,1,1.0,1
1774,Biological Sciences,1,1,1.0,1
1775,Biomedical and Clinical Sciences,1,1,1.0,1
1776,Biomedical and Clinical Sciences,1,1,1.0,1
1777,Biomedical and Clinical Sciences,1,1,1.0,1
1778,Biomedical and Clinical Sciences,1,1,1.0,1
1779,Biomedical and Clinical Sciences,1,1,1.0,1
1780,Biomedical and Clinical Sciences,1,1,1.0,1
1781,Biomedical and Clinical Sciences,1,1,1.0,1
1782,Biological Sciences,1,1,1.0,1
1783,Health Sciences,1,1,1.0,1
1784,Biomedical and Clinical Sciences,1,1,1.0,1
1785,Biomedical and Clinical Sciences,1,1,1.0,1
1786,Health Sciences,1,1,1.0,1
1787,Biological Sciences,1,1,1.0,1
1788,Psychology,1,1,1.0,1
1789,Biological Sciences,1,1,1.0,1
1790,Biological Sciences,1,1,1.0,1
1791,Health Sciences,1,1,1.0,1
1792,Biomedical and Clinical Sciences,1,1,1.0,1
1793,Biomedical and Clinical Sciences,1,1,1.0,1
1794,Biomedical and Clinical Sciences,1,1,1.0,1
1795,Unclassified,1,1,1.0,1
1796,Health Sciences,1,1,1.0,1
1797,Biomedical and Clinical Sciences,1,1,1.0,1
1798,Biological Sciences,1,1,1.0,1
1799,Biomedical and Clinical Sciences,1,1,1.0,1
1800,Health Sciences,1,1,1.0,1
1801,Biomedical and Clinical Sciences,1,1,1.0,1
1802,Biomedical and Clinical Sciences,1,1,1.0,1
1803,Biological Sciences,1,1,1.0,1
1804,Biomedical and Clinical Sciences,1,1,1.0,1
1805,Health Sciences,1,1,1.0,1
1806,Biomedical and Clinical Sciences,1,1,1.0,1
1807,Biomedical and Clinical Sciences,1,1,1.0,1
1808,Biological Sciences,1,1,1.0,1
1809,Engineering,1,1,1.0,1
1810,Biological Sciences,1,1,1.0,1
1811,Biomedical and Clinical Sciences,1,1,1.0,1
1812,Biomedical and Clinical Sciences,1,1,1.0,1
1813,Biomedical and Clinical Sciences,1,1,1.0,1
1814,Biomedical and Clinical Sciences,1,1,1.0,1
1815,Biomedical and Clinical Sciences,1,1,1.0,1
1816,Biomedical and Clinical Sciences,1,1,1.0,1
1817,Biological Sciences,1,1,1.0,1
1818,Mathematical Sciences,1,1,1.0,1
1819,Biological Sciences,1,1,1.0,1
1820,Health Sciences,1,1,1.0,1
1821,Biomedical and Clinical Sciences,1,1,1.0,1
1822,Biomedical and Clinical Sciences,1,1,1.0,1
1823,Biomedical and Clinical Sciences,1,1,1.0,1
1824,Biomedical and Clinical Sciences,1,1,1.0,1
1825,Biomedical and Clinical Sciences,1,1,1.0,1
1826,Biological Sciences,1,1,1.0,1
1827,Health Sciences,1,1,1.0,1
1828,Biomedical and Clinical Sciences,1,1,1.0,1
1829,Biomedical and Clinical Sciences,1,1,1.0,1
1830,Unclassified,1,1,1.0,1
1831,Biomedical and Clinical Sciences,1,1,1.0,1
1832,Information and Computing Sciences,1,1,1.0,1
1833,Biomedical and Clinical Sciences,1,1,1.0,1
1834,Information and Computing Sciences,1,1,1.0,1
1835,Biological Sciences,1,1,1.0,1
1836,Biomedical and Clinical Sciences,1,1,1.0,1
1837,Health Sciences,1,1,1.0,1
1838,Biomedical and Clinical Sciences,1,1,1.0,1
1839,Health Sciences,1,1,1.0,1
1840,Biological Sciences,1,1,1.0,1
1841,Biological Sciences,1,1,1.0,1
1842,Biological Sciences,1,1,1.0,1
1843,Biomedical and Clinical Sciences,1,1,1.0,1
1844,Biological Sciences,1,1,1.0,1
1845,Biological Sciences,1,1,1.0,1
1846,Health Sciences,1,1,1.0,1
1847,Biological Sciences,1,1,1.0,1
1848,Health Sciences,1,1,1.0,1
1849,Biomedical and Clinical Sciences,1,1,1.0,1
1850,Biological Sciences,1,1,1.0,1
1851,Biological Sciences,1,1,1.0,1
1852,Biomedical and Clinical Sciences,1,1,1.0,1
1853,Biomedical and Clinical Sciences,1,1,1.0,1
1854,Biomedical and Clinical Sciences,1,1,1.0,1
1855,Human Society,1,1,1.0,1
1856,Health Sciences,1,1,1.0,1
1857,Biomedical and Clinical Sciences,1,1,1.0,1
