community,group_authors,leading_value,leading_value_authors,leading_value_share,top_three
1,6959,Biological Sciences,4602,0.6613019111941371,"Biological Sciences (4602, 66.1%); Biomedical and Clinical Sciences (1755, 25.2%); Health Sciences (468, 6.7%)"
2,3657,Biomedical and Clinical Sciences,2308,0.6311184030626197,"Biomedical and Clinical Sciences (2308, 63.1%); Biological Sciences (1045, 28.6%); Health Sciences (285, 7.8%)"
3,2646,Biomedical and Clinical Sciences,860,0.3250188964474679,"Biomedical and Clinical Sciences (860, 32.5%); Psychology (807, 30.5%); Biological Sciences (579, 21.9%)"
4,2207,Biological Sciences,1813,0.8214771182600815,"Biological Sciences (1813, 82.1%); Biomedical and Clinical Sciences (216, 9.8%); Health Sciences (178, 8.1%)"
5,2086,Biological Sciences,996,0.47746883988494726,"Biological Sciences (996, 47.7%); Biomedical and Clinical Sciences (839, 40.2%); Health Sciences (194, 9.3%)"
6,1948,Biomedical and Clinical Sciences,974,0.5,"Biomedical and Clinical Sciences (974, 50.0%); Biological Sciences (710, 36.4%); Health Sciences (201, 10.3%)"
7,1819,Biomedical and Clinical Sciences,1203,0.6613523914238593,"Biomedical and Clinical Sciences (1203, 66.1%); Biological Sciences (213, 11.7%); Health Sciences (200, 11.0%)"
8,1649,Biomedical and Clinical Sciences,1033,0.6264402668283808,"Biomedical and Clinical Sciences (1033, 62.6%); Biological Sciences (385, 23.3%); Health Sciences (163, 9.9%)"
9,1520,Biomedical and Clinical Sciences,842,0.5539473684210526,"Biomedical and Clinical Sciences (842, 55.4%); Biological Sciences (375, 24.7%); Health Sciences (262, 17.2%)"
10,1519,Biomedical and Clinical Sciences,826,0.543778801843318,"Biomedical and Clinical Sciences (826, 54.4%); Biological Sciences (537, 35.4%); Health Sciences (98, 6.5%)"
11,1505,Biomedical and Clinical Sciences,833,0.5534883720930233,"Biomedical and Clinical Sciences (833, 55.3%); Biological Sciences (459, 30.5%); Health Sciences (185, 12.3%)"
12,1497,Biomedical and Clinical Sciences,764,0.5103540414161657,"Biomedical and Clinical Sciences (764, 51.0%); Health Sciences (297, 19.8%); Psychology (214, 14.3%)"
13,1421,Biomedical and Clinical Sciences,674,0.47431386347642507,"Biomedical and Clinical Sciences (674, 47.4%); Biological Sciences (394, 27.7%); Health Sciences (317, 22.3%)"
14,1283,Biomedical and Clinical Sciences,717,0.558846453624318,"Biomedical and Clinical Sciences (717, 55.9%); Biological Sciences (394, 30.7%); Health Sciences (132, 10.3%)"
15,1279,Biomedical and Clinical Sciences,495,0.38702111024237684,"Biomedical and Clinical Sciences (495, 38.7%); Biological Sciences (466, 36.4%); Psychology (219, 17.1%)"
16,1114,Biomedical and Clinical Sciences,770,0.6912028725314183,"Biomedical and Clinical Sciences (770, 69.1%); Health Sciences (222, 19.9%); Biological Sciences (65, 5.8%)"
17,1113,Biological Sciences,730,0.655884995507637,"Biological Sciences (730, 65.6%); Biomedical and Clinical Sciences (219, 19.7%); Health Sciences (102, 9.2%)"
18,1064,Biomedical and Clinical Sciences,722,0.6785714285714286,"Biomedical and Clinical Sciences (722, 67.9%); Health Sciences (287, 27.0%); Biological Sciences (29, 2.7%)"
19,1063,Biomedical and Clinical Sciences,453,0.4261523988711195,"Biomedical and Clinical Sciences (453, 42.6%); Biological Sciences (303, 28.5%); Psychology (182, 17.1%)"
20,1050,Biomedical and Clinical Sciences,535,0.5095238095238095,"Biomedical and Clinical Sciences (535, 51.0%); Biological Sciences (438, 41.7%); Health Sciences (77, 7.3%)"
21,1036,Biomedical and Clinical Sciences,858,0.8281853281853282,"Biomedical and Clinical Sciences (858, 82.8%); Biological Sciences (85, 8.2%); Health Sciences (81, 7.8%)"
22,906,Biological Sciences,467,0.5154525386313465,"Biological Sciences (467, 51.5%); Biomedical and Clinical Sciences (413, 45.6%); Health Sciences (14, 1.5%)"
23,877,Biomedical and Clinical Sciences,489,0.5575826681870011,"Biomedical and Clinical Sciences (489, 55.8%); Health Sciences (300, 34.2%); Biological Sciences (77, 8.8%)"
24,818,Biomedical and Clinical Sciences,483,0.5904645476772616,"Biomedical and Clinical Sciences (483, 59.0%); Biological Sciences (157, 19.2%); Health Sciences (124, 15.2%)"
25,775,Biomedical and Clinical Sciences,523,0.6748387096774193,"Biomedical and Clinical Sciences (523, 67.5%); Biological Sciences (158, 20.4%); Health Sciences (89, 11.5%)"
26,679,Biological Sciences,511,0.7525773195876289,"Biological Sciences (511, 75.3%); Biomedical and Clinical Sciences (154, 22.7%); Health Sciences (7, 1.0%)"
27,678,Biomedical and Clinical Sciences,414,0.6106194690265486,"Biomedical and Clinical Sciences (414, 61.1%); Health Sciences (211, 31.1%); Biological Sciences (36, 5.3%)"
28,671,Biomedical and Clinical Sciences,384,0.5722801788375559,"Biomedical and Clinical Sciences (384, 57.2%); Biological Sciences (225, 33.5%); Health Sciences (62, 9.2%)"
29,650,Biomedical and Clinical Sciences,438,0.6738461538461539,"Biomedical and Clinical Sciences (438, 67.4%); Biological Sciences (99, 15.2%); Health Sciences (93, 14.3%)"
30,593,Biomedical and Clinical Sciences,272,0.45868465430016864,"Biomedical and Clinical Sciences (272, 45.9%); Biological Sciences (172, 29.0%); Health Sciences (115, 19.4%)"
31,581,Biomedical and Clinical Sciences,288,0.49569707401032703,"Biomedical and Clinical Sciences (288, 49.6%); Biological Sciences (168, 28.9%); Health Sciences (111, 19.1%)"
32,572,Biomedical and Clinical Sciences,375,0.6555944055944056,"Biomedical and Clinical Sciences (375, 65.6%); Health Sciences (108, 18.9%); Biological Sciences (66, 11.5%)"
33,540,Biomedical and Clinical Sciences,407,0.7537037037037037,"Biomedical and Clinical Sciences (407, 75.4%); Health Sciences (74, 13.7%); Biological Sciences (28, 5.2%)"
34,534,Biomedical and Clinical Sciences,404,0.7565543071161048,"Biomedical and Clinical Sciences (404, 75.7%); Health Sciences (94, 17.6%); Biological Sciences (36, 6.7%)"
35,461,Biological Sciences,294,0.6377440347071583,"Biological Sciences (294, 63.8%); Biomedical and Clinical Sciences (122, 26.5%); Health Sciences (22, 4.8%)"
36,459,Biomedical and Clinical Sciences,172,0.3747276688453159,"Biomedical and Clinical Sciences (172, 37.5%); Psychology (164, 35.7%); Health Sciences (49, 10.7%)"
37,454,Biomedical and Clinical Sciences,288,0.6343612334801763,"Biomedical and Clinical Sciences (288, 63.4%); Health Sciences (109, 24.0%); Biological Sciences (37, 8.1%)"
38,440,Biomedical and Clinical Sciences,235,0.5340909090909091,"Biomedical and Clinical Sciences (235, 53.4%); Biological Sciences (169, 38.4%); Health Sciences (25, 5.7%)"
39,430,Biomedical and Clinical Sciences,165,0.38372093023255816,"Biomedical and Clinical Sciences (165, 38.4%); Biological Sciences (119, 27.7%); Health Sciences (86, 20.0%)"
40,429,Biomedical and Clinical Sciences,276,0.6433566433566433,"Biomedical and Clinical Sciences (276, 64.3%); Health Sciences (84, 19.6%); Biological Sciences (66, 15.4%)"
41,418,Biomedical and Clinical Sciences,237,0.5669856459330144,"Biomedical and Clinical Sciences (237, 56.7%); Health Sciences (77, 18.4%); Biological Sciences (60, 14.4%)"
42,336,Biomedical and Clinical Sciences,190,0.5654761904761905,"Biomedical and Clinical Sciences (190, 56.5%); Biological Sciences (90, 26.8%); Health Sciences (44, 13.1%)"
43,333,Biological Sciences,239,0.7177177177177178,"Biological Sciences (239, 71.8%); Biomedical and Clinical Sciences (89, 26.7%); Psychology (3, 0.9%)"
44,319,Biomedical and Clinical Sciences,189,0.5924764890282131,"Biomedical and Clinical Sciences (189, 59.2%); Biological Sciences (109, 34.2%); Health Sciences (13, 4.1%)"
45,317,Biomedical and Clinical Sciences,238,0.750788643533123,"Biomedical and Clinical Sciences (238, 75.1%); Health Sciences (53, 16.7%); Biological Sciences (20, 6.3%)"
46,304,Biomedical and Clinical Sciences,215,0.7072368421052632,"Biomedical and Clinical Sciences (215, 70.7%); Health Sciences (83, 27.3%); Biological Sciences (6, 2.0%)"
47,296,Biomedical and Clinical Sciences,226,0.7635135135135135,"Biomedical and Clinical Sciences (226, 76.4%); Biological Sciences (48, 16.2%); Health Sciences (11, 3.7%)"
48,292,Biological Sciences,201,0.6883561643835616,"Biological Sciences (201, 68.8%); Biomedical and Clinical Sciences (48, 16.4%); Health Sciences (36, 12.3%)"
49,281,Biomedical and Clinical Sciences,110,0.3914590747330961,"Biomedical and Clinical Sciences (110, 39.1%); Psychology (64, 22.8%); Health Sciences (53, 18.9%)"
50,273,Biomedical and Clinical Sciences,172,0.63003663003663,"Biomedical and Clinical Sciences (172, 63.0%); Health Sciences (53, 19.4%); Biological Sciences (40, 14.7%)"
51,269,Biomedical and Clinical Sciences,200,0.7434944237918215,"Biomedical and Clinical Sciences (200, 74.3%); Health Sciences (35, 13.0%); Biological Sciences (25, 9.3%)"
52,267,Biological Sciences,244,0.9138576779026217,"Biological Sciences (244, 91.4%); Biomedical and Clinical Sciences (12, 4.5%); Health Sciences (8, 3.0%)"
53,258,Biological Sciences,126,0.4883720930232558,"Biological Sciences (126, 48.8%); Biomedical and Clinical Sciences (80, 31.0%); Health Sciences (47, 18.2%)"
54,256,Biomedical and Clinical Sciences,137,0.53515625,"Biomedical and Clinical Sciences (137, 53.5%); Biological Sciences (86, 33.6%); Health Sciences (31, 12.1%)"
55,220,Biomedical and Clinical Sciences,149,0.6772727272727272,"Biomedical and Clinical Sciences (149, 67.7%); Biological Sciences (53, 24.1%); Health Sciences (17, 7.7%)"
56,176,Biomedical and Clinical Sciences,112,0.6363636363636364,"Biomedical and Clinical Sciences (112, 63.6%); Biological Sciences (39, 22.2%); Health Sciences (25, 14.2%)"
57,160,Biomedical and Clinical Sciences,137,0.85625,"Biomedical and Clinical Sciences (137, 85.6%); Health Sciences (18, 11.2%); Biological Sciences (5, 3.1%)"
58,146,Biomedical and Clinical Sciences,98,0.6712328767123288,"Biomedical and Clinical Sciences (98, 67.1%); Health Sciences (38, 26.0%); Environmental Sciences (6, 4.1%)"
59,141,Biological Sciences,97,0.6879432624113475,"Biological Sciences (97, 68.8%); Biomedical and Clinical Sciences (34, 24.1%); Health Sciences (7, 5.0%)"
60,137,Biomedical and Clinical Sciences,96,0.7007299270072993,"Biomedical and Clinical Sciences (96, 70.1%); Health Sciences (28, 20.4%); Environmental Sciences (8, 5.8%)"
61,136,Biomedical and Clinical Sciences,131,0.9632352941176471,"Biomedical and Clinical Sciences (131, 96.3%); Engineering (4, 2.9%); Health Sciences (1, 0.7%)"
62,131,Biomedical and Clinical Sciences,127,0.9694656488549618,"Biomedical and Clinical Sciences (127, 96.9%); Health Sciences (3, 2.3%); Biological Sciences (1, 0.8%)"
63,130,Biomedical and Clinical Sciences,69,0.5307692307692308,"Biomedical and Clinical Sciences (69, 53.1%); Biological Sciences (38, 29.2%); Engineering (19, 14.6%)"
64,117,Biomedical and Clinical Sciences,90,0.7692307692307693,"Biomedical and Clinical Sciences (90, 76.9%); Health Sciences (17, 14.5%); Biological Sciences (9, 7.7%)"
65,113,Biomedical and Clinical Sciences,84,0.7433628318584071,"Biomedical and Clinical Sciences (84, 74.3%); Health Sciences (22, 19.5%); Biological Sciences (7, 6.2%)"
66,111,Biomedical and Clinical Sciences,58,0.5225225225225225,"Biomedical and Clinical Sciences (58, 52.3%); Biological Sciences (24, 21.6%); Health Sciences (21, 18.9%)"
67,104,"History, Heritage and Archaeology",96,0.9230769230769231,"History, Heritage and Archaeology (96, 92.3%); Biological Sciences (8, 7.7%)"
68,98,Biomedical and Clinical Sciences,76,0.7755102040816326,"Biomedical and Clinical Sciences (76, 77.6%); Health Sciences (13, 13.3%); Biological Sciences (4, 4.1%)"
69,98,Biomedical and Clinical Sciences,75,0.7653061224489796,"Biomedical and Clinical Sciences (75, 76.5%); Health Sciences (17, 17.3%); Biological Sciences (5, 5.1%)"
70,92,Biomedical and Clinical Sciences,89,0.967391304347826,"Biomedical and Clinical Sciences (89, 96.7%); Biological Sciences (3, 3.3%)"
71,92,Biomedical and Clinical Sciences,64,0.6956521739130435,"Biomedical and Clinical Sciences (64, 69.6%); Health Sciences (18, 19.6%); Biological Sciences (10, 10.9%)"
72,85,Health Sciences,47,0.5529411764705883,"Health Sciences (47, 55.3%); Biomedical and Clinical Sciences (29, 34.1%); Biological Sciences (7, 8.2%)"
73,85,Biomedical and Clinical Sciences,71,0.8352941176470589,"Biomedical and Clinical Sciences (71, 83.5%); Information and Computing Sciences (10, 11.8%); Biological Sciences (2, 2.4%)"
74,84,Biomedical and Clinical Sciences,71,0.8452380952380952,"Biomedical and Clinical Sciences (71, 84.5%); Biological Sciences (12, 14.3%); Health Sciences (1, 1.2%)"
75,79,Biomedical and Clinical Sciences,46,0.5822784810126582,"Biomedical and Clinical Sciences (46, 58.2%); Biological Sciences (24, 30.4%); Health Sciences (5, 6.3%)"
76,77,Biomedical and Clinical Sciences,57,0.7402597402597403,"Biomedical and Clinical Sciences (57, 74.0%); Health Sciences (11, 14.3%); Biological Sciences (9, 11.7%)"
77,72,Biological Sciences,31,0.4305555555555556,"Biological Sciences (31, 43.1%); Biomedical and Clinical Sciences (23, 31.9%); Mathematical Sciences (9, 12.5%)"
78,72,Biological Sciences,31,0.4305555555555556,"Biological Sciences (31, 43.1%); Biomedical and Clinical Sciences (19, 26.4%); Engineering (12, 16.7%)"
79,70,Biomedical and Clinical Sciences,60,0.8571428571428571,"Biomedical and Clinical Sciences (60, 85.7%); Biological Sciences (6, 8.6%); Health Sciences (4, 5.7%)"
80,64,Biomedical and Clinical Sciences,61,0.953125,"Biomedical and Clinical Sciences (61, 95.3%); Information and Computing Sciences (3, 4.7%)"
81,62,Biomedical and Clinical Sciences,33,0.532258064516129,"Biomedical and Clinical Sciences (33, 53.2%); Health Sciences (15, 24.2%); Biological Sciences (10, 16.1%)"
82,58,Biological Sciences,35,0.603448275862069,"Biological Sciences (35, 60.3%); Biomedical and Clinical Sciences (23, 39.7%)"
83,55,Biomedical and Clinical Sciences,44,0.8,"Biomedical and Clinical Sciences (44, 80.0%); Biological Sciences (8, 14.5%); Psychology (3, 5.5%)"
84,54,Health Sciences,29,0.5370370370370371,"Health Sciences (29, 53.7%); Biomedical and Clinical Sciences (24, 44.4%); Environmental Sciences (1, 1.9%)"
85,54,Biomedical and Clinical Sciences,28,0.5185185185185185,"Biomedical and Clinical Sciences (28, 51.9%); Health Sciences (16, 29.6%); Biological Sciences (8, 14.8%)"
86,53,Biomedical and Clinical Sciences,47,0.8867924528301887,"Biomedical and Clinical Sciences (47, 88.7%); Health Sciences (6, 11.3%)"
87,49,Biomedical and Clinical Sciences,44,0.8979591836734694,"Biomedical and Clinical Sciences (44, 89.8%); Biological Sciences (5, 10.2%)"
88,49,Biomedical and Clinical Sciences,39,0.7959183673469388,"Biomedical and Clinical Sciences (39, 79.6%); Biological Sciences (8, 16.3%); Health Sciences (2, 4.1%)"
89,49,Biomedical and Clinical Sciences,36,0.7346938775510204,"Biomedical and Clinical Sciences (36, 73.5%); Health Sciences (9, 18.4%); Biological Sciences (4, 8.2%)"
90,48,Biomedical and Clinical Sciences,47,0.9791666666666666,"Biomedical and Clinical Sciences (47, 97.9%); Health Sciences (1, 2.1%)"
91,48,Biomedical and Clinical Sciences,45,0.9375,"Biomedical and Clinical Sciences (45, 93.8%); Engineering (2, 4.2%); Agricultural, Veterinary and Food Sciences (1, 2.1%)"
92,43,Biomedical and Clinical Sciences,31,0.7209302325581395,"Biomedical and Clinical Sciences (31, 72.1%); Health Sciences (8, 18.6%); Biological Sciences (3, 7.0%)"
93,43,Biomedical and Clinical Sciences,34,0.7906976744186046,"Biomedical and Clinical Sciences (34, 79.1%); Health Sciences (9, 20.9%)"
94,41,Biomedical and Clinical Sciences,41,1.0,"Biomedical and Clinical Sciences (41, 100.0%)"
95,39,Biomedical and Clinical Sciences,30,0.7692307692307693,"Biomedical and Clinical Sciences (30, 76.9%); Biological Sciences (6, 15.4%); Health Sciences (3, 7.7%)"
96,38,Health Sciences,17,0.4473684210526316,"Health Sciences (17, 44.7%); Biomedical and Clinical Sciences (12, 31.6%); Biological Sciences (9, 23.7%)"
97,37,Biomedical and Clinical Sciences,14,0.3783783783783784,"Biomedical and Clinical Sciences (14, 37.8%); Health Sciences (13, 35.1%); Biological Sciences (6, 16.2%)"
98,36,Biomedical and Clinical Sciences,36,1.0,"Biomedical and Clinical Sciences (36, 100.0%)"
99,36,Biomedical and Clinical Sciences,28,0.7777777777777778,"Biomedical and Clinical Sciences (28, 77.8%); Health Sciences (7, 19.4%); Biological Sciences (1, 2.8%)"
100,35,Health Sciences,28,0.8,"Health Sciences (28, 80.0%); Biomedical and Clinical Sciences (7, 20.0%)"
101,34,Biomedical and Clinical Sciences,34,1.0,"Biomedical and Clinical Sciences (34, 100.0%)"
102,34,Biomedical and Clinical Sciences,34,1.0,"Biomedical and Clinical Sciences (34, 100.0%)"
103,33,Biomedical and Clinical Sciences,28,0.8484848484848485,"Biomedical and Clinical Sciences (28, 84.8%); Biological Sciences (4, 12.1%); Health Sciences (1, 3.0%)"
104,33,Biomedical and Clinical Sciences,17,0.5151515151515151,"Biomedical and Clinical Sciences (17, 51.5%); Health Sciences (14, 42.4%); Psychology (2, 6.1%)"
105,32,Biological Sciences,32,1.0,"Biological Sciences (32, 100.0%)"
106,32,Biomedical and Clinical Sciences,32,1.0,"Biomedical and Clinical Sciences (32, 100.0%)"
107,31,Biomedical and Clinical Sciences,27,0.8709677419354839,"Biomedical and Clinical Sciences (27, 87.1%); Health Sciences (4, 12.9%)"
108,31,Biomedical and Clinical Sciences,31,1.0,"Biomedical and Clinical Sciences (31, 100.0%)"
109,31,Biomedical and Clinical Sciences,16,0.5161290322580645,"Biomedical and Clinical Sciences (16, 51.6%); Health Sciences (15, 48.4%)"
110,30,Biomedical and Clinical Sciences,30,1.0,"Biomedical and Clinical Sciences (30, 100.0%)"
111,29,Health Sciences,16,0.5517241379310345,"Health Sciences (16, 55.2%); Biomedical and Clinical Sciences (9, 31.0%); Biological Sciences (4, 13.8%)"
112,29,Health Sciences,14,0.4827586206896552,"Health Sciences (14, 48.3%); Biomedical and Clinical Sciences (9, 31.0%); Biological Sciences (6, 20.7%)"
113,29,Biomedical and Clinical Sciences,16,0.5517241379310345,"Biomedical and Clinical Sciences (16, 55.2%); Psychology (7, 24.1%); Biological Sciences (4, 13.8%)"
114,29,Biomedical and Clinical Sciences,21,0.7241379310344828,"Biomedical and Clinical Sciences (21, 72.4%); Health Sciences (8, 27.6%)"
115,28,Biomedical and Clinical Sciences,17,0.6071428571428571,"Biomedical and Clinical Sciences (17, 60.7%); Health Sciences (11, 39.3%)"
116,27,Health Sciences,27,1.0,"Health Sciences (27, 100.0%)"
117,26,Biomedical and Clinical Sciences,26,1.0,"Biomedical and Clinical Sciences (26, 100.0%)"
118,25,Biomedical and Clinical Sciences,19,0.76,"Biomedical and Clinical Sciences (19, 76.0%); Health Sciences (6, 24.0%)"
119,25,Biological Sciences,15,0.6,"Biological Sciences (15, 60.0%); Biomedical and Clinical Sciences (10, 40.0%)"
120,25,Biomedical and Clinical Sciences,17,0.68,"Biomedical and Clinical Sciences (17, 68.0%); Engineering (5, 20.0%); Health Sciences (3, 12.0%)"
121,24,Biological Sciences,9,0.375,"Biological Sciences (9, 37.5%); Psychology (9, 37.5%); Health Sciences (3, 12.5%)"
122,24,Biological Sciences,13,0.5416666666666666,"Biological Sciences (13, 54.2%); Biomedical and Clinical Sciences (11, 45.8%)"
123,24,Biomedical and Clinical Sciences,22,0.9166666666666666,"Biomedical and Clinical Sciences (22, 91.7%); Health Sciences (2, 8.3%)"
124,24,Biological Sciences,18,0.75,"Biological Sciences (18, 75.0%); Health Sciences (4, 16.7%); Biomedical and Clinical Sciences (2, 8.3%)"
125,23,Biomedical and Clinical Sciences,17,0.7391304347826086,"Biomedical and Clinical Sciences (17, 73.9%); Health Sciences (6, 26.1%)"
126,23,Biomedical and Clinical Sciences,23,1.0,"Biomedical and Clinical Sciences (23, 100.0%)"
127,23,Biomedical and Clinical Sciences,23,1.0,"Biomedical and Clinical Sciences (23, 100.0%)"
128,22,Biomedical and Clinical Sciences,21,0.9545454545454546,"Biomedical and Clinical Sciences (21, 95.5%); Biological Sciences (1, 4.5%)"
129,22,Biomedical and Clinical Sciences,21,0.9545454545454546,"Biomedical and Clinical Sciences (21, 95.5%); Biological Sciences (1, 4.5%)"
130,21,Biological Sciences,20,0.9523809523809523,"Biological Sciences (20, 95.2%); Biomedical and Clinical Sciences (1, 4.8%)"
131,21,Biomedical and Clinical Sciences,11,0.5238095238095238,"Biomedical and Clinical Sciences (11, 52.4%); Biological Sciences (10, 47.6%)"
132,21,Biomedical and Clinical Sciences,21,1.0,"Biomedical and Clinical Sciences (21, 100.0%)"
133,21,Biomedical and Clinical Sciences,19,0.9047619047619048,"Biomedical and Clinical Sciences (19, 90.5%); Biological Sciences (2, 9.5%)"
134,21,Biomedical and Clinical Sciences,13,0.6190476190476191,"Biomedical and Clinical Sciences (13, 61.9%); Health Sciences (8, 38.1%)"
135,21,Biological Sciences,21,1.0,"Biological Sciences (21, 100.0%)"
136,21,Biomedical and Clinical Sciences,15,0.7142857142857143,"Biomedical and Clinical Sciences (15, 71.4%); Health Sciences (4, 19.0%); Psychology (2, 9.5%)"
137,21,Health Sciences,13,0.6190476190476191,"Health Sciences (13, 61.9%); Biomedical and Clinical Sciences (8, 38.1%)"
138,21,Biomedical and Clinical Sciences,21,1.0,"Biomedical and Clinical Sciences (21, 100.0%)"
139,20,Biomedical and Clinical Sciences,14,0.7,"Biomedical and Clinical Sciences (14, 70.0%); Biological Sciences (6, 30.0%)"
140,20,Health Sciences,12,0.6,"Health Sciences (12, 60.0%); Biomedical and Clinical Sciences (7, 35.0%); Biological Sciences (1, 5.0%)"
141,20,Biomedical and Clinical Sciences,16,0.8,"Biomedical and Clinical Sciences (16, 80.0%); Biological Sciences (4, 20.0%)"
142,20,Biological Sciences,8,0.4,"Biological Sciences (8, 40.0%); Biomedical and Clinical Sciences (6, 30.0%); Health Sciences (6, 30.0%)"
143,20,Health Sciences,18,0.9,"Health Sciences (18, 90.0%); Biomedical and Clinical Sciences (2, 10.0%)"
144,19,Biological Sciences,13,0.6842105263157895,"Biological Sciences (13, 68.4%); Biomedical and Clinical Sciences (6, 31.6%)"
145,19,Biomedical and Clinical Sciences,19,1.0,"Biomedical and Clinical Sciences (19, 100.0%)"
146,19,Psychology,12,0.631578947368421,"Psychology (12, 63.2%); Biomedical and Clinical Sciences (7, 36.8%)"
147,19,Biomedical and Clinical Sciences,10,0.5263157894736842,"Biomedical and Clinical Sciences (10, 52.6%); Biological Sciences (9, 47.4%)"
148,19,Biomedical and Clinical Sciences,12,0.631578947368421,"Biomedical and Clinical Sciences (12, 63.2%); Environmental Sciences (7, 36.8%)"
149,19,Biomedical and Clinical Sciences,15,0.7894736842105263,"Biomedical and Clinical Sciences (15, 78.9%); Biological Sciences (4, 21.1%)"
150,19,Information and Computing Sciences,13,0.6842105263157895,"Information and Computing Sciences (13, 68.4%); Psychology (6, 31.6%)"
151,19,Biomedical and Clinical Sciences,10,0.5263157894736842,"Biomedical and Clinical Sciences (10, 52.6%); Biological Sciences (6, 31.6%); Health Sciences (2, 10.5%)"
152,19,Biomedical and Clinical Sciences,19,1.0,"Biomedical and Clinical Sciences (19, 100.0%)"
153,18,Biomedical and Clinical Sciences,18,1.0,"Biomedical and Clinical Sciences (18, 100.0%)"
154,18,Biomedical and Clinical Sciences,14,0.7777777777777778,"Biomedical and Clinical Sciences (14, 77.8%); Health Sciences (4, 22.2%)"
155,18,Biomedical and Clinical Sciences,16,0.8888888888888888,"Biomedical and Clinical Sciences (16, 88.9%); Health Sciences (2, 11.1%)"
156,18,Biomedical and Clinical Sciences,18,1.0,"Biomedical and Clinical Sciences (18, 100.0%)"
157,17,Biomedical and Clinical Sciences,17,1.0,"Biomedical and Clinical Sciences (17, 100.0%)"
158,17,Biomedical and Clinical Sciences,17,1.0,"Biomedical and Clinical Sciences (17, 100.0%)"
159,17,Biomedical and Clinical Sciences,12,0.7058823529411765,"Biomedical and Clinical Sciences (12, 70.6%); Biological Sciences (5, 29.4%)"
160,17,Biological Sciences,17,1.0,"Biological Sciences (17, 100.0%)"
161,17,Biomedical and Clinical Sciences,17,1.0,"Biomedical and Clinical Sciences (17, 100.0%)"
162,17,Biomedical and Clinical Sciences,17,1.0,"Biomedical and Clinical Sciences (17, 100.0%)"
163,17,Biological Sciences,17,1.0,"Biological Sciences (17, 100.0%)"
164,17,Biomedical and Clinical Sciences,11,0.6470588235294118,"Biomedical and Clinical Sciences (11, 64.7%); Biological Sciences (6, 35.3%)"
165,17,Biomedical and Clinical Sciences,17,1.0,"Biomedical and Clinical Sciences (17, 100.0%)"
166,17,Biomedical and Clinical Sciences,15,0.8823529411764706,"Biomedical and Clinical Sciences (15, 88.2%); Information and Computing Sciences (2, 11.8%)"
167,17,Biomedical and Clinical Sciences,7,0.4117647058823529,"Biomedical and Clinical Sciences (7, 41.2%); Health Sciences (7, 41.2%); Biological Sciences (3, 17.6%)"
168,17,Biomedical and Clinical Sciences,16,0.9411764705882353,"Biomedical and Clinical Sciences (16, 94.1%); Health Sciences (1, 5.9%)"
169,16,Biomedical and Clinical Sciences,16,1.0,"Biomedical and Clinical Sciences (16, 100.0%)"
170,16,Biomedical and Clinical Sciences,16,1.0,"Biomedical and Clinical Sciences (16, 100.0%)"
171,16,"Agricultural, Veterinary and Food Sciences",8,0.5,"Agricultural, Veterinary and Food Sciences (8, 50.0%); Biomedical and Clinical Sciences (8, 50.0%)"
172,16,Health Sciences,16,1.0,"Health Sciences (16, 100.0%)"
173,16,Biomedical and Clinical Sciences,12,0.75,"Biomedical and Clinical Sciences (12, 75.0%); Biological Sciences (4, 25.0%)"
174,16,Psychology,7,0.4375,"Psychology (7, 43.8%); Biomedical and Clinical Sciences (4, 25.0%); Engineering (4, 25.0%)"
175,16,Biomedical and Clinical Sciences,16,1.0,"Biomedical and Clinical Sciences (16, 100.0%)"
176,16,Information and Computing Sciences,11,0.6875,"Information and Computing Sciences (11, 68.8%); Biological Sciences (5, 31.2%)"
177,16,Biological Sciences,16,1.0,"Biological Sciences (16, 100.0%)"
178,16,Biomedical and Clinical Sciences,16,1.0,"Biomedical and Clinical Sciences (16, 100.0%)"
179,16,Biomedical and Clinical Sciences,16,1.0,"Biomedical and Clinical Sciences (16, 100.0%)"
180,16,Biomedical and Clinical Sciences,8,0.5,"Biomedical and Clinical Sciences (8, 50.0%); Psychology (5, 31.2%); Health Sciences (3, 18.8%)"
181,16,Biological Sciences,16,1.0,"Biological Sciences (16, 100.0%)"
182,16,Biomedical and Clinical Sciences,15,0.9375,"Biomedical and Clinical Sciences (15, 93.8%); Biological Sciences (1, 6.2%)"
183,16,Biomedical and Clinical Sciences,16,1.0,"Biomedical and Clinical Sciences (16, 100.0%)"
184,16,Biological Sciences,16,1.0,"Biological Sciences (16, 100.0%)"
185,15,Biological Sciences,15,1.0,"Biological Sciences (15, 100.0%)"
186,15,Biomedical and Clinical Sciences,15,1.0,"Biomedical and Clinical Sciences (15, 100.0%)"
187,15,Biomedical and Clinical Sciences,15,1.0,"Biomedical and Clinical Sciences (15, 100.0%)"
188,15,Biomedical and Clinical Sciences,15,1.0,"Biomedical and Clinical Sciences (15, 100.0%)"
189,15,Biomedical and Clinical Sciences,15,1.0,"Biomedical and Clinical Sciences (15, 100.0%)"
190,15,Biomedical and Clinical Sciences,9,0.6,"Biomedical and Clinical Sciences (9, 60.0%); Biological Sciences (6, 40.0%)"
191,15,Biomedical and Clinical Sciences,10,0.6666666666666666,"Biomedical and Clinical Sciences (10, 66.7%); Information and Computing Sciences (4, 26.7%); Health Sciences (1, 6.7%)"
192,15,Biomedical and Clinical Sciences,15,1.0,"Biomedical and Clinical Sciences (15, 100.0%)"
193,15,Engineering,8,0.5333333333333333,"Engineering (8, 53.3%); Environmental Sciences (4, 26.7%); Biomedical and Clinical Sciences (3, 20.0%)"
194,15,Biomedical and Clinical Sciences,11,0.7333333333333333,"Biomedical and Clinical Sciences (11, 73.3%); Health Sciences (4, 26.7%)"
195,15,Biomedical and Clinical Sciences,15,1.0,"Biomedical and Clinical Sciences (15, 100.0%)"
196,15,Biomedical and Clinical Sciences,15,1.0,"Biomedical and Clinical Sciences (15, 100.0%)"
197,15,Biomedical and Clinical Sciences,15,1.0,"Biomedical and Clinical Sciences (15, 100.0%)"
198,15,Biological Sciences,10,0.6666666666666666,"Biological Sciences (10, 66.7%); Health Sciences (5, 33.3%)"
199,15,Biomedical and Clinical Sciences,15,1.0,"Biomedical and Clinical Sciences (15, 100.0%)"
200,14,Biomedical and Clinical Sciences,8,0.5714285714285714,"Biomedical and Clinical Sciences (8, 57.1%); Biological Sciences (5, 35.7%); Health Sciences (1, 7.1%)"
201,14,Biological Sciences,7,0.5,"Biological Sciences (7, 50.0%); Biomedical and Clinical Sciences (7, 50.0%)"
202,14,Health Sciences,11,0.7857142857142857,"Health Sciences (11, 78.6%); Biological Sciences (2, 14.3%); Biomedical and Clinical Sciences (1, 7.1%)"
203,14,Psychology,14,1.0,"Psychology (14, 100.0%)"
204,14,Health Sciences,14,1.0,"Health Sciences (14, 100.0%)"
205,14,Biomedical and Clinical Sciences,14,1.0,"Biomedical and Clinical Sciences (14, 100.0%)"
206,14,Biomedical and Clinical Sciences,14,1.0,"Biomedical and Clinical Sciences (14, 100.0%)"
207,14,Biomedical and Clinical Sciences,9,0.6428571428571429,"Biomedical and Clinical Sciences (9, 64.3%); Biological Sciences (5, 35.7%)"
208,14,Biomedical and Clinical Sciences,14,1.0,"Biomedical and Clinical Sciences (14, 100.0%)"
209,14,Biomedical and Clinical Sciences,11,0.7857142857142857,"Biomedical and Clinical Sciences (11, 78.6%); Health Sciences (3, 21.4%)"
210,14,Biological Sciences,14,1.0,"Biological Sciences (14, 100.0%)"
211,14,Health Sciences,10,0.7142857142857143,"Health Sciences (10, 71.4%); Biomedical and Clinical Sciences (4, 28.6%)"
212,14,Biomedical and Clinical Sciences,14,1.0,"Biomedical and Clinical Sciences (14, 100.0%)"
213,13,Biological Sciences,7,0.5384615384615384,"Biological Sciences (7, 53.8%); Biomedical and Clinical Sciences (6, 46.2%)"
214,13,Biomedical and Clinical Sciences,13,1.0,"Biomedical and Clinical Sciences (13, 100.0%)"
215,13,Biomedical and Clinical Sciences,13,1.0,"Biomedical and Clinical Sciences (13, 100.0%)"
216,13,Biomedical and Clinical Sciences,13,1.0,"Biomedical and Clinical Sciences (13, 100.0%)"
217,13,Biomedical and Clinical Sciences,13,1.0,"Biomedical and Clinical Sciences (13, 100.0%)"
218,13,Biomedical and Clinical Sciences,11,0.8461538461538461,"Biomedical and Clinical Sciences (11, 84.6%); Biological Sciences (2, 15.4%)"
219,13,Biomedical and Clinical Sciences,8,0.6153846153846154,"Biomedical and Clinical Sciences (8, 61.5%); Biological Sciences (5, 38.5%)"
220,13,Health Sciences,13,1.0,"Health Sciences (13, 100.0%)"
221,13,Biomedical and Clinical Sciences,13,1.0,"Biomedical and Clinical Sciences (13, 100.0%)"
222,13,Biomedical and Clinical Sciences,13,1.0,"Biomedical and Clinical Sciences (13, 100.0%)"
223,13,Biomedical and Clinical Sciences,13,1.0,"Biomedical and Clinical Sciences (13, 100.0%)"
224,13,Biomedical and Clinical Sciences,8,0.6153846153846154,"Biomedical and Clinical Sciences (8, 61.5%); Health Sciences (4, 30.8%); Environmental Sciences (1, 7.7%)"
225,13,Biological Sciences,7,0.5384615384615384,"Biological Sciences (7, 53.8%); Biomedical and Clinical Sciences (6, 46.2%)"
226,13,Biomedical and Clinical Sciences,13,1.0,"Biomedical and Clinical Sciences (13, 100.0%)"
227,13,Biological Sciences,13,1.0,"Biological Sciences (13, 100.0%)"
228,13,Biomedical and Clinical Sciences,13,1.0,"Biomedical and Clinical Sciences (13, 100.0%)"
229,13,Biomedical and Clinical Sciences,13,1.0,"Biomedical and Clinical Sciences (13, 100.0%)"
230,13,Biomedical and Clinical Sciences,13,1.0,"Biomedical and Clinical Sciences (13, 100.0%)"
231,13,Biological Sciences,13,1.0,"Biological Sciences (13, 100.0%)"
232,12,Biomedical and Clinical Sciences,12,1.0,"Biomedical and Clinical Sciences (12, 100.0%)"
233,12,Biomedical and Clinical Sciences,12,1.0,"Biomedical and Clinical Sciences (12, 100.0%)"
234,12,Information and Computing Sciences,8,0.6666666666666666,"Information and Computing Sciences (8, 66.7%); Biomedical and Clinical Sciences (4, 33.3%)"
235,12,Biomedical and Clinical Sciences,12,1.0,"Biomedical and Clinical Sciences (12, 100.0%)"
236,12,Biomedical and Clinical Sciences,10,0.8333333333333334,"Biomedical and Clinical Sciences (10, 83.3%); Biological Sciences (2, 16.7%)"
237,12,Biomedical and Clinical Sciences,12,1.0,"Biomedical and Clinical Sciences (12, 100.0%)"
238,12,Biomedical and Clinical Sciences,12,1.0,"Biomedical and Clinical Sciences (12, 100.0%)"
239,12,Biomedical and Clinical Sciences,12,1.0,"Biomedical and Clinical Sciences (12, 100.0%)"
240,12,Biomedical and Clinical Sciences,12,1.0,"Biomedical and Clinical Sciences (12, 100.0%)"
241,12,Biomedical and Clinical Sciences,8,0.6666666666666666,"Biomedical and Clinical Sciences (8, 66.7%); Health Sciences (4, 33.3%)"
242,12,Biomedical and Clinical Sciences,7,0.5833333333333334,"Biomedical and Clinical Sciences (7, 58.3%); Biological Sciences (5, 41.7%)"
243,12,Health Sciences,6,0.5,"Health Sciences (6, 50.0%); Environmental Sciences (4, 33.3%); Biomedical and Clinical Sciences (2, 16.7%)"
244,12,Biomedical and Clinical Sciences,12,1.0,"Biomedical and Clinical Sciences (12, 100.0%)"
245,12,Biomedical and Clinical Sciences,8,0.6666666666666666,"Biomedical and Clinical Sciences (8, 66.7%); Biological Sciences (4, 33.3%)"
246,12,Biomedical and Clinical Sciences,10,0.8333333333333334,"Biomedical and Clinical Sciences (10, 83.3%); Health Sciences (2, 16.7%)"
247,12,Biomedical and Clinical Sciences,12,1.0,"Biomedical and Clinical Sciences (12, 100.0%)"
248,12,Biomedical and Clinical Sciences,12,1.0,"Biomedical and Clinical Sciences (12, 100.0%)"
249,12,Biomedical and Clinical Sciences,12,1.0,"Biomedical and Clinical Sciences (12, 100.0%)"
250,12,Biological Sciences,12,1.0,"Biological Sciences (12, 100.0%)"
251,12,Psychology,7,0.5833333333333334,"Psychology (7, 58.3%); Health Sciences (5, 41.7%)"
252,12,Biological Sciences,12,1.0,"Biological Sciences (12, 100.0%)"
253,12,Biomedical and Clinical Sciences,12,1.0,"Biomedical and Clinical Sciences (12, 100.0%)"
254,12,Biomedical and Clinical Sciences,12,1.0,"Biomedical and Clinical Sciences (12, 100.0%)"
255,12,Biomedical and Clinical Sciences,10,0.8333333333333334,"Biomedical and Clinical Sciences (10, 83.3%); Health Sciences (2, 16.7%)"
256,12,Biological Sciences,12,1.0,"Biological Sciences (12, 100.0%)"
257,12,Biomedical and Clinical Sciences,10,0.8333333333333334,"Biomedical and Clinical Sciences (10, 83.3%); Psychology (2, 16.7%)"
258,12,Biomedical and Clinical Sciences,12,1.0,"Biomedical and Clinical Sciences (12, 100.0%)"
259,12,Biological Sciences,7,0.5833333333333334,"Biological Sciences (7, 58.3%); Biomedical and Clinical Sciences (5, 41.7%)"
260,11,Information and Computing Sciences,7,0.6363636363636364,"Information and Computing Sciences (7, 63.6%); Biomedical and Clinical Sciences (2, 18.2%); Psychology (2, 18.2%)"
261,11,Biomedical and Clinical Sciences,11,1.0,"Biomedical and Clinical Sciences (11, 100.0%)"
262,11,Biomedical and Clinical Sciences,9,0.8181818181818182,"Biomedical and Clinical Sciences (9, 81.8%); Biological Sciences (1, 9.1%); Environmental Sciences (1, 9.1%)"
263,11,Biomedical and Clinical Sciences,11,1.0,"Biomedical and Clinical Sciences (11, 100.0%)"
264,11,Biological Sciences,11,1.0,"Biological Sciences (11, 100.0%)"
265,11,Biological Sciences,11,1.0,"Biological Sciences (11, 100.0%)"
266,11,Biomedical and Clinical Sciences,11,1.0,"Biomedical and Clinical Sciences (11, 100.0%)"
267,11,Biomedical and Clinical Sciences,11,1.0,"Biomedical and Clinical Sciences (11, 100.0%)"
268,11,Biomedical and Clinical Sciences,6,0.5454545454545454,"Biomedical and Clinical Sciences (6, 54.5%); Information and Computing Sciences (5, 45.5%)"
269,11,Biomedical and Clinical Sciences,11,1.0,"Biomedical and Clinical Sciences (11, 100.0%)"
270,11,Biomedical and Clinical Sciences,6,0.5454545454545454,"Biomedical and Clinical Sciences (6, 54.5%); Health Sciences (5, 45.5%)"
271,11,Biological Sciences,7,0.6363636363636364,"Biological Sciences (7, 63.6%); Biomedical and Clinical Sciences (4, 36.4%)"
272,11,Biological Sciences,9,0.8181818181818182,"Biological Sciences (9, 81.8%); Biomedical and Clinical Sciences (2, 18.2%)"
273,11,Biomedical and Clinical Sciences,11,1.0,"Biomedical and Clinical Sciences (11, 100.0%)"
274,11,Biological Sciences,11,1.0,"Biological Sciences (11, 100.0%)"
275,11,Biomedical and Clinical Sciences,11,1.0,"Biomedical and Clinical Sciences (11, 100.0%)"
276,11,Biomedical and Clinical Sciences,11,1.0,"Biomedical and Clinical Sciences (11, 100.0%)"
277,11,Biomedical and Clinical Sciences,11,1.0,"Biomedical and Clinical Sciences (11, 100.0%)"
278,11,Health Sciences,11,1.0,"Health Sciences (11, 100.0%)"
279,11,Biological Sciences,11,1.0,"Biological Sciences (11, 100.0%)"
280,11,Health Sciences,8,0.7272727272727273,"Health Sciences (8, 72.7%); Psychology (2, 18.2%); Biological Sciences (1, 9.1%)"
281,11,Biological Sciences,11,1.0,"Biological Sciences (11, 100.0%)"
282,11,Biomedical and Clinical Sciences,11,1.0,"Biomedical and Clinical Sciences (11, 100.0%)"
283,10,Biomedical and Clinical Sciences,8,0.8,"Biomedical and Clinical Sciences (8, 80.0%); Health Sciences (2, 20.0%)"
284,10,Biomedical and Clinical Sciences,10,1.0,"Biomedical and Clinical Sciences (10, 100.0%)"
285,10,Biomedical and Clinical Sciences,10,1.0,"Biomedical and Clinical Sciences (10, 100.0%)"
286,10,Biomedical and Clinical Sciences,7,0.7,"Biomedical and Clinical Sciences (7, 70.0%); Biological Sciences (3, 30.0%)"
287,10,Biomedical and Clinical Sciences,10,1.0,"Biomedical and Clinical Sciences (10, 100.0%)"
288,10,Health Sciences,10,1.0,"Health Sciences (10, 100.0%)"
289,10,Biomedical and Clinical Sciences,10,1.0,"Biomedical and Clinical Sciences (10, 100.0%)"
290,10,Biomedical and Clinical Sciences,10,1.0,"Biomedical and Clinical Sciences (10, 100.0%)"
291,10,Biomedical and Clinical Sciences,3,0.3,"Biomedical and Clinical Sciences (3, 30.0%); Mathematical Sciences (3, 30.0%); Psychology (3, 30.0%)"
292,10,Biomedical and Clinical Sciences,10,1.0,"Biomedical and Clinical Sciences (10, 100.0%)"
293,10,Biomedical and Clinical Sciences,10,1.0,"Biomedical and Clinical Sciences (10, 100.0%)"
294,10,Biomedical and Clinical Sciences,9,0.9,"Biomedical and Clinical Sciences (9, 90.0%); Biological Sciences (1, 10.0%)"
295,10,Biomedical and Clinical Sciences,10,1.0,"Biomedical and Clinical Sciences (10, 100.0%)"
296,10,Biomedical and Clinical Sciences,10,1.0,"Biomedical and Clinical Sciences (10, 100.0%)"
297,10,Biological Sciences,10,1.0,"Biological Sciences (10, 100.0%)"
298,10,Health Sciences,10,1.0,"Health Sciences (10, 100.0%)"
299,10,Biological Sciences,8,0.8,"Biological Sciences (8, 80.0%); Health Sciences (2, 20.0%)"
300,10,Biomedical and Clinical Sciences,10,1.0,"Biomedical and Clinical Sciences (10, 100.0%)"
301,10,Biological Sciences,10,1.0,"Biological Sciences (10, 100.0%)"
302,10,Biomedical and Clinical Sciences,10,1.0,"Biomedical and Clinical Sciences (10, 100.0%)"
303,10,Biological Sciences,5,0.5,"Biological Sciences (5, 50.0%); Health Sciences (4, 40.0%); Information and Computing Sciences (1, 10.0%)"
304,10,Biological Sciences,10,1.0,"Biological Sciences (10, 100.0%)"
305,10,Health Sciences,6,0.6,"Health Sciences (6, 60.0%); Biomedical and Clinical Sciences (4, 40.0%)"
306,10,Biomedical and Clinical Sciences,7,0.7,"Biomedical and Clinical Sciences (7, 70.0%); Health Sciences (3, 30.0%)"
307,10,Biomedical and Clinical Sciences,10,1.0,"Biomedical and Clinical Sciences (10, 100.0%)"
308,10,Health Sciences,10,1.0,"Health Sciences (10, 100.0%)"
309,10,Biomedical and Clinical Sciences,10,1.0,"Biomedical and Clinical Sciences (10, 100.0%)"
310,10,Health Sciences,6,0.6,"Health Sciences (6, 60.0%); Biomedical and Clinical Sciences (4, 40.0%)"
311,10,Biomedical and Clinical Sciences,6,0.6,"Biomedical and Clinical Sciences (6, 60.0%); Biological Sciences (2, 20.0%); Health Sciences (2, 20.0%)"
312,10,Psychology,10,1.0,"Psychology (10, 100.0%)"
313,10,Biological Sciences,10,1.0,"Biological Sciences (10, 100.0%)"
314,10,Biological Sciences,5,0.5,"Biological Sciences (5, 50.0%); Biomedical and Clinical Sciences (4, 40.0%); Health Sciences (1, 10.0%)"
315,10,Biomedical and Clinical Sciences,10,1.0,"Biomedical and Clinical Sciences (10, 100.0%)"
316,10,Biological Sciences,10,1.0,"Biological Sciences (10, 100.0%)"
317,10,Biomedical and Clinical Sciences,9,0.9,"Biomedical and Clinical Sciences (9, 90.0%); Biological Sciences (1, 10.0%)"
318,10,Biomedical and Clinical Sciences,10,1.0,"Biomedical and Clinical Sciences (10, 100.0%)"
319,10,Biological Sciences,10,1.0,"Biological Sciences (10, 100.0%)"
320,10,Biomedical and Clinical Sciences,10,1.0,"Biomedical and Clinical Sciences (10, 100.0%)"
321,10,Health Sciences,10,1.0,"Health Sciences (10, 100.0%)"
322,10,Biomedical and Clinical Sciences,10,1.0,"Biomedical and Clinical Sciences (10, 100.0%)"
323,10,Biomedical and Clinical Sciences,10,1.0,"Biomedical and Clinical Sciences (10, 100.0%)"
324,10,Biomedical and Clinical Sciences,10,1.0,"Biomedical and Clinical Sciences (10, 100.0%)"
325,10,Biomedical and Clinical Sciences,10,1.0,"Biomedical and Clinical Sciences (10, 100.0%)"
326,10,Biomedical and Clinical Sciences,10,1.0,"Biomedical and Clinical Sciences (10, 100.0%)"
327,10,Biomedical and Clinical Sciences,10,1.0,"Biomedical and Clinical Sciences (10, 100.0%)"
328,10,Biomedical and Clinical Sciences,10,1.0,"Biomedical and Clinical Sciences (10, 100.0%)"
329,10,Biomedical and Clinical Sciences,10,1.0,"Biomedical and Clinical Sciences (10, 100.0%)"
330,10,Health Sciences,10,1.0,"Health Sciences (10, 100.0%)"
331,10,Psychology,10,1.0,"Psychology (10, 100.0%)"
332,10,Biomedical and Clinical Sciences,10,1.0,"Biomedical and Clinical Sciences (10, 100.0%)"
333,10,Biomedical and Clinical Sciences,10,1.0,"Biomedical and Clinical Sciences (10, 100.0%)"
334,10,Health Sciences,7,0.7,"Health Sciences (7, 70.0%); Biomedical and Clinical Sciences (3, 30.0%)"
335,9,Biomedical and Clinical Sciences,9,1.0,"Biomedical and Clinical Sciences (9, 100.0%)"
336,9,Biomedical and Clinical Sciences,9,1.0,"Biomedical and Clinical Sciences (9, 100.0%)"
337,9,Biomedical and Clinical Sciences,9,1.0,"Biomedical and Clinical Sciences (9, 100.0%)"
338,9,Biological Sciences,9,1.0,"Biological Sciences (9, 100.0%)"
339,9,Biomedical and Clinical Sciences,9,1.0,"Biomedical and Clinical Sciences (9, 100.0%)"
340,9,Biomedical and Clinical Sciences,9,1.0,"Biomedical and Clinical Sciences (9, 100.0%)"
341,9,Biological Sciences,9,1.0,"Biological Sciences (9, 100.0%)"
342,9,Biomedical and Clinical Sciences,9,1.0,"Biomedical and Clinical Sciences (9, 100.0%)"
343,9,Health Sciences,9,1.0,"Health Sciences (9, 100.0%)"
344,9,Biomedical and Clinical Sciences,9,1.0,"Biomedical and Clinical Sciences (9, 100.0%)"
345,9,Biomedical and Clinical Sciences,9,1.0,"Biomedical and Clinical Sciences (9, 100.0%)"
346,9,Biomedical and Clinical Sciences,9,1.0,"Biomedical and Clinical Sciences (9, 100.0%)"
347,9,Biomedical and Clinical Sciences,9,1.0,"Biomedical and Clinical Sciences (9, 100.0%)"
348,9,Biomedical and Clinical Sciences,9,1.0,"Biomedical and Clinical Sciences (9, 100.0%)"
349,9,Health Sciences,9,1.0,"Health Sciences (9, 100.0%)"
350,9,Health Sciences,6,0.6666666666666666,"Health Sciences (6, 66.7%); Biomedical and Clinical Sciences (3, 33.3%)"
351,9,Biomedical and Clinical Sciences,9,1.0,"Biomedical and Clinical Sciences (9, 100.0%)"
352,9,Biomedical and Clinical Sciences,6,0.6666666666666666,"Biomedical and Clinical Sciences (6, 66.7%); Biological Sciences (3, 33.3%)"
353,9,Biomedical and Clinical Sciences,7,0.7777777777777778,"Biomedical and Clinical Sciences (7, 77.8%); Biological Sciences (2, 22.2%)"
354,9,Biomedical and Clinical Sciences,6,0.6666666666666666,"Biomedical and Clinical Sciences (6, 66.7%); Biological Sciences (3, 33.3%)"
355,9,Health Sciences,9,1.0,"Health Sciences (9, 100.0%)"
356,9,Biomedical and Clinical Sciences,9,1.0,"Biomedical and Clinical Sciences (9, 100.0%)"
357,9,Biomedical and Clinical Sciences,9,1.0,"Biomedical and Clinical Sciences (9, 100.0%)"
358,9,Biomedical and Clinical Sciences,9,1.0,"Biomedical and Clinical Sciences (9, 100.0%)"
359,9,Biological Sciences,9,1.0,"Biological Sciences (9, 100.0%)"
360,9,Information and Computing Sciences,9,1.0,"Information and Computing Sciences (9, 100.0%)"
361,9,Biomedical and Clinical Sciences,9,1.0,"Biomedical and Clinical Sciences (9, 100.0%)"
362,9,Biological Sciences,9,1.0,"Biological Sciences (9, 100.0%)"
363,9,Biomedical and Clinical Sciences,9,1.0,"Biomedical and Clinical Sciences (9, 100.0%)"
364,9,Biomedical and Clinical Sciences,9,1.0,"Biomedical and Clinical Sciences (9, 100.0%)"
365,9,Biological Sciences,9,1.0,"Biological Sciences (9, 100.0%)"
366,9,Biological Sciences,9,1.0,"Biological Sciences (9, 100.0%)"
367,9,Health Sciences,9,1.0,"Health Sciences (9, 100.0%)"
368,9,Biological Sciences,9,1.0,"Biological Sciences (9, 100.0%)"
369,9,Biological Sciences,9,1.0,"Biological Sciences (9, 100.0%)"
370,9,Biological Sciences,9,1.0,"Biological Sciences (9, 100.0%)"
371,9,Health Sciences,9,1.0,"Health Sciences (9, 100.0%)"
372,9,Biomedical and Clinical Sciences,9,1.0,"Biomedical and Clinical Sciences (9, 100.0%)"
373,9,Biological Sciences,9,1.0,"Biological Sciences (9, 100.0%)"
374,9,Biomedical and Clinical Sciences,9,1.0,"Biomedical and Clinical Sciences (9, 100.0%)"
375,9,Biomedical and Clinical Sciences,9,1.0,"Biomedical and Clinical Sciences (9, 100.0%)"
376,9,Biomedical and Clinical Sciences,9,1.0,"Biomedical and Clinical Sciences (9, 100.0%)"
377,9,Biological Sciences,9,1.0,"Biological Sciences (9, 100.0%)"
378,9,Biomedical and Clinical Sciences,4,0.4444444444444444,"Biomedical and Clinical Sciences (4, 44.4%); Biological Sciences (3, 33.3%); Psychology (2, 22.2%)"
379,9,Health Sciences,9,1.0,"Health Sciences (9, 100.0%)"
380,9,Biomedical and Clinical Sciences,9,1.0,"Biomedical and Clinical Sciences (9, 100.0%)"
381,9,Health Sciences,6,0.6666666666666666,"Health Sciences (6, 66.7%); Biomedical and Clinical Sciences (3, 33.3%)"
382,9,Biomedical and Clinical Sciences,9,1.0,"Biomedical and Clinical Sciences (9, 100.0%)"
383,9,Biomedical and Clinical Sciences,9,1.0,"Biomedical and Clinical Sciences (9, 100.0%)"
384,9,Biomedical and Clinical Sciences,9,1.0,"Biomedical and Clinical Sciences (9, 100.0%)"
385,9,Biological Sciences,9,1.0,"Biological Sciences (9, 100.0%)"
386,9,Biomedical and Clinical Sciences,9,1.0,"Biomedical and Clinical Sciences (9, 100.0%)"
387,9,Biomedical and Clinical Sciences,5,0.5555555555555556,"Biomedical and Clinical Sciences (5, 55.6%); Biological Sciences (4, 44.4%)"
388,9,Biomedical and Clinical Sciences,9,1.0,"Biomedical and Clinical Sciences (9, 100.0%)"
389,9,Health Sciences,9,1.0,"Health Sciences (9, 100.0%)"
390,9,Health Sciences,7,0.7777777777777778,"Health Sciences (7, 77.8%); Biomedical and Clinical Sciences (2, 22.2%)"
391,9,Biomedical and Clinical Sciences,9,1.0,"Biomedical and Clinical Sciences (9, 100.0%)"
392,9,Biomedical and Clinical Sciences,9,1.0,"Biomedical and Clinical Sciences (9, 100.0%)"
393,9,Information and Computing Sciences,9,1.0,"Information and Computing Sciences (9, 100.0%)"
394,9,Psychology,9,1.0,"Psychology (9, 100.0%)"
395,9,Biomedical and Clinical Sciences,9,1.0,"Biomedical and Clinical Sciences (9, 100.0%)"
396,9,Biomedical and Clinical Sciences,9,1.0,"Biomedical and Clinical Sciences (9, 100.0%)"
397,9,Biomedical and Clinical Sciences,9,1.0,"Biomedical and Clinical Sciences (9, 100.0%)"
398,9,Biomedical and Clinical Sciences,9,1.0,"Biomedical and Clinical Sciences (9, 100.0%)"
399,9,Biomedical and Clinical Sciences,9,1.0,"Biomedical and Clinical Sciences (9, 100.0%)"
400,9,Biological Sciences,9,1.0,"Biological Sciences (9, 100.0%)"
401,9,Biomedical and Clinical Sciences,6,0.6666666666666666,"Biomedical and Clinical Sciences (6, 66.7%); Biological Sciences (3, 33.3%)"
402,9,Biomedical and Clinical Sciences,9,1.0,"Biomedical and Clinical Sciences (9, 100.0%)"
403,9,Health Sciences,9,1.0,"Health Sciences (9, 100.0%)"
404,9,Biomedical and Clinical Sciences,9,1.0,"Biomedical and Clinical Sciences (9, 100.0%)"
405,9,Biomedical and Clinical Sciences,6,0.6666666666666666,"Biomedical and Clinical Sciences (6, 66.7%); Health Sciences (3, 33.3%)"
406,9,Biomedical and Clinical Sciences,9,1.0,"Biomedical and Clinical Sciences (9, 100.0%)"
407,9,Biomedical and Clinical Sciences,7,0.7777777777777778,"Biomedical and Clinical Sciences (7, 77.8%); Health Sciences (2, 22.2%)"
408,9,Health Sciences,9,1.0,"Health Sciences (9, 100.0%)"
409,9,Biomedical and Clinical Sciences,9,1.0,"Biomedical and Clinical Sciences (9, 100.0%)"
410,9,Biomedical and Clinical Sciences,9,1.0,"Biomedical and Clinical Sciences (9, 100.0%)"
411,9,Biomedical and Clinical Sciences,6,0.6666666666666666,"Biomedical and Clinical Sciences (6, 66.7%); Biological Sciences (3, 33.3%)"
412,9,Biomedical and Clinical Sciences,9,1.0,"Biomedical and Clinical Sciences (9, 100.0%)"
413,9,Biomedical and Clinical Sciences,9,1.0,"Biomedical and Clinical Sciences (9, 100.0%)"
414,9,Biomedical and Clinical Sciences,9,1.0,"Biomedical and Clinical Sciences (9, 100.0%)"
415,9,Biological Sciences,9,1.0,"Biological Sciences (9, 100.0%)"
416,9,Biological Sciences,9,1.0,"Biological Sciences (9, 100.0%)"
417,9,Biomedical and Clinical Sciences,9,1.0,"Biomedical and Clinical Sciences (9, 100.0%)"
418,9,Biomedical and Clinical Sciences,9,1.0,"Biomedical and Clinical Sciences (9, 100.0%)"
419,9,Biological Sciences,9,1.0,"Biological Sciences (9, 100.0%)"
420,9,Biological Sciences,9,1.0,"Biological Sciences (9, 100.0%)"
421,9,Biomedical and Clinical Sciences,9,1.0,"Biomedical and Clinical Sciences (9, 100.0%)"
422,9,Biological Sciences,9,1.0,"Biological Sciences (9, 100.0%)"
423,9,Biological Sciences,9,1.0,"Biological Sciences (9, 100.0%)"
424,9,Biomedical and Clinical Sciences,9,1.0,"Biomedical and Clinical Sciences (9, 100.0%)"
425,9,Biomedical and Clinical Sciences,9,1.0,"Biomedical and Clinical Sciences (9, 100.0%)"
426,9,Biomedical and Clinical Sciences,9,1.0,"Biomedical and Clinical Sciences (9, 100.0%)"
427,9,Biomedical and Clinical Sciences,6,0.6666666666666666,"Biomedical and Clinical Sciences (6, 66.7%); Biological Sciences (3, 33.3%)"
428,9,Biological Sciences,9,1.0,"Biological Sciences (9, 100.0%)"
429,8,Biomedical and Clinical Sciences,5,0.625,"Biomedical and Clinical Sciences (5, 62.5%); Psychology (3, 37.5%)"
430,8,"Agricultural, Veterinary and Food Sciences",8,1.0,"Agricultural, Veterinary and Food Sciences (8, 100.0%)"
431,8,Biomedical and Clinical Sciences,8,1.0,"Biomedical and Clinical Sciences (8, 100.0%)"
432,8,Biomedical and Clinical Sciences,8,1.0,"Biomedical and Clinical Sciences (8, 100.0%)"
433,8,Information and Computing Sciences,8,1.0,"Information and Computing Sciences (8, 100.0%)"
434,8,Biomedical and Clinical Sciences,8,1.0,"Biomedical and Clinical Sciences (8, 100.0%)"
435,8,Biological Sciences,8,1.0,"Biological Sciences (8, 100.0%)"
436,8,Biological Sciences,6,0.75,"Biological Sciences (6, 75.0%); Biomedical and Clinical Sciences (2, 25.0%)"
437,8,Health Sciences,8,1.0,"Health Sciences (8, 100.0%)"
438,8,Health Sciences,8,1.0,"Health Sciences (8, 100.0%)"
439,8,Biomedical and Clinical Sciences,8,1.0,"Biomedical and Clinical Sciences (8, 100.0%)"
440,8,Health Sciences,8,1.0,"Health Sciences (8, 100.0%)"
441,8,Biomedical and Clinical Sciences,8,1.0,"Biomedical and Clinical Sciences (8, 100.0%)"
442,8,Health Sciences,8,1.0,"Health Sciences (8, 100.0%)"
443,8,Biological Sciences,6,0.75,"Biological Sciences (6, 75.0%); Biomedical and Clinical Sciences (2, 25.0%)"
444,8,Health Sciences,8,1.0,"Health Sciences (8, 100.0%)"
445,8,Biological Sciences,8,1.0,"Biological Sciences (8, 100.0%)"
446,8,Biological Sciences,8,1.0,"Biological Sciences (8, 100.0%)"
447,8,Health Sciences,8,1.0,"Health Sciences (8, 100.0%)"
448,8,Biomedical and Clinical Sciences,8,1.0,"Biomedical and Clinical Sciences (8, 100.0%)"
449,8,Biomedical and Clinical Sciences,8,1.0,"Biomedical and Clinical Sciences (8, 100.0%)"
450,8,Biomedical and Clinical Sciences,8,1.0,"Biomedical and Clinical Sciences (8, 100.0%)"
451,8,"Agricultural, Veterinary and Food Sciences",6,0.75,"Agricultural, Veterinary and Food Sciences (6, 75.0%); Health Sciences (2, 25.0%)"
452,8,Biomedical and Clinical Sciences,8,1.0,"Biomedical and Clinical Sciences (8, 100.0%)"
453,8,Biomedical and Clinical Sciences,8,1.0,"Biomedical and Clinical Sciences (8, 100.0%)"
454,8,Biomedical and Clinical Sciences,8,1.0,"Biomedical and Clinical Sciences (8, 100.0%)"
455,8,Biomedical and Clinical Sciences,6,0.75,"Biomedical and Clinical Sciences (6, 75.0%); Biological Sciences (2, 25.0%)"
456,8,Biomedical and Clinical Sciences,8,1.0,"Biomedical and Clinical Sciences (8, 100.0%)"
457,8,Health Sciences,8,1.0,"Health Sciences (8, 100.0%)"
458,8,Biomedical and Clinical Sciences,6,0.75,"Biomedical and Clinical Sciences (6, 75.0%); Agricultural, Veterinary and Food Sciences (1, 12.5%); Health Sciences (1, 12.5%)"
459,8,Biomedical and Clinical Sciences,8,1.0,"Biomedical and Clinical Sciences (8, 100.0%)"
460,8,Biomedical and Clinical Sciences,8,1.0,"Biomedical and Clinical Sciences (8, 100.0%)"
461,8,Biomedical and Clinical Sciences,8,1.0,"Biomedical and Clinical Sciences (8, 100.0%)"
462,8,Biomedical and Clinical Sciences,8,1.0,"Biomedical and Clinical Sciences (8, 100.0%)"
463,8,Biomedical and Clinical Sciences,8,1.0,"Biomedical and Clinical Sciences (8, 100.0%)"
464,8,Health Sciences,8,1.0,"Health Sciences (8, 100.0%)"
465,8,Biomedical and Clinical Sciences,8,1.0,"Biomedical and Clinical Sciences (8, 100.0%)"
466,8,Biomedical and Clinical Sciences,8,1.0,"Biomedical and Clinical Sciences (8, 100.0%)"
467,8,Health Sciences,5,0.625,"Health Sciences (5, 62.5%); Biomedical and Clinical Sciences (3, 37.5%)"
468,8,Biomedical and Clinical Sciences,5,0.625,"Biomedical and Clinical Sciences (5, 62.5%); Health Sciences (3, 37.5%)"
469,8,Health Sciences,8,1.0,"Health Sciences (8, 100.0%)"
470,8,Biomedical and Clinical Sciences,8,1.0,"Biomedical and Clinical Sciences (8, 100.0%)"
471,8,Biomedical and Clinical Sciences,6,0.75,"Biomedical and Clinical Sciences (6, 75.0%); Biological Sciences (2, 25.0%)"
472,8,Biomedical and Clinical Sciences,7,0.875,"Biomedical and Clinical Sciences (7, 87.5%); Biological Sciences (1, 12.5%)"
473,8,Biomedical and Clinical Sciences,8,1.0,"Biomedical and Clinical Sciences (8, 100.0%)"
474,8,Health Sciences,8,1.0,"Health Sciences (8, 100.0%)"
475,8,Biomedical and Clinical Sciences,8,1.0,"Biomedical and Clinical Sciences (8, 100.0%)"
476,8,Health Sciences,8,1.0,"Health Sciences (8, 100.0%)"
477,8,Biomedical and Clinical Sciences,8,1.0,"Biomedical and Clinical Sciences (8, 100.0%)"
478,8,Biomedical and Clinical Sciences,8,1.0,"Biomedical and Clinical Sciences (8, 100.0%)"
479,8,Biomedical and Clinical Sciences,8,1.0,"Biomedical and Clinical Sciences (8, 100.0%)"
480,8,Biological Sciences,8,1.0,"Biological Sciences (8, 100.0%)"
481,8,Biomedical and Clinical Sciences,8,1.0,"Biomedical and Clinical Sciences (8, 100.0%)"
482,8,Biological Sciences,8,1.0,"Biological Sciences (8, 100.0%)"
483,8,Health Sciences,8,1.0,"Health Sciences (8, 100.0%)"
484,8,Biomedical and Clinical Sciences,8,1.0,"Biomedical and Clinical Sciences (8, 100.0%)"
485,8,Biomedical and Clinical Sciences,6,0.75,"Biomedical and Clinical Sciences (6, 75.0%); Health Sciences (2, 25.0%)"
486,8,Engineering,8,1.0,"Engineering (8, 100.0%)"
487,8,Biological Sciences,8,1.0,"Biological Sciences (8, 100.0%)"
488,8,Biomedical and Clinical Sciences,8,1.0,"Biomedical and Clinical Sciences (8, 100.0%)"
489,8,Biomedical and Clinical Sciences,8,1.0,"Biomedical and Clinical Sciences (8, 100.0%)"
490,8,Biomedical and Clinical Sciences,8,1.0,"Biomedical and Clinical Sciences (8, 100.0%)"
491,8,Biomedical and Clinical Sciences,3,0.375,"Biomedical and Clinical Sciences (3, 37.5%); Health Sciences (3, 37.5%); Biological Sciences (2, 25.0%)"
492,8,Biomedical and Clinical Sciences,8,1.0,"Biomedical and Clinical Sciences (8, 100.0%)"
493,8,Biological Sciences,8,1.0,"Biological Sciences (8, 100.0%)"
494,8,Biomedical and Clinical Sciences,8,1.0,"Biomedical and Clinical Sciences (8, 100.0%)"
495,8,Biomedical and Clinical Sciences,5,0.625,"Biomedical and Clinical Sciences (5, 62.5%); Health Sciences (3, 37.5%)"
496,8,Health Sciences,8,1.0,"Health Sciences (8, 100.0%)"
497,8,Biomedical and Clinical Sciences,8,1.0,"Biomedical and Clinical Sciences (8, 100.0%)"
498,8,Biomedical and Clinical Sciences,8,1.0,"Biomedical and Clinical Sciences (8, 100.0%)"
499,8,Biomedical and Clinical Sciences,8,1.0,"Biomedical and Clinical Sciences (8, 100.0%)"
500,8,Biomedical and Clinical Sciences,8,1.0,"Biomedical and Clinical Sciences (8, 100.0%)"
501,8,Biomedical and Clinical Sciences,7,0.875,"Biomedical and Clinical Sciences (7, 87.5%); Health Sciences (1, 12.5%)"
502,8,Biomedical and Clinical Sciences,8,1.0,"Biomedical and Clinical Sciences (8, 100.0%)"
503,8,Biological Sciences,8,1.0,"Biological Sciences (8, 100.0%)"
504,8,Biological Sciences,8,1.0,"Biological Sciences (8, 100.0%)"
505,8,Biomedical and Clinical Sciences,8,1.0,"Biomedical and Clinical Sciences (8, 100.0%)"
506,8,Biomedical and Clinical Sciences,8,1.0,"Biomedical and Clinical Sciences (8, 100.0%)"
507,8,Biomedical and Clinical Sciences,8,1.0,"Biomedical and Clinical Sciences (8, 100.0%)"
508,8,Biomedical and Clinical Sciences,8,1.0,"Biomedical and Clinical Sciences (8, 100.0%)"
509,8,Biomedical and Clinical Sciences,8,1.0,"Biomedical and Clinical Sciences (8, 100.0%)"
510,8,Biomedical and Clinical Sciences,5,0.625,"Biomedical and Clinical Sciences (5, 62.5%); Health Sciences (3, 37.5%)"
511,8,Biomedical and Clinical Sciences,8,1.0,"Biomedical and Clinical Sciences (8, 100.0%)"
512,8,Biomedical and Clinical Sciences,8,1.0,"Biomedical and Clinical Sciences (8, 100.0%)"
513,8,Health Sciences,6,0.75,"Health Sciences (6, 75.0%); Biomedical and Clinical Sciences (2, 25.0%)"
514,8,Biomedical and Clinical Sciences,8,1.0,"Biomedical and Clinical Sciences (8, 100.0%)"
515,8,Biomedical and Clinical Sciences,8,1.0,"Biomedical and Clinical Sciences (8, 100.0%)"
516,8,Health Sciences,8,1.0,"Health Sciences (8, 100.0%)"
517,8,Biomedical and Clinical Sciences,8,1.0,"Biomedical and Clinical Sciences (8, 100.0%)"
518,8,Biomedical and Clinical Sciences,8,1.0,"Biomedical and Clinical Sciences (8, 100.0%)"
519,8,Biomedical and Clinical Sciences,8,1.0,"Biomedical and Clinical Sciences (8, 100.0%)"
520,8,Biomedical and Clinical Sciences,8,1.0,"Biomedical and Clinical Sciences (8, 100.0%)"
521,8,Biological Sciences,8,1.0,"Biological Sciences (8, 100.0%)"
522,8,Biomedical and Clinical Sciences,8,1.0,"Biomedical and Clinical Sciences (8, 100.0%)"
523,7,Health Sciences,7,1.0,"Health Sciences (7, 100.0%)"
524,7,Biomedical and Clinical Sciences,7,1.0,"Biomedical and Clinical Sciences (7, 100.0%)"
525,7,Biomedical and Clinical Sciences,7,1.0,"Biomedical and Clinical Sciences (7, 100.0%)"
526,7,Information and Computing Sciences,7,1.0,"Information and Computing Sciences (7, 100.0%)"
527,7,Health Sciences,7,1.0,"Health Sciences (7, 100.0%)"
528,7,Biomedical and Clinical Sciences,7,1.0,"Biomedical and Clinical Sciences (7, 100.0%)"
529,7,Health Sciences,7,1.0,"Health Sciences (7, 100.0%)"
530,7,Biomedical and Clinical Sciences,7,1.0,"Biomedical and Clinical Sciences (7, 100.0%)"
531,7,Biological Sciences,4,0.5714285714285714,"Biological Sciences (4, 57.1%); Biomedical and Clinical Sciences (3, 42.9%)"
532,7,Biomedical and Clinical Sciences,7,1.0,"Biomedical and Clinical Sciences (7, 100.0%)"
533,7,Biomedical and Clinical Sciences,7,1.0,"Biomedical and Clinical Sciences (7, 100.0%)"
534,7,Biological Sciences,7,1.0,"Biological Sciences (7, 100.0%)"
535,7,Biomedical and Clinical Sciences,5,0.7142857142857143,"Biomedical and Clinical Sciences (5, 71.4%); Biological Sciences (2, 28.6%)"
536,7,Biomedical and Clinical Sciences,5,0.7142857142857143,"Biomedical and Clinical Sciences (5, 71.4%); Agricultural, Veterinary and Food Sciences (2, 28.6%)"
537,7,Health Sciences,5,0.7142857142857143,"Health Sciences (5, 71.4%); Biomedical and Clinical Sciences (2, 28.6%)"
538,7,Biological Sciences,7,1.0,"Biological Sciences (7, 100.0%)"
539,7,Biomedical and Clinical Sciences,7,1.0,"Biomedical and Clinical Sciences (7, 100.0%)"
540,7,Biological Sciences,7,1.0,"Biological Sciences (7, 100.0%)"
541,7,Environmental Sciences,7,1.0,"Environmental Sciences (7, 100.0%)"
542,7,Biomedical and Clinical Sciences,7,1.0,"Biomedical and Clinical Sciences (7, 100.0%)"
543,7,Biomedical and Clinical Sciences,7,1.0,"Biomedical and Clinical Sciences (7, 100.0%)"
544,7,Psychology,7,1.0,"Psychology (7, 100.0%)"
545,7,Biomedical and Clinical Sciences,7,1.0,"Biomedical and Clinical Sciences (7, 100.0%)"
546,7,Biomedical and Clinical Sciences,7,1.0,"Biomedical and Clinical Sciences (7, 100.0%)"
547,7,Biomedical and Clinical Sciences,7,1.0,"Biomedical and Clinical Sciences (7, 100.0%)"
548,7,Health Sciences,5,0.7142857142857143,"Health Sciences (5, 71.4%); Biological Sciences (2, 28.6%)"
549,7,Biological Sciences,7,1.0,"Biological Sciences (7, 100.0%)"
550,7,Health Sciences,7,1.0,"Health Sciences (7, 100.0%)"
551,7,Biomedical and Clinical Sciences,7,1.0,"Biomedical and Clinical Sciences (7, 100.0%)"
552,7,Biological Sciences,6,0.8571428571428571,"Biological Sciences (6, 85.7%); Health Sciences (1, 14.3%)"
553,7,Biological Sciences,5,0.7142857142857143,"Biological Sciences (5, 71.4%); Biomedical and Clinical Sciences (2, 28.6%)"
554,7,Health Sciences,7,1.0,"Health Sciences (7, 100.0%)"
555,7,Health Sciences,7,1.0,"Health Sciences (7, 100.0%)"
556,7,Biological Sciences,7,1.0,"Biological Sciences (7, 100.0%)"
557,7,Biological Sciences,7,1.0,"Biological Sciences (7, 100.0%)"
558,7,Biomedical and Clinical Sciences,7,1.0,"Biomedical and Clinical Sciences (7, 100.0%)"
559,7,Biomedical and Clinical Sciences,7,1.0,"Biomedical and Clinical Sciences (7, 100.0%)"
560,7,Biomedical and Clinical Sciences,7,1.0,"Biomedical and Clinical Sciences (7, 100.0%)"
561,7,Biomedical and Clinical Sciences,7,1.0,"Biomedical and Clinical Sciences (7, 100.0%)"
562,7,Biomedical and Clinical Sciences,7,1.0,"Biomedical and Clinical Sciences (7, 100.0%)"
563,7,Biomedical and Clinical Sciences,7,1.0,"Biomedical and Clinical Sciences (7, 100.0%)"
564,7,Biomedical and Clinical Sciences,7,1.0,"Biomedical and Clinical Sciences (7, 100.0%)"
565,7,Biological Sciences,7,1.0,"Biological Sciences (7, 100.0%)"
566,7,Health Sciences,7,1.0,"Health Sciences (7, 100.0%)"
567,7,Biomedical and Clinical Sciences,7,1.0,"Biomedical and Clinical Sciences (7, 100.0%)"
568,7,Biomedical and Clinical Sciences,7,1.0,"Biomedical and Clinical Sciences (7, 100.0%)"
569,7,Biological Sciences,7,1.0,"Biological Sciences (7, 100.0%)"
570,7,Biomedical and Clinical Sciences,7,1.0,"Biomedical and Clinical Sciences (7, 100.0%)"
571,7,Biological Sciences,7,1.0,"Biological Sciences (7, 100.0%)"
572,7,Biomedical and Clinical Sciences,7,1.0,"Biomedical and Clinical Sciences (7, 100.0%)"
573,7,Biomedical and Clinical Sciences,7,1.0,"Biomedical and Clinical Sciences (7, 100.0%)"
574,7,Biomedical and Clinical Sciences,7,1.0,"Biomedical and Clinical Sciences (7, 100.0%)"
575,7,Biomedical and Clinical Sciences,7,1.0,"Biomedical and Clinical Sciences (7, 100.0%)"
576,7,Biomedical and Clinical Sciences,7,1.0,"Biomedical and Clinical Sciences (7, 100.0%)"
577,7,Biomedical and Clinical Sciences,7,1.0,"Biomedical and Clinical Sciences (7, 100.0%)"
578,7,Biomedical and Clinical Sciences,7,1.0,"Biomedical and Clinical Sciences (7, 100.0%)"
579,7,Biomedical and Clinical Sciences,7,1.0,"Biomedical and Clinical Sciences (7, 100.0%)"
580,7,Biological Sciences,7,1.0,"Biological Sciences (7, 100.0%)"
581,7,Biomedical and Clinical Sciences,7,1.0,"Biomedical and Clinical Sciences (7, 100.0%)"
582,7,Biological Sciences,7,1.0,"Biological Sciences (7, 100.0%)"
583,7,Biological Sciences,7,1.0,"Biological Sciences (7, 100.0%)"
584,7,Biomedical and Clinical Sciences,5,0.7142857142857143,"Biomedical and Clinical Sciences (5, 71.4%); Psychology (2, 28.6%)"
585,7,Biomedical and Clinical Sciences,7,1.0,"Biomedical and Clinical Sciences (7, 100.0%)"
586,7,Biomedical and Clinical Sciences,7,1.0,"Biomedical and Clinical Sciences (7, 100.0%)"
587,7,Biomedical and Clinical Sciences,7,1.0,"Biomedical and Clinical Sciences (7, 100.0%)"
588,7,Biomedical and Clinical Sciences,7,1.0,"Biomedical and Clinical Sciences (7, 100.0%)"
589,7,Biomedical and Clinical Sciences,7,1.0,"Biomedical and Clinical Sciences (7, 100.0%)"
590,7,Biomedical and Clinical Sciences,7,1.0,"Biomedical and Clinical Sciences (7, 100.0%)"
591,7,Biological Sciences,7,1.0,"Biological Sciences (7, 100.0%)"
592,7,Information and Computing Sciences,7,1.0,"Information and Computing Sciences (7, 100.0%)"
593,7,Biological Sciences,7,1.0,"Biological Sciences (7, 100.0%)"
594,7,Biomedical and Clinical Sciences,7,1.0,"Biomedical and Clinical Sciences (7, 100.0%)"
595,7,Biomedical and Clinical Sciences,7,1.0,"Biomedical and Clinical Sciences (7, 100.0%)"
596,7,Biomedical and Clinical Sciences,7,1.0,"Biomedical and Clinical Sciences (7, 100.0%)"
597,7,Biological Sciences,7,1.0,"Biological Sciences (7, 100.0%)"
598,7,Biomedical and Clinical Sciences,7,1.0,"Biomedical and Clinical Sciences (7, 100.0%)"
599,7,Biomedical and Clinical Sciences,7,1.0,"Biomedical and Clinical Sciences (7, 100.0%)"
600,7,Biomedical and Clinical Sciences,7,1.0,"Biomedical and Clinical Sciences (7, 100.0%)"
601,7,Biomedical and Clinical Sciences,7,1.0,"Biomedical and Clinical Sciences (7, 100.0%)"
602,7,Biological Sciences,7,1.0,"Biological Sciences (7, 100.0%)"
603,7,Biological Sciences,7,1.0,"Biological Sciences (7, 100.0%)"
604,7,Biomedical and Clinical Sciences,4,0.5714285714285714,"Biomedical and Clinical Sciences (4, 57.1%); Health Sciences (3, 42.9%)"
605,7,Biomedical and Clinical Sciences,7,1.0,"Biomedical and Clinical Sciences (7, 100.0%)"
606,7,Biomedical and Clinical Sciences,7,1.0,"Biomedical and Clinical Sciences (7, 100.0%)"
607,7,Biological Sciences,7,1.0,"Biological Sciences (7, 100.0%)"
608,7,Biomedical and Clinical Sciences,7,1.0,"Biomedical and Clinical Sciences (7, 100.0%)"
609,7,Biological Sciences,7,1.0,"Biological Sciences (7, 100.0%)"
610,7,Biomedical and Clinical Sciences,7,1.0,"Biomedical and Clinical Sciences (7, 100.0%)"
611,7,Biomedical and Clinical Sciences,7,1.0,"Biomedical and Clinical Sciences (7, 100.0%)"
612,7,Biomedical and Clinical Sciences,7,1.0,"Biomedical and Clinical Sciences (7, 100.0%)"
613,7,Biological Sciences,7,1.0,"Biological Sciences (7, 100.0%)"
614,7,Biomedical and Clinical Sciences,7,1.0,"Biomedical and Clinical Sciences (7, 100.0%)"
615,7,Information and Computing Sciences,7,1.0,"Information and Computing Sciences (7, 100.0%)"
616,7,Health Sciences,7,1.0,"Health Sciences (7, 100.0%)"
617,7,Health Sciences,7,1.0,"Health Sciences (7, 100.0%)"
618,7,Health Sciences,7,1.0,"Health Sciences (7, 100.0%)"
619,7,Biological Sciences,7,1.0,"Biological Sciences (7, 100.0%)"
620,7,Biomedical and Clinical Sciences,7,1.0,"Biomedical and Clinical Sciences (7, 100.0%)"
621,7,Biomedical and Clinical Sciences,6,0.8571428571428571,"Biomedical and Clinical Sciences (6, 85.7%); Engineering (1, 14.3%)"
622,7,Biomedical and Clinical Sciences,7,1.0,"Biomedical and Clinical Sciences (7, 100.0%)"
623,7,Biological Sciences,7,1.0,"Biological Sciences (7, 100.0%)"
624,7,Health Sciences,7,1.0,"Health Sciences (7, 100.0%)"
625,7,Biomedical and Clinical Sciences,4,0.5714285714285714,"Biomedical and Clinical Sciences (4, 57.1%); Biological Sciences (3, 42.9%)"
626,7,Biological Sciences,7,1.0,"Biological Sciences (7, 100.0%)"
627,7,Biological Sciences,7,1.0,"Biological Sciences (7, 100.0%)"
628,7,Health Sciences,5,0.7142857142857143,"Health Sciences (5, 71.4%); Biological Sciences (2, 28.6%)"
629,7,Biomedical and Clinical Sciences,7,1.0,"Biomedical and Clinical Sciences (7, 100.0%)"
630,7,Biomedical and Clinical Sciences,4,0.5714285714285714,"Biomedical and Clinical Sciences (4, 57.1%); Health Sciences (3, 42.9%)"
631,7,Biological Sciences,7,1.0,"Biological Sciences (7, 100.0%)"
632,7,Biomedical and Clinical Sciences,5,0.7142857142857143,"Biomedical and Clinical Sciences (5, 71.4%); Biological Sciences (2, 28.6%)"
633,7,Biomedical and Clinical Sciences,7,1.0,"Biomedical and Clinical Sciences (7, 100.0%)"
634,7,Health Sciences,7,1.0,"Health Sciences (7, 100.0%)"
635,7,Biomedical and Clinical Sciences,7,1.0,"Biomedical and Clinical Sciences (7, 100.0%)"
636,7,Biomedical and Clinical Sciences,7,1.0,"Biomedical and Clinical Sciences (7, 100.0%)"
637,7,Biomedical and Clinical Sciences,7,1.0,"Biomedical and Clinical Sciences (7, 100.0%)"
638,7,Biological Sciences,5,0.7142857142857143,"Biological Sciences (5, 71.4%); Biomedical and Clinical Sciences (2, 28.6%)"
639,7,Biomedical and Clinical Sciences,7,1.0,"Biomedical and Clinical Sciences (7, 100.0%)"
640,7,Health Sciences,7,1.0,"Health Sciences (7, 100.0%)"
641,7,Health Sciences,4,0.5714285714285714,"Health Sciences (4, 57.1%); Biomedical and Clinical Sciences (3, 42.9%)"
642,7,Biomedical and Clinical Sciences,6,0.8571428571428571,"Biomedical and Clinical Sciences (6, 85.7%); Health Sciences (1, 14.3%)"
643,7,Biomedical and Clinical Sciences,7,1.0,"Biomedical and Clinical Sciences (7, 100.0%)"
644,7,"Agricultural, Veterinary and Food Sciences",7,1.0,"Agricultural, Veterinary and Food Sciences (7, 100.0%)"
645,7,Biomedical and Clinical Sciences,4,0.5714285714285714,"Biomedical and Clinical Sciences (4, 57.1%); Health Sciences (3, 42.9%)"
646,7,Health Sciences,4,0.5714285714285714,"Health Sciences (4, 57.1%); Biological Sciences (3, 42.9%)"
647,7,Biomedical and Clinical Sciences,7,1.0,"Biomedical and Clinical Sciences (7, 100.0%)"
648,7,Biomedical and Clinical Sciences,7,1.0,"Biomedical and Clinical Sciences (7, 100.0%)"
649,7,Biological Sciences,7,1.0,"Biological Sciences (7, 100.0%)"
650,7,Biomedical and Clinical Sciences,7,1.0,"Biomedical and Clinical Sciences (7, 100.0%)"
651,7,Biomedical and Clinical Sciences,7,1.0,"Biomedical and Clinical Sciences (7, 100.0%)"
652,7,Biomedical and Clinical Sciences,7,1.0,"Biomedical and Clinical Sciences (7, 100.0%)"
653,7,Health Sciences,7,1.0,"Health Sciences (7, 100.0%)"
654,6,Biomedical and Clinical Sciences,6,1.0,"Biomedical and Clinical Sciences (6, 100.0%)"
655,6,Health Sciences,4,0.6666666666666666,"Health Sciences (4, 66.7%); Biomedical and Clinical Sciences (2, 33.3%)"
656,6,Biological Sciences,6,1.0,"Biological Sciences (6, 100.0%)"
657,6,Biomedical and Clinical Sciences,6,1.0,"Biomedical and Clinical Sciences (6, 100.0%)"
658,6,Biomedical and Clinical Sciences,6,1.0,"Biomedical and Clinical Sciences (6, 100.0%)"
659,6,Biomedical and Clinical Sciences,6,1.0,"Biomedical and Clinical Sciences (6, 100.0%)"
660,6,Biomedical and Clinical Sciences,6,1.0,"Biomedical and Clinical Sciences (6, 100.0%)"
661,6,Psychology,6,1.0,"Psychology (6, 100.0%)"
662,6,Biomedical and Clinical Sciences,6,1.0,"Biomedical and Clinical Sciences (6, 100.0%)"
663,6,Biomedical and Clinical Sciences,6,1.0,"Biomedical and Clinical Sciences (6, 100.0%)"
664,6,Health Sciences,6,1.0,"Health Sciences (6, 100.0%)"
665,6,Biomedical and Clinical Sciences,6,1.0,"Biomedical and Clinical Sciences (6, 100.0%)"
666,6,Biomedical and Clinical Sciences,6,1.0,"Biomedical and Clinical Sciences (6, 100.0%)"
667,6,Biomedical and Clinical Sciences,6,1.0,"Biomedical and Clinical Sciences (6, 100.0%)"
668,6,Biomedical and Clinical Sciences,6,1.0,"Biomedical and Clinical Sciences (6, 100.0%)"
669,6,Biomedical and Clinical Sciences,6,1.0,"Biomedical and Clinical Sciences (6, 100.0%)"
670,6,Biomedical and Clinical Sciences,5,0.8333333333333334,"Biomedical and Clinical Sciences (5, 83.3%); Psychology (1, 16.7%)"
671,6,Biomedical and Clinical Sciences,6,1.0,"Biomedical and Clinical Sciences (6, 100.0%)"
672,6,Biomedical and Clinical Sciences,6,1.0,"Biomedical and Clinical Sciences (6, 100.0%)"
673,6,Biomedical and Clinical Sciences,6,1.0,"Biomedical and Clinical Sciences (6, 100.0%)"
674,6,Health Sciences,6,1.0,"Health Sciences (6, 100.0%)"
675,6,Biological Sciences,6,1.0,"Biological Sciences (6, 100.0%)"
676,6,Biological Sciences,6,1.0,"Biological Sciences (6, 100.0%)"
677,6,Biomedical and Clinical Sciences,4,0.6666666666666666,"Biomedical and Clinical Sciences (4, 66.7%); Biological Sciences (2, 33.3%)"
678,6,Health Sciences,6,1.0,"Health Sciences (6, 100.0%)"
679,6,Biomedical and Clinical Sciences,6,1.0,"Biomedical and Clinical Sciences (6, 100.0%)"
680,6,Biomedical and Clinical Sciences,6,1.0,"Biomedical and Clinical Sciences (6, 100.0%)"
681,6,Health Sciences,6,1.0,"Health Sciences (6, 100.0%)"
682,6,Health Sciences,5,0.8333333333333334,"Health Sciences (5, 83.3%); Engineering (1, 16.7%)"
683,6,Health Sciences,6,1.0,"Health Sciences (6, 100.0%)"
684,6,Biomedical and Clinical Sciences,6,1.0,"Biomedical and Clinical Sciences (6, 100.0%)"
685,6,Health Sciences,6,1.0,"Health Sciences (6, 100.0%)"
686,6,Health Sciences,6,1.0,"Health Sciences (6, 100.0%)"
687,6,Biomedical and Clinical Sciences,6,1.0,"Biomedical and Clinical Sciences (6, 100.0%)"
688,6,Biomedical and Clinical Sciences,6,1.0,"Biomedical and Clinical Sciences (6, 100.0%)"
689,6,Biomedical and Clinical Sciences,6,1.0,"Biomedical and Clinical Sciences (6, 100.0%)"
690,6,Biomedical and Clinical Sciences,6,1.0,"Biomedical and Clinical Sciences (6, 100.0%)"
691,6,Biomedical and Clinical Sciences,6,1.0,"Biomedical and Clinical Sciences (6, 100.0%)"
692,6,Biomedical and Clinical Sciences,5,0.8333333333333334,"Biomedical and Clinical Sciences (5, 83.3%); Biological Sciences (1, 16.7%)"
693,6,Biomedical and Clinical Sciences,6,1.0,"Biomedical and Clinical Sciences (6, 100.0%)"
694,6,Biomedical and Clinical Sciences,6,1.0,"Biomedical and Clinical Sciences (6, 100.0%)"
695,6,Biomedical and Clinical Sciences,6,1.0,"Biomedical and Clinical Sciences (6, 100.0%)"
696,6,Biomedical and Clinical Sciences,6,1.0,"Biomedical and Clinical Sciences (6, 100.0%)"
697,6,Biomedical and Clinical Sciences,6,1.0,"Biomedical and Clinical Sciences (6, 100.0%)"
698,6,Health Sciences,6,1.0,"Health Sciences (6, 100.0%)"
699,6,Biological Sciences,6,1.0,"Biological Sciences (6, 100.0%)"
700,6,Health Sciences,6,1.0,"Health Sciences (6, 100.0%)"
701,6,Biomedical and Clinical Sciences,6,1.0,"Biomedical and Clinical Sciences (6, 100.0%)"
702,6,Biomedical and Clinical Sciences,6,1.0,"Biomedical and Clinical Sciences (6, 100.0%)"
703,6,Biomedical and Clinical Sciences,6,1.0,"Biomedical and Clinical Sciences (6, 100.0%)"
704,6,Health Sciences,6,1.0,"Health Sciences (6, 100.0%)"
705,6,Biomedical and Clinical Sciences,6,1.0,"Biomedical and Clinical Sciences (6, 100.0%)"
706,6,Biological Sciences,6,1.0,"Biological Sciences (6, 100.0%)"
707,6,Biomedical and Clinical Sciences,6,1.0,"Biomedical and Clinical Sciences (6, 100.0%)"
708,6,Biomedical and Clinical Sciences,6,1.0,"Biomedical and Clinical Sciences (6, 100.0%)"
709,6,Biomedical and Clinical Sciences,6,1.0,"Biomedical and Clinical Sciences (6, 100.0%)"
710,6,Biological Sciences,6,1.0,"Biological Sciences (6, 100.0%)"
711,6,Biological Sciences,6,1.0,"Biological Sciences (6, 100.0%)"
712,6,Health Sciences,6,1.0,"Health Sciences (6, 100.0%)"
713,6,Biomedical and Clinical Sciences,6,1.0,"Biomedical and Clinical Sciences (6, 100.0%)"
714,6,Biomedical and Clinical Sciences,6,1.0,"Biomedical and Clinical Sciences (6, 100.0%)"
715,6,Environmental Sciences,6,1.0,"Environmental Sciences (6, 100.0%)"
716,6,Biomedical and Clinical Sciences,6,1.0,"Biomedical and Clinical Sciences (6, 100.0%)"
717,6,Biomedical and Clinical Sciences,6,1.0,"Biomedical and Clinical Sciences (6, 100.0%)"
718,6,Biomedical and Clinical Sciences,6,1.0,"Biomedical and Clinical Sciences (6, 100.0%)"
719,6,Biomedical and Clinical Sciences,6,1.0,"Biomedical and Clinical Sciences (6, 100.0%)"
720,6,Biomedical and Clinical Sciences,6,1.0,"Biomedical and Clinical Sciences (6, 100.0%)"
721,6,Biomedical and Clinical Sciences,6,1.0,"Biomedical and Clinical Sciences (6, 100.0%)"
722,6,Biomedical and Clinical Sciences,6,1.0,"Biomedical and Clinical Sciences (6, 100.0%)"
723,6,Biological Sciences,6,1.0,"Biological Sciences (6, 100.0%)"
724,6,Biomedical and Clinical Sciences,6,1.0,"Biomedical and Clinical Sciences (6, 100.0%)"
725,6,Health Sciences,6,1.0,"Health Sciences (6, 100.0%)"
726,6,Biomedical and Clinical Sciences,6,1.0,"Biomedical and Clinical Sciences (6, 100.0%)"
727,6,Health Sciences,6,1.0,"Health Sciences (6, 100.0%)"
728,6,Biomedical and Clinical Sciences,6,1.0,"Biomedical and Clinical Sciences (6, 100.0%)"
729,6,Health Sciences,6,1.0,"Health Sciences (6, 100.0%)"
730,6,Health Sciences,6,1.0,"Health Sciences (6, 100.0%)"
731,6,Biomedical and Clinical Sciences,6,1.0,"Biomedical and Clinical Sciences (6, 100.0%)"
732,6,Biomedical and Clinical Sciences,6,1.0,"Biomedical and Clinical Sciences (6, 100.0%)"
733,6,Biomedical and Clinical Sciences,6,1.0,"Biomedical and Clinical Sciences (6, 100.0%)"
734,6,Biomedical and Clinical Sciences,6,1.0,"Biomedical and Clinical Sciences (6, 100.0%)"
735,6,Health Sciences,6,1.0,"Health Sciences (6, 100.0%)"
736,6,Biomedical and Clinical Sciences,6,1.0,"Biomedical and Clinical Sciences (6, 100.0%)"
737,6,Biomedical and Clinical Sciences,6,1.0,"Biomedical and Clinical Sciences (6, 100.0%)"
738,6,Health Sciences,6,1.0,"Health Sciences (6, 100.0%)"
739,6,Biomedical and Clinical Sciences,6,1.0,"Biomedical and Clinical Sciences (6, 100.0%)"
740,6,"Agricultural, Veterinary and Food Sciences",6,1.0,"Agricultural, Veterinary and Food Sciences (6, 100.0%)"
741,6,Biomedical and Clinical Sciences,6,1.0,"Biomedical and Clinical Sciences (6, 100.0%)"
742,6,Biomedical and Clinical Sciences,6,1.0,"Biomedical and Clinical Sciences (6, 100.0%)"
743,6,Biomedical and Clinical Sciences,6,1.0,"Biomedical and Clinical Sciences (6, 100.0%)"
744,6,Biomedical and Clinical Sciences,6,1.0,"Biomedical and Clinical Sciences (6, 100.0%)"
745,6,Biological Sciences,6,1.0,"Biological Sciences (6, 100.0%)"
746,6,Biomedical and Clinical Sciences,6,1.0,"Biomedical and Clinical Sciences (6, 100.0%)"
747,6,Biomedical and Clinical Sciences,6,1.0,"Biomedical and Clinical Sciences (6, 100.0%)"
748,6,Biomedical and Clinical Sciences,6,1.0,"Biomedical and Clinical Sciences (6, 100.0%)"
749,6,Biomedical and Clinical Sciences,6,1.0,"Biomedical and Clinical Sciences (6, 100.0%)"
750,6,Biomedical and Clinical Sciences,6,1.0,"Biomedical and Clinical Sciences (6, 100.0%)"
751,6,Biomedical and Clinical Sciences,6,1.0,"Biomedical and Clinical Sciences (6, 100.0%)"
752,6,Biological Sciences,6,1.0,"Biological Sciences (6, 100.0%)"
753,6,Biomedical and Clinical Sciences,6,1.0,"Biomedical and Clinical Sciences (6, 100.0%)"
754,6,Biological Sciences,6,1.0,"Biological Sciences (6, 100.0%)"
755,6,Health Sciences,6,1.0,"Health Sciences (6, 100.0%)"
756,6,Biomedical and Clinical Sciences,6,1.0,"Biomedical and Clinical Sciences (6, 100.0%)"
757,6,Biomedical and Clinical Sciences,6,1.0,"Biomedical and Clinical Sciences (6, 100.0%)"
758,6,Biomedical and Clinical Sciences,6,1.0,"Biomedical and Clinical Sciences (6, 100.0%)"
759,6,Biomedical and Clinical Sciences,6,1.0,"Biomedical and Clinical Sciences (6, 100.0%)"
760,6,Biomedical and Clinical Sciences,6,1.0,"Biomedical and Clinical Sciences (6, 100.0%)"
761,6,Health Sciences,6,1.0,"Health Sciences (6, 100.0%)"
762,6,Biological Sciences,6,1.0,"Biological Sciences (6, 100.0%)"
763,6,Biomedical and Clinical Sciences,6,1.0,"Biomedical and Clinical Sciences (6, 100.0%)"
764,6,Biomedical and Clinical Sciences,6,1.0,"Biomedical and Clinical Sciences (6, 100.0%)"
765,6,Health Sciences,6,1.0,"Health Sciences (6, 100.0%)"
766,6,Biological Sciences,6,1.0,"Biological Sciences (6, 100.0%)"
767,6,Biomedical and Clinical Sciences,6,1.0,"Biomedical and Clinical Sciences (6, 100.0%)"
768,6,Health Sciences,6,1.0,"Health Sciences (6, 100.0%)"
769,6,Health Sciences,6,1.0,"Health Sciences (6, 100.0%)"
770,6,Health Sciences,6,1.0,"Health Sciences (6, 100.0%)"
771,6,Health Sciences,6,1.0,"Health Sciences (6, 100.0%)"
772,6,Biomedical and Clinical Sciences,6,1.0,"Biomedical and Clinical Sciences (6, 100.0%)"
773,6,Biological Sciences,6,1.0,"Biological Sciences (6, 100.0%)"
774,6,Biological Sciences,6,1.0,"Biological Sciences (6, 100.0%)"
775,6,Biomedical and Clinical Sciences,6,1.0,"Biomedical and Clinical Sciences (6, 100.0%)"
776,6,Health Sciences,6,1.0,"Health Sciences (6, 100.0%)"
777,6,Biomedical and Clinical Sciences,6,1.0,"Biomedical and Clinical Sciences (6, 100.0%)"
778,6,Biomedical and Clinical Sciences,6,1.0,"Biomedical and Clinical Sciences (6, 100.0%)"
779,6,Biomedical and Clinical Sciences,6,1.0,"Biomedical and Clinical Sciences (6, 100.0%)"
780,6,Biological Sciences,6,1.0,"Biological Sciences (6, 100.0%)"
781,6,Health Sciences,6,1.0,"Health Sciences (6, 100.0%)"
782,6,Biomedical and Clinical Sciences,6,1.0,"Biomedical and Clinical Sciences (6, 100.0%)"
783,6,Biomedical and Clinical Sciences,6,1.0,"Biomedical and Clinical Sciences (6, 100.0%)"
784,6,Biomedical and Clinical Sciences,6,1.0,"Biomedical and Clinical Sciences (6, 100.0%)"
785,6,Biomedical and Clinical Sciences,6,1.0,"Biomedical and Clinical Sciences (6, 100.0%)"
786,6,Biomedical and Clinical Sciences,6,1.0,"Biomedical and Clinical Sciences (6, 100.0%)"
787,6,Biomedical and Clinical Sciences,6,1.0,"Biomedical and Clinical Sciences (6, 100.0%)"
788,6,Health Sciences,6,1.0,"Health Sciences (6, 100.0%)"
789,6,Health Sciences,6,1.0,"Health Sciences (6, 100.0%)"
790,6,Biomedical and Clinical Sciences,6,1.0,"Biomedical and Clinical Sciences (6, 100.0%)"
791,6,Biomedical and Clinical Sciences,4,0.6666666666666666,"Biomedical and Clinical Sciences (4, 66.7%); Health Sciences (2, 33.3%)"
792,6,Biomedical and Clinical Sciences,6,1.0,"Biomedical and Clinical Sciences (6, 100.0%)"
793,6,Biomedical and Clinical Sciences,6,1.0,"Biomedical and Clinical Sciences (6, 100.0%)"
794,6,Psychology,6,1.0,"Psychology (6, 100.0%)"
795,6,Biomedical and Clinical Sciences,6,1.0,"Biomedical and Clinical Sciences (6, 100.0%)"
796,6,Biomedical and Clinical Sciences,6,1.0,"Biomedical and Clinical Sciences (6, 100.0%)"
797,6,Health Sciences,6,1.0,"Health Sciences (6, 100.0%)"
798,6,Biomedical and Clinical Sciences,6,1.0,"Biomedical and Clinical Sciences (6, 100.0%)"
799,6,Biomedical and Clinical Sciences,6,1.0,"Biomedical and Clinical Sciences (6, 100.0%)"
800,6,Biomedical and Clinical Sciences,6,1.0,"Biomedical and Clinical Sciences (6, 100.0%)"
801,6,Biological Sciences,6,1.0,"Biological Sciences (6, 100.0%)"
802,6,Biological Sciences,6,1.0,"Biological Sciences (6, 100.0%)"
803,6,Biomedical and Clinical Sciences,6,1.0,"Biomedical and Clinical Sciences (6, 100.0%)"
804,6,Biomedical and Clinical Sciences,6,1.0,"Biomedical and Clinical Sciences (6, 100.0%)"
805,6,Biomedical and Clinical Sciences,6,1.0,"Biomedical and Clinical Sciences (6, 100.0%)"
806,6,Biomedical and Clinical Sciences,6,1.0,"Biomedical and Clinical Sciences (6, 100.0%)"
807,6,Environmental Sciences,6,1.0,"Environmental Sciences (6, 100.0%)"
808,6,Biomedical and Clinical Sciences,6,1.0,"Biomedical and Clinical Sciences (6, 100.0%)"
809,5,Psychology,4,0.8,"Psychology (4, 80.0%); Biomedical and Clinical Sciences (1, 20.0%)"
810,5,Biological Sciences,5,1.0,"Biological Sciences (5, 100.0%)"
811,5,Biomedical and Clinical Sciences,5,1.0,"Biomedical and Clinical Sciences (5, 100.0%)"
812,5,Biomedical and Clinical Sciences,5,1.0,"Biomedical and Clinical Sciences (5, 100.0%)"
813,5,Biomedical and Clinical Sciences,5,1.0,"Biomedical and Clinical Sciences (5, 100.0%)"
814,5,Biomedical and Clinical Sciences,3,0.6,"Biomedical and Clinical Sciences (3, 60.0%); Health Sciences (2, 40.0%)"
815,5,Mathematical Sciences,5,1.0,"Mathematical Sciences (5, 100.0%)"
816,5,Biomedical and Clinical Sciences,5,1.0,"Biomedical and Clinical Sciences (5, 100.0%)"
817,5,Health Sciences,5,1.0,"Health Sciences (5, 100.0%)"
818,5,Biological Sciences,5,1.0,"Biological Sciences (5, 100.0%)"
819,5,Biomedical and Clinical Sciences,5,1.0,"Biomedical and Clinical Sciences (5, 100.0%)"
820,5,Biomedical and Clinical Sciences,5,1.0,"Biomedical and Clinical Sciences (5, 100.0%)"
821,5,Biological Sciences,5,1.0,"Biological Sciences (5, 100.0%)"
822,5,Biomedical and Clinical Sciences,5,1.0,"Biomedical and Clinical Sciences (5, 100.0%)"
823,5,Biomedical and Clinical Sciences,5,1.0,"Biomedical and Clinical Sciences (5, 100.0%)"
824,5,Health Sciences,5,1.0,"Health Sciences (5, 100.0%)"
825,5,Information and Computing Sciences,5,1.0,"Information and Computing Sciences (5, 100.0%)"
826,5,Health Sciences,5,1.0,"Health Sciences (5, 100.0%)"
827,5,Biomedical and Clinical Sciences,5,1.0,"Biomedical and Clinical Sciences (5, 100.0%)"
828,5,Health Sciences,5,1.0,"Health Sciences (5, 100.0%)"
829,5,Biomedical and Clinical Sciences,5,1.0,"Biomedical and Clinical Sciences (5, 100.0%)"
830,5,Biomedical and Clinical Sciences,5,1.0,"Biomedical and Clinical Sciences (5, 100.0%)"
831,5,Biomedical and Clinical Sciences,5,1.0,"Biomedical and Clinical Sciences (5, 100.0%)"
832,5,Biomedical and Clinical Sciences,5,1.0,"Biomedical and Clinical Sciences (5, 100.0%)"
833,5,Biomedical and Clinical Sciences,5,1.0,"Biomedical and Clinical Sciences (5, 100.0%)"
834,5,Biomedical and Clinical Sciences,5,1.0,"Biomedical and Clinical Sciences (5, 100.0%)"
835,5,Biological Sciences,5,1.0,"Biological Sciences (5, 100.0%)"
836,5,Biological Sciences,5,1.0,"Biological Sciences (5, 100.0%)"
837,5,Biological Sciences,5,1.0,"Biological Sciences (5, 100.0%)"
838,5,Health Sciences,5,1.0,"Health Sciences (5, 100.0%)"
839,5,Biomedical and Clinical Sciences,5,1.0,"Biomedical and Clinical Sciences (5, 100.0%)"
840,5,Biological Sciences,5,1.0,"Biological Sciences (5, 100.0%)"
841,5,Health Sciences,5,1.0,"Health Sciences (5, 100.0%)"
842,5,Biomedical and Clinical Sciences,5,1.0,"Biomedical and Clinical Sciences (5, 100.0%)"
843,5,Health Sciences,5,1.0,"Health Sciences (5, 100.0%)"
844,5,Health Sciences,5,1.0,"Health Sciences (5, 100.0%)"
845,5,Health Sciences,5,1.0,"Health Sciences (5, 100.0%)"
846,5,Biomedical and Clinical Sciences,5,1.0,"Biomedical and Clinical Sciences (5, 100.0%)"
847,5,Biomedical and Clinical Sciences,5,1.0,"Biomedical and Clinical Sciences (5, 100.0%)"
848,5,Health Sciences,4,0.8,"Health Sciences (4, 80.0%); Biomedical and Clinical Sciences (1, 20.0%)"
849,5,Biomedical and Clinical Sciences,5,1.0,"Biomedical and Clinical Sciences (5, 100.0%)"
850,5,Biomedical and Clinical Sciences,5,1.0,"Biomedical and Clinical Sciences (5, 100.0%)"
851,5,Biological Sciences,5,1.0,"Biological Sciences (5, 100.0%)"
852,5,Biomedical and Clinical Sciences,5,1.0,"Biomedical and Clinical Sciences (5, 100.0%)"
853,5,Biomedical and Clinical Sciences,5,1.0,"Biomedical and Clinical Sciences (5, 100.0%)"
854,5,Biomedical and Clinical Sciences,5,1.0,"Biomedical and Clinical Sciences (5, 100.0%)"
855,5,Health Sciences,5,1.0,"Health Sciences (5, 100.0%)"
856,5,Biomedical and Clinical Sciences,5,1.0,"Biomedical and Clinical Sciences (5, 100.0%)"
857,5,Biological Sciences,5,1.0,"Biological Sciences (5, 100.0%)"
858,5,Biomedical and Clinical Sciences,5,1.0,"Biomedical and Clinical Sciences (5, 100.0%)"
859,5,Biomedical and Clinical Sciences,5,1.0,"Biomedical and Clinical Sciences (5, 100.0%)"
860,5,Biological Sciences,5,1.0,"Biological Sciences (5, 100.0%)"
861,5,Biomedical and Clinical Sciences,5,1.0,"Biomedical and Clinical Sciences (5, 100.0%)"
862,5,Biomedical and Clinical Sciences,5,1.0,"Biomedical and Clinical Sciences (5, 100.0%)"
863,5,Biomedical and Clinical Sciences,3,0.6,"Biomedical and Clinical Sciences (3, 60.0%); Health Sciences (2, 40.0%)"
864,5,Health Sciences,5,1.0,"Health Sciences (5, 100.0%)"
865,5,Biomedical and Clinical Sciences,5,1.0,"Biomedical and Clinical Sciences (5, 100.0%)"
866,5,Biomedical and Clinical Sciences,5,1.0,"Biomedical and Clinical Sciences (5, 100.0%)"
867,5,Biomedical and Clinical Sciences,5,1.0,"Biomedical and Clinical Sciences (5, 100.0%)"
868,5,Biomedical and Clinical Sciences,5,1.0,"Biomedical and Clinical Sciences (5, 100.0%)"
869,5,Information and Computing Sciences,5,1.0,"Information and Computing Sciences (5, 100.0%)"
870,5,Biomedical and Clinical Sciences,5,1.0,"Biomedical and Clinical Sciences (5, 100.0%)"
871,5,Health Sciences,5,1.0,"Health Sciences (5, 100.0%)"
872,5,Biomedical and Clinical Sciences,5,1.0,"Biomedical and Clinical Sciences (5, 100.0%)"
873,5,Biological Sciences,5,1.0,"Biological Sciences (5, 100.0%)"
874,5,Information and Computing Sciences,5,1.0,"Information and Computing Sciences (5, 100.0%)"
875,5,Biomedical and Clinical Sciences,5,1.0,"Biomedical and Clinical Sciences (5, 100.0%)"
876,5,Biological Sciences,4,0.8,"Biological Sciences (4, 80.0%); Biomedical and Clinical Sciences (1, 20.0%)"
877,5,Biomedical and Clinical Sciences,5,1.0,"Biomedical and Clinical Sciences (5, 100.0%)"
878,5,Health Sciences,5,1.0,"Health Sciences (5, 100.0%)"
879,5,Biological Sciences,3,0.6,"Biological Sciences (3, 60.0%); Biomedical and Clinical Sciences (2, 40.0%)"
880,5,Biomedical and Clinical Sciences,5,1.0,"Biomedical and Clinical Sciences (5, 100.0%)"
881,5,Biomedical and Clinical Sciences,5,1.0,"Biomedical and Clinical Sciences (5, 100.0%)"
882,5,Biological Sciences,5,1.0,"Biological Sciences (5, 100.0%)"
883,5,Biomedical and Clinical Sciences,5,1.0,"Biomedical and Clinical Sciences (5, 100.0%)"
884,5,Biomedical and Clinical Sciences,5,1.0,"Biomedical and Clinical Sciences (5, 100.0%)"
885,5,Health Sciences,5,1.0,"Health Sciences (5, 100.0%)"
886,5,Biomedical and Clinical Sciences,5,1.0,"Biomedical and Clinical Sciences (5, 100.0%)"
887,5,Biomedical and Clinical Sciences,5,1.0,"Biomedical and Clinical Sciences (5, 100.0%)"
888,5,Biomedical and Clinical Sciences,5,1.0,"Biomedical and Clinical Sciences (5, 100.0%)"
889,5,Biomedical and Clinical Sciences,3,0.6,"Biomedical and Clinical Sciences (3, 60.0%); Information and Computing Sciences (2, 40.0%)"
890,5,Biomedical and Clinical Sciences,5,1.0,"Biomedical and Clinical Sciences (5, 100.0%)"
891,5,Biological Sciences,4,0.8,"Biological Sciences (4, 80.0%); Biomedical and Clinical Sciences (1, 20.0%)"
892,5,Biological Sciences,5,1.0,"Biological Sciences (5, 100.0%)"
893,5,Biomedical and Clinical Sciences,5,1.0,"Biomedical and Clinical Sciences (5, 100.0%)"
894,5,Biomedical and Clinical Sciences,5,1.0,"Biomedical and Clinical Sciences (5, 100.0%)"
895,5,Biomedical and Clinical Sciences,5,1.0,"Biomedical and Clinical Sciences (5, 100.0%)"
896,5,Biological Sciences,5,1.0,"Biological Sciences (5, 100.0%)"
897,5,Biomedical and Clinical Sciences,5,1.0,"Biomedical and Clinical Sciences (5, 100.0%)"
898,5,Biomedical and Clinical Sciences,5,1.0,"Biomedical and Clinical Sciences (5, 100.0%)"
899,5,Health Sciences,5,1.0,"Health Sciences (5, 100.0%)"
900,5,Biomedical and Clinical Sciences,5,1.0,"Biomedical and Clinical Sciences (5, 100.0%)"
901,5,Health Sciences,5,1.0,"Health Sciences (5, 100.0%)"
902,5,Biomedical and Clinical Sciences,5,1.0,"Biomedical and Clinical Sciences (5, 100.0%)"
903,5,Biomedical and Clinical Sciences,5,1.0,"Biomedical and Clinical Sciences (5, 100.0%)"
904,5,Biological Sciences,5,1.0,"Biological Sciences (5, 100.0%)"
905,5,Health Sciences,5,1.0,"Health Sciences (5, 100.0%)"
906,5,Psychology,5,1.0,"Psychology (5, 100.0%)"
907,5,Biological Sciences,5,1.0,"Biological Sciences (5, 100.0%)"
908,5,Biomedical and Clinical Sciences,5,1.0,"Biomedical and Clinical Sciences (5, 100.0%)"
909,5,Biological Sciences,5,1.0,"Biological Sciences (5, 100.0%)"
910,5,Biomedical and Clinical Sciences,5,1.0,"Biomedical and Clinical Sciences (5, 100.0%)"
911,5,Biomedical and Clinical Sciences,5,1.0,"Biomedical and Clinical Sciences (5, 100.0%)"
912,5,Biological Sciences,5,1.0,"Biological Sciences (5, 100.0%)"
913,5,Biological Sciences,5,1.0,"Biological Sciences (5, 100.0%)"
914,5,Biomedical and Clinical Sciences,5,1.0,"Biomedical and Clinical Sciences (5, 100.0%)"
915,5,Biomedical and Clinical Sciences,5,1.0,"Biomedical and Clinical Sciences (5, 100.0%)"
916,5,Biomedical and Clinical Sciences,5,1.0,"Biomedical and Clinical Sciences (5, 100.0%)"
917,5,Biomedical and Clinical Sciences,5,1.0,"Biomedical and Clinical Sciences (5, 100.0%)"
918,5,Biomedical and Clinical Sciences,5,1.0,"Biomedical and Clinical Sciences (5, 100.0%)"
919,5,Biomedical and Clinical Sciences,5,1.0,"Biomedical and Clinical Sciences (5, 100.0%)"
920,5,Biological Sciences,5,1.0,"Biological Sciences (5, 100.0%)"
921,5,Biomedical and Clinical Sciences,5,1.0,"Biomedical and Clinical Sciences (5, 100.0%)"
922,5,Information and Computing Sciences,5,1.0,"Information and Computing Sciences (5, 100.0%)"
923,5,Biomedical and Clinical Sciences,5,1.0,"Biomedical and Clinical Sciences (5, 100.0%)"
924,5,Biomedical and Clinical Sciences,5,1.0,"Biomedical and Clinical Sciences (5, 100.0%)"
925,5,Biological Sciences,5,1.0,"Biological Sciences (5, 100.0%)"
926,5,Biological Sciences,5,1.0,"Biological Sciences (5, 100.0%)"
927,5,Biological Sciences,5,1.0,"Biological Sciences (5, 100.0%)"
928,5,Biomedical and Clinical Sciences,5,1.0,"Biomedical and Clinical Sciences (5, 100.0%)"
929,5,Biomedical and Clinical Sciences,5,1.0,"Biomedical and Clinical Sciences (5, 100.0%)"
930,5,Biomedical and Clinical Sciences,5,1.0,"Biomedical and Clinical Sciences (5, 100.0%)"
931,5,Biomedical and Clinical Sciences,5,1.0,"Biomedical and Clinical Sciences (5, 100.0%)"
932,5,Biomedical and Clinical Sciences,5,1.0,"Biomedical and Clinical Sciences (5, 100.0%)"
933,5,Biomedical and Clinical Sciences,5,1.0,"Biomedical and Clinical Sciences (5, 100.0%)"
934,5,Biological Sciences,5,1.0,"Biological Sciences (5, 100.0%)"
935,5,Biomedical and Clinical Sciences,5,1.0,"Biomedical and Clinical Sciences (5, 100.0%)"
936,5,Biomedical and Clinical Sciences,5,1.0,"Biomedical and Clinical Sciences (5, 100.0%)"
937,5,Biomedical and Clinical Sciences,5,1.0,"Biomedical and Clinical Sciences (5, 100.0%)"
938,5,Biomedical and Clinical Sciences,5,1.0,"Biomedical and Clinical Sciences (5, 100.0%)"
939,5,Information and Computing Sciences,5,1.0,"Information and Computing Sciences (5, 100.0%)"
940,5,Biological Sciences,5,1.0,"Biological Sciences (5, 100.0%)"
941,5,Health Sciences,5,1.0,"Health Sciences (5, 100.0%)"
942,5,Biomedical and Clinical Sciences,5,1.0,"Biomedical and Clinical Sciences (5, 100.0%)"
943,5,Information and Computing Sciences,5,1.0,"Information and Computing Sciences (5, 100.0%)"
944,5,Biomedical and Clinical Sciences,5,1.0,"Biomedical and Clinical Sciences (5, 100.0%)"
945,5,Health Sciences,5,1.0,"Health Sciences (5, 100.0%)"
946,5,Biological Sciences,5,1.0,"Biological Sciences (5, 100.0%)"
947,5,Health Sciences,5,1.0,"Health Sciences (5, 100.0%)"
948,5,Biological Sciences,5,1.0,"Biological Sciences (5, 100.0%)"
949,5,Biomedical and Clinical Sciences,5,1.0,"Biomedical and Clinical Sciences (5, 100.0%)"
950,5,Biomedical and Clinical Sciences,5,1.0,"Biomedical and Clinical Sciences (5, 100.0%)"
951,5,Biological Sciences,5,1.0,"Biological Sciences (5, 100.0%)"
952,5,Biomedical and Clinical Sciences,5,1.0,"Biomedical and Clinical Sciences (5, 100.0%)"
953,5,Biological Sciences,5,1.0,"Biological Sciences (5, 100.0%)"
954,5,Health Sciences,5,1.0,"Health Sciences (5, 100.0%)"
955,5,Biomedical and Clinical Sciences,5,1.0,"Biomedical and Clinical Sciences (5, 100.0%)"
956,5,Health Sciences,5,1.0,"Health Sciences (5, 100.0%)"
957,5,Biomedical and Clinical Sciences,5,1.0,"Biomedical and Clinical Sciences (5, 100.0%)"
958,5,Health Sciences,5,1.0,"Health Sciences (5, 100.0%)"
959,5,Biomedical and Clinical Sciences,5,1.0,"Biomedical and Clinical Sciences (5, 100.0%)"
960,5,Biomedical and Clinical Sciences,5,1.0,"Biomedical and Clinical Sciences (5, 100.0%)"
961,5,Biomedical and Clinical Sciences,5,1.0,"Biomedical and Clinical Sciences (5, 100.0%)"
962,5,Biomedical and Clinical Sciences,5,1.0,"Biomedical and Clinical Sciences (5, 100.0%)"
963,5,Biological Sciences,5,1.0,"Biological Sciences (5, 100.0%)"
964,5,Health Sciences,5,1.0,"Health Sciences (5, 100.0%)"
965,5,Biomedical and Clinical Sciences,5,1.0,"Biomedical and Clinical Sciences (5, 100.0%)"
966,5,Health Sciences,5,1.0,"Health Sciences (5, 100.0%)"
967,5,Biomedical and Clinical Sciences,5,1.0,"Biomedical and Clinical Sciences (5, 100.0%)"
968,5,Biomedical and Clinical Sciences,5,1.0,"Biomedical and Clinical Sciences (5, 100.0%)"
969,5,Biomedical and Clinical Sciences,4,0.8,"Biomedical and Clinical Sciences (4, 80.0%); Health Sciences (1, 20.0%)"
970,5,Biological Sciences,5,1.0,"Biological Sciences (5, 100.0%)"
971,5,Biological Sciences,5,1.0,"Biological Sciences (5, 100.0%)"
972,5,Biomedical and Clinical Sciences,5,1.0,"Biomedical and Clinical Sciences (5, 100.0%)"
973,5,Biomedical and Clinical Sciences,5,1.0,"Biomedical and Clinical Sciences (5, 100.0%)"
974,5,Biomedical and Clinical Sciences,5,1.0,"Biomedical and Clinical Sciences (5, 100.0%)"
975,5,Biomedical and Clinical Sciences,5,1.0,"Biomedical and Clinical Sciences (5, 100.0%)"
976,5,Health Sciences,5,1.0,"Health Sciences (5, 100.0%)"
977,5,Biomedical and Clinical Sciences,5,1.0,"Biomedical and Clinical Sciences (5, 100.0%)"
978,5,Biomedical and Clinical Sciences,5,1.0,"Biomedical and Clinical Sciences (5, 100.0%)"
979,5,Biomedical and Clinical Sciences,5,1.0,"Biomedical and Clinical Sciences (5, 100.0%)"
980,5,Environmental Sciences,5,1.0,"Environmental Sciences (5, 100.0%)"
981,5,Biomedical and Clinical Sciences,5,1.0,"Biomedical and Clinical Sciences (5, 100.0%)"
982,5,Biological Sciences,5,1.0,"Biological Sciences (5, 100.0%)"
983,5,Biological Sciences,5,1.0,"Biological Sciences (5, 100.0%)"
984,5,Biological Sciences,5,1.0,"Biological Sciences (5, 100.0%)"
985,5,Biomedical and Clinical Sciences,4,0.8,"Biomedical and Clinical Sciences (4, 80.0%); Health Sciences (1, 20.0%)"
986,5,Biomedical and Clinical Sciences,5,1.0,"Biomedical and Clinical Sciences (5, 100.0%)"
987,5,Biomedical and Clinical Sciences,5,1.0,"Biomedical and Clinical Sciences (5, 100.0%)"
988,5,Biomedical and Clinical Sciences,5,1.0,"Biomedical and Clinical Sciences (5, 100.0%)"
989,5,Health Sciences,5,1.0,"Health Sciences (5, 100.0%)"
990,5,Engineering,5,1.0,"Engineering (5, 100.0%)"
991,5,Biomedical and Clinical Sciences,5,1.0,"Biomedical and Clinical Sciences (5, 100.0%)"
992,5,Psychology,5,1.0,"Psychology (5, 100.0%)"
993,5,Biomedical and Clinical Sciences,5,1.0,"Biomedical and Clinical Sciences (5, 100.0%)"
994,5,Biomedical and Clinical Sciences,5,1.0,"Biomedical and Clinical Sciences (5, 100.0%)"
995,5,Biomedical and Clinical Sciences,5,1.0,"Biomedical and Clinical Sciences (5, 100.0%)"
996,5,Biomedical and Clinical Sciences,5,1.0,"Biomedical and Clinical Sciences (5, 100.0%)"
997,5,Health Sciences,5,1.0,"Health Sciences (5, 100.0%)"
998,5,Biomedical and Clinical Sciences,5,1.0,"Biomedical and Clinical Sciences (5, 100.0%)"
999,5,Biomedical and Clinical Sciences,5,1.0,"Biomedical and Clinical Sciences (5, 100.0%)"
1000,5,Health Sciences,5,1.0,"Health Sciences (5, 100.0%)"
1001,5,Biomedical and Clinical Sciences,5,1.0,"Biomedical and Clinical Sciences (5, 100.0%)"
1002,5,Biomedical and Clinical Sciences,5,1.0,"Biomedical and Clinical Sciences (5, 100.0%)"
1003,5,Biomedical and Clinical Sciences,5,1.0,"Biomedical and Clinical Sciences (5, 100.0%)"
1004,5,Biomedical and Clinical Sciences,5,1.0,"Biomedical and Clinical Sciences (5, 100.0%)"
1005,5,Biological Sciences,5,1.0,"Biological Sciences (5, 100.0%)"
1006,5,Biomedical and Clinical Sciences,5,1.0,"Biomedical and Clinical Sciences (5, 100.0%)"
1007,5,Biomedical and Clinical Sciences,5,1.0,"Biomedical and Clinical Sciences (5, 100.0%)"
1008,5,Biomedical and Clinical Sciences,5,1.0,"Biomedical and Clinical Sciences (5, 100.0%)"
1009,5,Health Sciences,5,1.0,"Health Sciences (5, 100.0%)"
1010,5,Biomedical and Clinical Sciences,5,1.0,"Biomedical and Clinical Sciences (5, 100.0%)"
1011,5,Biological Sciences,5,1.0,"Biological Sciences (5, 100.0%)"
1012,5,Biomedical and Clinical Sciences,5,1.0,"Biomedical and Clinical Sciences (5, 100.0%)"
1013,5,Biomedical and Clinical Sciences,5,1.0,"Biomedical and Clinical Sciences (5, 100.0%)"
1014,5,Biological Sciences,5,1.0,"Biological Sciences (5, 100.0%)"
1015,5,Health Sciences,5,1.0,"Health Sciences (5, 100.0%)"
1016,5,Biological Sciences,5,1.0,"Biological Sciences (5, 100.0%)"
1017,4,Biomedical and Clinical Sciences,4,1.0,"Biomedical and Clinical Sciences (4, 100.0%)"
1018,4,Biomedical and Clinical Sciences,4,1.0,"Biomedical and Clinical Sciences (4, 100.0%)"
1019,4,Biomedical and Clinical Sciences,4,1.0,"Biomedical and Clinical Sciences (4, 100.0%)"
1020,4,Biological Sciences,4,1.0,"Biological Sciences (4, 100.0%)"
1021,4,Health Sciences,4,1.0,"Health Sciences (4, 100.0%)"
1022,4,Biomedical and Clinical Sciences,4,1.0,"Biomedical and Clinical Sciences (4, 100.0%)"
1023,4,Biological Sciences,4,1.0,"Biological Sciences (4, 100.0%)"
1024,4,Biomedical and Clinical Sciences,4,1.0,"Biomedical and Clinical Sciences (4, 100.0%)"
1025,4,Biomedical and Clinical Sciences,4,1.0,"Biomedical and Clinical Sciences (4, 100.0%)"
1026,4,Biomedical and Clinical Sciences,4,1.0,"Biomedical and Clinical Sciences (4, 100.0%)"
1027,4,Biological Sciences,3,0.75,"Biological Sciences (3, 75.0%); Health Sciences (1, 25.0%)"
1028,4,Psychology,3,0.75,"Psychology (3, 75.0%); Biomedical and Clinical Sciences (1, 25.0%)"
1029,4,Biomedical and Clinical Sciences,4,1.0,"Biomedical and Clinical Sciences (4, 100.0%)"
1030,4,Health Sciences,4,1.0,"Health Sciences (4, 100.0%)"
1031,4,Biomedical and Clinical Sciences,4,1.0,"Biomedical and Clinical Sciences (4, 100.0%)"
1032,4,Health Sciences,4,1.0,"Health Sciences (4, 100.0%)"
1033,4,Psychology,4,1.0,"Psychology (4, 100.0%)"
1034,4,Biomedical and Clinical Sciences,4,1.0,"Biomedical and Clinical Sciences (4, 100.0%)"
1035,4,Health Sciences,4,1.0,"Health Sciences (4, 100.0%)"
1036,4,Biomedical and Clinical Sciences,4,1.0,"Biomedical and Clinical Sciences (4, 100.0%)"
1037,4,Biomedical and Clinical Sciences,4,1.0,"Biomedical and Clinical Sciences (4, 100.0%)"
1038,4,Health Sciences,4,1.0,"Health Sciences (4, 100.0%)"
1039,4,Biomedical and Clinical Sciences,4,1.0,"Biomedical and Clinical Sciences (4, 100.0%)"
1040,4,Biomedical and Clinical Sciences,4,1.0,"Biomedical and Clinical Sciences (4, 100.0%)"
1041,4,Biological Sciences,4,1.0,"Biological Sciences (4, 100.0%)"
1042,4,Biological Sciences,4,1.0,"Biological Sciences (4, 100.0%)"
1043,4,Biological Sciences,4,1.0,"Biological Sciences (4, 100.0%)"
1044,4,Biological Sciences,4,1.0,"Biological Sciences (4, 100.0%)"
1045,4,Biological Sciences,4,1.0,"Biological Sciences (4, 100.0%)"
1046,4,Biomedical and Clinical Sciences,4,1.0,"Biomedical and Clinical Sciences (4, 100.0%)"
1047,4,Biomedical and Clinical Sciences,4,1.0,"Biomedical and Clinical Sciences (4, 100.0%)"
1048,4,Biological Sciences,4,1.0,"Biological Sciences (4, 100.0%)"
1049,4,Health Sciences,4,1.0,"Health Sciences (4, 100.0%)"
1050,4,Biomedical and Clinical Sciences,4,1.0,"Biomedical and Clinical Sciences (4, 100.0%)"
1051,4,Biomedical and Clinical Sciences,4,1.0,"Biomedical and Clinical Sciences (4, 100.0%)"
1052,4,Biomedical and Clinical Sciences,4,1.0,"Biomedical and Clinical Sciences (4, 100.0%)"
1053,4,Biomedical and Clinical Sciences,4,1.0,"Biomedical and Clinical Sciences (4, 100.0%)"
1054,4,Biomedical and Clinical Sciences,4,1.0,"Biomedical and Clinical Sciences (4, 100.0%)"
1055,4,Health Sciences,4,1.0,"Health Sciences (4, 100.0%)"
1056,4,Biological Sciences,4,1.0,"Biological Sciences (4, 100.0%)"
1057,4,Biomedical and Clinical Sciences,4,1.0,"Biomedical and Clinical Sciences (4, 100.0%)"
1058,4,Biomedical and Clinical Sciences,4,1.0,"Biomedical and Clinical Sciences (4, 100.0%)"
1059,4,Psychology,4,1.0,"Psychology (4, 100.0%)"
1060,4,Health Sciences,4,1.0,"Health Sciences (4, 100.0%)"
1061,4,Biomedical and Clinical Sciences,4,1.0,"Biomedical and Clinical Sciences (4, 100.0%)"
1062,4,Biomedical and Clinical Sciences,4,1.0,"Biomedical and Clinical Sciences (4, 100.0%)"
1063,4,Biological Sciences,4,1.0,"Biological Sciences (4, 100.0%)"
1064,4,Health Sciences,4,1.0,"Health Sciences (4, 100.0%)"
1065,4,Biomedical and Clinical Sciences,4,1.0,"Biomedical and Clinical Sciences (4, 100.0%)"
1066,4,Health Sciences,4,1.0,"Health Sciences (4, 100.0%)"
1067,4,Biomedical and Clinical Sciences,4,1.0,"Biomedical and Clinical Sciences (4, 100.0%)"
1068,4,Biomedical and Clinical Sciences,4,1.0,"Biomedical and Clinical Sciences (4, 100.0%)"
1069,4,Biological Sciences,4,1.0,"Biological Sciences (4, 100.0%)"
1070,4,Biological Sciences,4,1.0,"Biological Sciences (4, 100.0%)"
1071,4,Biomedical and Clinical Sciences,4,1.0,"Biomedical and Clinical Sciences (4, 100.0%)"
1072,4,Biomedical and Clinical Sciences,4,1.0,"Biomedical and Clinical Sciences (4, 100.0%)"
1073,4,Health Sciences,4,1.0,"Health Sciences (4, 100.0%)"
1074,4,Biological Sciences,4,1.0,"Biological Sciences (4, 100.0%)"
1075,4,Biomedical and Clinical Sciences,4,1.0,"Biomedical and Clinical Sciences (4, 100.0%)"
1076,4,Biomedical and Clinical Sciences,4,1.0,"Biomedical and Clinical Sciences (4, 100.0%)"
1077,4,Health Sciences,4,1.0,"Health Sciences (4, 100.0%)"
1078,4,Biomedical and Clinical Sciences,4,1.0,"Biomedical and Clinical Sciences (4, 100.0%)"
1079,4,Biomedical and Clinical Sciences,4,1.0,"Biomedical and Clinical Sciences (4, 100.0%)"
1080,4,Biomedical and Clinical Sciences,4,1.0,"Biomedical and Clinical Sciences (4, 100.0%)"
1081,4,Biomedical and Clinical Sciences,4,1.0,"Biomedical and Clinical Sciences (4, 100.0%)"
1082,4,Biological Sciences,4,1.0,"Biological Sciences (4, 100.0%)"
1083,4,Information and Computing Sciences,4,1.0,"Information and Computing Sciences (4, 100.0%)"
1084,4,Biological Sciences,4,1.0,"Biological Sciences (4, 100.0%)"
1085,4,Health Sciences,4,1.0,"Health Sciences (4, 100.0%)"
1086,4,Biomedical and Clinical Sciences,4,1.0,"Biomedical and Clinical Sciences (4, 100.0%)"
1087,4,Biomedical and Clinical Sciences,4,1.0,"Biomedical and Clinical Sciences (4, 100.0%)"
1088,4,Psychology,4,1.0,"Psychology (4, 100.0%)"
1089,4,Biomedical and Clinical Sciences,4,1.0,"Biomedical and Clinical Sciences (4, 100.0%)"
1090,4,Biomedical and Clinical Sciences,4,1.0,"Biomedical and Clinical Sciences (4, 100.0%)"
1091,4,Biomedical and Clinical Sciences,4,1.0,"Biomedical and Clinical Sciences (4, 100.0%)"
1092,4,Biological Sciences,4,1.0,"Biological Sciences (4, 100.0%)"
1093,4,Biomedical and Clinical Sciences,4,1.0,"Biomedical and Clinical Sciences (4, 100.0%)"
1094,4,Biomedical and Clinical Sciences,4,1.0,"Biomedical and Clinical Sciences (4, 100.0%)"
1095,4,Biomedical and Clinical Sciences,4,1.0,"Biomedical and Clinical Sciences (4, 100.0%)"
1096,4,Biomedical and Clinical Sciences,4,1.0,"Biomedical and Clinical Sciences (4, 100.0%)"
1097,4,Health Sciences,4,1.0,"Health Sciences (4, 100.0%)"
1098,4,Biomedical and Clinical Sciences,4,1.0,"Biomedical and Clinical Sciences (4, 100.0%)"
1099,4,Health Sciences,4,1.0,"Health Sciences (4, 100.0%)"
1100,4,Biomedical and Clinical Sciences,4,1.0,"Biomedical and Clinical Sciences (4, 100.0%)"
1101,4,Health Sciences,4,1.0,"Health Sciences (4, 100.0%)"
1102,4,Biomedical and Clinical Sciences,4,1.0,"Biomedical and Clinical Sciences (4, 100.0%)"
1103,4,Biomedical and Clinical Sciences,4,1.0,"Biomedical and Clinical Sciences (4, 100.0%)"
1104,4,Information and Computing Sciences,4,1.0,"Information and Computing Sciences (4, 100.0%)"
1105,4,Biomedical and Clinical Sciences,4,1.0,"Biomedical and Clinical Sciences (4, 100.0%)"
1106,4,Biological Sciences,4,1.0,"Biological Sciences (4, 100.0%)"
1107,4,Health Sciences,4,1.0,"Health Sciences (4, 100.0%)"
1108,4,Biomedical and Clinical Sciences,4,1.0,"Biomedical and Clinical Sciences (4, 100.0%)"
1109,4,Health Sciences,4,1.0,"Health Sciences (4, 100.0%)"
1110,4,Biomedical and Clinical Sciences,4,1.0,"Biomedical and Clinical Sciences (4, 100.0%)"
1111,4,Biomedical and Clinical Sciences,4,1.0,"Biomedical and Clinical Sciences (4, 100.0%)"
1112,4,Biomedical and Clinical Sciences,4,1.0,"Biomedical and Clinical Sciences (4, 100.0%)"
1113,4,Health Sciences,4,1.0,"Health Sciences (4, 100.0%)"
1114,4,Biological Sciences,4,1.0,"Biological Sciences (4, 100.0%)"
1115,4,Health Sciences,4,1.0,"Health Sciences (4, 100.0%)"
1116,4,Engineering,4,1.0,"Engineering (4, 100.0%)"
1117,4,Biomedical and Clinical Sciences,4,1.0,"Biomedical and Clinical Sciences (4, 100.0%)"
1118,4,Information and Computing Sciences,4,1.0,"Information and Computing Sciences (4, 100.0%)"
1119,4,Biomedical and Clinical Sciences,4,1.0,"Biomedical and Clinical Sciences (4, 100.0%)"
1120,4,Biomedical and Clinical Sciences,4,1.0,"Biomedical and Clinical Sciences (4, 100.0%)"
1121,4,Biological Sciences,4,1.0,"Biological Sciences (4, 100.0%)"
1122,4,Biomedical and Clinical Sciences,4,1.0,"Biomedical and Clinical Sciences (4, 100.0%)"
1123,4,Biomedical and Clinical Sciences,4,1.0,"Biomedical and Clinical Sciences (4, 100.0%)"
1124,4,Biomedical and Clinical Sciences,4,1.0,"Biomedical and Clinical Sciences (4, 100.0%)"
1125,4,Biomedical and Clinical Sciences,4,1.0,"Biomedical and Clinical Sciences (4, 100.0%)"
1126,4,Health Sciences,4,1.0,"Health Sciences (4, 100.0%)"
1127,4,Biomedical and Clinical Sciences,4,1.0,"Biomedical and Clinical Sciences (4, 100.0%)"
1128,4,Biomedical and Clinical Sciences,4,1.0,"Biomedical and Clinical Sciences (4, 100.0%)"
1129,4,Biomedical and Clinical Sciences,4,1.0,"Biomedical and Clinical Sciences (4, 100.0%)"
1130,4,Biomedical and Clinical Sciences,4,1.0,"Biomedical and Clinical Sciences (4, 100.0%)"
1131,4,Biomedical and Clinical Sciences,4,1.0,"Biomedical and Clinical Sciences (4, 100.0%)"
1132,4,Biomedical and Clinical Sciences,4,1.0,"Biomedical and Clinical Sciences (4, 100.0%)"
1133,4,Biomedical and Clinical Sciences,3,0.75,"Biomedical and Clinical Sciences (3, 75.0%); Health Sciences (1, 25.0%)"
1134,4,Biomedical and Clinical Sciences,4,1.0,"Biomedical and Clinical Sciences (4, 100.0%)"
1135,4,Health Sciences,4,1.0,"Health Sciences (4, 100.0%)"
1136,4,Biomedical and Clinical Sciences,4,1.0,"Biomedical and Clinical Sciences (4, 100.0%)"
1137,4,Health Sciences,4,1.0,"Health Sciences (4, 100.0%)"
1138,4,Health Sciences,4,1.0,"Health Sciences (4, 100.0%)"
1139,4,Biomedical and Clinical Sciences,4,1.0,"Biomedical and Clinical Sciences (4, 100.0%)"
1140,4,Biological Sciences,4,1.0,"Biological Sciences (4, 100.0%)"
1141,4,Biomedical and Clinical Sciences,4,1.0,"Biomedical and Clinical Sciences (4, 100.0%)"
1142,4,Health Sciences,4,1.0,"Health Sciences (4, 100.0%)"
1143,4,Biomedical and Clinical Sciences,4,1.0,"Biomedical and Clinical Sciences (4, 100.0%)"
1144,4,Biomedical and Clinical Sciences,4,1.0,"Biomedical and Clinical Sciences (4, 100.0%)"
1145,4,Biomedical and Clinical Sciences,4,1.0,"Biomedical and Clinical Sciences (4, 100.0%)"
1146,4,Biomedical and Clinical Sciences,4,1.0,"Biomedical and Clinical Sciences (4, 100.0%)"
1147,4,Biomedical and Clinical Sciences,4,1.0,"Biomedical and Clinical Sciences (4, 100.0%)"
1148,4,Biological Sciences,4,1.0,"Biological Sciences (4, 100.0%)"
1149,4,Biomedical and Clinical Sciences,4,1.0,"Biomedical and Clinical Sciences (4, 100.0%)"
1150,4,Biological Sciences,4,1.0,"Biological Sciences (4, 100.0%)"
1151,4,Biological Sciences,4,1.0,"Biological Sciences (4, 100.0%)"
1152,4,Biomedical and Clinical Sciences,4,1.0,"Biomedical and Clinical Sciences (4, 100.0%)"
1153,4,Biomedical and Clinical Sciences,4,1.0,"Biomedical and Clinical Sciences (4, 100.0%)"
1154,4,Biomedical and Clinical Sciences,4,1.0,"Biomedical and Clinical Sciences (4, 100.0%)"
1155,4,Biological Sciences,4,1.0,"Biological Sciences (4, 100.0%)"
1156,4,"Agricultural, Veterinary and Food Sciences",3,0.75,"Agricultural, Veterinary and Food Sciences (3, 75.0%); Health Sciences (1, 25.0%)"
1157,4,Biomedical and Clinical Sciences,4,1.0,"Biomedical and Clinical Sciences (4, 100.0%)"
1158,4,Biomedical and Clinical Sciences,4,1.0,"Biomedical and Clinical Sciences (4, 100.0%)"
1159,4,Health Sciences,4,1.0,"Health Sciences (4, 100.0%)"
1160,4,Biomedical and Clinical Sciences,4,1.0,"Biomedical and Clinical Sciences (4, 100.0%)"
1161,4,Biomedical and Clinical Sciences,4,1.0,"Biomedical and Clinical Sciences (4, 100.0%)"
1162,4,Biomedical and Clinical Sciences,2,0.5,"Biomedical and Clinical Sciences (2, 50.0%); Health Sciences (2, 50.0%)"
1163,4,Biomedical and Clinical Sciences,4,1.0,"Biomedical and Clinical Sciences (4, 100.0%)"
1164,4,Environmental Sciences,4,1.0,"Environmental Sciences (4, 100.0%)"
1165,4,Health Sciences,4,1.0,"Health Sciences (4, 100.0%)"
1166,4,Mathematical Sciences,4,1.0,"Mathematical Sciences (4, 100.0%)"
1167,4,Biomedical and Clinical Sciences,4,1.0,"Biomedical and Clinical Sciences (4, 100.0%)"
1168,4,Health Sciences,4,1.0,"Health Sciences (4, 100.0%)"
1169,4,Biomedical and Clinical Sciences,4,1.0,"Biomedical and Clinical Sciences (4, 100.0%)"
1170,4,Biomedical and Clinical Sciences,4,1.0,"Biomedical and Clinical Sciences (4, 100.0%)"
1171,4,Biological Sciences,4,1.0,"Biological Sciences (4, 100.0%)"
1172,4,Biomedical and Clinical Sciences,4,1.0,"Biomedical and Clinical Sciences (4, 100.0%)"
1173,4,Biomedical and Clinical Sciences,4,1.0,"Biomedical and Clinical Sciences (4, 100.0%)"
1174,4,Biomedical and Clinical Sciences,4,1.0,"Biomedical and Clinical Sciences (4, 100.0%)"
1175,4,Biomedical and Clinical Sciences,4,1.0,"Biomedical and Clinical Sciences (4, 100.0%)"
1176,4,Biomedical and Clinical Sciences,4,1.0,"Biomedical and Clinical Sciences (4, 100.0%)"
1177,4,Health Sciences,4,1.0,"Health Sciences (4, 100.0%)"
1178,4,Biomedical and Clinical Sciences,4,1.0,"Biomedical and Clinical Sciences (4, 100.0%)"
1179,4,Biomedical and Clinical Sciences,4,1.0,"Biomedical and Clinical Sciences (4, 100.0%)"
1180,4,Health Sciences,4,1.0,"Health Sciences (4, 100.0%)"
1181,4,Biological Sciences,4,1.0,"Biological Sciences (4, 100.0%)"
1182,4,Biological Sciences,4,1.0,"Biological Sciences (4, 100.0%)"
1183,4,Biomedical and Clinical Sciences,4,1.0,"Biomedical and Clinical Sciences (4, 100.0%)"
1184,4,Health Sciences,4,1.0,"Health Sciences (4, 100.0%)"
1185,4,Biomedical and Clinical Sciences,4,1.0,"Biomedical and Clinical Sciences (4, 100.0%)"
1186,4,Health Sciences,4,1.0,"Health Sciences (4, 100.0%)"
1187,4,Biomedical and Clinical Sciences,4,1.0,"Biomedical and Clinical Sciences (4, 100.0%)"
1188,4,Biological Sciences,4,1.0,"Biological Sciences (4, 100.0%)"
1189,4,Biological Sciences,4,1.0,"Biological Sciences (4, 100.0%)"
1190,4,Biomedical and Clinical Sciences,4,1.0,"Biomedical and Clinical Sciences (4, 100.0%)"
1191,4,Biomedical and Clinical Sciences,4,1.0,"Biomedical and Clinical Sciences (4, 100.0%)"
1192,4,Biomedical and Clinical Sciences,4,1.0,"Biomedical and Clinical Sciences (4, 100.0%)"
1193,4,Biological Sciences,4,1.0,"Biological Sciences (4, 100.0%)"
1194,4,Biomedical and Clinical Sciences,4,1.0,"Biomedical and Clinical Sciences (4, 100.0%)"
1195,4,Biomedical and Clinical Sciences,4,1.0,"Biomedical and Clinical Sciences (4, 100.0%)"
1196,4,Biomedical and Clinical Sciences,4,1.0,"Biomedical and Clinical Sciences (4, 100.0%)"
1197,4,Health Sciences,4,1.0,"Health Sciences (4, 100.0%)"
1198,4,Health Sciences,4,1.0,"Health Sciences (4, 100.0%)"
1199,4,Biomedical and Clinical Sciences,4,1.0,"Biomedical and Clinical Sciences (4, 100.0%)"
1200,4,Biomedical and Clinical Sciences,4,1.0,"Biomedical and Clinical Sciences (4, 100.0%)"
1201,4,Health Sciences,4,1.0,"Health Sciences (4, 100.0%)"
1202,4,Biomedical and Clinical Sciences,4,1.0,"Biomedical and Clinical Sciences (4, 100.0%)"
1203,4,Biomedical and Clinical Sciences,4,1.0,"Biomedical and Clinical Sciences (4, 100.0%)"
1204,4,Biomedical and Clinical Sciences,4,1.0,"Biomedical and Clinical Sciences (4, 100.0%)"
1205,4,Health Sciences,4,1.0,"Health Sciences (4, 100.0%)"
1206,4,Biomedical and Clinical Sciences,4,1.0,"Biomedical and Clinical Sciences (4, 100.0%)"
1207,4,Biomedical and Clinical Sciences,4,1.0,"Biomedical and Clinical Sciences (4, 100.0%)"
1208,4,Biomedical and Clinical Sciences,4,1.0,"Biomedical and Clinical Sciences (4, 100.0%)"
1209,4,Biomedical and Clinical Sciences,4,1.0,"Biomedical and Clinical Sciences (4, 100.0%)"
1210,4,Biomedical and Clinical Sciences,4,1.0,"Biomedical and Clinical Sciences (4, 100.0%)"
1211,4,Biomedical and Clinical Sciences,4,1.0,"Biomedical and Clinical Sciences (4, 100.0%)"
1212,4,Biomedical and Clinical Sciences,4,1.0,"Biomedical and Clinical Sciences (4, 100.0%)"
1213,4,Biomedical and Clinical Sciences,4,1.0,"Biomedical and Clinical Sciences (4, 100.0%)"
1214,4,Health Sciences,4,1.0,"Health Sciences (4, 100.0%)"
1215,4,Psychology,4,1.0,"Psychology (4, 100.0%)"
1216,4,Biological Sciences,4,1.0,"Biological Sciences (4, 100.0%)"
1217,4,Psychology,4,1.0,"Psychology (4, 100.0%)"
1218,4,Biomedical and Clinical Sciences,4,1.0,"Biomedical and Clinical Sciences (4, 100.0%)"
1219,4,Biomedical and Clinical Sciences,4,1.0,"Biomedical and Clinical Sciences (4, 100.0%)"
1220,4,Biomedical and Clinical Sciences,4,1.0,"Biomedical and Clinical Sciences (4, 100.0%)"
1221,4,Biomedical and Clinical Sciences,4,1.0,"Biomedical and Clinical Sciences (4, 100.0%)"
1222,4,Health Sciences,4,1.0,"Health Sciences (4, 100.0%)"
1223,4,Biomedical and Clinical Sciences,4,1.0,"Biomedical and Clinical Sciences (4, 100.0%)"
1224,4,Health Sciences,4,1.0,"Health Sciences (4, 100.0%)"
1225,4,Biomedical and Clinical Sciences,4,1.0,"Biomedical and Clinical Sciences (4, 100.0%)"
1226,4,Biomedical and Clinical Sciences,4,1.0,"Biomedical and Clinical Sciences (4, 100.0%)"
1227,4,Biomedical and Clinical Sciences,4,1.0,"Biomedical and Clinical Sciences (4, 100.0%)"
1228,4,Biomedical and Clinical Sciences,4,1.0,"Biomedical and Clinical Sciences (4, 100.0%)"
1229,4,Information and Computing Sciences,4,1.0,"Information and Computing Sciences (4, 100.0%)"
1230,4,Biomedical and Clinical Sciences,4,1.0,"Biomedical and Clinical Sciences (4, 100.0%)"
1231,4,Health Sciences,4,1.0,"Health Sciences (4, 100.0%)"
1232,4,Biomedical and Clinical Sciences,4,1.0,"Biomedical and Clinical Sciences (4, 100.0%)"
1233,4,Health Sciences,4,1.0,"Health Sciences (4, 100.0%)"
1234,4,Health Sciences,4,1.0,"Health Sciences (4, 100.0%)"
1235,4,Biomedical and Clinical Sciences,4,1.0,"Biomedical and Clinical Sciences (4, 100.0%)"
1236,4,Biological Sciences,4,1.0,"Biological Sciences (4, 100.0%)"
1237,4,Health Sciences,4,1.0,"Health Sciences (4, 100.0%)"
1238,3,Health Sciences,3,1.0,"Health Sciences (3, 100.0%)"
1239,3,Biomedical and Clinical Sciences,3,1.0,"Biomedical and Clinical Sciences (3, 100.0%)"
1240,3,Biological Sciences,3,1.0,"Biological Sciences (3, 100.0%)"
1241,3,Health Sciences,3,1.0,"Health Sciences (3, 100.0%)"
1242,3,Biomedical and Clinical Sciences,3,1.0,"Biomedical and Clinical Sciences (3, 100.0%)"
1243,3,Biomedical and Clinical Sciences,3,1.0,"Biomedical and Clinical Sciences (3, 100.0%)"
1244,3,Biomedical and Clinical Sciences,3,1.0,"Biomedical and Clinical Sciences (3, 100.0%)"
1245,3,Biomedical and Clinical Sciences,2,0.6666666666666666,"Biomedical and Clinical Sciences (2, 66.7%); Biological Sciences (1, 33.3%)"
1246,3,Health Sciences,3,1.0,"Health Sciences (3, 100.0%)"
1247,3,Biological Sciences,3,1.0,"Biological Sciences (3, 100.0%)"
1248,3,Biological Sciences,3,1.0,"Biological Sciences (3, 100.0%)"
1249,3,Biomedical and Clinical Sciences,3,1.0,"Biomedical and Clinical Sciences (3, 100.0%)"
1250,3,Health Sciences,3,1.0,"Health Sciences (3, 100.0%)"
1251,3,Law and Legal Studies,3,1.0,"Law and Legal Studies (3, 100.0%)"
1252,3,Biological Sciences,3,1.0,"Biological Sciences (3, 100.0%)"
1253,3,Biomedical and Clinical Sciences,3,1.0,"Biomedical and Clinical Sciences (3, 100.0%)"
1254,3,Biological Sciences,3,1.0,"Biological Sciences (3, 100.0%)"
1255,3,Biomedical and Clinical Sciences,3,1.0,"Biomedical and Clinical Sciences (3, 100.0%)"
1256,3,Mathematical Sciences,3,1.0,"Mathematical Sciences (3, 100.0%)"
1257,3,Biomedical and Clinical Sciences,3,1.0,"Biomedical and Clinical Sciences (3, 100.0%)"
1258,3,Biomedical and Clinical Sciences,3,1.0,"Biomedical and Clinical Sciences (3, 100.0%)"
1259,3,Biomedical and Clinical Sciences,3,1.0,"Biomedical and Clinical Sciences (3, 100.0%)"
1260,3,Biomedical and Clinical Sciences,3,1.0,"Biomedical and Clinical Sciences (3, 100.0%)"
1261,3,Biomedical and Clinical Sciences,3,1.0,"Biomedical and Clinical Sciences (3, 100.0%)"
1262,3,Biological Sciences,3,1.0,"Biological Sciences (3, 100.0%)"
1263,3,Health Sciences,3,1.0,"Health Sciences (3, 100.0%)"
1264,3,Health Sciences,2,0.6666666666666666,"Health Sciences (2, 66.7%); Biomedical and Clinical Sciences (1, 33.3%)"
1265,3,Health Sciences,3,1.0,"Health Sciences (3, 100.0%)"
1266,3,Biomedical and Clinical Sciences,3,1.0,"Biomedical and Clinical Sciences (3, 100.0%)"
1267,3,Biomedical and Clinical Sciences,3,1.0,"Biomedical and Clinical Sciences (3, 100.0%)"
1268,3,Biomedical and Clinical Sciences,3,1.0,"Biomedical and Clinical Sciences (3, 100.0%)"
1269,3,Biomedical and Clinical Sciences,3,1.0,"Biomedical and Clinical Sciences (3, 100.0%)"
1270,3,Biomedical and Clinical Sciences,3,1.0,"Biomedical and Clinical Sciences (3, 100.0%)"
1271,3,Biological Sciences,3,1.0,"Biological Sciences (3, 100.0%)"
1272,3,Biomedical and Clinical Sciences,3,1.0,"Biomedical and Clinical Sciences (3, 100.0%)"
1273,3,Biomedical and Clinical Sciences,3,1.0,"Biomedical and Clinical Sciences (3, 100.0%)"
1274,3,Biomedical and Clinical Sciences,3,1.0,"Biomedical and Clinical Sciences (3, 100.0%)"
1275,3,Health Sciences,3,1.0,"Health Sciences (3, 100.0%)"
1276,3,Psychology,3,1.0,"Psychology (3, 100.0%)"
1277,3,Psychology,3,1.0,"Psychology (3, 100.0%)"
1278,3,Biomedical and Clinical Sciences,3,1.0,"Biomedical and Clinical Sciences (3, 100.0%)"
1279,3,Information and Computing Sciences,3,1.0,"Information and Computing Sciences (3, 100.0%)"
1280,3,Biomedical and Clinical Sciences,3,1.0,"Biomedical and Clinical Sciences (3, 100.0%)"
1281,3,Biomedical and Clinical Sciences,3,1.0,"Biomedical and Clinical Sciences (3, 100.0%)"
1282,3,Biomedical and Clinical Sciences,3,1.0,"Biomedical and Clinical Sciences (3, 100.0%)"
1283,3,Biological Sciences,3,1.0,"Biological Sciences (3, 100.0%)"
1284,3,Biological Sciences,3,1.0,"Biological Sciences (3, 100.0%)"
1285,3,Information and Computing Sciences,3,1.0,"Information and Computing Sciences (3, 100.0%)"
1286,3,Biological Sciences,3,1.0,"Biological Sciences (3, 100.0%)"
1287,3,Biological Sciences,3,1.0,"Biological Sciences (3, 100.0%)"
1288,3,Biomedical and Clinical Sciences,3,1.0,"Biomedical and Clinical Sciences (3, 100.0%)"
1289,3,Biological Sciences,3,1.0,"Biological Sciences (3, 100.0%)"
1290,3,Biomedical and Clinical Sciences,3,1.0,"Biomedical and Clinical Sciences (3, 100.0%)"
1291,3,Engineering,3,1.0,"Engineering (3, 100.0%)"
1292,3,Biological Sciences,3,1.0,"Biological Sciences (3, 100.0%)"
1293,3,Biomedical and Clinical Sciences,3,1.0,"Biomedical and Clinical Sciences (3, 100.0%)"
1294,3,Biomedical and Clinical Sciences,3,1.0,"Biomedical and Clinical Sciences (3, 100.0%)"
1295,3,Biological Sciences,3,1.0,"Biological Sciences (3, 100.0%)"
1296,3,Biological Sciences,3,1.0,"Biological Sciences (3, 100.0%)"
1297,3,Biomedical and Clinical Sciences,3,1.0,"Biomedical and Clinical Sciences (3, 100.0%)"
1298,3,Biological Sciences,3,1.0,"Biological Sciences (3, 100.0%)"
1299,3,Information and Computing Sciences,3,1.0,"Information and Computing Sciences (3, 100.0%)"
1300,3,Psychology,3,1.0,"Psychology (3, 100.0%)"
1301,3,Biomedical and Clinical Sciences,3,1.0,"Biomedical and Clinical Sciences (3, 100.0%)"
1302,3,Biomedical and Clinical Sciences,3,1.0,"Biomedical and Clinical Sciences (3, 100.0%)"
1303,3,Biomedical and Clinical Sciences,3,1.0,"Biomedical and Clinical Sciences (3, 100.0%)"
1304,3,Biomedical and Clinical Sciences,3,1.0,"Biomedical and Clinical Sciences (3, 100.0%)"
1305,3,Biomedical and Clinical Sciences,3,1.0,"Biomedical and Clinical Sciences (3, 100.0%)"
1306,3,Biological Sciences,3,1.0,"Biological Sciences (3, 100.0%)"
1307,3,Biomedical and Clinical Sciences,3,1.0,"Biomedical and Clinical Sciences (3, 100.0%)"
1308,3,Biomedical and Clinical Sciences,3,1.0,"Biomedical and Clinical Sciences (3, 100.0%)"
1309,3,Biological Sciences,3,1.0,"Biological Sciences (3, 100.0%)"
1310,3,Biomedical and Clinical Sciences,3,1.0,"Biomedical and Clinical Sciences (3, 100.0%)"
1311,3,Biomedical and Clinical Sciences,3,1.0,"Biomedical and Clinical Sciences (3, 100.0%)"
1312,3,Biomedical and Clinical Sciences,3,1.0,"Biomedical and Clinical Sciences (3, 100.0%)"
1313,3,Biological Sciences,3,1.0,"Biological Sciences (3, 100.0%)"
1314,3,Biomedical and Clinical Sciences,3,1.0,"Biomedical and Clinical Sciences (3, 100.0%)"
1315,3,Biomedical and Clinical Sciences,3,1.0,"Biomedical and Clinical Sciences (3, 100.0%)"
1316,3,Biomedical and Clinical Sciences,3,1.0,"Biomedical and Clinical Sciences (3, 100.0%)"
1317,3,"Agricultural, Veterinary and Food Sciences",3,1.0,"Agricultural, Veterinary and Food Sciences (3, 100.0%)"
1318,3,Biomedical and Clinical Sciences,3,1.0,"Biomedical and Clinical Sciences (3, 100.0%)"
1319,3,Biomedical and Clinical Sciences,3,1.0,"Biomedical and Clinical Sciences (3, 100.0%)"
1320,3,Biomedical and Clinical Sciences,3,1.0,"Biomedical and Clinical Sciences (3, 100.0%)"
1321,3,Biomedical and Clinical Sciences,3,1.0,"Biomedical and Clinical Sciences (3, 100.0%)"
1322,3,Biomedical and Clinical Sciences,3,1.0,"Biomedical and Clinical Sciences (3, 100.0%)"
1323,3,Biomedical and Clinical Sciences,3,1.0,"Biomedical and Clinical Sciences (3, 100.0%)"
1324,3,Biomedical and Clinical Sciences,3,1.0,"Biomedical and Clinical Sciences (3, 100.0%)"
1325,3,Biological Sciences,3,1.0,"Biological Sciences (3, 100.0%)"
1326,3,Biomedical and Clinical Sciences,3,1.0,"Biomedical and Clinical Sciences (3, 100.0%)"
1327,3,Biomedical and Clinical Sciences,3,1.0,"Biomedical and Clinical Sciences (3, 100.0%)"
1328,3,Health Sciences,3,1.0,"Health Sciences (3, 100.0%)"
1329,3,Biomedical and Clinical Sciences,3,1.0,"Biomedical and Clinical Sciences (3, 100.0%)"
1330,3,Biological Sciences,3,1.0,"Biological Sciences (3, 100.0%)"
1331,3,Health Sciences,3,1.0,"Health Sciences (3, 100.0%)"
1332,3,Biomedical and Clinical Sciences,3,1.0,"Biomedical and Clinical Sciences (3, 100.0%)"
1333,3,Biomedical and Clinical Sciences,3,1.0,"Biomedical and Clinical Sciences (3, 100.0%)"
1334,3,Biomedical and Clinical Sciences,3,1.0,"Biomedical and Clinical Sciences (3, 100.0%)"
1335,3,Biomedical and Clinical Sciences,3,1.0,"Biomedical and Clinical Sciences (3, 100.0%)"
1336,3,Biological Sciences,3,1.0,"Biological Sciences (3, 100.0%)"
1337,3,Health Sciences,3,1.0,"Health Sciences (3, 100.0%)"
1338,3,Chemical Sciences,3,1.0,"Chemical Sciences (3, 100.0%)"
1339,3,Biomedical and Clinical Sciences,3,1.0,"Biomedical and Clinical Sciences (3, 100.0%)"
1340,3,Environmental Sciences,3,1.0,"Environmental Sciences (3, 100.0%)"
1341,3,Biomedical and Clinical Sciences,3,1.0,"Biomedical and Clinical Sciences (3, 100.0%)"
1342,3,Biomedical and Clinical Sciences,3,1.0,"Biomedical and Clinical Sciences (3, 100.0%)"
1343,3,Biological Sciences,3,1.0,"Biological Sciences (3, 100.0%)"
1344,3,Information and Computing Sciences,3,1.0,"Information and Computing Sciences (3, 100.0%)"
1345,3,Biomedical and Clinical Sciences,3,1.0,"Biomedical and Clinical Sciences (3, 100.0%)"
1346,3,Biomedical and Clinical Sciences,3,1.0,"Biomedical and Clinical Sciences (3, 100.0%)"
1347,3,Biomedical and Clinical Sciences,3,1.0,"Biomedical and Clinical Sciences (3, 100.0%)"
1348,3,Biomedical and Clinical Sciences,3,1.0,"Biomedical and Clinical Sciences (3, 100.0%)"
1349,3,Biomedical and Clinical Sciences,3,1.0,"Biomedical and Clinical Sciences (3, 100.0%)"
1350,3,Health Sciences,3,1.0,"Health Sciences (3, 100.0%)"
1351,3,Health Sciences,3,1.0,"Health Sciences (3, 100.0%)"
1352,3,Biomedical and Clinical Sciences,3,1.0,"Biomedical and Clinical Sciences (3, 100.0%)"
1353,3,Health Sciences,3,1.0,"Health Sciences (3, 100.0%)"
1354,3,Biomedical and Clinical Sciences,3,1.0,"Biomedical and Clinical Sciences (3, 100.0%)"
1355,3,Biomedical and Clinical Sciences,3,1.0,"Biomedical and Clinical Sciences (3, 100.0%)"
1356,3,Biomedical and Clinical Sciences,3,1.0,"Biomedical and Clinical Sciences (3, 100.0%)"
1357,3,Biological Sciences,3,1.0,"Biological Sciences (3, 100.0%)"
1358,3,Biological Sciences,3,1.0,"Biological Sciences (3, 100.0%)"
1359,3,Health Sciences,3,1.0,"Health Sciences (3, 100.0%)"
1360,3,Biological Sciences,3,1.0,"Biological Sciences (3, 100.0%)"
1361,3,Health Sciences,3,1.0,"Health Sciences (3, 100.0%)"
1362,3,Biological Sciences,3,1.0,"Biological Sciences (3, 100.0%)"
1363,3,Biological Sciences,3,1.0,"Biological Sciences (3, 100.0%)"
1364,3,Biological Sciences,3,1.0,"Biological Sciences (3, 100.0%)"
1365,3,Mathematical Sciences,3,1.0,"Mathematical Sciences (3, 100.0%)"
1366,3,Biomedical and Clinical Sciences,3,1.0,"Biomedical and Clinical Sciences (3, 100.0%)"
1367,3,Biomedical and Clinical Sciences,3,1.0,"Biomedical and Clinical Sciences (3, 100.0%)"
1368,3,Biomedical and Clinical Sciences,3,1.0,"Biomedical and Clinical Sciences (3, 100.0%)"
1369,3,Biomedical and Clinical Sciences,3,1.0,"Biomedical and Clinical Sciences (3, 100.0%)"
1370,3,Biomedical and Clinical Sciences,3,1.0,"Biomedical and Clinical Sciences (3, 100.0%)"
1371,3,Biomedical and Clinical Sciences,3,1.0,"Biomedical and Clinical Sciences (3, 100.0%)"
1372,3,Health Sciences,3,1.0,"Health Sciences (3, 100.0%)"
1373,3,"Agricultural, Veterinary and Food Sciences",3,1.0,"Agricultural, Veterinary and Food Sciences (3, 100.0%)"
1374,3,Biomedical and Clinical Sciences,3,1.0,"Biomedical and Clinical Sciences (3, 100.0%)"
1375,3,Biomedical and Clinical Sciences,3,1.0,"Biomedical and Clinical Sciences (3, 100.0%)"
1376,3,Biomedical and Clinical Sciences,3,1.0,"Biomedical and Clinical Sciences (3, 100.0%)"
1377,3,Biological Sciences,3,1.0,"Biological Sciences (3, 100.0%)"
1378,3,Biomedical and Clinical Sciences,3,1.0,"Biomedical and Clinical Sciences (3, 100.0%)"
1379,3,Biomedical and Clinical Sciences,3,1.0,"Biomedical and Clinical Sciences (3, 100.0%)"
1380,3,Biomedical and Clinical Sciences,3,1.0,"Biomedical and Clinical Sciences (3, 100.0%)"
1381,3,Health Sciences,3,1.0,"Health Sciences (3, 100.0%)"
1382,3,Biological Sciences,3,1.0,"Biological Sciences (3, 100.0%)"
1383,3,Health Sciences,3,1.0,"Health Sciences (3, 100.0%)"
1384,3,Health Sciences,3,1.0,"Health Sciences (3, 100.0%)"
1385,3,Biomedical and Clinical Sciences,3,1.0,"Biomedical and Clinical Sciences (3, 100.0%)"
1386,3,Biomedical and Clinical Sciences,3,1.0,"Biomedical and Clinical Sciences (3, 100.0%)"
1387,3,Health Sciences,3,1.0,"Health Sciences (3, 100.0%)"
1388,3,Health Sciences,3,1.0,"Health Sciences (3, 100.0%)"
1389,3,Biomedical and Clinical Sciences,3,1.0,"Biomedical and Clinical Sciences (3, 100.0%)"
1390,3,Information and Computing Sciences,3,1.0,"Information and Computing Sciences (3, 100.0%)"
1391,3,Health Sciences,3,1.0,"Health Sciences (3, 100.0%)"
1392,3,Health Sciences,3,1.0,"Health Sciences (3, 100.0%)"
1393,3,Health Sciences,3,1.0,"Health Sciences (3, 100.0%)"
1394,3,Information and Computing Sciences,3,1.0,"Information and Computing Sciences (3, 100.0%)"
1395,3,Information and Computing Sciences,3,1.0,"Information and Computing Sciences (3, 100.0%)"
1396,3,Mathematical Sciences,2,0.6666666666666666,"Mathematical Sciences (2, 66.7%); Economics (1, 33.3%)"
1397,3,Biological Sciences,3,1.0,"Biological Sciences (3, 100.0%)"
1398,3,Biomedical and Clinical Sciences,3,1.0,"Biomedical and Clinical Sciences (3, 100.0%)"
1399,3,Biomedical and Clinical Sciences,3,1.0,"Biomedical and Clinical Sciences (3, 100.0%)"
1400,3,Biomedical and Clinical Sciences,3,1.0,"Biomedical and Clinical Sciences (3, 100.0%)"
1401,3,Biological Sciences,3,1.0,"Biological Sciences (3, 100.0%)"
1402,3,Biological Sciences,3,1.0,"Biological Sciences (3, 100.0%)"
1403,3,Biomedical and Clinical Sciences,2,0.6666666666666666,"Biomedical and Clinical Sciences (2, 66.7%); Biological Sciences (1, 33.3%)"
1404,3,Biomedical and Clinical Sciences,3,1.0,"Biomedical and Clinical Sciences (3, 100.0%)"
1405,3,Biomedical and Clinical Sciences,3,1.0,"Biomedical and Clinical Sciences (3, 100.0%)"
1406,3,Biomedical and Clinical Sciences,3,1.0,"Biomedical and Clinical Sciences (3, 100.0%)"
1407,3,Biomedical and Clinical Sciences,3,1.0,"Biomedical and Clinical Sciences (3, 100.0%)"
1408,3,Biomedical and Clinical Sciences,3,1.0,"Biomedical and Clinical Sciences (3, 100.0%)"
1409,3,Biomedical and Clinical Sciences,3,1.0,"Biomedical and Clinical Sciences (3, 100.0%)"
1410,3,Biomedical and Clinical Sciences,3,1.0,"Biomedical and Clinical Sciences (3, 100.0%)"
1411,3,Biomedical and Clinical Sciences,3,1.0,"Biomedical and Clinical Sciences (3, 100.0%)"
1412,3,Biomedical and Clinical Sciences,3,1.0,"Biomedical and Clinical Sciences (3, 100.0%)"
1413,3,Health Sciences,3,1.0,"Health Sciences (3, 100.0%)"
1414,3,Biomedical and Clinical Sciences,3,1.0,"Biomedical and Clinical Sciences (3, 100.0%)"
1415,3,Biomedical and Clinical Sciences,3,1.0,"Biomedical and Clinical Sciences (3, 100.0%)"
1416,3,Biomedical and Clinical Sciences,3,1.0,"Biomedical and Clinical Sciences (3, 100.0%)"
1417,3,Biomedical and Clinical Sciences,3,1.0,"Biomedical and Clinical Sciences (3, 100.0%)"
1418,3,Biomedical and Clinical Sciences,3,1.0,"Biomedical and Clinical Sciences (3, 100.0%)"
1419,3,Biomedical and Clinical Sciences,3,1.0,"Biomedical and Clinical Sciences (3, 100.0%)"
1420,3,Biomedical and Clinical Sciences,3,1.0,"Biomedical and Clinical Sciences (3, 100.0%)"
1421,3,Information and Computing Sciences,3,1.0,"Information and Computing Sciences (3, 100.0%)"
1422,3,Biological Sciences,3,1.0,"Biological Sciences (3, 100.0%)"
1423,3,Health Sciences,3,1.0,"Health Sciences (3, 100.0%)"
1424,3,Biomedical and Clinical Sciences,3,1.0,"Biomedical and Clinical Sciences (3, 100.0%)"
1425,3,Biomedical and Clinical Sciences,3,1.0,"Biomedical and Clinical Sciences (3, 100.0%)"
1426,3,Psychology,3,1.0,"Psychology (3, 100.0%)"
1427,3,Biomedical and Clinical Sciences,3,1.0,"Biomedical and Clinical Sciences (3, 100.0%)"
1428,3,Biomedical and Clinical Sciences,3,1.0,"Biomedical and Clinical Sciences (3, 100.0%)"
1429,3,Biomedical and Clinical Sciences,3,1.0,"Biomedical and Clinical Sciences (3, 100.0%)"
1430,3,Biological Sciences,3,1.0,"Biological Sciences (3, 100.0%)"
1431,3,Biomedical and Clinical Sciences,3,1.0,"Biomedical and Clinical Sciences (3, 100.0%)"
1432,3,Biological Sciences,2,0.6666666666666666,"Biological Sciences (2, 66.7%); Health Sciences (1, 33.3%)"
1433,3,Health Sciences,3,1.0,"Health Sciences (3, 100.0%)"
1434,3,Health Sciences,3,1.0,"Health Sciences (3, 100.0%)"
1435,3,Biomedical and Clinical Sciences,3,1.0,"Biomedical and Clinical Sciences (3, 100.0%)"
1436,3,Health Sciences,3,1.0,"Health Sciences (3, 100.0%)"
1437,3,Biological Sciences,3,1.0,"Biological Sciences (3, 100.0%)"
1438,3,Biomedical and Clinical Sciences,3,1.0,"Biomedical and Clinical Sciences (3, 100.0%)"
1439,3,Biological Sciences,3,1.0,"Biological Sciences (3, 100.0%)"
1440,3,Biomedical and Clinical Sciences,3,1.0,"Biomedical and Clinical Sciences (3, 100.0%)"
1441,3,Biological Sciences,3,1.0,"Biological Sciences (3, 100.0%)"
1442,3,Biomedical and Clinical Sciences,3,1.0,"Biomedical and Clinical Sciences (3, 100.0%)"
1443,3,Biomedical and Clinical Sciences,3,1.0,"Biomedical and Clinical Sciences (3, 100.0%)"
1444,3,Biomedical and Clinical Sciences,3,1.0,"Biomedical and Clinical Sciences (3, 100.0%)"
1445,3,Information and Computing Sciences,3,1.0,"Information and Computing Sciences (3, 100.0%)"
1446,3,Health Sciences,3,1.0,"Health Sciences (3, 100.0%)"
1447,3,Biomedical and Clinical Sciences,3,1.0,"Biomedical and Clinical Sciences (3, 100.0%)"
1448,3,Biomedical and Clinical Sciences,3,1.0,"Biomedical and Clinical Sciences (3, 100.0%)"
1449,3,Health Sciences,3,1.0,"Health Sciences (3, 100.0%)"
1450,3,Health Sciences,3,1.0,"Health Sciences (3, 100.0%)"
1451,3,Biomedical and Clinical Sciences,3,1.0,"Biomedical and Clinical Sciences (3, 100.0%)"
1452,3,Biomedical and Clinical Sciences,3,1.0,"Biomedical and Clinical Sciences (3, 100.0%)"
1453,3,Biomedical and Clinical Sciences,3,1.0,"Biomedical and Clinical Sciences (3, 100.0%)"
1454,3,Health Sciences,3,1.0,"Health Sciences (3, 100.0%)"
1455,3,Biomedical and Clinical Sciences,3,1.0,"Biomedical and Clinical Sciences (3, 100.0%)"
1456,3,Biological Sciences,3,1.0,"Biological Sciences (3, 100.0%)"
1457,3,Biomedical and Clinical Sciences,3,1.0,"Biomedical and Clinical Sciences (3, 100.0%)"
1458,3,Health Sciences,3,1.0,"Health Sciences (3, 100.0%)"
1459,3,Health Sciences,3,1.0,"Health Sciences (3, 100.0%)"
1460,3,Psychology,3,1.0,"Psychology (3, 100.0%)"
1461,3,Biomedical and Clinical Sciences,3,1.0,"Biomedical and Clinical Sciences (3, 100.0%)"
1462,3,Biomedical and Clinical Sciences,3,1.0,"Biomedical and Clinical Sciences (3, 100.0%)"
1463,3,Biomedical and Clinical Sciences,3,1.0,"Biomedical and Clinical Sciences (3, 100.0%)"
1464,3,Biomedical and Clinical Sciences,3,1.0,"Biomedical and Clinical Sciences (3, 100.0%)"
1465,3,Biomedical and Clinical Sciences,3,1.0,"Biomedical and Clinical Sciences (3, 100.0%)"
1466,2,Biomedical and Clinical Sciences,2,1.0,"Biomedical and Clinical Sciences (2, 100.0%)"
1467,2,Biological Sciences,2,1.0,"Biological Sciences (2, 100.0%)"
1468,2,Biomedical and Clinical Sciences,2,1.0,"Biomedical and Clinical Sciences (2, 100.0%)"
1469,2,Biomedical and Clinical Sciences,2,1.0,"Biomedical and Clinical Sciences (2, 100.0%)"
1470,2,Biomedical and Clinical Sciences,2,1.0,"Biomedical and Clinical Sciences (2, 100.0%)"
1471,2,Biomedical and Clinical Sciences,2,1.0,"Biomedical and Clinical Sciences (2, 100.0%)"
1472,2,Biomedical and Clinical Sciences,2,1.0,"Biomedical and Clinical Sciences (2, 100.0%)"
1473,2,Biomedical and Clinical Sciences,2,1.0,"Biomedical and Clinical Sciences (2, 100.0%)"
1474,2,Psychology,2,1.0,"Psychology (2, 100.0%)"
1475,2,Biomedical and Clinical Sciences,2,1.0,"Biomedical and Clinical Sciences (2, 100.0%)"
1476,2,Biomedical and Clinical Sciences,2,1.0,"Biomedical and Clinical Sciences (2, 100.0%)"
1477,2,Biomedical and Clinical Sciences,2,1.0,"Biomedical and Clinical Sciences (2, 100.0%)"
1478,2,Information and Computing Sciences,2,1.0,"Information and Computing Sciences (2, 100.0%)"
1479,2,Biomedical and Clinical Sciences,2,1.0,"Biomedical and Clinical Sciences (2, 100.0%)"
1480,2,Health Sciences,2,1.0,"Health Sciences (2, 100.0%)"
1481,2,Biomedical and Clinical Sciences,2,1.0,"Biomedical and Clinical Sciences (2, 100.0%)"
1482,2,Biomedical and Clinical Sciences,2,1.0,"Biomedical and Clinical Sciences (2, 100.0%)"
1483,2,Biomedical and Clinical Sciences,2,1.0,"Biomedical and Clinical Sciences (2, 100.0%)"
1484,2,Health Sciences,2,1.0,"Health Sciences (2, 100.0%)"
1485,2,Biomedical and Clinical Sciences,2,1.0,"Biomedical and Clinical Sciences (2, 100.0%)"
1486,2,Biological Sciences,2,1.0,"Biological Sciences (2, 100.0%)"
1487,2,Biomedical and Clinical Sciences,2,1.0,"Biomedical and Clinical Sciences (2, 100.0%)"
1488,2,Mathematical Sciences,2,1.0,"Mathematical Sciences (2, 100.0%)"
1489,2,Biomedical and Clinical Sciences,2,1.0,"Biomedical and Clinical Sciences (2, 100.0%)"
1490,2,Health Sciences,2,1.0,"Health Sciences (2, 100.0%)"
1491,2,Engineering,2,1.0,"Engineering (2, 100.0%)"
1492,2,Biological Sciences,2,1.0,"Biological Sciences (2, 100.0%)"
1493,2,Health Sciences,2,1.0,"Health Sciences (2, 100.0%)"
1494,2,Biomedical and Clinical Sciences,2,1.0,"Biomedical and Clinical Sciences (2, 100.0%)"
1495,2,Biomedical and Clinical Sciences,2,1.0,"Biomedical and Clinical Sciences (2, 100.0%)"
1496,2,Biomedical and Clinical Sciences,2,1.0,"Biomedical and Clinical Sciences (2, 100.0%)"
1497,2,Biomedical and Clinical Sciences,2,1.0,"Biomedical and Clinical Sciences (2, 100.0%)"
1498,2,Biological Sciences,2,1.0,"Biological Sciences (2, 100.0%)"
1499,2,Biomedical and Clinical Sciences,2,1.0,"Biomedical and Clinical Sciences (2, 100.0%)"
1500,2,Biological Sciences,2,1.0,"Biological Sciences (2, 100.0%)"
1501,2,Biomedical and Clinical Sciences,2,1.0,"Biomedical and Clinical Sciences (2, 100.0%)"
1502,2,Biomedical and Clinical Sciences,2,1.0,"Biomedical and Clinical Sciences (2, 100.0%)"
1503,2,Health Sciences,2,1.0,"Health Sciences (2, 100.0%)"
1504,2,Biomedical and Clinical Sciences,2,1.0,"Biomedical and Clinical Sciences (2, 100.0%)"
1505,2,Biomedical and Clinical Sciences,2,1.0,"Biomedical and Clinical Sciences (2, 100.0%)"
1506,2,Biological Sciences,2,1.0,"Biological Sciences (2, 100.0%)"
1507,2,Biomedical and Clinical Sciences,2,1.0,"Biomedical and Clinical Sciences (2, 100.0%)"
1508,2,Biomedical and Clinical Sciences,2,1.0,"Biomedical and Clinical Sciences (2, 100.0%)"
1509,2,Biomedical and Clinical Sciences,2,1.0,"Biomedical and Clinical Sciences (2, 100.0%)"
1510,2,Biological Sciences,2,1.0,"Biological Sciences (2, 100.0%)"
1511,2,Biomedical and Clinical Sciences,2,1.0,"Biomedical and Clinical Sciences (2, 100.0%)"
1512,2,Biomedical and Clinical Sciences,2,1.0,"Biomedical and Clinical Sciences (2, 100.0%)"
1513,2,Biomedical and Clinical Sciences,2,1.0,"Biomedical and Clinical Sciences (2, 100.0%)"
1514,2,Health Sciences,2,1.0,"Health Sciences (2, 100.0%)"
1515,2,Biomedical and Clinical Sciences,2,1.0,"Biomedical and Clinical Sciences (2, 100.0%)"
1516,2,Biological Sciences,2,1.0,"Biological Sciences (2, 100.0%)"
1517,2,Biomedical and Clinical Sciences,2,1.0,"Biomedical and Clinical Sciences (2, 100.0%)"
1518,2,Health Sciences,2,1.0,"Health Sciences (2, 100.0%)"
1519,2,Biomedical and Clinical Sciences,2,1.0,"Biomedical and Clinical Sciences (2, 100.0%)"
1520,2,Biomedical and Clinical Sciences,2,1.0,"Biomedical and Clinical Sciences (2, 100.0%)"
1521,2,Biological Sciences,1,0.5,"Biological Sciences (1, 50.0%); Biomedical and Clinical Sciences (1, 50.0%)"
1522,2,Biological Sciences,2,1.0,"Biological Sciences (2, 100.0%)"
1523,2,Health Sciences,2,1.0,"Health Sciences (2, 100.0%)"
1524,2,Biomedical and Clinical Sciences,2,1.0,"Biomedical and Clinical Sciences (2, 100.0%)"
1525,2,Biomedical and Clinical Sciences,2,1.0,"Biomedical and Clinical Sciences (2, 100.0%)"
1526,2,"Agricultural, Veterinary and Food Sciences",2,1.0,"Agricultural, Veterinary and Food Sciences (2, 100.0%)"
1527,2,Biomedical and Clinical Sciences,2,1.0,"Biomedical and Clinical Sciences (2, 100.0%)"
1528,2,Health Sciences,2,1.0,"Health Sciences (2, 100.0%)"
1529,2,Information and Computing Sciences,2,1.0,"Information and Computing Sciences (2, 100.0%)"
1530,2,Biomedical and Clinical Sciences,2,1.0,"Biomedical and Clinical Sciences (2, 100.0%)"
1531,2,Biomedical and Clinical Sciences,2,1.0,"Biomedical and Clinical Sciences (2, 100.0%)"
1532,2,Health Sciences,2,1.0,"Health Sciences (2, 100.0%)"
1533,2,Biomedical and Clinical Sciences,2,1.0,"Biomedical and Clinical Sciences (2, 100.0%)"
1534,2,Biomedical and Clinical Sciences,2,1.0,"Biomedical and Clinical Sciences (2, 100.0%)"
1535,2,Health Sciences,2,1.0,"Health Sciences (2, 100.0%)"
1536,2,Biomedical and Clinical Sciences,2,1.0,"Biomedical and Clinical Sciences (2, 100.0%)"
1537,2,Health Sciences,2,1.0,"Health Sciences (2, 100.0%)"
1538,2,Biological Sciences,2,1.0,"Biological Sciences (2, 100.0%)"
1539,2,Biomedical and Clinical Sciences,2,1.0,"Biomedical and Clinical Sciences (2, 100.0%)"
1540,2,Information and Computing Sciences,2,1.0,"Information and Computing Sciences (2, 100.0%)"
1541,2,Biological Sciences,2,1.0,"Biological Sciences (2, 100.0%)"
1542,2,Biomedical and Clinical Sciences,2,1.0,"Biomedical and Clinical Sciences (2, 100.0%)"
1543,2,Mathematical Sciences,2,1.0,"Mathematical Sciences (2, 100.0%)"
1544,2,Biomedical and Clinical Sciences,2,1.0,"Biomedical and Clinical Sciences (2, 100.0%)"
1545,2,Biomedical and Clinical Sciences,2,1.0,"Biomedical and Clinical Sciences (2, 100.0%)"
1546,2,Biological Sciences,2,1.0,"Biological Sciences (2, 100.0%)"
1547,2,Biomedical and Clinical Sciences,2,1.0,"Biomedical and Clinical Sciences (2, 100.0%)"
1548,2,Health Sciences,2,1.0,"Health Sciences (2, 100.0%)"
1549,2,Biological Sciences,2,1.0,"Biological Sciences (2, 100.0%)"
1550,2,Biomedical and Clinical Sciences,2,1.0,"Biomedical and Clinical Sciences (2, 100.0%)"
1551,2,Biological Sciences,2,1.0,"Biological Sciences (2, 100.0%)"
1552,2,Health Sciences,2,1.0,"Health Sciences (2, 100.0%)"
1553,2,Biological Sciences,2,1.0,"Biological Sciences (2, 100.0%)"
1554,2,Biomedical and Clinical Sciences,2,1.0,"Biomedical and Clinical Sciences (2, 100.0%)"
1555,2,Health Sciences,2,1.0,"Health Sciences (2, 100.0%)"
1556,2,Biomedical and Clinical Sciences,2,1.0,"Biomedical and Clinical Sciences (2, 100.0%)"
1557,2,Health Sciences,2,1.0,"Health Sciences (2, 100.0%)"
1558,2,Psychology,2,1.0,"Psychology (2, 100.0%)"
1559,2,Health Sciences,2,1.0,"Health Sciences (2, 100.0%)"
1560,2,Biomedical and Clinical Sciences,2,1.0,"Biomedical and Clinical Sciences (2, 100.0%)"
1561,2,Biomedical and Clinical Sciences,2,1.0,"Biomedical and Clinical Sciences (2, 100.0%)"
1562,2,Health Sciences,2,1.0,"Health Sciences (2, 100.0%)"
1563,2,Health Sciences,2,1.0,"Health Sciences (2, 100.0%)"
1564,2,Biomedical and Clinical Sciences,2,1.0,"Biomedical and Clinical Sciences (2, 100.0%)"
1565,2,Biomedical and Clinical Sciences,2,1.0,"Biomedical and Clinical Sciences (2, 100.0%)"
1566,2,Biological Sciences,2,1.0,"Biological Sciences (2, 100.0%)"
1567,2,Biomedical and Clinical Sciences,2,1.0,"Biomedical and Clinical Sciences (2, 100.0%)"
1568,2,Biomedical and Clinical Sciences,2,1.0,"Biomedical and Clinical Sciences (2, 100.0%)"
1569,2,Biomedical and Clinical Sciences,2,1.0,"Biomedical and Clinical Sciences (2, 100.0%)"
1570,2,Health Sciences,2,1.0,"Health Sciences (2, 100.0%)"
1571,2,Health Sciences,2,1.0,"Health Sciences (2, 100.0%)"
1572,2,Health Sciences,2,1.0,"Health Sciences (2, 100.0%)"
1573,2,Biomedical and Clinical Sciences,2,1.0,"Biomedical and Clinical Sciences (2, 100.0%)"
1574,2,Biomedical and Clinical Sciences,2,1.0,"Biomedical and Clinical Sciences (2, 100.0%)"
1575,2,Biomedical and Clinical Sciences,2,1.0,"Biomedical and Clinical Sciences (2, 100.0%)"
1576,2,Biological Sciences,1,0.5,"Biological Sciences (1, 50.0%); Health Sciences (1, 50.0%)"
1577,2,Health Sciences,2,1.0,"Health Sciences (2, 100.0%)"
1578,2,Health Sciences,2,1.0,"Health Sciences (2, 100.0%)"
1579,2,Biomedical and Clinical Sciences,2,1.0,"Biomedical and Clinical Sciences (2, 100.0%)"
1580,2,Health Sciences,2,1.0,"Health Sciences (2, 100.0%)"
1581,2,Biological Sciences,2,1.0,"Biological Sciences (2, 100.0%)"
1582,2,Biological Sciences,2,1.0,"Biological Sciences (2, 100.0%)"
1583,2,Biomedical and Clinical Sciences,2,1.0,"Biomedical and Clinical Sciences (2, 100.0%)"
1584,2,Biological Sciences,2,1.0,"Biological Sciences (2, 100.0%)"
1585,2,Information and Computing Sciences,2,1.0,"Information and Computing Sciences (2, 100.0%)"
1586,2,Health Sciences,2,1.0,"Health Sciences (2, 100.0%)"
1587,2,Biomedical and Clinical Sciences,2,1.0,"Biomedical and Clinical Sciences (2, 100.0%)"
1588,2,Biomedical and Clinical Sciences,2,1.0,"Biomedical and Clinical Sciences (2, 100.0%)"
1589,2,Biological Sciences,2,1.0,"Biological Sciences (2, 100.0%)"
1590,2,Biomedical and Clinical Sciences,2,1.0,"Biomedical and Clinical Sciences (2, 100.0%)"
1591,2,Human Society,2,1.0,"Human Society (2, 100.0%)"
1592,2,Biomedical and Clinical Sciences,2,1.0,"Biomedical and Clinical Sciences (2, 100.0%)"
1593,2,Biomedical and Clinical Sciences,2,1.0,"Biomedical and Clinical Sciences (2, 100.0%)"
1594,2,Health Sciences,2,1.0,"Health Sciences (2, 100.0%)"
1595,2,Biomedical and Clinical Sciences,2,1.0,"Biomedical and Clinical Sciences (2, 100.0%)"
1596,2,Biomedical and Clinical Sciences,2,1.0,"Biomedical and Clinical Sciences (2, 100.0%)"
1597,2,Health Sciences,2,1.0,"Health Sciences (2, 100.0%)"
1598,2,Biological Sciences,2,1.0,"Biological Sciences (2, 100.0%)"
1599,2,Biomedical and Clinical Sciences,2,1.0,"Biomedical and Clinical Sciences (2, 100.0%)"
1600,2,Biomedical and Clinical Sciences,2,1.0,"Biomedical and Clinical Sciences (2, 100.0%)"
1601,2,Biological Sciences,2,1.0,"Biological Sciences (2, 100.0%)"
1602,2,Biomedical and Clinical Sciences,2,1.0,"Biomedical and Clinical Sciences (2, 100.0%)"
1603,2,Biomedical and Clinical Sciences,2,1.0,"Biomedical and Clinical Sciences (2, 100.0%)"
1604,2,Biomedical and Clinical Sciences,2,1.0,"Biomedical and Clinical Sciences (2, 100.0%)"
1605,2,Biological Sciences,2,1.0,"Biological Sciences (2, 100.0%)"
1606,2,Biomedical and Clinical Sciences,2,1.0,"Biomedical and Clinical Sciences (2, 100.0%)"
1607,2,Health Sciences,2,1.0,"Health Sciences (2, 100.0%)"
1608,2,Biomedical and Clinical Sciences,2,1.0,"Biomedical and Clinical Sciences (2, 100.0%)"
1609,2,Biomedical and Clinical Sciences,2,1.0,"Biomedical and Clinical Sciences (2, 100.0%)"
1610,2,Earth Sciences,2,1.0,"Earth Sciences (2, 100.0%)"
1611,2,Biomedical and Clinical Sciences,2,1.0,"Biomedical and Clinical Sciences (2, 100.0%)"
1612,2,Biomedical and Clinical Sciences,2,1.0,"Biomedical and Clinical Sciences (2, 100.0%)"
1613,2,Biomedical and Clinical Sciences,2,1.0,"Biomedical and Clinical Sciences (2, 100.0%)"
1614,2,Biomedical and Clinical Sciences,2,1.0,"Biomedical and Clinical Sciences (2, 100.0%)"
1615,2,Health Sciences,2,1.0,"Health Sciences (2, 100.0%)"
1616,2,Biomedical and Clinical Sciences,2,1.0,"Biomedical and Clinical Sciences (2, 100.0%)"
1617,2,Information and Computing Sciences,2,1.0,"Information and Computing Sciences (2, 100.0%)"
1618,2,Biomedical and Clinical Sciences,2,1.0,"Biomedical and Clinical Sciences (2, 100.0%)"
1619,2,Biological Sciences,2,1.0,"Biological Sciences (2, 100.0%)"
1620,2,Biological Sciences,2,1.0,"Biological Sciences (2, 100.0%)"
1621,2,Biological Sciences,2,1.0,"Biological Sciences (2, 100.0%)"
1622,2,Health Sciences,2,1.0,"Health Sciences (2, 100.0%)"
1623,2,Biomedical and Clinical Sciences,2,1.0,"Biomedical and Clinical Sciences (2, 100.0%)"
1624,2,Biomedical and Clinical Sciences,2,1.0,"Biomedical and Clinical Sciences (2, 100.0%)"
1625,2,Biomedical and Clinical Sciences,2,1.0,"Biomedical and Clinical Sciences (2, 100.0%)"
1626,2,Health Sciences,2,1.0,"Health Sciences (2, 100.0%)"
1627,2,Biomedical and Clinical Sciences,2,1.0,"Biomedical and Clinical Sciences (2, 100.0%)"
1628,2,Psychology,2,1.0,"Psychology (2, 100.0%)"
1629,2,Biomedical and Clinical Sciences,2,1.0,"Biomedical and Clinical Sciences (2, 100.0%)"
1630,2,Biomedical and Clinical Sciences,2,1.0,"Biomedical and Clinical Sciences (2, 100.0%)"
1631,2,Biomedical and Clinical Sciences,2,1.0,"Biomedical and Clinical Sciences (2, 100.0%)"
1632,2,Health Sciences,2,1.0,"Health Sciences (2, 100.0%)"
1633,2,Biological Sciences,2,1.0,"Biological Sciences (2, 100.0%)"
1634,2,Biomedical and Clinical Sciences,2,1.0,"Biomedical and Clinical Sciences (2, 100.0%)"
1635,2,Biomedical and Clinical Sciences,2,1.0,"Biomedical and Clinical Sciences (2, 100.0%)"
1636,2,Biological Sciences,2,1.0,"Biological Sciences (2, 100.0%)"
1637,2,Biological Sciences,2,1.0,"Biological Sciences (2, 100.0%)"
1638,2,Health Sciences,2,1.0,"Health Sciences (2, 100.0%)"
1639,2,Biomedical and Clinical Sciences,2,1.0,"Biomedical and Clinical Sciences (2, 100.0%)"
1640,2,Biomedical and Clinical Sciences,2,1.0,"Biomedical and Clinical Sciences (2, 100.0%)"
1641,2,Biomedical and Clinical Sciences,2,1.0,"Biomedical and Clinical Sciences (2, 100.0%)"
1642,2,Biomedical and Clinical Sciences,2,1.0,"Biomedical and Clinical Sciences (2, 100.0%)"
1643,2,Biomedical and Clinical Sciences,2,1.0,"Biomedical and Clinical Sciences (2, 100.0%)"
1644,2,Biomedical and Clinical Sciences,2,1.0,"Biomedical and Clinical Sciences (2, 100.0%)"
1645,2,Biomedical and Clinical Sciences,2,1.0,"Biomedical and Clinical Sciences (2, 100.0%)"
1646,2,Biological Sciences,2,1.0,"Biological Sciences (2, 100.0%)"
1647,2,Biomedical and Clinical Sciences,2,1.0,"Biomedical and Clinical Sciences (2, 100.0%)"
1648,2,Biomedical and Clinical Sciences,2,1.0,"Biomedical and Clinical Sciences (2, 100.0%)"
1649,2,Biological Sciences,2,1.0,"Biological Sciences (2, 100.0%)"
1650,2,Biomedical and Clinical Sciences,2,1.0,"Biomedical and Clinical Sciences (2, 100.0%)"
1651,2,Biomedical and Clinical Sciences,2,1.0,"Biomedical and Clinical Sciences (2, 100.0%)"
1652,2,Health Sciences,2,1.0,"Health Sciences (2, 100.0%)"
1653,2,"Agricultural, Veterinary and Food Sciences",2,1.0,"Agricultural, Veterinary and Food Sciences (2, 100.0%)"
1654,2,Health Sciences,2,1.0,"Health Sciences (2, 100.0%)"
1655,2,Information and Computing Sciences,2,1.0,"Information and Computing Sciences (2, 100.0%)"
1656,2,Biomedical and Clinical Sciences,2,1.0,"Biomedical and Clinical Sciences (2, 100.0%)"
1657,2,Biological Sciences,2,1.0,"Biological Sciences (2, 100.0%)"
1658,2,Biomedical and Clinical Sciences,2,1.0,"Biomedical and Clinical Sciences (2, 100.0%)"
1659,2,Biomedical and Clinical Sciences,2,1.0,"Biomedical and Clinical Sciences (2, 100.0%)"
1660,2,Biomedical and Clinical Sciences,2,1.0,"Biomedical and Clinical Sciences (2, 100.0%)"
1661,2,Biomedical and Clinical Sciences,2,1.0,"Biomedical and Clinical Sciences (2, 100.0%)"
1662,2,Biomedical and Clinical Sciences,2,1.0,"Biomedical and Clinical Sciences (2, 100.0%)"
1663,2,Health Sciences,2,1.0,"Health Sciences (2, 100.0%)"
1664,2,Biomedical and Clinical Sciences,2,1.0,"Biomedical and Clinical Sciences (2, 100.0%)"
1665,2,Biomedical and Clinical Sciences,2,1.0,"Biomedical and Clinical Sciences (2, 100.0%)"
1666,2,Biomedical and Clinical Sciences,2,1.0,"Biomedical and Clinical Sciences (2, 100.0%)"
1667,2,Biological Sciences,2,1.0,"Biological Sciences (2, 100.0%)"
1668,2,Biomedical and Clinical Sciences,2,1.0,"Biomedical and Clinical Sciences (2, 100.0%)"
1669,2,Biomedical and Clinical Sciences,2,1.0,"Biomedical and Clinical Sciences (2, 100.0%)"
1670,2,Biomedical and Clinical Sciences,2,1.0,"Biomedical and Clinical Sciences (2, 100.0%)"
1671,2,Biomedical and Clinical Sciences,2,1.0,"Biomedical and Clinical Sciences (2, 100.0%)"
1672,2,Biological Sciences,2,1.0,"Biological Sciences (2, 100.0%)"
1673,2,Information and Computing Sciences,2,1.0,"Information and Computing Sciences (2, 100.0%)"
1674,2,Health Sciences,2,1.0,"Health Sciences (2, 100.0%)"
1675,2,Biomedical and Clinical Sciences,2,1.0,"Biomedical and Clinical Sciences (2, 100.0%)"
1676,2,Health Sciences,2,1.0,"Health Sciences (2, 100.0%)"
1677,2,Biological Sciences,2,1.0,"Biological Sciences (2, 100.0%)"
1678,2,Biomedical and Clinical Sciences,2,1.0,"Biomedical and Clinical Sciences (2, 100.0%)"
1679,2,Biomedical and Clinical Sciences,2,1.0,"Biomedical and Clinical Sciences (2, 100.0%)"
1680,2,Biomedical and Clinical Sciences,2,1.0,"Biomedical and Clinical Sciences (2, 100.0%)"
1681,2,Biomedical and Clinical Sciences,2,1.0,"Biomedical and Clinical Sciences (2, 100.0%)"
1682,2,Biomedical and Clinical Sciences,2,1.0,"Biomedical and Clinical Sciences (2, 100.0%)"
1683,1,Biomedical and Clinical Sciences,1,1.0,"Biomedical and Clinical Sciences (1, 100.0%)"
1684,1,Health Sciences,1,1.0,"Health Sciences (1, 100.0%)"
1685,1,Biomedical and Clinical Sciences,1,1.0,"Biomedical and Clinical Sciences (1, 100.0%)"
1686,1,Biomedical and Clinical Sciences,1,1.0,"Biomedical and Clinical Sciences (1, 100.0%)"
1687,1,Biomedical and Clinical Sciences,1,1.0,"Biomedical and Clinical Sciences (1, 100.0%)"
1688,1,Biomedical and Clinical Sciences,1,1.0,"Biomedical and Clinical Sciences (1, 100.0%)"
1689,1,Health Sciences,1,1.0,"Health Sciences (1, 100.0%)"
1690,1,Biomedical and Clinical Sciences,1,1.0,"Biomedical and Clinical Sciences (1, 100.0%)"
1691,1,Biomedical and Clinical Sciences,1,1.0,"Biomedical and Clinical Sciences (1, 100.0%)"
1692,1,Biomedical and Clinical Sciences,1,1.0,"Biomedical and Clinical Sciences (1, 100.0%)"
1693,1,Biomedical and Clinical Sciences,1,1.0,"Biomedical and Clinical Sciences (1, 100.0%)"
1694,1,Health Sciences,1,1.0,"Health Sciences (1, 100.0%)"
1695,1,Information and Computing Sciences,1,1.0,"Information and Computing Sciences (1, 100.0%)"
1696,1,Biomedical and Clinical Sciences,1,1.0,"Biomedical and Clinical Sciences (1, 100.0%)"
1697,1,Biomedical and Clinical Sciences,1,1.0,"Biomedical and Clinical Sciences (1, 100.0%)"
1698,1,Biomedical and Clinical Sciences,1,1.0,"Biomedical and Clinical Sciences (1, 100.0%)"
1699,1,Biomedical and Clinical Sciences,1,1.0,"Biomedical and Clinical Sciences (1, 100.0%)"
1700,1,Biological Sciences,1,1.0,"Biological Sciences (1, 100.0%)"
1701,1,Biomedical and Clinical Sciences,1,1.0,"Biomedical and Clinical Sciences (1, 100.0%)"
1702,1,Biomedical and Clinical Sciences,1,1.0,"Biomedical and Clinical Sciences (1, 100.0%)"
1703,1,Health Sciences,1,1.0,"Health Sciences (1, 100.0%)"
1704,1,Biomedical and Clinical Sciences,1,1.0,"Biomedical and Clinical Sciences (1, 100.0%)"
1705,1,Biomedical and Clinical Sciences,1,1.0,"Biomedical and Clinical Sciences (1, 100.0%)"
1706,1,Biomedical and Clinical Sciences,1,1.0,"Biomedical and Clinical Sciences (1, 100.0%)"
1707,1,Biomedical and Clinical Sciences,1,1.0,"Biomedical and Clinical Sciences (1, 100.0%)"
1708,1,Biomedical and Clinical Sciences,1,1.0,"Biomedical and Clinical Sciences (1, 100.0%)"
1709,1,Biomedical and Clinical Sciences,1,1.0,"Biomedical and Clinical Sciences (1, 100.0%)"
1710,1,Health Sciences,1,1.0,"Health Sciences (1, 100.0%)"
1711,1,Biological Sciences,1,1.0,"Biological Sciences (1, 100.0%)"
1712,1,Biomedical and Clinical Sciences,1,1.0,"Biomedical and Clinical Sciences (1, 100.0%)"
1713,1,Information and Computing Sciences,1,1.0,"Information and Computing Sciences (1, 100.0%)"
1714,1,Biomedical and Clinical Sciences,1,1.0,"Biomedical and Clinical Sciences (1, 100.0%)"
1715,1,Biomedical and Clinical Sciences,1,1.0,"Biomedical and Clinical Sciences (1, 100.0%)"
1716,1,Health Sciences,1,1.0,"Health Sciences (1, 100.0%)"
1717,1,Biomedical and Clinical Sciences,1,1.0,"Biomedical and Clinical Sciences (1, 100.0%)"
1718,1,Biomedical and Clinical Sciences,1,1.0,"Biomedical and Clinical Sciences (1, 100.0%)"
1719,1,Biomedical and Clinical Sciences,1,1.0,"Biomedical and Clinical Sciences (1, 100.0%)"
1720,1,Biomedical and Clinical Sciences,1,1.0,"Biomedical and Clinical Sciences (1, 100.0%)"
1721,1,Biomedical and Clinical Sciences,1,1.0,"Biomedical and Clinical Sciences (1, 100.0%)"
1722,1,Biomedical and Clinical Sciences,1,1.0,"Biomedical and Clinical Sciences (1, 100.0%)"
1723,1,Biomedical and Clinical Sciences,1,1.0,"Biomedical and Clinical Sciences (1, 100.0%)"
1724,1,Biomedical and Clinical Sciences,1,1.0,"Biomedical and Clinical Sciences (1, 100.0%)"
1725,1,Biomedical and Clinical Sciences,1,1.0,"Biomedical and Clinical Sciences (1, 100.0%)"
1726,1,Biomedical and Clinical Sciences,1,1.0,"Biomedical and Clinical Sciences (1, 100.0%)"
1727,1,Biomedical and Clinical Sciences,1,1.0,"Biomedical and Clinical Sciences (1, 100.0%)"
1728,1,Human Society,1,1.0,"Human Society (1, 100.0%)"
1729,1,Biomedical and Clinical Sciences,1,1.0,"Biomedical and Clinical Sciences (1, 100.0%)"
1730,1,Biomedical and Clinical Sciences,1,1.0,"Biomedical and Clinical Sciences (1, 100.0%)"
1731,1,Biomedical and Clinical Sciences,1,1.0,"Biomedical and Clinical Sciences (1, 100.0%)"
1732,1,Biomedical and Clinical Sciences,1,1.0,"Biomedical and Clinical Sciences (1, 100.0%)"
1733,1,Biomedical and Clinical Sciences,1,1.0,"Biomedical and Clinical Sciences (1, 100.0%)"
1734,1,Biological Sciences,1,1.0,"Biological Sciences (1, 100.0%)"
1735,1,Biomedical and Clinical Sciences,1,1.0,"Biomedical and Clinical Sciences (1, 100.0%)"
1736,1,Biomedical and Clinical Sciences,1,1.0,"Biomedical and Clinical Sciences (1, 100.0%)"
1737,1,Biomedical and Clinical Sciences,1,1.0,"Biomedical and Clinical Sciences (1, 100.0%)"
1738,1,Biological Sciences,1,1.0,"Biological Sciences (1, 100.0%)"
1739,1,Health Sciences,1,1.0,"Health Sciences (1, 100.0%)"
1740,1,Biomedical and Clinical Sciences,1,1.0,"Biomedical and Clinical Sciences (1, 100.0%)"
1741,1,Environmental Sciences,1,1.0,"Environmental Sciences (1, 100.0%)"
1742,1,Biomedical and Clinical Sciences,1,1.0,"Biomedical and Clinical Sciences (1, 100.0%)"
1743,1,Biological Sciences,1,1.0,"Biological Sciences (1, 100.0%)"
1744,1,Biomedical and Clinical Sciences,1,1.0,"Biomedical and Clinical Sciences (1, 100.0%)"
1745,1,Biomedical and Clinical Sciences,1,1.0,"Biomedical and Clinical Sciences (1, 100.0%)"
1746,1,Information and Computing Sciences,1,1.0,"Information and Computing Sciences (1, 100.0%)"
1747,1,Biomedical and Clinical Sciences,1,1.0,"Biomedical and Clinical Sciences (1, 100.0%)"
1748,1,Biomedical and Clinical Sciences,1,1.0,"Biomedical and Clinical Sciences (1, 100.0%)"
1749,1,Biomedical and Clinical Sciences,1,1.0,"Biomedical and Clinical Sciences (1, 100.0%)"
1750,1,Health Sciences,1,1.0,"Health Sciences (1, 100.0%)"
1751,1,Biomedical and Clinical Sciences,1,1.0,"Biomedical and Clinical Sciences (1, 100.0%)"
1752,1,Engineering,1,1.0,"Engineering (1, 100.0%)"
1753,1,Biomedical and Clinical Sciences,1,1.0,"Biomedical and Clinical Sciences (1, 100.0%)"
1754,1,Biological Sciences,1,1.0,"Biological Sciences (1, 100.0%)"
1755,1,Biomedical and Clinical Sciences,1,1.0,"Biomedical and Clinical Sciences (1, 100.0%)"
1756,1,Biological Sciences,1,1.0,"Biological Sciences (1, 100.0%)"
1757,1,Biomedical and Clinical Sciences,1,1.0,"Biomedical and Clinical Sciences (1, 100.0%)"
1758,1,Information and Computing Sciences,1,1.0,"Information and Computing Sciences (1, 100.0%)"
1759,1,Biological Sciences,1,1.0,"Biological Sciences (1, 100.0%)"
1760,1,Biomedical and Clinical Sciences,1,1.0,"Biomedical and Clinical Sciences (1, 100.0%)"
1761,1,Biomedical and Clinical Sciences,1,1.0,"Biomedical and Clinical Sciences (1, 100.0%)"
1762,1,Biomedical and Clinical Sciences,1,1.0,"Biomedical and Clinical Sciences (1, 100.0%)"
1763,1,Health Sciences,1,1.0,"Health Sciences (1, 100.0%)"
1764,1,Biomedical and Clinical Sciences,1,1.0,"Biomedical and Clinical Sciences (1, 100.0%)"
1765,1,Biomedical and Clinical Sciences,1,1.0,"Biomedical and Clinical Sciences (1, 100.0%)"
1766,1,Biomedical and Clinical Sciences,1,1.0,"Biomedical and Clinical Sciences (1, 100.0%)"
1767,1,Biomedical and Clinical Sciences,1,1.0,"Biomedical and Clinical Sciences (1, 100.0%)"
1768,1,Biological Sciences,1,1.0,"Biological Sciences (1, 100.0%)"
1769,1,Health Sciences,1,1.0,"Health Sciences (1, 100.0%)"
1770,1,Biomedical and Clinical Sciences,1,1.0,"Biomedical and Clinical Sciences (1, 100.0%)"
1771,1,Biomedical and Clinical Sciences,1,1.0,"Biomedical and Clinical Sciences (1, 100.0%)"
1772,1,Biomedical and Clinical Sciences,1,1.0,"Biomedical and Clinical Sciences (1, 100.0%)"
1773,1,Biomedical and Clinical Sciences,1,1.0,"Biomedical and Clinical Sciences (1, 100.0%)"
1774,1,Biological Sciences,1,1.0,"Biological Sciences (1, 100.0%)"
1775,1,Biomedical and Clinical Sciences,1,1.0,"Biomedical and Clinical Sciences (1, 100.0%)"
1776,1,Biomedical and Clinical Sciences,1,1.0,"Biomedical and Clinical Sciences (1, 100.0%)"
1777,1,Biomedical and Clinical Sciences,1,1.0,"Biomedical and Clinical Sciences (1, 100.0%)"
1778,1,Biomedical and Clinical Sciences,1,1.0,"Biomedical and Clinical Sciences (1, 100.0%)"
1779,1,Biomedical and Clinical Sciences,1,1.0,"Biomedical and Clinical Sciences (1, 100.0%)"
1780,1,Biomedical and Clinical Sciences,1,1.0,"Biomedical and Clinical Sciences (1, 100.0%)"
1781,1,Biomedical and Clinical Sciences,1,1.0,"Biomedical and Clinical Sciences (1, 100.0%)"
1782,1,Biological Sciences,1,1.0,"Biological Sciences (1, 100.0%)"
1783,1,Health Sciences,1,1.0,"Health Sciences (1, 100.0%)"
1784,1,Biomedical and Clinical Sciences,1,1.0,"Biomedical and Clinical Sciences (1, 100.0%)"
1785,1,Biomedical and Clinical Sciences,1,1.0,"Biomedical and Clinical Sciences (1, 100.0%)"
1786,1,Health Sciences,1,1.0,"Health Sciences (1, 100.0%)"
1787,1,Biological Sciences,1,1.0,"Biological Sciences (1, 100.0%)"
1788,1,Psychology,1,1.0,"Psychology (1, 100.0%)"
1789,1,Biological Sciences,1,1.0,"Biological Sciences (1, 100.0%)"
1790,1,Biological Sciences,1,1.0,"Biological Sciences (1, 100.0%)"
1791,1,Health Sciences,1,1.0,"Health Sciences (1, 100.0%)"
1792,1,Biomedical and Clinical Sciences,1,1.0,"Biomedical and Clinical Sciences (1, 100.0%)"
1793,1,Biomedical and Clinical Sciences,1,1.0,"Biomedical and Clinical Sciences (1, 100.0%)"
1794,1,Biomedical and Clinical Sciences,1,1.0,"Biomedical and Clinical Sciences (1, 100.0%)"
1795,1,Unclassified,1,1.0,"Unclassified (1, 100.0%)"
1796,1,Health Sciences,1,1.0,"Health Sciences (1, 100.0%)"
1797,1,Biomedical and Clinical Sciences,1,1.0,"Biomedical and Clinical Sciences (1, 100.0%)"
1798,1,Biological Sciences,1,1.0,"Biological Sciences (1, 100.0%)"
1799,1,Biomedical and Clinical Sciences,1,1.0,"Biomedical and Clinical Sciences (1, 100.0%)"
1800,1,Health Sciences,1,1.0,"Health Sciences (1, 100.0%)"
1801,1,Biomedical and Clinical Sciences,1,1.0,"Biomedical and Clinical Sciences (1, 100.0%)"
1802,1,Biomedical and Clinical Sciences,1,1.0,"Biomedical and Clinical Sciences (1, 100.0%)"
1803,1,Biological Sciences,1,1.0,"Biological Sciences (1, 100.0%)"
1804,1,Biomedical and Clinical Sciences,1,1.0,"Biomedical and Clinical Sciences (1, 100.0%)"
1805,1,Health Sciences,1,1.0,"Health Sciences (1, 100.0%)"
1806,1,Biomedical and Clinical Sciences,1,1.0,"Biomedical and Clinical Sciences (1, 100.0%)"
1807,1,Biomedical and Clinical Sciences,1,1.0,"Biomedical and Clinical Sciences (1, 100.0%)"
1808,1,Biological Sciences,1,1.0,"Biological Sciences (1, 100.0%)"
1809,1,Engineering,1,1.0,"Engineering (1, 100.0%)"
1810,1,Biological Sciences,1,1.0,"Biological Sciences (1, 100.0%)"
1811,1,Biomedical and Clinical Sciences,1,1.0,"Biomedical and Clinical Sciences (1, 100.0%)"
1812,1,Biomedical and Clinical Sciences,1,1.0,"Biomedical and Clinical Sciences (1, 100.0%)"
1813,1,Biomedical and Clinical Sciences,1,1.0,"Biomedical and Clinical Sciences (1, 100.0%)"
1814,1,Biomedical and Clinical Sciences,1,1.0,"Biomedical and Clinical Sciences (1, 100.0%)"
1815,1,Biomedical and Clinical Sciences,1,1.0,"Biomedical and Clinical Sciences (1, 100.0%)"
1816,1,Biomedical and Clinical Sciences,1,1.0,"Biomedical and Clinical Sciences (1, 100.0%)"
1817,1,Biological Sciences,1,1.0,"Biological Sciences (1, 100.0%)"
1818,1,Mathematical Sciences,1,1.0,"Mathematical Sciences (1, 100.0%)"
1819,1,Biological Sciences,1,1.0,"Biological Sciences (1, 100.0%)"
1820,1,Health Sciences,1,1.0,"Health Sciences (1, 100.0%)"
1821,1,Biomedical and Clinical Sciences,1,1.0,"Biomedical and Clinical Sciences (1, 100.0%)"
1822,1,Biomedical and Clinical Sciences,1,1.0,"Biomedical and Clinical Sciences (1, 100.0%)"
1823,1,Biomedical and Clinical Sciences,1,1.0,"Biomedical and Clinical Sciences (1, 100.0%)"
1824,1,Biomedical and Clinical Sciences,1,1.0,"Biomedical and Clinical Sciences (1, 100.0%)"
1825,1,Biomedical and Clinical Sciences,1,1.0,"Biomedical and Clinical Sciences (1, 100.0%)"
1826,1,Biological Sciences,1,1.0,"Biological Sciences (1, 100.0%)"
1827,1,Health Sciences,1,1.0,"Health Sciences (1, 100.0%)"
1828,1,Biomedical and Clinical Sciences,1,1.0,"Biomedical and Clinical Sciences (1, 100.0%)"
1829,1,Biomedical and Clinical Sciences,1,1.0,"Biomedical and Clinical Sciences (1, 100.0%)"
1830,1,Unclassified,1,1.0,"Unclassified (1, 100.0%)"
1831,1,Biomedical and Clinical Sciences,1,1.0,"Biomedical and Clinical Sciences (1, 100.0%)"
1832,1,Information and Computing Sciences,1,1.0,"Information and Computing Sciences (1, 100.0%)"
1833,1,Biomedical and Clinical Sciences,1,1.0,"Biomedical and Clinical Sciences (1, 100.0%)"
1834,1,Information and Computing Sciences,1,1.0,"Information and Computing Sciences (1, 100.0%)"
1835,1,Biological Sciences,1,1.0,"Biological Sciences (1, 100.0%)"
1836,1,Biomedical and Clinical Sciences,1,1.0,"Biomedical and Clinical Sciences (1, 100.0%)"
1837,1,Health Sciences,1,1.0,"Health Sciences (1, 100.0%)"
1838,1,Biomedical and Clinical Sciences,1,1.0,"Biomedical and Clinical Sciences (1, 100.0%)"
1839,1,Health Sciences,1,1.0,"Health Sciences (1, 100.0%)"
1840,1,Biological Sciences,1,1.0,"Biological Sciences (1, 100.0%)"
1841,1,Biological Sciences,1,1.0,"Biological Sciences (1, 100.0%)"
1842,1,Biological Sciences,1,1.0,"Biological Sciences (1, 100.0%)"
1843,1,Biomedical and Clinical Sciences,1,1.0,"Biomedical and Clinical Sciences (1, 100.0%)"
1844,1,Biological Sciences,1,1.0,"Biological Sciences (1, 100.0%)"
1845,1,Biological Sciences,1,1.0,"Biological Sciences (1, 100.0%)"
1846,1,Health Sciences,1,1.0,"Health Sciences (1, 100.0%)"
1847,1,Biological Sciences,1,1.0,"Biological Sciences (1, 100.0%)"
1848,1,Health Sciences,1,1.0,"Health Sciences (1, 100.0%)"
1849,1,Biomedical and Clinical Sciences,1,1.0,"Biomedical and Clinical Sciences (1, 100.0%)"
1850,1,Biological Sciences,1,1.0,"Biological Sciences (1, 100.0%)"
1851,1,Biological Sciences,1,1.0,"Biological Sciences (1, 100.0%)"
1852,1,Biomedical and Clinical Sciences,1,1.0,"Biomedical and Clinical Sciences (1, 100.0%)"
1853,1,Biomedical and Clinical Sciences,1,1.0,"Biomedical and Clinical Sciences (1, 100.0%)"
1854,1,Biomedical and Clinical Sciences,1,1.0,"Biomedical and Clinical Sciences (1, 100.0%)"
1855,1,Human Society,1,1.0,"Human Society (1, 100.0%)"
1856,1,Health Sciences,1,1.0,"Health Sciences (1, 100.0%)"
1857,1,Biomedical and Clinical Sciences,1,1.0,"Biomedical and Clinical Sciences (1, 100.0%)"
